id,lca_k2_prob_class0,lca_k2_prob_class1,lca_k3_prob_class0,lca_k3_prob_class1,lca_k3_prob_class2,lca_k4_prob_class0,lca_k4_prob_class1,lca_k4_prob_class2,lca_k4_prob_class3,lca_k5_prob_class0,lca_k5_prob_class1,lca_k5_prob_class2,lca_k5_prob_class3,lca_k5_prob_class4,lca_k6_prob_class0,lca_k6_prob_class1,lca_k6_prob_class2,lca_k6_prob_class3,lca_k6_prob_class4,lca_k6_prob_class5
1,0.002087859159984768,0.9979121408400143,8.685397051686765e-12,2.142561376763467e-05,0.9999785743775487,8.859323207434503e-12,0.9999997117027764,4.2082665735794535e-08,2.4620569853532857e-07,0.19890391614774383,5.2913740585495985e-12,7.870467798515837e-05,2.2054838876186695e-10,0.8010173789484314,5.348133669189348e-13,2.4052099689999885e-11,0.997629081659644,5.443950986280092e-07,2.2109322707683998e-21,0.0023703739206672094
2,0.2736467949070854,0.7263532050929111,0.0015459470304799233,0.0036240200430605004,0.9948300329264571,1.2928159519244174e-05,3.2935427996410545e-05,0.9999541364092437,3.241736225593382e-12,7.687990493928806e-09,4.4550844708951757e-08,0.9999999475640364,7.168660060360411e-11,1.254416710276023e-10,2.0171703778104227e-08,4.684787904308098e-10,0.00018599945066956295,0.999813979898621,1.3539755370688871e-12,9.173507349521072e-12
4,0.9999967715061364,3.228493865528643e-06,0.9492204109928828,2.2537662062400936e-09,0.050779586753352736,0.9974531793949538,0.002441503634316329,0.0001053169707249277,3.3616322946161207e-15,0.05282969101757641,0.35348934488301265,0.5936809094498796,1.1085968121216038e-15,5.4649529751861194e-08,0.7176146604069602,6.772280966091961e-16,0.0011485120759721055,0.2766105910194531,0.004626230189722471,6.307890475764242e-09
5,0.9999999894267937,1.057320787841553e-08,0.9650608490201895,1.7194937721629746e-12,0.03493915097809131,0.9897770545818526,0.010222929182954608,1.6235192756090277e-08,5.604583496116136e-17,0.9069710333582179,0.09291563454311497,0.00011332394584213576,9.718028541149839e-21,8.152824694491322e-09,0.36929776288606564,7.077260912714145e-21,0.0017390482032011527,0.00020752787954187883,0.6287556597565527,1.2746412605837946e-09
8,0.9878173529981428,0.012182647001854771,9.773196194933559e-05,2.4204225523969635e-06,0.9998998476155011,0.0006207692367867973,0.9987042767836343,0.000674950997627815,2.981954279039688e-09,0.9120332304874451,1.608466552843249e-05,0.08755660924569708,6.440466666198449e-12,0.00039407559488922634,0.00014481028789978034,4.1518914613804975e-11,0.6245725666931028,0.30537892097893127,0.06968119611138444,0.00022250588716165562
11,4.6462247311487324e-07,0.9999995353775275,2.275695776435043e-11,0.5948906830503303,0.4051093169269142,9.247878840904786e-12,0.003791565845812098,0.9961659909759296,4.2443169012971384e-05,1.0373659790733928e-05,2.97121333537447e-14,0.9948145027348193,0.0001421539413399176,0.005032969664019281,7.72021530289698e-14,0.00016906041228691255,2.287171843164649e-05,0.9991027190233082,5.417623957890215e-07,0.0007048070834998898
13,0.1873911225259923,0.8126088774740068,9.118386733494588e-06,0.00014704040478239123,0.9998438412084842,2.888753973368953e-05,4.76503420567894e-05,0.9999234503620622,1.175614420615501e-08,6.713365269446701e-12,2.317757901173341e-08,0.999984426676481,6.669502165533049e-10,1.5549472274970406e-05,2.1896502516414466e-08,1.2636836416709367e-10,0.00033762366867792266,0.9996604959341339,1.394296527326466e-12,1.8583729246190181e-06
14,4.381330793524539e-06,0.9999956186692089,1.315336270432714e-11,0.04559981006832681,0.9544001899185226,7.015851158603078e-11,0.9911286722477682,0.00870827514372258,0.00016305253835323605,0.024263869735185614,1.589371304226899e-14,0.004551474879968096,8.33991571349223e-07,0.9711838213932614,1.138762971266831e-13,1.0896068100216964e-06,2.9630237476605457e-05,0.007711438614865785,0.025724228881110655,0.9665336126596209
16,1.128902061218939e-20,1.0,3.257160484574766e-33,0.9999999939962478,6.003751964198564e-09,1.3407503238707873e-33,1.953933606418744e-10,4.267754814309959e-09,0.9999999955368537,1.2422841956860676e-14,1.4118931382924294e-37,5.383669637521837e-10,0.17970814915538313,0.8202918503062339,1.5424262869645293e-37,0.026547497456242047,9.194774033897876e-16,6.120246319865977e-11,1.6803710823682137e-16,0.973452502482553
19,1.04964289534759e-09,0.9999999989503578,2.0843296339454174e-14,0.9998240356080852,0.00017596439189040925,3.2325599154337277e-16,1.2646183560431311e-08,0.9999999800392134,7.314603539295066e-09,5.661632646472299e-12,7.893323261350301e-18,0.9996030061472754,0.00039657113690062617,4.227101623102326e-07,6.172360683140233e-18,0.0009682895794997875,1.3815260318058854e-12,0.9990315737173373,3.84810737871472e-28,1.3670178216624557e-07
20,0.9999999943606639,5.6393386168592375e-09,0.9764152999405855,1.8588760449616215e-12,0.02358470005755627,0.995216148270002,0.004783820418994014,3.1311004608301115e-08,1.00092922612204e-17,0.09027700903169406,0.9093667247558814,0.00035626526670068636,2.6821334778858247e-20,9.457223523464424e-10,0.8975581797175037,1.0795854480913561e-19,0.10024261655866595,0.00019674932745226498,0.0020024543358646858,6.051313759738224e-11
23,0.9999999999774261,2.2572478583978512e-11,0.9999839737198699,1.8329954489408536e-16,1.6026280128672797e-05,0.9999983347040181,1.6648500655412525e-06,4.459154092656098e-10,3.628819515460419e-23,0.00021562520234456395,0.9997785833168462,5.791480793492414e-06,3.668073539213784e-24,1.6402605046283747e-14,0.999728270657736,7.235433284151122e-24,0.00025765648827453445,3.3601114400873306e-06,1.0712742550411921e-05,4.335609955622452e-16
26,0.9999999999999964,4.154549642241946e-15,0.9999994619326094,8.583325010076435e-22,5.380673908883553e-07,0.9999995278563527,4.7214364578107087e-07,7.140476181057384e-16,7.469190915355395e-27,0.00024274713133942658,0.9997572527887024,7.995891574094937e-11,5.288642754798535e-32,1.1166912398889643e-16,0.9999839721296209,2.624344418294223e-32,1.9091539243232236e-06,4.982271470369161e-11,1.4118666631605794e-05,2.1516205657212587e-18
29,0.9999999999999929,7.302173881396214e-15,0.999999702427761,1.4128968702990487e-21,2.975722388915381e-07,0.9999997945634378,2.0543656222338256e-07,9.256142378686626e-16,6.485256849952789e-27,0.00010508262496316959,0.9998949172435214,1.315155199468722e-10,1.8666047262560292e-31,3.8753955080659787e-17,0.9999871726833393,1.4543930905832371e-31,5.478741462546808e-07,4.6238329999677663e-11,1.2279396275184817e-05,8.690084628341181e-19
31,0.9999999999897575,1.0243582685468665e-11,0.9998492378139341,9.204484263842684e-17,0.00015076218606693321,0.9999154232725593,8.45767215692829e-05,5.8699873455678255e-12,7.217275723376885e-22,0.2903327946886376,0.709666872589251,3.327113084121112e-07,2.2115730689202557e-24,1.0804443871868246e-11,0.9107143880116462,3.3308587716070693e-25,9.731471925827488e-06,1.0967690924832621e-07,0.08927577083932824,1.9161948803575288e-13
32,1.0,2.594671572199249e-16,0.9999999854758244,5.482073920492622e-24,1.4524176063446577e-08,0.9999999899638432,1.0036156307657945e-08,2.89265005790407e-17,1.2403703925005887e-29,3.552007958331503e-06,0.9999964479891267,2.914501940014726e-12,1.0848626909999204e-34,2.1827001885578696e-19,0.9999995120698237,9.26994165688641e-35,2.4432747679203315e-08,1.8243161292355794e-12,4.634956048576231e-07,6.0905931180920545e-21
33,0.9999999999958362,4.164304959047785e-12,0.9999961436269977,5.571070785145558e-18,3.85637300223135e-06,0.9999985515822916,1.4484162284249134e-06,1.4789002778324735e-12,8.554214653585353e-24,6.905324194706283e-05,0.9999309326636611,1.4094371703951078e-08,2.546466146898678e-27,2.059847193461852e-14,0.9999969979896063,1.5420627906792985e-27,6.273170620266872e-07,9.518219041596129e-09,2.365175110717958e-06,6.057942958308046e-16
35,0.9999999999998508,1.4956278752170442e-13,0.9999981430347138,1.0784983266820666e-19,1.8569652874679767e-06,0.9999995774633956,4.2253629390583405e-07,3.10598846634528e-13,4.8338551559211083e-26,6.003338841410762e-05,0.999939943965025,2.2646560902756875e-08,9.81147790866328e-29,1.404228405402698e-16,0.9999898507182159,1.2427370344109285e-28,1.2622079779736114e-06,1.2827622801213957e-08,8.87424618278357e-06,4.5002693774462954e-18
36,0.00010886612143770893,0.9998911338785639,4.8690599987252804e-11,0.0014987322341835478,0.9985012677171228,2.2008130561210885e-10,0.9996983435783894,6.754096560803367e-05,0.00023411523592157168,0.0013174331750587793,5.559927229528311e-13,0.0017266270419677256,6.906195665003918e-10,0.9969559390918001,3.560376543200957e-12,3.476839954686615e-09,0.021558601983842313,0.006245613888674801,4.183728469331808e-12,0.9721957806428957
38,0.9999960917796488,3.908220351140015e-06,2.3592584097964533e-11,6.639974152539434e-11,0.9999999999100098,2.256460190473638e-11,0.9999999997011031,2.758411282451438e-10,4.887678662235623e-13,0.9999899252772159,4.265292322422045e-12,2.3187303030140047e-06,1.5653463701640355e-20,7.755988215302899e-06,7.768932068636587e-14,3.09901897878665e-21,0.9999059055476457,1.7124263717396814e-08,9.403403862967494e-05,4.328938394318719e-08
40,0.9997806561359839,0.00021934386401378355,0.00013981957227382965,1.5816033976275175e-08,0.999860164611691,0.00016865394391216414,0.9998312254045109,1.2061511282140677e-07,3.6461191297277214e-11,0.9998918964885518,3.1882325255128704e-06,6.686649043204352e-05,2.415300684019469e-16,3.8048788490687306e-05,1.3437072220574714e-05,2.459708789665705e-16,0.9954091847439495,9.408328345996043e-05,0.004478752304594148,4.542595776342155e-06
43,0.0017527993350770436,0.9982472006649211,4.757231275788093e-24,0.0001866122690035926,0.9998133877309942,3.299815902242489e-23,0.9999615439698077,3.3738054121094435e-05,4.717976069931491e-06,1.9005455734353324e-07,4.9186110598392876e-18,2.450964019448056e-10,3.03126206832723e-09,0.9999998066690852,8.993256866165859e-25,4.081392080543239e-09,0.13054869349156317,1.1621558083886928e-10,2.3524491014847948e-09,0.8694512999583776
44,0.9999999999917044,8.294198122107988e-12,0.9998840078763142,7.779695991778773e-17,0.00011599212368610838,0.9999688176338194,3.1182349316428e-05,1.6865337976061896e-11,2.160987850889836e-22,0.008761762943655603,0.9912374388341317,7.982218370270021e-07,4.249359618082015e-25,3.742524085646884e-13,0.9995337255874023,2.369805045572966e-25,0.00013560518317844018,3.487652604378762e-07,0.0003303204641462245,1.2568492493382887e-14
46,0.9999999999975913,2.409054764350966e-12,0.9999935978280928,4.0751706965801134e-18,6.402171907522777e-06,0.9999988601649038,1.1398323568296708e-06,2.7387352687116734e-12,4.9938397788492e-24,0.00012501676301224915,0.9998747740800857,2.091569002646023e-07,1.0054199440074088e-26,2.344948112686761e-15,0.9998672734175417,2.052883031711633e-26,0.000130041568789387,8.832125763720201e-08,2.596692409947927e-06,1.3297722539609216e-16
51,1.1607081367609588e-05,0.9999883929186343,4.360972750207094e-11,0.035912052651588845,0.9640879473048031,6.786570727164278e-10,0.9584538419847894,0.04113156213025738,0.00041459520629321723,0.0036780443871753826,4.355496877099557e-13,0.07973188986225632,4.679983542873371e-07,0.9165895977517787,3.5981801388706525e-13,1.9740328221259685e-06,0.000267237544804808,0.03786535906978549,0.000891410985658323,0.9609740183665723
57,0.9187389297823331,0.08126107021766578,9.209184111186872e-06,4.104687049004002e-06,0.9999866861288397,2.8322838834972438e-05,0.9998790309873102,9.264403682429473e-05,2.1370276189371934e-09,0.9899407204033279,5.259780708116952e-08,0.008137018930573668,1.4890965016834327e-12,0.0019222080668045447,5.759017653654402e-08,8.028453369355483e-14,1.8520596998606493e-06,0.002125404185415772,0.9977107076118223,0.0001619785528053684
59,0.9999999921478704,7.852128888411374e-09,0.9987711033144796,4.452229351173005e-13,0.00122889668507805,0.999880577596127,0.00011916361168116505,2.5879219340166235e-07,1.6950383590786438e-19,0.0010206661526921382,0.9978898053020583,0.0010895285208594248,1.8683669159327668e-20,2.439005919284476e-11,0.9990677676960182,4.521008510711886e-20,6.525257308055414e-05,0.0007989443743347062,6.803535524948823e-05,1.318202408658233e-12
60,0.9999999999953033,4.696672049993518e-12,0.9999153379486672,2.521978706492542e-17,8.466205133201593e-05,0.9999318037952696,6.819620362300479e-05,1.1088873512600691e-12,1.881616104524927e-21,0.024895756740525153,0.9751041797663147,6.349152011654808e-08,3.2783658789448297e-26,1.6412819836110398e-12,0.9983868251194606,1.670614612433515e-26,0.000457043785210465,2.9214312781321573e-08,0.0011561018809640483,5.232250792241116e-14
62,0.9983349124489364,0.0016650875510634171,0.0008795224035278331,5.59787044300731e-15,0.9991204775964654,1.401201798765625e-10,0.9999999997349036,1.4236068890055153e-11,1.1073705361256356e-10,0.9999999983371097,9.083185530139844e-13,1.661064895689093e-09,4.381686319634759e-13,4.791566726314596e-13,6.373912176756401e-14,1.853646315102694e-23,2.889532609891885e-14,6.304687336677492e-11,0.9999999999368541,3.1776639584942895e-15
64,0.9984821490245889,0.0015178509754088907,0.009136374795583048,1.6333079767727962e-06,0.9908619918964369,0.20197551807720523,0.5928612679002544,0.20516321391392767,1.0861620804504482e-10,0.0017803924844280834,0.0007185889286367397,0.9974997330900804,2.090917721474157e-12,1.2854947669687214e-06,0.0011227631196316964,2.795098267504184e-12,0.0007522242249821261,0.9981247805678418,1.4476009859882913e-12,2.320833023650045e-07
65,9.05577249182853e-06,0.9999909442275109,2.225284496143098e-14,0.8383764127395478,0.16162358726043136,4.393526650849747e-19,4.099938633006346e-09,0.9999999958999766,8.586563839054029e-14,9.435472763001886e-14,2.0389166796746777e-20,0.9999999989020836,1.0610711943548365e-09,3.6751770250805094e-11,1.1715831330927295e-20,2.878427704943538e-08,6.258590913884972e-10,0.9999999705641405,2.920872511781337e-22,2.572680443087456e-11
68,0.9451456838711534,0.054854316128847024,1.2419086134237868e-21,9.823618426521949e-08,0.9999999017638123,2.841956290292226e-21,0.9999999339602632,6.535532115633707e-08,6.844173164656058e-10,0.9886772222387908,3.702976277735147e-22,0.0019653911011707215,3.555742081888319e-14,0.009357386660004347,5.5032201075190875e-25,2.068301011627107e-16,0.9999986793992883,5.841735739351434e-15,1.0368378193216632e-13,1.3206006035393021e-06
87,0.9937150114397213,0.006284988560276119,0.00010535358931331629,9.290617349103955e-07,0.9998937173489523,0.0010202248057946885,0.998235823773731,0.0007439509575926827,4.628840194977838e-10,0.6545670297325227,3.71576667853618e-05,0.3450878858170932,2.125064283945493e-12,0.00030792678147140596,0.00010980542097437822,2.02301891592895e-12,0.023388257427732963,0.29758772892172347,0.678790606453824,0.0001236017737245725
88,0.9999999998744435,1.2555502758230246e-10,0.9999508745376547,6.68947932988719e-16,4.9125462343302574e-05,0.9999969407397884,3.0558329631090456e-06,3.4272477756757353e-09,1.2569477811407696e-22,7.609662056339501e-06,0.9999743560138851,1.803432402656696e-05,4.101100286023671e-24,3.2177347715488605e-14,0.9999764202188399,7.68300922847946e-24,8.045098043212092e-07,2.2775271309473746e-05,4.563811145474249e-14,2.2518480448095414e-15
90,3.728865526334935e-06,0.9999962711344739,5.386694529266992e-12,0.07035431083950457,0.9296456891551097,5.102006170780398e-11,0.9924057256854026,0.006527904241734295,0.001066370021841306,0.0010022161054365696,1.9421413663381684e-14,0.010024163275318418,3.4373880099258436e-07,0.9889732768804241,1.5371038918187722e-14,5.709147790235645e-07,0.00011535975988089321,0.006831577213253924,0.00026846269851363134,0.9927840294135595
97,9.488819202265127e-13,0.9999999999990479,6.315647351022191e-19,0.9999965680572475,3.4319427515780363e-06,1.8029037291086367e-19,1.0423086957011195e-09,0.9999998004023979,1.9855529285132412e-07,1.3088072711058605e-13,2.1209685566461375e-20,0.9834348940698739,0.016556504076054485,8.60185393772476e-06,1.9029962311334483e-20,0.11919774970148886,1.9387095781665456e-10,0.8807947876830222,1.45012231592069e-31,7.462421623243058e-06
98,2.877730273355794e-14,0.9999999999999716,8.245492113253686e-24,0.9991141033156402,0.0008858966843592294,2.918451807946413e-25,1.268690659114202e-05,1.4951867225270134e-09,0.9999873115982194,1.423820664687956e-09,1.0569320428362778e-30,2.7324691225936335e-11,3.2039817656693327e-07,0.9999996781506816,2.6527912941775433e-30,4.207817805868845e-08,1.6944397259025118e-12,6.444399380489728e-12,3.958257561679479e-10,0.9999999575178586
99,4.700600085806403e-18,1.0,8.076510481047223e-28,0.9999999974317149,2.5682853211293003e-09,1.1392814108819854e-25,3.7820678611041716e-10,0.9806102707015454,0.019389728920249507,3.481291159662198e-17,1.2521289943549677e-31,1.5313941154955006e-05,0.9999821243797821,2.5616790611370505e-06,9.037185185545572e-31,0.9999586981664608,4.5178346053010895e-18,3.601722065984312e-05,1.6290571979336288e-24,5.284612876890212e-06
100,0.9977370835877478,0.002262916412252364,0.0001739358727777005,4.3634900898177065e-07,0.9998256277782125,0.0007089187378475273,0.9991864511518175,0.00010462970698888064,4.033471709757611e-10,0.97408560119968,1.936715274825902e-05,0.02564452631250268,4.903491434805933e-14,0.0002505053350210143,0.00021499904977540635,2.7532659212829333e-13,0.07517107402205245,0.13247960889948066,0.7916974968311539,0.00043682119726493605
102,0.9999926458941869,7.354105816192719e-06,0.9474651020183252,1.9491686378197378e-08,0.05253487848998727,0.9973875002124036,0.0021640324013698755,0.00044846738621664496,1.2556050754042635e-14,0.001424967765121137,0.1694817462961443,0.8290932816934075,6.910860232872277e-15,4.245318015555223e-09,0.2047232834242646,2.1764526230246277e-13,0.7952529110615363,6.268399450124083e-09,2.3798396739428485e-05,8.488397945045328e-10
103,6.942805217635573e-09,0.9999999930571946,7.577905966790324e-13,0.999771947835323,0.00022805216391734253,1.6482112689802647e-15,5.585384877883251e-10,0.999999999025647,4.1581586704544333e-10,3.616370538776417e-14,9.82976766061062e-17,0.9999796087456329,2.038833271176701e-05,2.921620190803304e-09,4.901910655182738e-17,0.0005016149434225674,8.276730011735951e-09,0.9994983762737544,5.3078783072887e-33,5.060951656677514e-10
104,0.9999999474551884,5.254480979742811e-08,0.09923334034644164,4.830962262584524e-11,0.9007666596052514,0.07174377073107284,0.9282562284482835,8.204112378202705e-10,2.3378439364056407e-13,0.999966808397877,3.308677525312513e-05,6.169774879562599e-08,1.060869691314727e-21,4.312912346338599e-08,0.003442316288894709,4.08954178490256e-21,0.15397097584464287,6.488558774515209e-07,0.8425859981570809,6.08535056135146e-08
107,5.930391930740795e-15,0.9999999999999929,3.1869595593623916e-30,0.999998477608991,1.5223910093959717e-06,1.6717975483873671e-28,2.147352253719265e-06,0.008223431071480483,0.9917744215762611,4.656925955792898e-10,2.654260748883981e-31,0.0012811431463344337,0.625808056600953,0.37291079978702696,1.3126766878435657e-31,0.14179041239505408,2.4118213575416383e-18,0.0005294235945922632,1.871312119539734e-18,0.85768016401036
109,0.9999999999998899,1.1141187670474083e-13,0.9999992032124018,3.718718436348387e-20,7.967875974413083e-07,0.9999996998774872,3.001223992081823e-07,1.1357868660594716e-13,2.7520689463033344e-26,6.202045953144988e-06,0.9999937955380913,2.415956243314814e-09,3.80316179086142e-30,1.1980212005890183e-16,0.999997737893193,1.854443771335515e-29,1.1244140814905682e-06,2.7911133844311173e-09,1.1349016110165304e-06,6.897427396410699e-18
110,7.0420700276406636e-12,0.9999999999929585,2.0903335682321186e-18,0.9999911961259627,8.803874035428782e-06,8.963294768098758e-18,5.219451367183195e-07,0.9996428634020094,0.00035661465285208554,1.6463370863670454e-10,5.4483946050215874e-21,0.0381453721868386,0.9616034226552672,0.0002512049932632388,3.323309234729495e-20,0.9559443737184983,3.143102945102861e-09,0.04391577239363747,1.6742374938312367e-20,0.00013985074475988715
111,0.9999999610176865,3.8982312212627006e-08,0.9962263501497461,9.5950190289995e-12,0.003773649840656223,0.9997796105852097,0.00021860150331756592,1.7879114742489165e-06,4.001476640991019e-18,0.00014005369344699076,0.9903377881204523,0.009522158146954576,2.315837088094164e-19,3.9145584485614957e-11,0.97491175298317,3.8957365395865724e-18,0.015729593086889357,0.009356993952790226,1.6599700022856168e-06,7.1458438848037785e-12
112,0.9999999999838423,1.615707837044614e-11,0.9999386830281529,1.9146380819296955e-16,6.131697184775708e-05,0.9999753688996286,2.4631081213373373e-05,1.9158095938709365e-11,1.2583367294715483e-21,0.026664508604317433,0.9733344895707527,1.0018210274228022e-06,2.0508107143074093e-24,3.90394562809247e-12,0.9978998945782358,3.5366077352914036e-25,5.598053814240743e-06,2.824907921245665e-07,0.002094224877024941,1.325985702753233e-13
113,0.9999999999867093,1.3290947336259394e-11,0.9967036637259868,4.2277597795358296e-16,0.003296336274012215,0.9961719724168264,0.003828027581393841,1.7808352809709467e-12,5.326811258502009e-20,0.30305355195608014,0.6969463122387365,1.3564161992127243e-07,1.5502843370880868e-25,1.6356435990322404e-10,0.969017713808051,1.668947357581069e-25,0.024167660619004477,1.1170003946521789e-07,0.006814513861323416,1.1583007481648392e-11
115,1.3053678195279378e-05,0.9999869463218035,2.659059043206677e-11,0.07756300828433849,0.9224369916890698,1.0115714773838813e-10,0.9876280052363169,0.008467532306918468,0.003904462355604372,0.04513745843378124,1.0774780465403826e-13,0.020522542214616347,1.1757046224757537e-05,0.9343282423052727,9.262943563213166e-13,6.266925785409459e-06,0.00029513636604062315,0.044673718836460825,0.019188975566232162,0.935835902304558
116,0.00041961053301512764,0.9995803894669844,1.4635332076615903e-20,3.024692732669724e-06,0.9999969753072675,7.776557016187215e-21,0.9999989348863979,4.367871569596818e-11,1.0650699253282393e-06,2.0114938190192307e-11,6.078853147673455e-23,5.294240159682965e-08,1.4961545900883546e-15,0.9999999470374817,1.1976752312017455e-22,1.4688283010159353e-14,2.920312989060996e-09,2.8210326230975684e-08,4.724898058484195e-29,0.9999999688693468
117,0.9991942522408241,0.0008057477591793564,0.041201743056708644,7.487902888368249e-07,0.9587975081530045,0.38424496892177257,0.6054960032300143,0.010259027824629967,2.358042265601344e-11,0.005652141845481084,0.0065488664051574505,0.9877916881258844,2.009306821648189e-14,7.3036234566149995e-06,0.0037337806142540893,1.0465125918762122e-13,0.004500546025094309,0.9914425603407296,0.0003213435071792936,1.7695126368349081e-06
118,1.927152622291302e-24,1.0,1.2256869684076246e-37,0.9999999999980247,1.9783053763184835e-12,4.280044825334674e-36,1.4134635527916352e-13,8.516436073378641e-06,0.9999914835637885,4.873880640824848e-22,3.635818505630365e-42,3.3342593953395017e-10,0.9999953940564258,4.605610145447114e-06,1.741365564429795e-41,0.99997672126361,2.4340300416122085e-27,5.377978401681682e-10,2.9801292464471832e-24,2.3278198593266767e-05
119,1.1451852496820862e-08,0.9999999885481472,2.7407709015926034e-22,0.1419991340916206,0.8580008659083814,3.068892021485046e-21,0.9471011971269024,0.0007145421678705335,0.052184260705224084,5.364410579343517e-07,6.262910093641215e-26,2.806069101279679e-05,1.5774216375748357e-08,0.9999713870937148,3.150244461891166e-26,1.0068576815465159e-07,0.0013424732244239328,1.9734302728125036e-05,4.378245340720986e-16,0.9986376917870777
122,1.0,3.1924506115955474e-16,0.9999999834447985,8.10165725128422e-24,1.6555200862403706e-08,0.9999999894845875,1.0515411715534107e-08,4.685391416885137e-17,1.366872917138417e-29,3.570777831603396e-06,0.9999964292176172,4.5516399879593964e-12,2.5235104352509305e-34,1.7280368617412546e-19,0.999999498820903,2.4050278529511317e-34,2.8135638241664226e-08,2.569564188629368e-12,4.7304088985291914e-07,4.300813704959308e-21
125,1.0916309138924129e-05,0.9999890836908606,1.3929835549587288e-09,0.20878346139431433,0.7912165372127001,7.446664181246192e-10,0.0076589734882323846,0.9923295625864044,1.1463180696703335e-05,5.050624949298467e-06,1.40347392977132e-13,0.9994275841013089,7.631136534663952e-07,0.0005666021599506023,3.3162675953468445e-13,2.4618891246963814e-07,1.795829025009937e-14,0.9997334148627262,4.6491524949702166e-07,0.0002658740327643121
127,0.999999999999865,1.3445213847504227e-13,0.9999946303411205,1.59446635522166e-19,5.369658880482348e-06,0.9999964046848192,3.5953151585989063e-06,2.3021955682302544e-14,2.5367767461744307e-24,0.0023146996092328516,0.997685299109289,1.281470429584193e-09,7.67877439752339e-29,6.188836763875411e-15,0.9998327929574551,2.9662221670076466e-29,7.575990997026966e-06,5.269146992548555e-10,0.00015963052463288972,1.0237830440499302e-16
129,6.214211021487665e-08,0.9999999378578882,1.099438338859808e-12,0.8141456823119698,0.1858543176869286,1.6872510824196766e-11,0.12314772660123623,0.874029437059418,0.0028228363224751763,1.965345046138534e-05,1.1545925807856638e-14,0.22125995358151224,5.775597137655353e-05,0.7786626369966371,1.3057605797702557e-14,8.678368158383246e-05,3.700883120269594e-05,0.2701432647585918,5.327216872199583e-07,0.7297324100069217
131,0.042332868540168586,0.9576671314598283,1.0345376462355146e-07,0.00042257495320164614,0.9995773215930366,6.640477045494839e-07,0.9976792695275215,0.0023173667850009357,2.6996397718193285e-06,0.6754035607121333,5.7318332413302405e-08,0.29119777314652895,1.631200631585702e-08,0.03339859251100199,4.1349888620191923e-07,2.6978928167706627e-08,0.4791554081177942,0.45890923594033584,0.02878665435215818,0.033148261111894985
132,0.9828488944046815,0.017151105595319564,2.9434897090608077e-11,2.9806658279206163e-06,0.9999970193047375,1.0953461821347136e-09,0.9891532048561422,0.010846793807642188,2.408706912667852e-10,0.0005998350783633218,4.444586819422045e-13,0.9993916681143848,1.4749126336836221e-13,8.496806660664609e-06,5.981018952458259e-13,1.5776792667415533e-13,2.7148171347745524e-05,0.9999692599392873,5.582234532608494e-12,3.591883023968944e-06
133,0.9999999707262934,2.927370431648017e-08,0.8086963611913894,7.948020383661511e-12,0.19130363880066273,0.9451494955928789,0.05485048599908074,1.8408039724248614e-08,6.327666600094147e-16,0.19506604879976017,0.8039245765753128,0.0010092325469292479,5.714305860028553e-20,1.4207800092293312e-07,0.01891556310074928,8.792179855805553e-21,0.9810125219867941,3.046843806832457e-05,4.144596904189978e-05,5.053453375880646e-10
134,0.1705517856284279,0.8294482143715742,4.8873518425576344e-05,0.0022959507338071944,0.9976551757477664,3.484263010651396e-05,0.0060109854718936335,0.9939541704701199,1.427878589275217e-09,3.847791908778217e-06,7.4006101008939334e-09,0.9999959385732122,1.1276526229711842e-09,2.0510661380370762e-07,4.727413803883783e-08,3.9908826842329265e-09,5.943725626397043e-13,0.999999897821949,1.7368703730361009e-15,5.0912431373172986e-08
135,0.9999999955941661,4.405835089877111e-09,0.9981588329546908,4.241273532901153e-13,0.001841167044884701,0.9999025199171361,9.720803721459464e-05,2.720456506393976e-07,1.3020029131933538e-19,0.0016169142200249224,0.9971420156282824,0.0012410701420176716,9.485049797230392e-21,9.678586509608308e-12,0.9946183788322172,8.334997119131129e-20,0.0031396832857107917,0.0019231925378652148,0.000318745343072245,1.1362832698567375e-12
137,5.58357962126402e-07,0.9999994416420388,6.080268358144421e-10,0.706061130980805,0.2939388684111703,3.333539135382362e-11,0.00012987908586267302,0.9998673073096124,2.8135711887105685e-06,5.60613713168553e-07,2.971484004054674e-13,0.9991101495811571,4.405633205127312e-05,0.0008452334727792522,4.3872574254657015e-13,6.058844496778624e-06,4.976673905173265e-08,0.9998255062400353,4.833759844353304e-07,0.0001679017723034347
139,0.34757613920532743,0.6524238607946716,1.2361280459276989e-14,1.4271123841953146e-05,0.999985728876146,2.1425504399035906e-14,0.9999792685777417,2.060373290446849e-05,1.2768933552513972e-07,0.9942871213339692,7.139663549588419e-17,0.0008319959417890391,2.4271439577802124e-12,0.00488088272181688,5.863468372310204e-16,2.647189919970928e-13,0.0002831614581512991,0.001038237567868715,0.9965426653452175,0.002135935628497031
143,0.9992090638270373,0.0007909361729594178,1.2922949796094878e-13,9.835633057982565e-09,0.9999999901642411,1.0374768474099517e-13,0.9999999947914873,5.057332376387457e-09,1.5107756519773e-10,0.9998090848594008,4.1619186995871757e-14,2.249693642489285e-05,6.330312749930036e-17,0.00016841820413221925,2.4595631738238885e-17,2.372721316902801e-19,0.9999999606593598,4.301534941914199e-09,1.817120915191511e-23,3.503910382514211e-08
145,1.9875972177421818e-15,1.0,8.998574926238484e-22,0.9999999194896919,8.051030764278895e-08,1.953347597385933e-22,5.915980736535525e-11,0.999998769952487,1.2299883510915533e-06,2.0985213911840232e-15,1.3131313897996814e-24,0.06458611242778245,0.9354064502893444,7.4372828738487185e-06,3.9403058077458584e-24,0.10463479757887205,1.628613851109695e-24,0.8953406117540348,9.40706272466652e-38,2.4590667094388908e-05
147,0.9999974132585611,2.5867414425270518e-06,0.5215042474947552,5.575821736816816e-09,0.4784957469294201,0.9400681085897584,0.05991320556141472,1.868584871218928e-05,1.123495544972029e-13,0.9212458474559633,0.04871382224157472,0.03003993971044634,9.629946891228342e-16,3.9059201223726954e-07,0.26995504288543654,7.19700413679543e-16,0.00166605153067101,0.030226208957898744,0.6981526376416045,5.898438592946511e-08
148,0.9999999999524256,4.7575310916910076e-11,0.9999491349710027,4.0913182370025716e-16,5.08650289961284e-05,0.9999926723473993,7.327317909594403e-06,3.3469111543687106e-10,1.8683440153406978e-22,8.893526353163093e-05,0.9999066847952276,4.379941193986853e-06,7.733269732445589e-25,4.609091484776573e-14,0.999922480640143,6.358181438875226e-24,7.155685445006255e-05,2.988039533926737e-06,2.9744658689940913e-06,2.774790747975101e-15
149,2.5757208078315437e-10,0.9999999997424283,1.4323965475230749e-16,0.9812228382300722,0.01877716176993051,2.1497155026447522e-15,0.01955986637958363,0.008740962045351583,0.9716991715750638,2.883733148687852e-07,1.5699113835795597e-19,0.0007957798804102711,2.50503016884943e-05,0.9991788814445874,2.553028396618669e-19,3.91075679003202e-05,7.096256991951839e-05,0.0011924591142178289,1.0299521796033348e-09,0.9986974697180067
150,2.583718552285739e-21,1.0,4.137717375529378e-31,0.9999999999996732,3.2486235934354224e-13,8.546907502785806e-32,9.302059767970435e-18,0.9999999961424919,3.8575088875357384e-09,6.261246421117396e-27,5.486851206223144e-38,4.6469866087827684e-08,0.9999999535301225,1.0458477950836555e-14,2.5105940238242874e-38,0.9999999999999929,2.9173617594768683e-34,5.661439112657786e-16,2.826796507685819e-43,8.89879646970094e-15
151,0.9972730063614719,0.0027269936385285296,0.00010554186642548359,3.805801660607645e-07,0.9998940775534098,0.00018517860524846588,0.9997964834846694,1.8337670297735764e-05,2.397867342940354e-10,0.9946014193677822,4.413218350901955e-06,0.005073105393358454,2.964129166976027e-14,0.0003210620204816606,9.422655007795989e-06,3.788270817894195e-14,0.9846073950925357,0.004726904457575943,0.010602301456339351,5.397633850012198e-05
152,0.9999999789206557,2.1079341508341734e-08,0.9994366973076194,2.44126709606036e-12,0.0005633026899380714,0.9999467775051227,5.2677382522042556e-05,5.451123572137033e-07,1.4786722610822787e-18,0.0002513030728562489,0.9978124504215061,0.0019362464951432105,1.6437893824152686e-19,1.0495011596446707e-11,0.9982475491778967,8.413721058577199e-19,4.021755387239272e-05,0.001679942760533124,3.22905066480896e-05,1.0468317772231562e-12
155,0.9811959456259701,0.018804054374031827,7.358680261291788e-07,5.926100908152616e-07,0.9999986715218809,1.540316369545599e-06,0.9999979152668234,5.148234798088588e-07,2.959333002892217e-08,0.9994744375754383,8.713089660359601e-09,5.323963090177705e-05,2.158513564910771e-13,0.000472314080356972,3.169435681967455e-07,5.910167389878786e-13,0.8957057200178813,0.0002500342219833063,0.10340490101040566,0.0006390278055710432
159,8.76965495593873e-11,0.9999999999123048,2.235372078469544e-16,9.285538563344219e-12,0.9999999999907132,8.378463642616164e-16,0.9999999999819096,1.7617292969956733e-11,4.698310310440065e-13,6.216849836047363e-10,2.319709038249303e-17,4.156121423367154e-09,9.207454623741777e-17,0.999999995222197,3.5800931555517857e-19,1.8651971954183705e-18,0.9999999999291092,3.1192230601058416e-11,1.3508758666344634e-22,3.9697046655838256e-11
160,0.9999999999999964,1.939460880663165e-15,0.9999999100300525,8.095823181659213e-23,8.996994869237926e-08,0.9999999596785408,4.032145938664903e-08,2.233084529962784e-16,2.0253748864814495e-28,3.053648322230963e-06,0.999996946333018,1.865793480689652e-11,1.796413002847316e-33,3.4028061520750768e-18,0.9999994319530053,2.3530970319457592e-33,2.2185597574255888e-07,1.9051880405454605e-11,3.4617196749578233e-07,1.7498948616284897e-19
163,0.9999999323716035,6.762839548448256e-08,1.0,7.814119594119416e-27,9.584282635538846e-17,0.9999999999999503,8.421989038267518e-17,4.1092996922008984e-23,4.703155792924317e-14,1.8460960577381634e-16,1.0,6.906115661987055e-19,7.210780708371327e-19,1.9354047935653082e-22,3.734802001238153e-16,4.389335854448416e-34,3.724546475617445e-15,2.540638040063761e-18,0.9999999999999929,1.1881356874757604e-22
164,0.0015378241379672944,0.9984621758620337,3.0297515979449962e-09,1.9396311660608256e-11,0.9999999969508551,1.0594769274070309e-08,0.9999999893488791,5.632085761887128e-11,3.282368655816557e-14,2.0567100853560782e-08,9.859209163575502e-11,3.904961224647916e-09,8.239826425022135e-16,0.9999999754293473,3.112518564047517e-19,6.80010370331008e-17,1.760759830863622e-12,3.4018561452422737e-10,0.9999999992857056,3.723513880431079e-10
166,0.000611805825420975,0.9993881941745789,2.1334250973863758e-10,0.0003652950471027291,0.9996347047395542,6.727131363988549e-10,0.9999724727922916,7.385391372699613e-06,2.0141143619487287e-05,0.026200609645646075,7.919806473845274e-13,0.0002024282861430602,1.2870191551790655e-10,0.9735969619387181,5.940377962619032e-12,1.7276968121364398e-10,0.01905650844691744,0.00027046177602641413,0.0013823213812163087,0.9792907082171326
169,0.9999999999999964,4.183574149845283e-15,0.9999999435481397,2.66963432883881e-22,5.6451860943498045e-08,0.999999972635646,2.7364353366205417e-08,1.0548217346757694e-15,4.806581116328722e-28,8.691674145275003e-06,0.9999913082520911,7.376401314487342e-11,2.9777780765846095e-32,3.469843314348642e-18,0.9999993156206145,2.2502529273829667e-32,8.78561467202812e-08,4.735058518379586e-11,5.96475888859725e-07,1.4374347302092594e-19
170,1.42551765525055e-38,1.0,3.1987556693592843e-62,1.0,9.729251362959723e-28,5.2754959376673555e-58,1.9870638313403264e-30,0.9999999804778528,1.952215333132698e-08,1.4225912890139618e-60,4.255527989816281e-72,7.300474535998416e-34,1.0,8.786355285455304e-26,3.3173672337339934e-72,1.0,1.7947146186736773e-48,8.908798528250054e-19,4.295578228210196e-86,2.6786576431611187e-33
174,0.9997662978009156,0.00023370219908370923,8.857575338768274e-05,1.6214355219483395e-08,0.9999114080322563,0.00024111801619750337,0.9997579618667579,9.201106368716861e-07,6.407693684871725e-12,0.9952213441422001,4.336264860750111e-05,0.004638707630641376,1.6220808617097375e-15,9.658557854905056e-05,1.0299475398235373e-05,4.3350948169981915e-16,0.9991969491315316,0.0005026619173810571,0.0002880332299984929,2.0562456937578124e-06
175,0.9986669306429874,0.0013330693570090986,0.00310605536756745,5.839045270901734e-07,0.9968933607279075,0.029452818853281458,0.965565089669131,0.004982091425356138,5.2234462983124644e-11,0.15112679670884974,0.00039903126790954177,0.8484305820676439,1.983719692251195e-12,4.3589953610083414e-05,0.0018414624047401514,5.912590342457306e-12,0.04184524714090085,0.9422527256043939,0.014045272425537096,1.529241851428208e-05
176,0.05887240013395143,0.9411275998660483,2.0903975126646258e-07,6.703570291985711e-05,0.9999327552573302,2.240583681674177e-06,0.9961586090488018,0.003839118471217737,3.189629808241212e-08,0.003373725409103827,1.493075548655631e-08,0.9917084003493264,6.929457434539563e-11,0.004917859241519877,3.367053181581241e-08,2.543377549145541e-10,0.007143864477375965,0.9906557364033737,3.654817717055014e-12,0.002200365190724929
177,0.9999987369866563,1.263013343480183e-06,8.442105782598026e-11,9.101196433665009e-11,0.999999999824567,1.8557091914598164e-10,0.999999970574351,2.9240003930638325e-08,7.182463150350302e-14,0.9999941768613861,2.807885056226688e-12,5.612252855894134e-06,7.512068154814781e-20,2.1088294670449658e-07,7.524699333712375e-12,1.0025561137086359e-19,0.9472584391261482,3.7569820082555182e-06,0.05273778168732926,2.219698732827289e-08
181,0.9999999954066467,4.593350271355785e-09,0.979435536193973,1.740622006808035e-12,0.020564463804289206,0.9942929543928296,0.005707014310757253,3.1296410085566186e-08,1.733921832796645e-17,0.8141010453448194,0.18547587018131126,0.0004230797290551568,6.736710533875306e-20,4.74481128480891e-09,0.9161119947574002,2.8689199921305094e-20,0.0022068708990115714,0.00031499959700735967,0.08136613425381468,4.927666585539192e-10
184,0.9999999999998899,1.0965618943457429e-13,0.9999989438524679,3.873707321922269e-20,1.0561475324697132e-06,0.9999997021676544,2.9783226529988733e-07,8.018049752950445e-14,4.761748005832793e-26,1.938803687303347e-05,0.9999806068955905,5.0675361723022225e-09,8.795955656808088e-30,2.46488297874334e-16,0.9999910632531592,1.4682353807741788e-29,8.270698914855622e-06,3.683945807841684e-09,6.623639795874938e-07,1.0501419327863505e-17
185,1.0,2.1570056439522376e-16,0.9999999956356316,4.7721249648937445e-24,4.364367707047754e-09,0.9999999965751467,3.4248541238848128e-09,1.8380104146334312e-17,1.1008812605539147e-29,2.0305581809739676e-06,0.9999979694404121,1.407825326105961e-12,1.1832049651680295e-34,9.550428534786512e-20,0.9999998580333086,6.547702667646802e-35,1.2584122120895776e-08,8.694437232849567e-13,1.2938169933598984e-07,3.5671033375184556e-21
186,0.9999190444018224,8.095559817469771e-05,0.053718608862993976,1.5374020523511485e-07,0.9462812373968039,0.40345913103773906,0.5935533206914487,0.0029875482567066594,1.4105147999318863e-11,0.15880025861193314,0.016696654895475307,0.8245001292962678,5.6265226809313517e-14,2.95719626931312e-06,0.001182628307067018,6.264163794727782e-14,0.9462679541846204,0.05229422516343997,0.00025514422259392025,4.8122213042063376e-08
188,0.002602370961177603,0.9973976290388237,5.4617240436247535e-06,0.009321740483221607,0.9906727977927315,6.123546005946681e-08,5.040105618278932e-05,0.9999495376885517,1.9808204087895887e-11,1.6797247843476905e-08,2.1497744805685684e-10,0.9999999497525008,3.2386098797046677e-09,2.999666049050959e-08,1.286889889108067e-10,3.2148095518980716e-09,1.3120658619318213e-09,0.9999999896598055,5.281467242498938e-16,5.684629279307192e-09
191,0.9999999999930544,6.945869968633325e-12,0.9999948365226256,2.98550545242223e-17,5.163477373425887e-06,0.9999986460643306,1.353919939876942e-06,1.5730929772663833e-11,6.618888104827331e-23,0.00042372862674130513,0.9995759378288062,3.3354443410905983e-07,2.6359664765578745e-25,1.9694767071044298e-14,0.9999568607141275,6.015003133872452e-26,1.653646552766171e-07,1.9869792557040738e-07,4.277522329076481e-05,1.6630144255569214e-15
193,0.9999999999930793,6.92186524324995e-12,0.9999883239619929,2.0300801584077945e-17,1.1676038006592487e-05,0.999998263403979,1.7365697374219347e-06,2.6281997672996112e-11,1.4631313584397372e-23,6.16613978894905e-05,0.9999379427976971,3.958044088753537e-07,4.699728102381007e-26,4.275002792557978e-15,0.9999937999987408,4.4368943130265566e-26,1.8232330599085008e-06,3.023112757556941e-07,4.074456923063601e-06,3.7788915344035604e-16
194,0.9999999999999396,6.060876746387046e-14,0.9999995854831354,3.267085743928595e-20,4.1451686512841326e-07,0.9999998975325414,1.0246721399140424e-07,2.4605172839169424e-13,9.212521906946521e-27,1.0057237520666096e-05,0.9999899380777737,4.684705961455045e-09,1.0944535154311099e-29,2.941361175743328e-17,0.9999989684458042,1.133723280510074e-29,7.26517256398876e-07,5.153661149841159e-09,2.998832790648873e-07,1.1707264237577115e-18
195,0.9999999999999964,2.5954898411809925e-15,0.9999999697777295,1.7526493204845822e-22,3.022226899822938e-08,0.9999999793998315,2.0600169604108024e-08,3.950722125399374e-16,4.010011760079758e-28,6.788410540431121e-06,0.9999932115717435,1.7715472259059108e-11,1.4650231460188264e-32,1.4234280607175135e-18,0.9999995868261423,1.0317349892298116e-32,1.1812436649984929e-07,1.1990473950664778e-11,2.950375006428194e-07,6.77684145711037e-20
196,0.9999999999999893,1.0138085658069555e-14,0.9999993553185451,1.7734387072950166e-21,6.446814562247876e-07,0.9999995439297936,4.560702059317041e-07,1.6482126014055138e-15,5.490852651096988e-27,3.303207025049736e-05,0.999966967737341,1.9240777097325658e-10,6.161461877869936e-32,3.262536764187425e-17,0.9999986444309479,6.158135306482699e-32,5.981209827530921e-07,6.312265159575936e-11,7.573849466937532e-07,7.381835427586944e-19
201,0.999999999999833,1.6537792078083282e-13,0.9999973760784328,1.2062569306736392e-19,2.623921566387297e-06,0.9999990868643506,9.131355405701215e-07,1.0985895605857329e-13,3.209861459597822e-25,8.495184080290055e-05,0.9999150410344533,7.124743809740144e-09,3.459196085705379e-29,3.392115026930614e-16,0.9999892066892265,2.4759589661282453e-29,6.90869078288762e-06,5.1650113287646505e-09,3.879454978578285e-06,9.356831366710641e-18
203,0.0027955461972549245,0.9972044538027446,2.4589302134597895e-18,4.74512441770613e-05,0.9999525487558196,2.6503943932636973e-18,0.9999876608572936,4.196600072955255e-09,1.233494610854875e-05,0.09963785008641199,6.138159030776601e-22,9.088987188963043e-07,5.810429819898334e-13,0.9003612410142878,5.198912895170762e-21,9.15756120723987e-13,0.0012643516692052187,6.349925009201746e-07,5.094040256851768e-10,0.9987350128279744
204,0.999999436055087,5.639449120019868e-07,0.012090336952963568,1.7652114570036088e-10,0.9879096628705153,0.009077689783138295,0.9909223043088751,5.90786731885386e-09,1.1812384906745487e-13,0.9999967450319541,2.384909258590715e-06,6.470770818803746e-07,4.533628384706286e-21,2.229817077471951e-07,1.2637570417813773e-06,7.07160064465883e-23,6.900678908301376e-08,5.7793699519081233e-08,0.9999986028439015,6.598567283644857e-09
206,1.892893681114669e-08,0.9999999810710636,8.616231900196262e-14,0.820635764827351,0.1793642351725641,3.3036952893436707e-12,0.8464120403976753,0.1379938205636681,0.015594139035349907,3.3810901130014304e-06,3.6641723817623025e-16,0.10735730353601307,3.4721790342124375e-06,0.8926358431948392,4.1769583311963276e-16,4.4103110761682266e-06,2.2008943145240346e-12,0.03461400108293894,7.713808494479738e-17,0.9653815886037825
207,1.0,3.001677439953783e-18,0.9999999999983444,1.2526051726475717e-23,1.657131599958795e-12,0.9999999999996589,3.436090611453615e-13,4.294975331908967e-18,9.375275379124588e-30,1.6307289377255677e-12,0.9999999999983267,4.164884701807445e-14,2.5495404273127755e-32,1.749635727292199e-21,0.9999999999948344,2.302324696443924e-31,5.058166498980532e-12,5.518578973289155e-14,5.361835215948695e-14,3.10821428518909e-22
213,2.431981480841223e-07,0.9999997568018497,1.6770392467530196e-20,0.1574702632872311,0.8425297367127678,1.530305429591258e-19,0.9786983768594961,0.0014607286354007803,0.019840894505106434,0.0002991753545006521,1.1318719512215212e-22,0.0025520440357774924,6.209220894478393e-07,0.9971481596876297,2.1316051200317905e-23,4.3351640322927214e-06,0.8450071778809596,1.4216563167249572e-12,3.712304731246686e-08,0.15498844983053872
214,1.0667281424610632e-15,1.0,3.111653344097747e-25,0.999984332465926,1.566753407427917e-05,4.335007947343279e-24,1.3943994118854538e-05,9.719640313224975e-05,0.999888859602751,1.1013347408458391e-11,1.5996253265786135e-28,2.1915896670208656e-06,0.0004931844882479547,0.9995046239110703,1.9528903725919454e-28,0.0004194887864439649,1.254195680299758e-10,8.927162606380054e-07,8.480590808928516e-22,0.9995796183718745
215,0.5058705312367617,0.4941294687632362,1.2308816253100912e-06,5.212633714770589e-06,0.9999935564846584,2.4305718920494596e-05,0.9966421015798079,0.0033335909985887564,1.702685749962261e-09,0.07821910820586131,1.8699756087968506e-06,0.9200736922081376,2.053843435632603e-10,0.001705329405009382,4.648140171889147e-08,1.3271278411834422e-11,0.98504737172862,0.014943819283625181,4.719457006837096e-14,8.76249303441686e-06
216,0.9992153048856642,0.0007846951143358117,0.0001624017628078805,1.1320606054911427e-07,0.9998374850311321,0.00029403242952299715,0.9996991400994655,6.827445719146293e-06,2.529341477826786e-11,0.9998605063411944,2.020715179282238e-07,0.0001349124851001296,3.1244058049840258e-15,4.3791021848449675e-06,6.96153450146013e-07,5.684540237601048e-16,2.247041330100605e-05,8.306359125469497e-05,0.9998929601012082,8.097407828023506e-07
220,7.152802051206482e-18,1.0,5.108603207605909e-23,0.989649414235628,0.010350585764373248,3.8102480016401775e-21,0.022817172566246845,0.3235868733064457,0.6535959541273051,2.923825694721174e-15,3.6940645869035954e-25,6.496808620288995e-11,2.5693730677721852e-05,0.9999743062043521,9.347952253811901e-25,4.660183858966245e-05,3.955247250059781e-07,2.6748813794647875e-10,3.4767943488022613e-16,0.9999530023691943
221,0.9999859622507321,1.403774927065527e-05,0.012690211203402184,7.0195938223235415e-09,0.9873097817770012,0.021501632007375687,0.9784964226361456,1.945352082979631e-06,4.3964627091696775e-12,0.9996993069349186,0.000127373327656196,0.000170816323417212,2.7613166356829744e-17,2.503414006169228e-06,0.0007541430720569875,7.681553966514472e-17,0.0033554585164465717,0.0005141370097815415,0.9953737429158899,2.5184858274354593e-06
228,0.9999999999999574,4.154447111155933e-14,0.999997419675232,2.157790172308188e-20,2.580324766488148e-06,0.9999979591690297,2.0408309656643974e-06,3.2291355295435594e-15,4.299786365643678e-25,0.000646118760823073,0.9993538807097507,5.29422694266157e-10,2.4067643720693226e-30,2.448757607101194e-15,0.9999688135241221,1.3437148233284044e-30,4.427951656024091e-06,2.459039516906941e-10,2.6758278318377263e-05,1.2363282100700447e-16
230,1.1582787446673596e-06,0.9999988417212535,8.616889678143484e-10,0.8837589153042092,0.11624108383410187,5.871390783930922e-11,9.091721161273167e-05,0.9999089105547663,1.721749056765772e-07,1.977953564432714e-07,2.9998029003059695e-14,0.9999616295363297,2.4646057277107727e-06,3.5708062555533186e-05,2.7677473384680286e-14,5.161368964178388e-07,7.230050656283083e-18,0.9999922018877441,3.9815770812043523e-07,6.88381762060321e-06
231,0.9999999999999751,2.5307892131189745e-14,0.999999851273746,4.598415444342859e-21,1.4872625376516133e-07,0.9999999642429749,3.575701113326621e-08,1.371939524238688e-14,3.806931822860949e-27,2.109981748709958e-06,0.9999978885062201,1.5120294499081726e-09,7.319832852435751e-31,7.773012000172776e-18,0.9999995816064158,1.0467955217376171e-30,3.0906468625007186e-07,8.41151716122098e-10,1.0848774481741825e-07,2.6050027921320605e-19
232,2.471300775578394e-14,0.9999999999999787,7.804858698804125e-23,0.6048996493148245,0.3951003506851776,3.8919844339662542e-22,1.3619375081908304e-08,0.0008429920642687348,0.9991569943163551,1.5944016137127236e-11,1.10758855483532e-35,3.155609442691333e-06,3.2806294800291127e-06,0.9999935637451363,3.2429628566887007e-35,3.892409328429021e-08,5.2483727921936865e-18,1.5712961380047458e-06,6.261733221361083e-11,0.9999983897171523
234,0.999999985203722,1.479627785409625e-08,1.4753173781011467e-08,1.3775907917297545e-11,0.9999999852330532,5.2329887091498954e-08,0.99999993795816,9.71194801474404e-09,1.8582792219699912e-15,0.9999044876758282,1.1183672818371204e-09,9.549943305163694e-05,2.902133366275265e-21,1.1772752953318288e-08,1.334000201612543e-09,2.51583800847519e-21,0.9999846385421619,1.535951869384817e-05,4.378363381107627e-11,5.613616893567042e-10
237,6.365132649946219e-10,0.9999999993634887,5.207630222702848e-15,0.9766956084161794,0.023304391583812128,3.91009458944011e-14,0.0013309299299285983,0.9973283636426269,0.0013407064274035992,1.883732465165558e-09,1.4313500773819663e-16,0.9440032868858603,3.586293149118327e-05,0.055960848298912826,1.328865300172565e-16,0.00027619871677543107,9.464135613067432e-08,0.8846819550815465,3.651299569266699e-18,0.11504175156032019
239,0.9999999999999503,5.138990109027675e-14,0.999999548121866,1.6171360986616225e-20,4.518781339807495e-07,0.9999997855969286,2.1440305146462226e-07,1.9482874913822562e-14,3.213242960160205e-26,2.851667831760559e-05,0.9999714822425065,1.0791772680512827e-09,3.87104837733209e-30,8.877951473853527e-17,0.9999975007150933,4.070357561417101e-30,1.380312793946686e-06,4.91789927777443e-10,1.1184803241787065e-06,3.7964931906198624e-18
240,0.9388086868211905,0.0611913131788094,1.9711966899042993e-05,4.529883705663955e-06,0.9999757581493972,6.350192389180723e-05,0.9997382680560088,0.00019822602356499666,3.9965368289898405e-09,0.9778447341356375,2.983951574496877e-06,0.020432781977182644,2.297634235539415e-12,0.0017194999333052742,6.245848924449381e-06,2.350439349713396e-12,0.004781591692780558,0.019771408599966893,0.9749021489175628,0.0005386049384165073
241,0.999999999999627,3.7455838916031845e-13,0.9999943081230234,9.77604733368893e-19,5.6918769758897544e-06,0.9999972299057978,2.7700939784217647e-06,2.239247307409793e-13,5.9582193625851945e-24,0.0012827761273809912,0.9987172072165424,1.6656069192659592e-08,5.032334149579002e-28,7.338195754669436e-15,0.9999247053151721,1.995349715247233e-28,2.8465255708810997e-06,4.914962265344094e-09,7.244324429431379e-05,2.0682684975348508e-16
242,0.9999999999838636,1.6138963548862462e-11,0.999995882765023,2.5580585662690468e-17,4.117234976968655e-06,0.9999993282998769,6.716680888119732e-07,3.203323342046017e-11,1.002630658399532e-23,1.1733197741479325e-05,0.9999871995937045,1.0672085516835051e-06,1.1879306078737148e-25,1.7743801061421213e-15,0.999959609052277,2.6485611507689287e-25,3.940781490909191e-05,5.368960191539105e-07,4.4623679543673985e-07,1.2089474444228474e-16
243,6.08092467776757e-19,1.0,3.986180433118532e-35,0.9999999993647037,6.353034502381727e-10,1.5555949401463442e-34,6.534171953553742e-16,0.9999703733585259,2.9626641467668006e-05,3.73816667926548e-28,1.7105049359364314e-38,0.0001972907256121818,0.9998026215723532,8.770203281024607e-08,1.4418628681324201e-39,0.9999885917225732,7.95575174065414e-34,1.1392046781257865e-05,3.0096995755212845e-37,1.623065226609312e-08
244,4.953309061561513e-06,0.9999950466909376,7.010809831009716e-12,1.668346320350527e-05,0.9999833165297825,3.286727089458226e-11,1.3837613624115519e-09,0.9999999983669525,2.1642215150142641e-10,1.7698953257254072e-13,1.485123648295751e-14,0.9999998270579845,4.446023835534472e-13,1.7294137979351247e-07,6.105240772775217e-15,3.15946782589577e-13,1.041523538213843e-12,0.9999999622873268,5.458258615805416e-23,3.7711307021143466e-08
245,0.3360963139348918,0.6639036860651082,1.0511169857248322e-06,2.3286069424383902e-05,0.9999756628135897,3.2093638019988085e-05,0.9149112079166112,0.0850566832726575,1.5172713551421894e-08,0.0007272049973286028,4.566937275961294e-08,0.9992296017666578,3.935590843888942e-11,4.314752728218612e-05,7.05640642815257e-08,2.060400413000191e-10,5.941018075695021e-10,0.9999905642130802,1.712664477140508e-13,9.364422540949248e-06
246,0.9999999998679812,1.3201555873042063e-10,0.9999242495208431,1.1570863791506259e-15,7.575047915735356e-05,0.9999883400473984,1.1659432120088836e-05,5.204807064143366e-10,1.3283162402442094e-21,0.00014739563715666272,0.9998408183192375,1.1786043469704773e-05,1.9892132952375286e-23,1.345030336100902e-13,0.9997218476960109,2.30728361804861e-23,0.00026907704387325946,7.94952848534245e-06,1.125731627864308e-06,3.785534266954324e-15
247,0.0008716064231030498,0.9991283935768953,1.3320708537636308e-07,0.024018918467239414,0.9759809483256748,8.869652959053271e-07,0.0970443180850435,0.9029516514185049,3.143531156943347e-06,7.40007945058707e-05,1.1956461542181446e-09,0.9997652884355256,1.5156824657935786e-06,0.00015919389185857597,1.4050010639587373e-09,5.527301876055321e-06,1.083869950642878e-11,0.9999401983900003,1.0202952751111439e-14,5.427289227531508e-05
250,0.99999999953641,4.635890715921104e-10,0.9987391518116359,1.9364694777102204e-14,0.001260848188343815,0.9996379054962169,0.0003620903850254539,4.118756758539e-09,2.6543770086346703e-20,0.0037500587900506695,0.9962164598682358,3.3481326841285577e-05,8.929966757376335e-23,1.4873617453872047e-11,0.9984740892515427,2.3704290801066506e-22,0.0013979626595000429,2.835221558332052e-05,9.959587235882778e-05,1.013887261026591e-12
251,0.997900436478575,0.0020995635214261037,0.011595988537227096,6.746232267066047e-06,0.9883972652305081,0.14185189777486748,0.481114331689905,0.3770337704906141,4.461221254905302e-11,0.0016386911274968315,5.937643200230883e-05,0.9983012185666155,4.958887987507395e-13,7.138733902312462e-07,0.00016434074483920893,2.941860435049267e-13,0.0006897421199228585,0.9990548625019156,9.095868932642586e-05,9.594370076168605e-08
253,0.999933827396775,6.617260322213823e-05,0.0003326833071078623,5.502703566985001e-09,0.9996673111901888,0.00044755886963746244,0.999552414028086,2.6969383929774915e-08,1.328905750503897e-10,0.9999794380682007,1.078054850069833e-06,2.2002875967039037e-06,1.7445264895644544e-17,1.728358934945542e-05,8.488020947145993e-06,6.821453634494321e-18,0.0009337568939520136,6.458740887522995e-06,0.9990453359223722,5.9604218426934514e-06
257,2.1939544550906645e-23,1.0,4.1483898712864624e-35,0.9999999999996092,3.8809307463766937e-13,1.485725074833319e-32,2.3368696392189173e-14,0.9935546942091544,0.006445305790819442,3.1428193059145987e-26,6.407061617858375e-41,1.992093590349366e-08,0.9999999799506656,1.283950671175055e-10,2.883920934176181e-42,0.9999999999466311,8.768932568709524e-32,2.4397158932548037e-17,3.1556406761991275e-36,5.336604345322065e-11
258,1.0,8.90210818995127e-16,0.9999999874456034,2.971334163581883e-23,1.2554395744423394e-08,0.9999999946811364,5.318864123767161e-09,1.5747266109398337e-16,4.635955379230541e-29,2.7078070587456314e-06,0.9999972921736011,1.9339528076694225e-11,2.9423972436989458e-33,2.6069730579710797e-19,0.9999998181984436,1.9221092774677432e-33,4.997699048513364e-08,9.762921362770223e-12,1.3181480243775421e-07,9.830853416563211e-21
260,0.9999999994183497,5.816506516226258e-10,0.9970645102680612,2.492324367272957e-14,0.0029354897319129694,0.998968792421854,0.0010312068759888986,7.021553475746429e-10,1.4877810978807394e-19,0.03954770913949526,0.9604126607950804,3.962975184967473e-05,1.1720992450416875e-22,3.13576167373553e-10,0.9945221636594186,1.9400097122978872e-22,0.003951711919288412,1.963902388111204e-05,0.0015064853787177099,1.8694010610794604e-11
261,0.9999896569279233,1.0343072074214282e-05,0.595699201445913,3.32035322518987e-08,0.4043007653505546,0.9785722819107031,0.02020673494891201,0.001220983140331407,5.5881382149142625e-14,0.006292404253880763,0.0575878134175792,0.9361197147754594,6.359981386073049e-15,6.755307645306407e-08,0.08339484286970146,4.572302154917832e-15,0.03185498734449068,0.8847083922292953,4.1772170545411383e-05,5.385960420822349e-09
262,0.9999999985295958,1.4704037018407614e-09,0.996213347017374,1.7367834555322468e-13,0.003786652982449906,0.999177755622199,0.0008222348082813526,9.569518323721051e-09,4.1700759709012646e-19,0.11377170025944772,0.8859897054017889,0.00023859407790832694,4.123322151784384e-21,2.608570061132669e-10,0.9786621691429224,7.901941903563789e-21,0.005213574504948033,0.00010153904118650183,0.016022717300903492,1.0040346573822543e-11
264,0.9999999999998721,1.2629542925861825e-13,0.9999997754021667,3.382709967689242e-20,2.2459783280640275e-07,0.9999999389450364,6.105486041197394e-08,1.0269663773198666e-13,3.01510289528298e-26,3.4912558943546207e-06,0.9999965070564233,1.6876829558109471e-09,9.845172496267897e-30,1.94020697650135e-17,0.9999992766287514,1.6740334530135933e-29,1.8136858996641666e-07,2.00112673700676e-09,5.400015303225829e-07,2.1615248133515518e-18
267,0.9998632808858164,0.0001367191141827666,0.2778977632040659,4.217521044927315e-07,0.7221018150438273,0.9428901488962398,0.046981868095662536,0.010127983007052947,1.0439982898888092e-12,0.004517572041998257,0.004706448584502443,0.9907757901979196,3.234323499544127e-14,1.8917554508356117e-07,0.0042964473353122295,1.2071242562021884e-13,0.011279878732352937,0.9840608428915217,0.0003627931433664185,3.789732614124495e-08
270,0.9999999998366391,1.6336214475235803e-10,0.9992219733769604,3.540276035076336e-15,0.0007780266230358012,0.9998003644459826,0.00019963550691805363,4.710073201371017e-11,1.4129729806088035e-19,0.024066389016945224,0.9759217547903444,1.1856135438912353e-05,1.6307186333459368e-23,5.7270312430190566e-11,0.9888112007248555,1.2485628357547417e-23,0.010929580367938648,5.302261601683297e-06,0.00025391664220732733,3.3975525512659996e-12
273,0.00016108856356585944,0.9998389114364318,7.445343509153734e-11,0.001716107279776696,0.9982838926457697,1.2160049563429712e-10,0.9998575196424476,0.00013336012248878537,9.120113465625561e-06,0.07489421303589269,6.520872018711384e-14,0.0010284324255476337,2.887117786908793e-09,0.9240773516513753,6.487580020458588e-14,4.3653161847755245e-11,1.7996900111182597e-08,0.00014585579899365373,0.962017473148525,0.03783665301186195
275,0.9999999972899261,2.7100766311195917e-09,0.9998882341127218,5.828679743642997e-14,0.00011176588721644366,0.999991307696901,8.673453357556401e-06,1.8849741952503564e-08,4.3750600297918705e-20,0.00011066942559716198,0.9995485045585702,0.00034082601422230684,2.928143956422478e-21,1.6133737686372484e-12,0.9997902992125589,1.2189873963114365e-21,7.156589961435061e-06,0.0001994599891405851,3.0842082568750523e-06,8.220677192398344e-14
277,0.999999999959666,4.033533245317424e-11,0.9998605977179419,5.484861878893627e-16,0.00013940228205906141,0.9999561760136939,4.3823842641966766e-05,1.4366379607828284e-10,1.1104255466402651e-21,0.0033890873367486665,0.9966092317795388,1.680882602019735e-06,7.167239523968389e-25,1.111769029788511e-12,0.9995036947107013,6.722853631421262e-25,9.801014229110756e-05,1.2130913044242643e-06,0.0003970820556315793,7.195173894935924e-14
279,3.7824336161815755e-13,0.9999999999996234,1.0370184879652243e-21,0.9997213268892711,0.00027867311073106435,5.7244298728647956e-21,0.00011322363801245246,3.8359070160120514e-05,0.9998484172918253,3.1160356227471436e-09,1.1128703104111638e-25,1.4245468866861739e-06,0.0005525158800919179,0.9994460564569843,1.2701048190479311e-24,0.0038932912370303876,3.499260747326994e-06,1.1923179266190602e-06,1.727825999788325e-19,0.9961020171842966
280,0.9999999999989875,1.0115661974671216e-12,0.9999903626106164,2.327311454896936e-18,9.637389383673343e-06,0.9999967036470148,3.296352326010953e-06,6.610334012501628e-13,8.74288985613074e-24,0.00023457559207496872,0.9997653988654216,2.554248880458129e-08,1.5391664299402144e-27,1.50857978315528e-14,0.9999533264893131,1.0368432341636871e-27,4.3580737088861416e-05,1.2387551446902336e-08,3.0803860464877404e-06,7.795867607931943e-16
282,0.9995718577249264,0.0004281422750718132,0.000667545328747177,1.698372874480751e-07,0.9993322848339681,0.0007410781009460037,0.9992567428003717,2.1789782392459485e-06,1.2044273009184916e-10,0.999883296619837,6.6197307174027886e-06,7.307561182405404e-05,1.3019320431665783e-15,3.700803761732594e-05,2.6168023053365543e-05,3.940298732318901e-15,0.0018450350933726424,0.0002375202149433736,0.9978604374852404,3.0839183385987366e-05
283,0.9997670175895362,0.00023298241046503922,5.6515838465840226e-05,7.1829725668855175e-09,0.9999434769785593,4.247290308356299e-05,0.999957522301264,4.686424979949209e-09,1.0922503234738363e-10,0.9999592721312353,9.804758871052837e-08,4.6883580880024173e-07,1.5861391990113655e-17,4.016098536995297e-05,1.0055130258083336e-06,2.968957437366481e-17,0.011865069912656335,1.9594238772073574e-06,0.9880978938265644,3.4071323876151395e-05
287,0.9999999999389786,6.102080163710713e-11,0.9993998336914803,7.498077142206298e-16,0.0006001663085181654,0.9995480384671609,0.00045196152135894074,1.1479955120781852e-11,3.265544392965296e-20,0.09822661466006041,0.9017729653722512,4.1992352249169594e-07,1.1222269517798976e-24,4.416418548620356e-11,0.9966659697133632,5.078762272401302e-25,0.001907235682595782,2.2622632026173482e-07,0.0014265683766763423,1.0459932539568735e-12
290,8.649037630594541e-19,1.0,3.064192433230732e-28,0.9999999997181348,2.8186445667228824e-10,1.1584406761473582e-26,3.488110664591844e-12,0.9990945895510758,0.0009054104454376425,8.973036800670724e-21,6.757533945937149e-33,1.2821331489808967e-05,0.9999871723535859,6.314922082939588e-09,2.4864564913574673e-33,0.9999949956708055,1.7154897993427652e-26,5.000562333676532e-06,8.044815065783454e-39,3.766858436486921e-09
294,0.9998053211929601,0.00019467880704099932,0.09670230394896429,3.51699131996437e-07,0.903297344351903,0.5220787534719236,0.1368153136210093,0.3411059329067598,3.039527818843772e-13,6.656207769848353e-05,0.0006243335991587859,0.9993090945036406,2.525480831044832e-14,9.819476385992611e-09,0.0010181707609813518,4.980328200454129e-14,0.0007295471519238258,0.998252281726457,8.3062784469080445e-22,3.6058696064077546e-10
295,0.999998845603008,1.1543969913719206e-06,0.03090874143752643,3.7876818865991083e-10,0.9690912581837073,0.0750312404345892,0.9249677497520423,1.009813256804144e-06,1.1127285940122736e-13,0.9998049633432493,0.0001326863208012734,6.214625214369065e-05,1.7942916578103892e-18,2.0408380619440386e-07,0.0023061146290569955,3.1505047660490014e-18,0.005769514556393751,0.00023931320805356106,0.9916850054852968,5.2121199524851467e-08
296,0.9999999999444569,5.5542157626015626e-11,0.9996327109970118,1.841628102734799e-15,0.00036728900298600015,0.9997773637744843,0.000222636186804433,3.8712941575599884e-11,4.0380055808348223e-20,0.17171173822329713,0.8282866498920924,1.6118669100557864e-06,3.356068365142086e-23,1.7699134422513755e-11,0.9949679072987502,8.213670095960576e-24,0.00036028837565381746,5.296252603425704e-07,0.004671274699669039,6.651293718367263e-13
299,0.9999999994058371,5.94164204860854e-10,0.9998460747031291,7.543252313182707e-15,0.00015392529686319677,0.999977087100367,2.2910511087605308e-05,2.3885449862364757e-09,7.732286492189059e-21,0.0007317344940173418,0.999231621693027,3.664380713198239e-05,1.5004324264945869e-22,5.823004340662591e-12,0.99998210761408,1.0683312012029033e-22,1.6420276851639429e-06,1.6250355517564307e-05,2.4109138577824287e-12,3.051397771550679e-13
303,0.9999994661389526,5.338610450343869e-07,0.791441799429079,4.3856546014107277e-10,0.2085582001323532,0.9826978646519836,0.01728386448297248,1.82708650416423e-05,3.620599009685497e-16,0.10043785050150777,0.43341335676169707,0.4661487137061974,9.482623400029662e-17,7.903060019857166e-08,0.6475156253337241,7.960557805298255e-17,0.09665150602507319,0.25385658804406347,0.0019762763002909123,4.296844751982623e-09
305,0.1665678272161256,0.8334321727838755,2.7644787820597958e-05,0.0001780742552527035,0.9997942809569238,4.3956023679994364e-05,0.024189516252558524,0.9757665248010352,2.922729757616473e-09,1.0502293706126232e-05,2.4483657517738625e-07,0.9999881086996356,3.3829180031435984e-10,1.1438317927240983e-06,1.6669339490704642e-07,5.909154123896356e-10,0.0001253585002420052,0.9998743468371266,1.7308262650311773e-22,1.2737831907989298e-07
306,0.9999876644821892,1.2335517807228669e-05,4.541146037189006e-05,3.531216303200859e-10,0.9999545881865055,2.9550312871494954e-05,0.9999704494240743,2.483472574994878e-10,1.4707200761579926e-11,0.999997488174827,2.688803940568179e-08,1.5215845176931626e-08,2.4306079190149116e-19,2.4697212893762286e-06,1.1811466694598512e-06,3.8799517337392884e-19,0.9503621960481914,5.963181893689191e-08,0.04963553620758668,1.026965732076624e-06
308,0.9999999986931414,1.3068595707264798e-09,0.9988930112744633,1.6625773705376476e-13,0.0011069887253700548,0.9998447527243718,0.00015523877421772477,8.501410224712684e-09,4.0956906643217035e-19,0.010035927292317484,0.989795860217919,0.000168212458511289,3.0758980078355763e-21,3.1254870013218316e-11,0.9923895865017671,1.2036901073092549e-20,0.00717195038274025,8.647378867988287e-05,0.0003519893245865954,2.229213350601778e-12
309,0.9999999999040483,9.595285040825435e-11,0.990822233815741,9.705169386571553e-15,0.009177766184249612,0.987367241598526,0.012632758386042995,1.5432229369751714e-11,7.222506647147825e-18,0.9638479105172467,0.03615200510467633,8.399733837640405e-08,1.429253357021592e-24,3.807370466374738e-10,0.3070985547133592,8.331646157607363e-25,0.0005281324882562084,1.2349166415134235e-07,0.6923731892321283,7.459109069681079e-11
311,0.9327840247581985,0.06721597524179922,0.00012980120396870488,9.535837654759496e-06,0.9998606629583747,0.0003962693889256272,0.9991180564461262,0.000485669246774769,4.918173878399486e-09,0.971316466307664,1.356562381566202e-06,0.026216796447068313,1.509855421472852e-12,0.0024653806813788436,1.5093153207397386e-07,8.72389429828274e-15,1.1615529912331251e-07,0.000905216639563425,0.9990691341362936,2.5382137301429383e-05
313,0.9999998390092545,1.609907477780276e-07,0.9664635440381182,8.951380068438718e-11,0.03353645587236942,0.9926022589061464,0.007393547235970021,4.193857880104995e-06,8.501523495312028e-17,0.41684475200225496,0.5510208320478014,0.03213438920378709,1.674503646061218e-17,2.6746160200628467e-08,0.8616839727427571,3.6906348514525936e-18,0.0002227543765493941,0.02339830911466183,0.11469496029262218,3.47340874740357e-09
319,0.014711592753868036,0.9852884072461325,4.8344621978241086e-09,6.278700269933477e-05,0.9999372081628376,2.3165124408798445e-08,0.9999581586262354,3.8190441565152205e-05,3.62776707778595e-06,0.3603755518646372,1.3619683529815332e-10,0.006413925164120639,2.7938002256010653e-10,0.6332105225556639,3.7277581327118973e-10,2.2616942868194288e-10,0.005016989401650222,0.01585184666307146,0.18284642761077252,0.7962847357255632
323,0.9909958934499226,0.009004106550080025,1.8851325412837974e-20,1.9073030395192242e-07,0.9999998092696996,4.2127420067029864e-20,0.9999996235258093,3.764741843655198e-07,8.378571085559698e-19,1.5844260828991417e-13,7.309391054847358e-10,3.9198621494921903e-16,9.964654657487331e-12,0.9999999992589323,5.93292254690183e-24,8.354822814244399e-17,1.0,1.4248160918215366e-30,2.0121695333620667e-38,5.22134910954699e-16
324,0.9999999999993499,6.519026609021745e-13,0.9999932440746898,1.7854886339919822e-18,6.755925311090243e-06,0.9999926291439474,7.37085593410306e-06,1.1773563482965663e-13,7.390994188521562e-23,0.005650050921485672,0.994349944838874,4.239596291786794e-09,1.709605791058071e-27,4.2953531159540666e-14,0.999814018186824,3.6185306568799995e-28,2.07688337142709e-05,1.6073787459142639e-09,0.00016521137208135432,1.1762339744857616e-15
325,0.9275750102093703,0.07242498979062927,1.0793443078132005e-08,1.214681293259981e-07,0.9999998677384258,6.693597035809895e-09,0.999999965573125,4.1073235861157197e-10,2.7322543386820752e-08,0.997184753677889,2.8896703222404713e-12,5.349734494709196e-08,3.173911358535714e-16,0.002815192821875356,5.400648299227289e-11,8.575973925936173e-17,0.000762650561986046,1.2939492529990667e-07,0.997100428975989,0.002136791013095661
326,0.9999999999665761,3.342314238605604e-11,0.9986084257740185,1.0738600121207199e-15,0.0013915742259787334,0.9984007685300245,0.0015992314659854802,3.988364240687475e-12,7.001937079139485e-19,0.7125435228796291,0.2874564207495426,5.6278932756288477e-08,2.188098380518606e-24,9.189364741306181e-11,0.7121698269944124,4.349225199134722e-25,0.00015936888205287696,3.837395815628319e-08,0.287670765743672,5.905664621201899e-12
328,0.9999999990753459,9.246539605879873e-10,0.9367187329957688,4.4260635012086776e-13,0.063281267003792,0.9418013382919499,0.058198661191780014,5.162698848419131e-10,2.677995703261885e-16,0.9950534289843334,0.004945900051483063,6.697201911201142e-07,6.572897835737572e-23,1.2439953222204326e-09,0.4402554037158533,2.912755690447133e-22,0.043309729575301874,7.871035726092813e-06,0.5164269943953466,1.2777718260983536e-09
329,0.9999999980334806,1.966520620706403e-09,0.9638693160453968,5.153853732731182e-13,0.036130683954085224,0.9663340147052077,0.03366598501954625,2.752445040511017e-10,3.6723391755245204e-16,0.9628303967572936,0.03716884569608476,7.546168494193309e-07,6.780451970086617e-22,2.929772835470013e-09,0.47465581051327016,3.0476310082754615e-21,0.38453102917877824,2.7981043155894774e-06,0.14081036083920434,1.36442954306239e-09
330,1.3077592282696939e-32,1.0,7.191016250601034e-51,1.0,1.276101688770594e-17,2.1445381872120305e-50,3.8652636992130305e-20,4.662068581113427e-11,0.9999999999533813,4.969525818684984e-33,1.8918817878787857e-57,1.2247263372839797e-16,0.9999999905174235,9.482577397196637e-09,1.2130630800640736e-57,0.999999979198144,9.41219919528533e-26,1.3620874256599678e-17,1.8666661748635958e-61,2.0801853641019383e-08
332,0.6512056186299967,0.3487943813700002,7.365598786595748e-09,1.8089971337844563e-06,0.999998183637268,7.433556006355288e-09,0.9999998775202106,3.251955855637379e-08,8.252667216605193e-08,0.9949164162904109,2.9952998327397365e-11,3.753950669842809e-06,9.924497927324788e-14,0.005079829728865165,5.022363065380719e-11,2.392603305412541e-14,0.999358210137102,3.184543577438617e-07,0.00046189795799463855,0.00017957340030062355
333,0.9998750990293501,0.0001249009706463551,0.004924315085301929,8.348954165368486e-08,0.9950756014251543,0.01606627120641929,0.9839094337915562,2.429491983791848e-05,8.218702220006066e-11,0.9996399667518631,2.2556905961215168e-05,0.00033334590624335583,6.5359389323212394e-15,4.1304359285629e-06,0.000278428579452488,4.5368358559882665e-15,0.018890410131653913,0.0008886161957219653,0.979941173725371,1.3713677992835888e-06
334,0.9999971836276,2.8163724000821432e-06,0.2843715650365009,6.2222978467912415e-09,0.7156284287411999,0.5093636019991852,0.49062982999769406,6.568002706705203e-06,4.1273479377280284e-13,0.998693715300888,0.0009979044411721723,0.0003078125343700651,1.993093472677531e-17,5.67723572787113e-07,0.0002817765355762854,7.661101378652438e-19,4.3142462079908944e-06,3.71489333365281e-05,0.9996767502132392,1.0071638657647778e-08
335,0.999993608551347,6.391448650236937e-06,0.00018943053764025307,4.6166679405231516e-10,0.9998105690006954,0.00014307517123255396,0.9998569244591136,3.6848486520180153e-10,1.1702334041654306e-12,0.9999908031557181,3.00249861673265e-07,2.0298135529378912e-07,6.270186402592983e-20,8.693613066501295e-06,2.8164243175378226e-06,1.9498193655309026e-19,0.015737946613133373,3.6992830592585584e-07,0.9842512720220424,7.595012198340719e-06
339,0.9999999724364418,2.7563556596234845e-08,0.40102562256465196,6.784469652215906e-11,0.5989743773675057,0.6570430324502,0.342956877122774,9.042702040029949e-08,9.090556019265627e-15,0.9990631102618995,0.0009321974525386966,4.680558871555862e-06,3.988836423103865e-20,1.1726690038070955e-08,0.025965587910596166,9.634313403930223e-20,0.103455860902152,2.0764867343252182e-05,0.8705577824797543,3.840152650611148e-09
340,0.0014034735558218375,0.998596526444175,3.955590069207289e-10,0.0001813485861548721,0.9998186510182848,1.0098118764543937e-09,0.9999629404614118,2.2685434879716782e-05,1.437309389746862e-05,0.12297858290453761,3.807266992310427e-20,0.000202542654978435,2.6391050489220906e-10,0.876818874176573,3.171228428892239e-19,4.48378933599514e-10,0.011094620416885522,0.0005281345953538207,0.05967656638878819,0.928700678150596
341,7.092373375858371e-22,1.0,2.7437709416892617e-35,0.9999999972730365,2.7269639879833573e-09,1.1437142520133526e-35,8.041592908743877e-11,1.0656095252181634e-09,0.9999999988539727,3.53065104276065e-16,8.633744938824798e-40,4.351229859416795e-12,0.0779922682699698,0.9220077317256782,2.7871353164250188e-39,0.015159347413269094,1.1912669520551138e-16,2.8639595022554024e-12,2.413922647737821e-25,0.9848406525838661
343,1.346465340022208e-23,1.0,4.281300462972214e-42,0.9999999999995879,4.0693854816632804e-13,2.5814639312699935e-40,1.8053320305835458e-14,0.9997523428566065,0.0002476571433820187,2.7946788114328275e-26,2.3949819327001745e-47,1.7751735319425277e-08,0.9999999821005617,1.4770361322503278e-10,3.0706166058105565e-48,0.9999999922978091,5.868726572466709e-31,7.511624412722255e-09,3.4183750223258665e-58,1.9056607821951961e-10
345,1.0,7.172412222874372e-16,0.9999999670635132,2.6194107846457855e-23,3.2936486570049104e-08,0.9999999787890703,2.121093019209257e-08,1.369932942266651e-16,4.4798835881843143e-29,6.893019239319411e-06,0.9999931069689438,1.1816383171241465e-11,6.902129177602517e-34,6.665966035698475e-19,0.9999993563245007,5.573921837337399e-34,7.357713338025166e-08,7.990485359880419e-12,5.70090375479659e-07,1.704999309989868e-20
346,0.9999999429477259,5.705227312292426e-08,0.4432761045463152,1.0229983625097313e-10,0.5567238953513839,0.38154133282729363,0.6184586486731234,1.8499544953982673e-08,3.978285436336484e-14,0.999964129673069,3.569080512909036e-05,1.644521444341986e-07,1.4135018103648125e-20,1.506965778816457e-08,0.00015776031000020935,6.582377514587479e-22,5.678861659545696e-06,1.2374187319935777e-07,0.9998364359036199,1.1828473613050213e-09
347,0.9997157662828137,0.00028423371718646777,2.070220242654787e-06,2.5927973010160577e-09,0.999997927186963,1.5027098995822202e-06,0.9999984969699864,2.646807117980516e-10,5.543388844922218e-11,0.9997495778538611,2.6176126646517485e-07,2.207074489102774e-06,2.2491296784343333e-18,0.0002479533103802735,5.958396044497509e-09,3.4170079735014304e-20,0.9999991980975782,1.5878167378417914e-08,6.713920174226529e-14,7.800657945589947e-07
348,0.9999999999998543,1.453648431420836e-13,0.9999993064234463,1.1599181851298628e-19,6.935765532095635e-07,0.9999998875218231,1.1247754344075267e-07,6.320646074786568e-13,3.000419789520893e-26,1.9111366427400318e-05,0.9999808685840148,2.0049558992468166e-08,1.8384197636061313e-28,4.167728356414996e-17,0.9999984590859304,2.2573298281155267e-28,8.031887635611412e-07,8.137702824550128e-09,7.295876020621499e-07,1.0246661584168108e-18
349,0.9999998217159333,1.7828406653355215e-07,0.6531802159571138,3.940087661346767e-10,0.34681978364887855,0.802404767513316,0.19759466454575436,5.679409184222315e-07,7.902760570230035e-15,0.9804250808264152,0.01928795892384581,0.0002869207646205761,5.229863965003552e-18,3.948511669050993e-08,0.040909397341022204,2.7288190102031513e-18,0.0014415968242064213,0.00030022307556776707,0.957348774159372,8.59983356591046e-09
353,0.9999687212135525,3.127878644877139e-05,0.1829767438081976,8.71768440657315e-08,0.8170231690149568,0.8074100927364741,0.1885373232731021,0.004052583990055301,3.7125140625401793e-13,0.060221900609022896,0.006524563673289604,0.9332528668070972,7.949572455508666e-15,6.689105808535398e-07,0.012578732078811224,3.894631474232804e-15,0.0006082577484041357,0.9390006763719612,0.04781223984190075,9.395892197088066e-08
356,0.9994100907984107,0.0005899092015919668,4.3983241335523894e-05,9.764992154752588e-09,0.9999560069936747,3.891357385606715e-05,0.9999610763246317,9.815339773948524e-09,2.861752756968962e-10,0.9997080438659066,1.4229260218187772e-14,5.346549578079271e-06,1.984620264864836e-17,0.0002866095844991084,6.78707514855564e-14,1.4918021254993116e-17,0.0023357745374918337,1.5785746402538635e-05,0.9973422474351197,0.0003061922809172449
357,0.9999999954592838,4.540714376722113e-09,0.9577042207538572,1.2226031885727532e-12,0.042295779244921464,0.9539002591295769,0.046099738915024606,1.955399086522992e-09,7.017078005155147e-17,0.9999990064689219,1.3552137450606583e-10,9.884796353129379e-07,1.9452206627765397e-22,4.915919861101896e-09,8.00292142354655e-12,1.014214768633065e-24,1.1575342974252537e-08,3.2568105434039695e-08,0.9999999558171889,3.1361070384989715e-11
360,0.9999997677734299,2.3222656680922655e-07,0.799459639422066,2.361795275394516e-10,0.20054036034175624,0.9194586116682283,0.08054074459691028,6.43734860679174e-07,2.0083639769142438e-15,0.996552003071481,0.003148019348469699,0.00029993651449141247,3.8402917954251063e-19,4.106555853882028e-08,9.094541063553609e-05,1.4767797662028226e-21,7.917057891666688e-18,3.123116880525193e-06,0.9999059313850249,8.745732920956725e-11
361,0.9999999996234727,3.765278496816264e-10,0.9541003738628127,1.0851512156355881e-13,0.045899626137080325,0.8973692113474884,0.10263078863925351,1.3257888776561168e-11,2.5590050066394206e-16,0.9985756311441225,0.0014243614860734736,5.114079838143867e-09,2.922010628192028e-24,2.255723889979079e-09,0.005738814753050409,5.061469567055202e-25,6.193187506957503e-05,6.0648339638246084e-09,0.9941992469575393,3.495065662885329e-10
369,0.9999181185052676,8.188149473013969e-05,0.3684286185321541,1.6530861389209717e-06,0.6315697283817105,0.7079882686684236,0.027276950948639054,0.2647347803826774,2.600920008620374e-13,0.0019023371398609568,0.003238473588827726,0.9948591808207314,9.483783609415256e-13,8.449629684336229e-09,0.003967402034316222,3.8882217611061574e-12,0.0015489939529998744,0.9941198959598653,0.0003637069758547427,1.073072300095533e-09
370,2.514249356351578e-13,0.9999999999997513,5.7246716085861896e-30,0.9968774147978599,0.0031225852021388605,3.7829052203029316e-31,5.985300518874588e-05,8.279536174902225e-09,0.9999401387152783,1.9912430361878016e-08,1.391028963786209e-35,4.1652985913512777e-10,2.7925346710308877e-07,0.9999997004175705,7.211403292084299e-35,4.5297203345087146e-08,1.2440234997285683e-08,3.892100848947628e-10,1.1756247262118044e-10,0.9999999417557904
371,0.9999999907235804,9.276423098176403e-09,0.9901201354015773,1.3534822266352247e-12,0.009879864597068928,0.9978759837438025,0.0021239927411485365,2.3515046443649815e-08,4.23551569989696e-17,0.07216448246666307,0.9274697222929837,0.00036579362761918015,1.3438061746903573e-19,1.6127356859703716e-09,0.9993838050423962,3.409847606898206e-20,0.0004090578567510316,0.0002071364407559119,5.636449966980355e-10,9.645038440594004e-11
372,0.9999999999863434,1.3656984804899635e-11,0.9999921656417432,5.082558507030403e-17,7.834358258497306e-06,0.9999987278209438,1.2719065058145004e-06,2.725500912530299e-10,1.9292202407734322e-23,1.412115862274711e-05,0.9999842472476219,1.6315937526493172e-06,2.556382981274898e-25,4.0070612416172436e-15,0.9999817127715942,3.1497853982849067e-25,1.697377048545384e-05,1.313457915812889e-06,2.968373688468478e-15,1.3877496605908174e-16
373,1.6993259717811886e-17,1.0,6.193546162664359e-37,0.9999122433885723,8.775661142484991e-05,3.047732390924627e-39,3.81511889878934e-07,1.158807710713165e-13,0.9999996184879922,5.0381346023279405e-14,1.9790200313321582e-44,2.994001501075362e-15,2.137852210999066e-10,0.9999999997861622,6.142102884451296e-45,6.083109316100184e-11,1.860924633972742e-12,5.802466555756964e-16,2.503379377115296e-33,0.9999999999373088
374,6.841429821043269e-05,0.9999315857017881,1.3535079017940527e-13,0.0005862176970554081,0.9994137823028059,9.027706058813794e-14,0.9981783664931457,4.975519116433078e-09,0.0018216285312477305,0.06941719907773182,1.8662806814786097e-17,4.8688291225316557e-08,7.358112211866717e-11,0.9305827521603949,5.3044961352618356e-17,1.386893505225699e-10,0.03459674249074327,2.13714628386384e-16,0.002034979215376021,0.9633682781551947
375,0.00015108049181524844,0.9998489195081856,3.1415647790321216e-06,0.2261547637584679,0.773842094676752,3.784702627341715e-10,2.827773123609834e-07,0.9999997168427132,1.5034436774072707e-12,1.0283412406091349e-10,2.6187373683055545e-12,0.9999999947418132,2.8027850796670135e-09,2.3499492232241283e-09,1.4652746706361545e-12,9.274344883818897e-10,3.390987111012204e-11,0.9999999987616306,9.963936261902118e-27,2.7556211356638923e-10
377,1.8125159835248085e-25,1.0,5.625369982182287e-35,1.310407310043282e-09,0.9999999986895887,4.422588225470365e-37,1.0953628125524382e-09,1.2730296192445314e-21,0.9999999989046415,1.314656237241969e-24,3.0957396188361243e-44,2.1835219729358506e-31,2.537747731445758e-24,1.0,4.0260069818453776e-44,3.8188849844331727e-25,8.285573847471546e-16,9.460243368121452e-32,8.383452732783578e-51,1.0
379,0.972581294640549,0.027418705359448448,4.334224139746528e-05,8.52106921123855e-06,0.9999481366893946,9.65024780863753e-05,0.9998010003678679,0.00010247946292571888,1.7691122924168292e-08,0.9970115431447715,3.0959140859564816e-07,0.0017166018018408727,2.2102132570639152e-12,0.001271545459765629,2.884631162465281e-07,5.238639713492185e-14,1.4707337686613346e-06,0.00047206199419023894,0.9994264247601713,9.975404870053866e-05
382,0.9999999999963052,3.696654300943093e-12,0.9999941991686959,5.1942934330692485e-18,5.8008313034308596e-06,0.9999983219993364,1.6779958989232869e-06,4.766118939256319e-12,4.660298723838963e-24,9.150537074510547e-05,0.9999083322394545,1.6238979411495363e-07,6.392811491663252e-27,5.430670714830411e-15,0.999944795253506,1.1899878610948333e-26,1.7623403686593249e-06,1.2220800068349927e-07,5.332019812607655e-05,2.2527371535372487e-16
385,2.3898198539494345e-09,0.9999999976101819,8.479768074788346e-14,0.9980672996448853,0.001932700355028852,9.291415708755859e-15,9.118091785396917e-07,0.9999984160256726,6.721651374792364e-07,1.6880413385384875e-09,6.669997977063564e-17,0.9991467536256524,0.0007899009210261558,6.33437652817989e-05,1.2899110581227452e-16,0.0001353700493298801,3.952607997514524e-12,0.9998461463524146,2.0286519654410976e-16,1.8483594305975918e-05
388,3.9773663587087594e-06,0.9999960226336398,2.2167618307000495e-10,0.25508166569198115,0.7449183340863398,7.684486234932299e-10,0.07235926792242839,0.9275321369640633,0.0001085943450589267,1.2638744376409648e-05,9.673022125752738e-13,0.9818319200204902,1.117936484049571e-06,0.018154323297680783,9.377554736125316e-13,5.427029043412298e-06,6.281130989241103e-11,0.9869536629679263,7.537773022949105e-08,0.013040834561553222
389,3.0469049229346435e-06,0.9999969530950799,9.36125928385052e-09,0.6286327083531658,0.37136728228557814,2.4649797466476707e-10,0.00017376124548092916,0.999826198375589,4.013243539267118e-08,8.451143546621759e-08,2.4173272091507507e-12,0.9997326341949093,4.220739994677718e-07,0.0002668592172380656,1.0998653890503285e-12,1.449184104572437e-06,1.4418584414429767e-08,0.9998829491134208,7.494942593423179e-16,0.0001155872827900447
391,0.003596828163866923,0.9964031718361357,5.8624705711393325e-08,0.0017492787216635633,0.9982506626536298,8.831619679382279e-07,0.8885192589524075,0.11147640285751974,3.455028106287618e-06,0.000483145964348814,3.3638858881889908e-09,0.9966578555822303,4.511717706572474e-09,0.0028589905778203016,2.872740066508946e-09,6.603070550080306e-08,0.29050871296393144,0.7064261730507071,7.085476181508446e-07,0.003064336534297664
394,9.533133024992869e-14,0.9999999999999005,9.040431909761167e-19,0.9999998810764694,1.1892352932117464e-07,2.671005442637113e-22,2.9908596104372154e-15,0.9999999999980034,1.9942283170030645e-12,1.6845954683724854e-20,6.180082844449939e-23,0.9967534590937329,0.0032465408978335775,8.430755996770418e-12,1.1897531151514973e-23,0.07435174574622838,4.205737200470043e-24,0.925648254251893,1.1679194356871681e-37,1.875732986811224e-12
395,0.9999999458273564,5.417264006065599e-08,0.9868916448548686,1.2343373773574323e-11,0.01310835513279122,0.9981481473356002,0.0018479779949137677,3.874669485582331e-06,4.239086165259413e-18,0.11938377484777424,0.8295937129376392,0.05102250754776623,5.310116995875135e-18,4.666818917718911e-09,0.8120886058851826,1.353542516734811e-18,5.020258099767498e-05,0.027988323307635253,0.1598728679925755,2.3360718756609526e-10
401,0.9999999926420493,7.357951710218989e-09,0.8764702639380543,3.425272043646463e-12,0.12352973605852335,0.9518959063515511,0.048104077473036834,1.617541401731338e-08,7.777635360962932e-17,0.9699395063631522,0.029978717377893573,8.176661503620094e-05,5.381740188862601e-21,9.643916705127959e-09,0.25889710896574747,1.7468947108627222e-20,0.013891060504852774,0.00023349744275739899,0.7269783291459249,3.940718176305306e-09
403,1.342468706928203e-10,0.99999999986575,3.7926977899154056e-18,0.9627350842819222,0.037264915718079106,3.342193565583234e-18,0.005754413876105196,1.391571404722454e-05,0.9942316704098471,3.131578939591318e-06,1.2307540516726572e-22,1.6916291727518084e-06,1.0078477036901323e-05,0.9999850983148537,1.0781908930683842e-22,2.5181146154485127e-06,5.229411338744629e-07,1.3678360968681824e-06,2.6074269424702388e-08,0.9999955650338853
405,0.10697701824369342,0.8930229817563077,0.0012084683730439372,0.0034978427476789844,0.9952936888792737,2.1980699352842067e-06,1.6197326132076742e-05,0.9999816046034086,5.222551816829199e-13,7.737243984808259e-09,1.880306826829327e-08,0.9999999727345713,2.2096478867957886e-11,7.030199400614969e-10,2.129814802520297e-08,1.5213798590776924e-11,1.0656996280349321e-09,0.9999999775711503,1.3855231943554808e-24,4.9786078082992906e-11
406,5.989751032121128e-10,0.9999999994010267,1.3680939644229824e-16,0.9894049467036592,0.010595053296338284,1.5276346631895925e-14,0.09513600904932352,0.7092271725985863,0.19563681835207403,1.6186921093332043e-05,5.8808436737477085e-27,0.0018589410699578763,0.0019163642292975148,0.9962085077796504,4.750008890162685e-27,0.001158483575309663,3.221873499661824e-07,1.2718664492929842e-11,5.737522775034942e-06,0.9988354567018484
408,1.4427019997500731e-24,1.0,2.670021054559519e-50,0.999891609756141,0.00010839024385661043,1.145681889562354e-51,4.0051748553812175e-06,1.8702671231860688e-11,0.9999959948064389,4.2652345948352776e-19,9.274745506991333e-66,7.554026129972935e-22,2.6256351486504384e-09,0.999999997374367,1.0979693428697037e-65,4.890219262952919e-11,3.235340875889306e-22,1.1330512790787154e-30,1.1022564556362739e-35,0.9999999999511004
409,3.7252898717188105e-20,1.0,7.67631065621803e-28,0.9814572608786337,0.01854273912136434,6.851949685846822e-29,0.0003635385522862394,1.2200353651630178e-15,0.9996364614477102,2.3257505141261675e-16,6.532253924849154e-34,4.870412113793139e-09,3.9156847487458645e-17,0.9999999951295848,6.094970965348394e-34,2.387778979413995e-17,3.073005147213895e-08,1.359349386981659e-09,2.777824460490217e-28,0.9999999679105974
410,0.9999997148438433,2.851561573139225e-07,0.965372027006193,8.617235367251674e-11,0.03462797290763822,0.9958882807766551,0.004105539722349411,6.179500993364187e-06,2.9942661757320914e-16,0.025506484406775574,0.9477206396309864,0.02677284087870116,1.0291035349673834e-17,3.5083537921318716e-08,0.9781859046627884,1.0886847548510905e-18,2.541957945607871e-06,0.021811549998218025,1.0115974246645076e-09,2.369448013399743e-09
413,2.3046171532137936e-14,0.9999999999999787,5.999290186976293e-31,0.9988692110039942,0.0011307889960084497,4.657932713807793e-31,6.860989387342665e-05,8.602690948236265e-07,0.9999305298370343,2.0070245780804125e-11,1.871658604658874e-35,3.15143355502415e-08,1.0342430299599485e-06,0.999998934222567,4.6509323550002713e-35,2.1436118937395787e-06,9.379893228809927e-09,2.0445158551833938e-08,1.4248728700668663e-21,0.999997826563056
415,4.471295826932222e-06,0.9999955287041746,1.2530576148025556e-10,0.08722449646710552,0.9127755034075886,9.365071831411768e-10,0.9769943422118043,0.015834048278016474,0.007171608573671761,0.001092479622037354,2.7795674355729943e-13,0.009387672687372353,2.864386259669898e-06,0.9895169833040561,7.998052102005762e-13,1.4893960729472416e-06,3.0360629667879295e-11,0.013270017063407942,1.8507901027144066e-12,0.9867284935075106
416,5.989992796526909e-30,1.0,6.011251368779902e-46,0.9999999997403535,2.5964785864998086e-10,2.3967107777136033e-46,2.9503976915739055e-20,5.087466278984565e-09,0.9999999949125353,8.093167056291283e-26,3.943543715796401e-58,6.189271048832498e-11,0.9689193091482966,0.031080690789813372,1.1292729845196639e-57,0.07137875478233582,7.554148128899411e-35,1.100587333637208e-10,2.403977622715182e-25,0.9286212451076006
417,1.016645934374966e-11,0.9999999999898392,7.96957128799826e-36,0.2609097402955509,0.7390902597044513,8.369054318793058e-38,0.006878345304603436,3.030799182979045e-13,0.9931216546950932,7.481593872746786e-16,1.2989710912261949e-36,3.406275884614984e-22,6.059139223842068e-13,0.999999999999396,1.470986916046345e-43,1.0281796219042505e-13,1.6100416745131353e-07,1.3051459302848944e-22,2.5697490224695594e-28,0.9999998389957329
421,0.0364006193517315,0.9635993806482689,4.8545609319650774e-08,0.0005607767585750936,0.9994391746958182,1.9688379897599846e-07,0.9990641067834346,0.0009261709597007415,9.525373062277745e-06,0.9798079284531913,1.3738931438512315e-10,0.003494926726728817,1.7573864061802826e-09,0.016697142925302784,5.232826301463194e-10,1.5834339799294175e-10,6.960533359403111e-05,0.001410353985650168,0.996976612884296,0.001543427114831511
423,7.917622336028339e-18,1.0,6.034421889004398e-29,0.9999985881630896,1.4118369071883728e-06,1.8194075592682706e-29,1.380478487148642e-08,1.1587230742560648e-08,0.9999999746079812,8.200206328244029e-14,5.280278444024595e-32,6.430832821130684e-09,0.00292146946584444,0.997078524103238,1.0834591592348145e-32,0.002809903646596457,1.2542307999414573e-11,9.004502850611998e-10,8.383195313582183e-32,0.9971900954404103
424,0.6584097311652959,0.34159026883470195,5.191493241142931e-05,7.038878007976241e-05,0.9998776962875088,1.1868622528846637e-05,0.0028807295649604884,0.9971074018033451,9.168040866289155e-12,1.308619031990539e-07,2.7004256516816306e-08,0.9999998320304683,4.2287984118458764e-12,1.0099145705879883e-08,2.0943458740289923e-08,1.4200806108776401e-11,0.0003287091961140549,0.9996712691145685,4.029630375341056e-25,7.316584597646502e-10
427,1.0,1.34920529287279e-15,0.9999999115600108,7.133142011520745e-23,8.843998873381212e-08,0.9999999299234783,7.007652184096071e-08,1.1943219356364327e-16,4.29406076648698e-28,1.7021961574521835e-05,0.9999829780268243,1.1601724301559608e-11,1.2942449349566239e-33,5.375413429378156e-18,0.9999980526193938,1.4289395900282082e-33,4.2520437241881375e-07,7.962818791636391e-12,1.522168271335156e-06,1.8751660832337833e-19
428,3.197508079293499e-09,0.9999999968024937,2.2785843901698698e-15,0.9949865548304523,0.005013445169543532,1.4578800068611727e-13,0.04046466350893288,0.8886845920690672,0.07085074442185292,6.57971916499427e-05,4.8011421433628525e-18,0.008614183364756734,0.00377792111568878,0.9875420983279035,3.805674840725038e-17,0.0006653770216972797,8.901043726577183e-08,0.02937878986114435,0.0001833069418213153,0.9697724371648984
429,1.3073494367059449e-05,0.9999869265056295,2.0863486597237217e-21,2.694146099369198e-05,0.9999730585390092,2.5347088804238398e-21,0.9999724958322991,1.89396572638036e-09,2.7502273737532115e-05,1.2709424381131736e-05,1.8176119897971645e-23,5.348602480262143e-07,3.571703035467868e-14,0.9999867557153377,8.620726599475684e-25,3.3395443989755764e-15,0.9886153697412574,8.79072569551533e-09,4.175257952223991e-27,0.011384621468010824
430,0.9486007470863319,0.05139925291366579,3.853863885686673e-14,5.339374233625891e-07,0.9999994660625409,4.3608513384973985e-14,0.999999662666454,3.3492977345603504e-07,2.4037271461349252e-09,0.9997903931092033,6.583463713502695e-18,2.5399574593986906e-06,1.0994872247452066e-15,0.00020706693333972875,5.334783315998223e-18,1.0605297581805597e-17,7.755793480514479e-07,4.4427737891041814e-07,0.9999948101391379,3.970004132071286e-06
431,0.12136897410984852,0.878631025890152,1.178273614134475e-16,2.108087844132423e-06,0.9999978919121568,1.0330888491128659e-16,0.9999998026294658,1.2678569290902014e-07,7.058484115052243e-08,0.9818827557959994,4.785598195048919e-20,9.281061629583313e-07,1.2120279663768552e-14,0.018116316097828464,2.1868915733607844e-20,4.98807242899728e-17,6.096610600381392e-08,1.1967465394255e-07,0.9996294035818121,0.00037041577742455417
433,1.485948933603e-11,0.9999999999851426,3.3052686821865232e-16,0.0242815348365039,0.9757184651634951,1.7868376342424025e-16,5.255330239837965e-11,0.9999996216651331,3.782823141702178e-07,1.4815288540376543e-24,6.10582028347929e-19,0.9999915846018828,1.696148049675695e-08,8.398436638012332e-06,1.1534659807688344e-19,6.261050478922537e-07,7.784235881116313e-11,0.9999896762253611,3.878222067477776e-34,9.69759174779026e-06
435,0.9999999998937277,1.0627088109530908e-10,0.9977679056128046,4.2711965811611736e-15,0.0022320943871905353,0.9979204206360158,0.002079579288999842,7.49838848293942e-11,4.2821519116511403e-19,0.394544943870619,0.605453908031335,1.1480347834313879e-06,1.8430951167330382e-23,6.326184678594109e-11,0.9859855343483717,5.6457644122745605e-24,0.006158386501869311,8.02814338904471e-07,0.007855276331217022,4.2037617021249454e-12
436,0.0015079836231573678,0.9984920163768407,1.3139668340488884e-06,0.012015536680504955,0.9879831493526641,2.8918829907087925e-08,0.00025188193883084485,0.9997480874518616,1.6904748023803894e-09,1.903488045637234e-07,3.012506035238807e-10,0.9999996333865543,3.2523468531455367e-09,1.7271104706909806e-07,3.689085783425091e-10,2.1050258870384885e-09,5.523365356738036e-07,0.9999994137665893,3.24700461692795e-25,3.142294121567163e-08
439,0.9999999815694454,1.8430554599125374e-08,0.5728444606883846,6.142945743604502e-12,0.4271555393054743,0.6191167740545738,0.3808832234788759,2.4665450870656415e-09,6.0150226422914895e-15,0.9938771754990173,0.006119857356144515,2.9408443752410804e-06,1.4378871282204917e-21,2.630046190034018e-08,0.033151383357599845,2.5461048514895113e-21,0.9538841249149962,5.359430436046088e-06,0.012959124323756323,7.973211976352762e-09
442,0.9999655076269768,3.449237302243998e-05,0.001839207394801173,5.55700002522329e-09,0.9981607870482008,0.003213865560720108,0.9967851741209535,9.603151229000351e-07,3.2059964842802333e-12,0.997865228198165,0.000299997730884525,0.001795117651241787,2.1892768608505776e-17,3.9656419704999746e-05,0.0011973856550390998,9.942076933392073e-17,8.821797902820343e-10,0.005919581707204443,0.9928234604043317,5.95713512481082e-05
443,0.9999999998820464,1.179548487958261e-10,0.9941191082874236,1.776556743124962e-14,0.005880891712557719,0.9889094112744187,0.011090588703536281,2.2043444941636883e-11,1.633295342747579e-17,0.9398547066347462,0.06014518857951236,1.0375568976218472e-07,6.849102863210805e-24,1.0300513495220834e-09,0.5776863926658891,4.988180714779927e-24,0.022123472957798592,4.307164838605981e-07,0.40018970325650577,4.033220679089606e-10
445,0.999999999625917,3.7408374617790824e-10,0.9966552970718598,2.9340143057971006e-14,0.0033447029281105166,0.9962641962533155,0.00373580354637007,2.0031515088320555e-10,1.6406376980632461e-18,0.9591010066946769,0.0408980307074577,9.618028625004212e-07,4.164173808278688e-23,7.950047308595759e-10,0.06815872637994673,3.44811923608988e-24,4.6228320369302105e-06,4.4555057059546725e-07,0.9318362051969392,4.050648965513902e-11
446,0.9999999975409537,2.4590449883652305e-09,0.9989341856673135,2.0313116957247536e-14,0.0010658143326692372,0.9995879373007046,0.00041206182147688215,8.778150714969738e-10,2.6638289855707626e-19,7.451267823836381e-11,0.9999912029481005,8.796873136720864e-06,1.8531982627108233e-23,1.0424970165521481e-10,0.9998517759612456,6.2943919213214236e-24,0.00014027291140524513,7.95111254857495e-06,7.940191620879751e-12,6.862501791440601e-12
448,0.9999999999538183,4.618182650161281e-11,0.9998095783802249,1.2526740095799406e-15,0.0001904216197733093,0.9999200217795112,7.997818654916724e-05,3.3940050663576654e-11,6.053317305613354e-20,0.03547395407270385,0.9645252583550493,7.875628296795007e-07,6.607337497419994e-24,9.415944010665708e-12,0.9960603150297427,4.334909214071727e-24,0.0028320026834278804,6.691173340675631e-07,0.0011070131686293824,8.663485806198551e-13
449,7.844898416930687e-18,1.0,7.11233294103719e-37,0.9999996898890854,3.1011091106016294e-07,3.4491984393160993e-37,5.489816030851033e-09,2.246980549852504e-08,0.9999999720403783,2.6411777320794872e-11,1.2972070597866494e-39,3.510245472020627e-08,0.28157952419301013,0.7184204406781239,4.863205463182936e-39,0.18156056750695126,9.831810455817982e-11,1.1162958741337432e-08,4.41525963952634e-14,0.8184394212317299
450,0.9999999999929727,7.02796313160698e-12,0.9997970641967159,1.1702050480030485e-16,0.00020293580328526576,0.9997689795956891,0.0002310204009902434,3.320398056882148e-12,3.3630419323467078e-21,0.1546067882993113,0.8453931925807193,1.9117764335464282e-08,1.664818359867998e-25,2.2036906204232123e-12,0.9903322582527665,6.501040555610578e-26,0.0004715583884097147,6.474403230092292e-09,0.00919617688438167,3.7525275117178854e-14
451,0.7657626844600602,0.23423731553993984,0.02861860544090155,0.0016374366975704657,0.9697439578615271,9.1971703494277e-06,8.885536441740012e-07,0.9999899142760077,7.530443363095344e-16,1.3166996104378109e-10,9.184161873760753e-08,0.9999999080228192,7.21214111497801e-13,3.173617343522407e-12,3.5142717760365626e-08,5.720262962244568e-12,5.2712512366055645e-08,0.9999999121374369,1.298765477690918e-12,3.1206509265474885e-13
452,4.391999877240894e-20,1.0,6.942138700387508e-31,0.9999937844708494,6.215529151765323e-06,6.323412325848969e-30,1.9887792779214128e-14,0.0001786389697358902,0.9998213610302464,1.4100100954568994e-17,2.7123335323513834e-32,0.0002564519845055431,0.7948273659379212,0.2049161820775697,2.8195488552581954e-32,0.5592080332889244,1.2114382013671314e-14,4.545690570925776e-05,9.836371241180751e-22,0.4407465098053572
454,0.00011072598661812056,0.9998892740133817,1.4430413199254247e-18,0.0008767862192876058,0.9991232137807143,4.123097286348474e-18,0.9998289851492681,0.00016400774802418847,7.007102705577099e-06,0.008585021773875011,7.587174662498309e-28,0.0011249688198204585,7.13784314522235e-10,0.9902900086925203,3.1139963205175932e-27,2.161797741515888e-09,0.003503506621036289,0.002816441321489134,0.003020516550471895,0.9906595333452025
455,0.8462074554429987,0.1537925445570045,1.6868651655321196e-07,1.0604792811071016e-06,0.9999987708342055,5.006145969209212e-07,0.9999982835340498,1.1919766330206725e-06,2.387471751776384e-08,0.9962331163299907,2.9341353707246566e-16,0.0003206689571797255,8.150514515457898e-13,0.003446214712012714,4.745041207687002e-15,7.231767359174238e-13,0.9490589029814918,0.0008539037774452518,0.04802986748168913,0.0020573257586427585
458,0.9999999999999964,5.033136601016536e-15,0.9999998825268006,4.0764057728698544e-22,1.1747320030722297e-07,0.9999999279213395,7.207865989085809e-08,1.096615328757e-15,7.935300017598848e-28,1.0861305047743892e-05,0.9999891386418326,5.3118782439089617e-11,3.317024875164926e-32,3.991961392859885e-18,0.9999981396139578,5.000756481475205e-32,3.2114383053576576e-07,3.52275924935916e-11,1.5392069837395307e-06,1.1208020835229492e-19
459,6.683805170501838e-28,1.0,8.272268645472932e-37,1.0,3.604843816798338e-18,4.327823371068328e-34,1.0886190864702015e-18,0.9999999999482867,5.170739930656629e-11,2.7115360764232174e-37,4.834657854705446e-39,1.5648797738432753e-05,0.9999843512022609,1.6634696110593063e-15,4.817527387993222e-41,0.9999996679954659,6.879075797449958e-22,3.3200453645121207e-07,4.54503806118983e-51,3.980212163057098e-17
460,0.9910703066111621,0.008929693388840802,5.003873555221e-07,1.6652655042962565e-07,0.9999993330860967,2.9155502597067287e-07,0.9999996758587556,8.594548031184001e-09,2.399167328574196e-08,0.9996940899216543,9.590055730110525e-10,8.108594971814679e-07,2.220940312923431e-15,0.0003050982598374557,2.5103294359761588e-09,7.313012217023353e-16,0.9999586213507724,3.067998285931715e-07,1.9595934797736063e-11,4.1069319469845485e-05
461,0.9999999937314286,6.268573503778245e-09,0.9962835335729582,1.6116953291702967e-12,0.003716466425431505,0.999513271684373,0.0004865832323791747,1.4508325131751513e-07,2.7384129285042595e-18,0.032453874313966645,0.9637380811791921,0.003808044263888638,2.0139453510016802e-19,2.4295093005219616e-10,0.9966642826267198,9.20066830042578e-20,0.0004081156780063803,0.0017019180108539295,0.0012256836660708217,1.8346326951777438e-11
462,0.00021958066051522298,0.9997804193394846,2.461058627836962e-06,0.22080378875858037,0.779193750182791,9.802907892156956e-10,1.4370361159901932e-06,0.9999985619174832,6.611128290074854e-11,9.381050202670376e-10,3.692928256786095e-11,0.9999999880384536,6.45545797551059e-09,4.531054101317953e-09,1.8802356356190035e-11,2.8640705322510528e-08,1.769739242813385e-07,0.9999997939029085,2.2635998777891857e-27,4.636570210439273e-10
463,0.06689313643977106,0.933106863560231,7.466528960112747e-09,1.6520035598322e-12,0.9999999925318193,2.46090544936336e-08,0.9999999753817622,9.176493573759704e-12,5.2341177363389174e-15,4.076001558911223e-08,1.150766866825968e-09,3.0681672017330767e-09,6.439022297631597e-17,0.9999999550210471,8.846472280058277e-09,7.372755093142544e-18,2.075144650150044e-11,0.9999999889456461,2.170017405934796e-16,2.1871334139813847e-09
464,0.00021958066051522298,0.9997804193394846,2.461058627836962e-06,0.22080378875858037,0.779193750182791,9.802907892156956e-10,1.4370361159901932e-06,0.9999985619174832,6.611128290074854e-11,9.381050202670376e-10,3.692928256786095e-11,0.9999999880384536,6.45545797551059e-09,4.531054101317953e-09,1.8802356356190035e-11,2.8640705322510528e-08,1.769739242813385e-07,0.9999997939029085,2.2635998777891857e-27,4.636570210439273e-10
465,0.22455682053446957,0.7754431794655297,9.42820434570142e-08,2.187536471065975e-05,0.9999780303532478,1.760605438652985e-07,0.999985812883818,1.3710816688456932e-05,3.002389494262616e-07,0.933220320085519,5.2612569277328545e-09,0.002184774729610617,6.473598988919949e-11,0.06459489985887894,2.6307117896444018e-08,4.389533051402094e-10,0.3353591475528001,0.01409355563786002,0.48765847287289354,0.16288879719037655
468,1.5673964832199146e-26,1.0,1.1892810726519695e-38,0.9999984206638822,1.579336121981304e-06,2.8744132781511234e-41,5.378173079255889e-10,2.274664541392004e-14,0.9999999994621618,7.572249476868408e-23,1.9356822424852748e-45,9.551653169604355e-23,1.2934166916283544e-08,0.9999999870658343,6.61230657400649e-46,1.0506387763326817e-09,1.7546355455078233e-21,3.0865995800890327e-23,3.588146148109779e-41,0.9999999989493631
469,1.5853809807953213e-36,1.0,9.565456501725171e-57,1.0,2.8140167847160772e-18,1.7235049581564676e-56,3.5964234512886284e-20,1.2713929270679845e-23,1.0,4.007803924006167e-33,3.1382094944176237e-59,4.2052439937863296e-33,1.0,1.1967946347135238e-17,1.7160590381596904e-59,1.0,1.981095392673242e-36,5.68043043062808e-33,1.8932810016705157e-36,2.1620805486408202e-17
471,0.9995805218261923,0.00041947817380722034,5.4511838986054086e-05,1.3828519318618542e-08,0.9999454743324938,9.168988789180023e-05,0.9999082699531533,3.994693933475274e-08,2.1201328043832123e-10,0.9999638455414538,3.8291826563444366e-07,7.741724872799945e-06,1.3815212869677277e-16,2.8029815410572504e-05,1.3507202244065349e-06,5.868068583482356e-17,0.004386718933897987,6.919582763388717e-06,0.9955922058784153,1.2804884700988463e-05
481,5.113396893356712e-18,1.0,3.67174245202582e-27,0.9999999992318749,7.681254574801554e-10,6.671959688609841e-26,4.0862608155789615e-11,0.9998439656797983,0.00015603427934133445,1.6402221262265015e-18,6.767641202731945e-31,1.7536841219492634e-05,0.9999821482301654,3.149286147661072e-07,2.055161920739096e-31,0.9999979614577755,6.796447400718958e-17,2.0149617675500205e-06,1.5817287547576153e-35,2.3580458016998893e-08
483,1.0708882930709649e-08,0.999999989291112,4.706512433608105e-12,0.9991520313449548,0.0008479686503355946,6.044001672202249e-16,5.539376194286068e-11,0.9999999999437676,8.399153873433888e-13,1.4876411203245528e-15,4.0956479331425015e-17,0.9999994676598258,5.321890290811834e-07,1.5114469242698417e-10,8.618409902493609e-18,2.6856257272240207e-06,2.9539798799021364e-11,0.9999973143095571,2.8350260765151556e-34,3.5173586934871065e-11
485,0.9999999999000018,9.9997625029075e-11,0.9982661308279279,4.309653428962776e-15,0.001733869172067797,0.9976183157152126,0.002381684248335474,3.6450491608887694e-11,6.652041286471313e-19,0.37946370805435514,0.6205360884323048,2.0338788277929195e-07,1.646237050821618e-23,1.2545811348694863e-10,0.9506447242551447,5.341136966555952e-24,0.001283957509789734,9.248647980765718e-08,0.048071225745400015,3.1852140950464405e-12
486,0.9999999972555784,2.7444210634241903e-09,0.9759359644055124,5.503052302911905e-13,0.024064035593939034,0.9918932442628107,0.00810675123794399,4.499248098517849e-09,1.6665054620394602e-17,0.9156459699562235,0.08430044718079178,5.3580531242714904e-05,8.52554953875339e-21,2.3317389661596976e-09,0.6834254343198691,1.6483573628053686e-20,0.015000591892610025,6.900472733518296e-05,0.30150496870757154,3.526109720343721e-10
487,6.807306401519291e-29,1.0,5.332487512199894e-43,0.9999999999992326,7.709564011054424e-13,5.924008319257507e-41,6.459728693074965e-22,0.9967555981077961,0.003244401892199571,5.641382829288301e-34,8.659842403221717e-49,6.465029988084378e-09,0.9999999934995003,3.546885573959804e-11,9.506991059819673e-49,0.9999999874947463,5.1418355664137475e-39,1.2454622420443425e-08,3.9647929783766214e-50,5.062807556539241e-11
488,0.9999999749520295,2.5047970298827117e-08,0.8600627433441403,1.0582413499757671e-11,0.1399372566452795,0.9028194419327275,0.0971805407493767,1.7317891904685595e-08,1.335061553905755e-15,0.9885188037994158,0.011467199217273287,1.3975619900736643e-05,1.4748725308009496e-20,2.1363410432750783e-08,0.051640074788383276,4.606796385424896e-20,0.013164991197371127,2.616834572499504e-05,0.9351687603322253,5.336292929551157e-09
490,0.1833493416381419,0.8166506583618587,1.05223327599716e-15,3.9262977274110095e-07,0.9999996073702266,1.6053828604591675e-15,0.9999999918788518,4.954317129486559e-09,3.1668292322524848e-09,0.009121711178305193,5.3029735471225335e-14,0.0005906358993349625,3.43878223551006e-14,0.9902876529222783,2.1413774102261541e-19,1.0168695873699447e-17,0.9999958480966104,4.7077641694303336e-09,4.1417497125584884e-35,4.147195625874159e-06
491,1.0,9.289262244790206e-21,0.9999999999997478,1.1689272590761883e-26,2.508809141502612e-13,0.9999999999997833,2.1551526919820072e-13,3.1027351435518554e-21,1.107877431826787e-31,1.6188017184298378e-10,0.9999999998381206,1.0615914152107037e-16,9.20275760575039e-36,5.310217951230612e-22,0.9999999999880984,2.681594224037864e-36,9.836686485162784e-14,3.6126109783373765e-17,1.1801711283469849e-11,8.621416432010656e-24
499,0.9997714424704893,0.00022855752951108117,0.9397875675521261,2.996933441907605e-07,0.06021213275453305,0.5870231282007791,0.0005726379314192428,0.4124042338677975,3.573572554930254e-15,3.6496757715514517e-07,0.0013898320522173005,0.9986098029499966,1.2642703579342093e-14,3.019478935784515e-11,0.0012903347321433604,4.4564646814653405e-14,1.9951373771773734e-05,0.9986896757694561,3.8120747567574044e-08,3.8365199550939146e-12
501,2.9725733294821034e-09,0.9999999970274303,3.997633595681182e-31,0.05813675887110965,0.9418632411288881,5.163118602985102e-30,0.9949093639448365,3.8472282609544535e-06,0.005086788826902958,4.5360375866036876e-07,4.6716482013332987e-35,7.54627141323834e-06,4.004020019585221e-10,0.9999919997244286,1.1964697224493645e-34,6.9599106038782326e-09,0.015708882972711287,2.1969004721536942e-06,1.2701318385615581e-18,0.9842889131669084
502,0.9999999647951732,3.520482913454363e-08,0.9876782159503863,1.854526511164491e-11,0.012321784031070407,0.9984135832535227,0.0015854127825569774,1.0039639194467221e-06,4.17836599994903e-17,0.02213090702012339,0.972542753002053,0.005326339351953595,4.999643568505418e-19,6.258706810827279e-10,0.9861032514020396,8.237137505482529e-19,0.004767020493905254,0.008291319799901806,0.0008384082272675465,7.688608330040412e-11
503,2.5062034683938804e-32,1.0,7.979883625973471e-57,1.0,4.0747298550056933e-19,1.8152295407517719e-53,6.589049839990827e-20,0.0003136474685508237,0.9996863525314436,2.1916025067639888e-42,2.3786652198522033e-58,3.0790021547420084e-24,0.999999999999936,6.075079653792656e-14,6.620010097051576e-66,0.9999999999994529,2.0291924600406321e-50,7.441005504766567e-32,8.00113187323743e-51,5.502564289695783e-13
506,4.1040178849998894e-06,0.9999958959821116,1.907321622146334e-08,0.7844244852514154,0.21557549567537151,2.0481997252594644e-11,1.0013913768447677e-06,0.9999989983386087,2.495325563486805e-10,1.4914474556159852e-10,1.0347758760540017e-13,0.9999996830301332,1.0352939343295888e-07,2.1329122210191512e-07,1.2430239547674597e-13,1.6573509310584954e-07,2.6800774453304112e-11,0.9999997893891512,3.68748561410602e-26,4.4848829328347414e-08
507,1.245220144411493e-18,1.0,2.150648331257811e-30,0.99999988196123,1.1803876832342566e-07,4.574845095238752e-31,2.3415767968817465e-09,5.9302751508450444e-09,0.9999999917281457,7.379402127333784e-13,9.736198342168433e-34,2.2488223941832296e-09,0.028031833385255563,0.9719681643651835,1.9324508180739865e-33,0.012180388833664057,1.0503343225535394e-11,6.973419065514773e-10,2.503662757988967e-23,0.9878196104584898
508,8.966559376000125e-28,1.0,1.9105060720945325e-58,0.999999999999801,2.0586457513707556e-13,5.4651217010491046e-58,1.4798273650062763e-15,1.8181161564192352e-09,0.9999999981818846,1.428250165939507e-24,1.7937619649947132e-64,4.4731546412045456e-13,0.9999958626109701,4.137388583337576e-06,8.236868464169603e-65,0.9999961580558199,2.420637849267483e-28,1.6600273697891673e-22,2.4222565451998493e-50,3.8419441784988715e-06
510,0.019269602505551917,0.9807303974944496,2.3184260703249732e-07,0.00015338810711154299,0.9998463800502815,1.5650051292068898e-06,0.9895496866203498,0.010448599081147477,1.4929337625382642e-07,0.09623622554693896,2.5637386148180345e-08,0.8089529470596282,6.350592433620379e-09,0.09481079540545746,9.73798098838246e-08,5.662843080959557e-10,1.4692240667680235e-13,0.9654271571244124,1.0206399908431871e-08,0.034572734722946044
512,2.4271833326517282e-06,0.9999975728166643,4.34178327790401e-14,0.0015948168971269064,0.9984051831028299,4.0186041462368047e-14,0.9986252326597546,1.2041054658012677e-08,0.0013747552991505727,0.00034082289768432153,5.998965018315138e-19,8.24561548621459e-09,1.5760030434279615e-12,0.9996591688551264,5.761569023905301e-19,6.446606569140144e-13,7.396337710311546e-06,2.454602533846306e-09,3.3433549888576514e-13,0.9999926012067075
515,0.005017439638105202,0.9949825603618966,9.885983375409971e-09,0.0010186293536401645,0.9989813607603778,6.714098378248688e-08,0.999103495305768,0.0008668842010128958,2.9553352235362934e-05,0.1850189234998773,3.169467727876145e-10,0.10153132375507683,1.2102134576558153e-07,0.7134496314067567,2.5299932168863165e-09,2.8002837081282067e-07,0.2563657177144439,0.2680544695773875,0.03229408319675769,0.4432854469530461
516,2.228329480572619e-17,1.0,2.429940822928385e-33,0.9999999990207371,9.792653666272922e-10,1.8479334889516623e-33,3.7567464341033917e-13,0.9999999220569536,7.794266953165807e-08,2.155136606855547e-18,9.537997526717562e-38,0.00034854765121854865,0.9996514482623206,4.086461597971884e-09,1.9706620564185574e-37,0.9997609243123794,1.191968273606715e-19,0.00023907030004853273,3.255315765835495e-26,5.387573089920584e-09
517,0.9999999825104099,1.7489588756649814e-08,0.9971498439273893,1.868289158962872e-12,0.002850156070743461,0.9997666134598979,0.00023213838569083637,1.24815441371879e-06,4.1060724283221027e-19,0.0011199009374905956,0.9875919465255975,0.011288152492468832,2.1569601236912542e-19,4.44405501679612e-11,0.9909394326237801,2.87316402008006e-19,0.0007354124149167177,0.008292234182287809,3.292077697929138e-05,2.0387006046582867e-12
519,0.9999924065020491,7.593497949226812e-06,0.11596469508053799,6.286508814847592e-09,0.8840352986329503,0.5587546955396775,0.44118008978040957,6.52146791910594e-05,7.187466898579293e-13,0.6982904249014402,0.0979789922152804,0.20372359563004105,1.2995312691368288e-15,6.987253240047769e-06,0.0017864764747219475,2.4762982624395735e-16,0.9923190817356935,0.005534911396457666,0.00035951135293926567,1.904018873300487e-08
526,0.0003970331796129622,0.9996029668203852,1.858437627681626e-08,0.0056019816926309715,0.994397999722992,1.0833455148410044e-07,0.2131773633154082,0.7868218292909257,6.990591131580637e-07,0.00026449462247718264,4.5686275779760844e-11,0.9959249390308913,8.040082020912245e-09,0.003810558260866739,1.8803972893398695e-10,5.030053328509401e-09,1.696600822539642e-07,0.9978034397797209,0.0003979458036776534,0.0017984395384263198
527,1.317809452643693e-12,0.9999999999986855,1.906121219032549e-28,0.9938201837424887,0.0061798162575177696,4.441692512517078e-28,0.00097668774989155,7.255246428451056e-08,0.9990232396976408,1.1044668161346201e-08,7.233819756909851e-41,1.4199434187731235e-07,2.7674119996058623e-06,0.9999970795489913,9.233726794320424e-41,4.522443135407596e-06,7.769231217962857e-05,7.817007330448555e-17,3.1927183263954625e-21,0.9999177852446843
528,7.855215048869369e-13,0.9999999999992113,1.1424789758408106e-28,0.9995590767148568,0.0004409232851409295,8.122177723049597e-28,0.0002488034956267897,9.18963582899791e-05,0.9996593001460821,1.1091079876798823e-08,4.2959565797944183e-32,1.3180542970250713e-05,0.0001385136634252316,0.9998482947025243,2.0906193969550647e-32,0.00010989510446349884,4.163279766589623e-07,1.0883818933085866e-14,9.728818822048669e-12,0.9998896885578225
530,1.0429475318687396e-08,0.9999999895705258,2.1709322321600975e-29,0.32409341669435443,0.6759065833056449,5.983405192211512e-29,0.971152819204444,6.071321189354125e-05,0.028786467583664356,3.4151105504655816e-13,2.2322832461245454e-33,5.395913902589911e-06,2.2645216537255546e-08,0.99999458144054,9.446441478140893e-34,6.229226116651149e-08,1.26313288146442e-12,1.0114943167354411e-06,1.0428762470689232e-30,0.9999989262121584
531,1.0,2.250601963229614e-16,0.9999999933486361,3.757265624281379e-24,6.651363207376885e-09,0.9999999953529439,4.647056796523599e-09,1.5805200677864277e-17,1.0680362323549816e-29,2.1334963833913886e-06,0.9999978665016322,1.983824463385807e-12,9.829741501518485e-35,1.2088559612943827e-19,0.9999998261246423,6.068350868489122e-35,1.725063860870514e-08,1.0830211193862148e-12,1.566236366939211e-07,4.190021682768374e-21
532,1.0,2.250601963229614e-16,0.9999999933486361,3.757265624281379e-24,6.651363207376885e-09,0.9999999953529439,4.647056796523599e-09,1.5805200677864277e-17,1.0680362323549816e-29,2.1334963833913886e-06,0.9999978665016322,1.983824463385807e-12,9.829741501518485e-35,1.2088559612943827e-19,0.9999998261246423,6.068350868489122e-35,1.725063860870514e-08,1.0830211193862148e-12,1.566236366939211e-07,4.190021682768374e-21
533,1.0,2.486766348237335e-16,0.9999999904697958,6.962814052093311e-24,9.530203535429941e-09,0.99999999260341,7.396589469848338e-09,3.3639060004468564e-17,1.278515168136507e-29,3.3806287971525515e-06,0.9999966193691348,2.0682827541900112e-12,1.3058481855001341e-34,1.724417487099237e-19,0.9999995992964678,1.0002194399886843e-34,1.7823380602113396e-08,1.4645515837146621e-12,3.8287868660421274e-07,5.185122628407367e-21
534,0.9979725348147289,0.0020274651852741623,0.00011868574412634405,3.044177254961593e-07,0.9998810098381488,0.00010013634216150179,0.9998994759798971,3.8704133989770674e-07,6.36603708409633e-10,0.9999911754839829,4.0858928318980505e-09,1.1586091844273771e-06,2.4419655240347486e-16,7.661820938890866e-06,1.403214973504609e-09,4.882662001350318e-19,8.170179716577187e-10,4.595330744329899e-08,0.999999806304655,1.4552180509740729e-07
536,0.9999841726531493,1.5827346850754836e-05,0.00014262411490274115,9.800259251123724e-10,0.9998573749050715,4.993917625670633e-05,0.9999500605744892,1.7922341398377092e-10,7.003403303585552e-11,0.999998502220122,2.3059408266549653e-09,1.2518399126478857e-09,3.8850304539867916e-20,1.4942220979744697e-06,4.041755272318057e-09,2.386412637066288e-22,1.372784835478709e-07,3.10673897439979e-10,0.9999998067273497,5.164173943138912e-08
538,1.0,8.771814173572527e-16,0.9999999842219777,3.004683132777875e-23,1.5778022811274053e-08,0.9999999908187185,9.18128124047338e-09,1.1378969510556404e-16,5.640826385085032e-29,3.053701552334066e-06,0.9999969462856818,1.2766391472103374e-11,1.1672886690623156e-33,4.840767932449108e-19,0.9999997591233912,7.637145421875934e-34,3.8115940355862175e-08,6.670743724662412e-12,2.0275399845940686e-07,1.6910968230217442e-20
539,1.0,1.4404350895309026e-15,0.999999844309636,2.2815862940528097e-22,1.5569036426523639e-07,0.9999998353559356,1.6464406382166825e-07,1.7533630285622193e-16,2.1316350069268393e-27,0.00011906779192374798,0.9998809321940787,1.3997305427795132e-11,1.0007049223225353e-32,2.889113666390467e-17,0.9999900552130269,4.7093154713781855e-33,4.624775957698609e-07,9.13190608401591e-12,9.482300245090102e-06,6.543393638628497e-19
542,1.9866189441579515e-19,1.0,6.604273275895694e-34,0.6037164828394966,0.39628351716050464,1.541494941891493e-34,0.039134370068299285,3.672046382079056e-08,0.9608655932112374,5.854175086346926e-24,1.0270812082168825e-39,7.554380557361206e-18,1.1245939278840944e-09,0.9999999988754027,2.539210214295806e-39,9.320284067176922e-09,0.005397066784806423,4.418940454933795e-26,6.67114870799625e-27,0.9946029238949069
549,2.8274393035503768e-14,0.9999999999999716,6.14081227544438e-22,1.3223160196407431e-11,0.9999999999867768,1.054629803229811e-29,0.9901704123820129,2.414635575738026e-16,0.009829587617986416,6.5943556560922584e-12,2.6473349519867593e-42,9.02513540716226e-17,8.925497275052841e-13,0.9999999999925109,4.9006434724683995e-42,4.992823156071977e-22,9.924873981877049e-15,1.4549555842098623e-17,2.9201289060550192e-12,0.9999999999970726
550,0.9999964713817148,3.528618281934899e-06,0.0028524064841286036,3.297300081843596e-10,0.9971475931861422,0.004575767415312399,0.9954242222860217,1.0298521640473505e-08,1.4662464397669824e-13,0.9927867792100712,0.007102598319332856,9.927584879332716e-05,2.0350851604588256e-18,1.1346621804845363e-05,1.7417494867920266e-06,5.921730282784444e-21,0.9999982575432871,1.320145990472227e-16,1.12198680129335e-15,7.072279131866682e-10
552,0.973560745023535,0.0264392549764652,2.2717313888491524e-07,1.0588603573833622e-07,0.999999666940822,4.870214313091449e-07,0.9999988033740675,7.09181599288514e-07,4.2290157389942326e-10,0.9962281007752947,2.3456481732280533e-08,0.0004059072496405557,4.2647170746316916e-14,0.0033659685185440306,9.745274607748999e-09,3.1723997588118225e-15,0.9996494991267144,4.0802512411494874e-05,0.0002623500598990444,4.733855569668368e-05
553,0.9999999999999787,2.0274137575537097e-14,0.9999997304085583,3.552999144991297e-21,2.695914407067368e-07,0.9999998946951456,1.0530484870635916e-07,7.085684748243799e-15,4.438641202180252e-27,3.374303225378763e-05,0.9999662560999044,8.678413367930739e-10,8.459867895670279e-31,3.938332877671694e-17,0.9999917091028053,4.306262486893309e-31,4.123352989560499e-08,3.755355835209829e-10,8.24928812842299e-06,8.862610686583363e-19
555,2.3463458983134003e-27,1.0,5.8653536166314876e-43,0.9999999999999858,1.6292265325514966e-14,2.630031727061377e-42,1.9525412172642447e-16,2.226268772695305e-08,0.9999999777373108,3.9579059977414366e-26,9.188865249016096e-49,1.0022551153125044e-13,0.9999987541594082,1.2458404890403736e-06,6.811997350657584e-49,0.9999981998221305,7.462901220062913e-32,4.741800805352484e-14,8.012662798791011e-52,1.8001778255045818e-06
560,0.9999995762647959,4.2373520743865045e-07,0.6128318707980067,5.183941223137166e-10,0.38716812868360095,0.8851480907681056,0.11483406268351834,1.784654837840461e-05,1.0785750189086508e-15,0.9751137356633847,0.012858237283084885,0.012027975858650883,1.3863237819483178e-17,5.1194881154174404e-08,0.03792124249038598,3.092886213659008e-18,3.341742605867006e-05,0.010246183083897,0.9517991515497669,5.449894977318674e-09
562,1.2304434448831195e-15,1.0,2.0666057714127521e-25,0.9999962470188503,3.7529811527209073e-06,2.1783794938094512e-24,7.742012974703641e-07,8.893663989243133e-06,0.9999903321347164,8.737487626723987e-12,1.8918156894406318e-28,1.825787338468562e-06,0.00692595981124535,0.9930722143926756,3.7724371783611286e-29,0.0012263805870184837,9.548667788745982e-10,6.855381468581804e-16,3.977126921427349e-15,0.9987736184581094
563,0.9999999445261041,5.547389885604133e-08,0.9938281125527779,1.1009473104154129e-11,0.006171887436210471,0.9995896318377238,0.00040518266360769063,5.185498668916929e-06,5.027132654141749e-18,0.002102180040499772,0.9810119169706425,0.016885902906044407,1.2730961367772183e-18,8.2814790029643e-11,0.9803049232799932,1.5400251051059905e-18,0.0012864697308994793,0.018348587590741223,6.001938780967452e-05,1.0558027328395604e-11
566,1.4939051028670635e-06,0.9999985060948976,7.599708935718284e-14,0.0038757949675806177,0.99612420503234,8.851298780866493e-13,0.999267119879989,2.0556604190788184e-05,0.0007123235149361704,7.326162719870234e-06,5.621439622064097e-16,0.00010743878504736367,5.813502913033924e-10,0.9998852344708848,2.445048642482556e-16,1.6356781139924705e-09,0.09802238397086636,7.935204721637206e-05,4.491933995893783e-17,0.9018982623462357
567,0.9993622551269525,0.0006377448730460033,6.768887389305203e-06,2.556048498849704e-08,0.9999932055521267,5.325786663156191e-06,0.9999946692850347,4.099595503437562e-09,8.287048298868857e-10,0.9999676291655103,2.643315952094337e-09,4.4562225328539954e-08,1.7955939401738373e-17,3.232362895132412e-05,7.180798869133058e-08,2.784115566984025e-17,0.04401958213386512,3.1621040777652253e-07,0.955929625533454,5.040431428345374e-05
568,0.9998321658212782,0.00016783417872323882,0.4761056002619118,7.817826029176094e-07,0.5238936179554856,0.7363585814434945,0.007649206124855528,0.255992212431576,7.192695761284886e-14,2.095014229320161e-05,0.0012308377213824195,0.9987482113609825,1.0254188627958919e-14,7.753337679896004e-10,0.0013584552759406808,3.3950118220127414e-14,3.245029813566266e-13,0.9986415446707552,8.401485304300336e-14,5.285864132220223e-11
569,5.9148096599506e-14,0.9999999999999432,3.588309374288469e-23,0.999978792592693,2.1207407303942166e-05,6.689687525116476e-22,2.1495720243104845e-05,0.00017679371984696615,0.9998017105599111,1.9405268603099946e-08,3.169457672998497e-25,4.2984355725849026e-05,0.020071152976033995,0.9798858432629731,5.248760027487985e-25,0.02532593943114343,6.034114693128512e-08,3.4437835154138495e-05,4.943826752044046e-10,0.9746395618981738
570,0.999723266079143,0.0002767339208569541,0.0002354095924818373,3.689801410427892e-08,0.9997645535095021,0.0006548619795424088,0.9993443738879951,7.637002959996946e-07,4.321660754689086e-10,0.999228253880026,1.097703573957791e-05,0.0006729563146724947,1.5916414722980318e-15,8.78127695614999e-05,6.68899961611625e-07,3.5660028802253354e-16,0.9998468312759502,1.6757930958787262e-05,0.000135337182792144,4.0471033920519753e-07
571,0.9999999995395328,4.604660713796707e-10,0.9998357800481027,8.425297629206628e-15,0.0001642199518879355,0.9999682853894537,3.170924964746582e-05,5.360898764303989e-09,1.2730762531070377e-20,0.0018143073024642748,0.9981259649342981,5.972776190444169e-05,2.133374871125189e-22,1.3341362271495648e-12,0.9998397674006323,5.45129579915643e-22,1.9490930623661226e-12,6.173503438315415e-05,9.849756295862132e-05,7.847532293247275e-14
573,0.9999999999738414,2.615738628825454e-11,0.9999850504472136,1.3446992764680468e-16,1.4949552784347388e-05,0.9999978394440027,2.1597934537867766e-06,7.625452666504548e-10,9.036368603111375e-24,5.542002005642307e-05,0.9999370552917826,7.524688147072238e-06,6.993867591682815e-25,1.3266194160102172e-14,0.9999581990673754,1.2995958986324484e-24,3.473214302093365e-05,5.516852392856618e-06,1.5519372121198448e-06,4.825549385574759e-16
576,0.9999999989621742,1.0378243158242924e-09,0.9960218324466388,1.0403049148212604e-13,0.003978167553257979,0.997596766798163,0.0024032327210423217,4.807959854025193e-10,4.4969423990784925e-18,0.10942256798616964,0.8905725345584906,4.8963119860085475e-06,2.182019017380325e-22,1.1433566408771181e-09,0.4399946747646113,1.0459610333998389e-21,0.5565434982612367,2.866380849821638e-14,0.0034618268866728023,8.745000605780939e-11
577,3.279463830316441e-20,1.0,3.167430551226767e-30,0.9999999998673559,1.3264133838483707e-10,1.0624803226044086e-27,2.0961168062195697e-11,0.9878332824794863,0.012166717499555207,5.174698616471096e-22,3.2043519833605752e-34,4.135185877236194e-06,0.9999957056947769,1.5911934838557813e-07,2.929566432114973e-35,0.99999905920342,4.203675392768757e-18,8.213577530244749e-07,7.610880808538187e-32,1.194388253496564e-07
579,0.9999806880289094,1.9311971089608345e-05,0.011211622755032936,2.6281491683397e-08,0.9887883509634778,0.04750483538432785,0.9523054900443308,0.0001896745709789983,3.632898488438149e-13,0.837061273296771,0.014698246096202608,0.1482315591800048,6.432489279118793e-15,8.92142701823833e-06,0.000769189428674747,1.915849270782749e-15,0.9901498398561038,0.008229471012095646,0.0008514151099516405,8.459317208178571e-08
584,1.4847153989199566e-05,0.9999851528460091,1.5959190218421943e-09,0.18005251040140063,0.8199474880026789,8.764852342826037e-10,0.01581804828447908,0.9841795746276127,2.3762114218244875e-06,1.66400954785504e-05,9.166484016619622e-13,0.9986931174502995,1.8454670922834496e-07,0.0012900579065943775,1.1863723806553384e-12,7.005191680069499e-07,0.00031101506280302986,0.9987193665539046,3.210304885023042e-07,0.0009685968324525656
585,1.6323151575922462e-08,0.9999999836768511,1.2116208073711216e-14,0.9584424684877212,0.04155753151226589,8.052991436599181e-13,0.36579187963855614,0.5726390682058453,0.06156905215479446,1.3203629832176185e-05,8.243645799331009e-18,0.0008359042969009982,1.8564045902002946e-05,0.9991323280273652,3.9952032155919136e-17,2.8845710195825108e-05,1.1693778710578041e-06,0.0015074595918683307,4.9336795793976545e-06,0.9984575916404859
586,0.9999979115995992,2.088400399807591e-06,0.19641306588174362,2.047383195718534e-09,0.8035869320708707,0.6623255307425981,0.33765994377793773,1.4525479397795387e-05,6.718146319553176e-14,0.3461889002918644,0.5807491425146913,0.07306101978672978,1.0905224590748993e-16,9.374067129831527e-07,0.0025545271699699197,8.481253499964974e-18,0.9971538104076824,0.0002878328447079307,3.828680723367661e-06,8.96914132032242e-10
587,0.9999940751140333,5.924885965512467e-06,0.22224192940049453,1.2831366821027247e-08,0.7777580577681399,0.8352160002814534,0.1646027764311115,0.00018122328721999602,2.1376675501682308e-13,0.300485461070185,0.04820563800787204,0.6513082141356973,1.9687492108587785e-15,6.867862443517713e-07,0.012226244706607915,1.3817744798221193e-15,0.8938435898810901,0.09221761189884903,0.0017125367170773068,1.679637709817375e-08
591,0.9999999998985345,1.0146488021196951e-10,0.9995837804679608,3.9485734579737985e-15,0.0004162195320344889,0.9999214643470431,7.853528042113035e-05,3.725365657499494e-10,1.921225103835844e-20,0.0344076736426611,0.9655790420629196,1.3284288009706489e-05,1.4243866256318675e-22,6.407928727269994e-12,0.9984090105282412,6.786429688742446e-23,0.0005290651859758382,4.091359203935829e-06,0.0010578329264587,1.2049990595591224e-13
595,0.9999999999999964,4.758459281686894e-15,0.999999921613067,3.452570650399284e-22,7.838693262646363e-08,0.9999999557515028,4.4248497709975125e-08,8.383147832809017e-16,9.268081874894589e-28,1.0172663177910704e-05,0.9999898272820279,5.479344564861138e-11,6.112979330694327e-32,3.9428843774821075e-18,0.9999996043009213,2.9369687671309673e-32,1.5625562783231317e-07,2.5411245187490125e-11,2.394180399351589e-07,1.2156118193011695e-19
596,0.9999970243407083,2.9756592914168867e-06,0.01153751489852238,7.497859744253781e-10,0.9884624843516944,0.00967110536636096,0.9903288919385226,2.67631080143166e-09,1.8802244962683717e-11,0.999961994478309,3.333866413151382e-05,2.9362765661586176e-07,1.3058277329395666e-19,4.373229900148841e-06,9.273615491185423e-05,2.235668928147869e-19,0.9467479457427977,4.069650142164632e-07,0.0531578809307351,1.030206542091812e-06
597,4.087351810966012e-05,0.9999591264818929,2.0275072098953682e-09,0.06894674559467037,0.9310532523778242,2.6609419129463392e-08,0.5208900420782697,0.4788976772906557,0.00021225402165837016,0.002562559046856661,1.891563788727433e-11,0.926547886679794,1.1642589830647527e-06,0.07088838999544976,1.948562006054119e-11,2.185858932014056e-06,0.00016882747125633346,0.9327918267555205,0.00032413360439810247,0.06671302629040775
601,0.999999999902446,9.755308016867899e-11,0.9981905499966035,4.146838934891302e-15,0.0018094500033919,0.998568552964308,0.0014314469885505405,4.7141509170467594e-11,4.42734678431579e-19,0.054235726062534066,0.94576364395058,6.299192736502579e-07,2.85512854567504e-24,6.761044974753809e-11,0.9800651999010226,7.600774948574454e-24,0.01838735697125264,3.7082925055077785e-07,0.0015470722933072281,5.167447253225223e-12
603,0.9999999532118704,4.678813138155588e-08,0.10471343198411157,3.1674794543727434e-11,0.8952865679842145,0.08809674372951483,0.9119032550765884,1.1935846457852815e-09,3.116958786117149e-13,0.999923753253108,7.607686584938504e-05,1.2536230020528205e-07,2.3318814028873484e-21,4.451874057867034e-08,0.0074837112067744375,1.008084508972835e-20,0.6246987575840118,1.9848435982536e-06,0.36781542844650233,1.1791911386198531e-07
605,1.5098287951641836e-17,1.0,4.911710989347419e-24,0.8519624848854774,0.14803751511451954,1.720351167926447e-24,0.005851600544354943,4.411140777031049e-06,0.9941439883148685,9.391482640819868e-15,9.041926376824801e-29,2.178488349414412e-14,2.5474678001992832e-08,0.9999999745252882,5.135173593391564e-28,8.70168705353856e-09,4.002330298521572e-14,1.94099339958383e-14,4.809561936582596e-17,0.9999999912982531
606,0.8655219607965152,0.13447803920348295,7.39732761437076e-07,2.2396127658277114e-06,0.9999970206544733,9.58412143795876e-07,0.9999979350866756,1.0567812217706195e-06,4.971995973524373e-08,0.9988165767963353,3.1029820858017244e-10,5.70917646642094e-06,6.541735265549633e-14,0.001177713716833404,3.5344605544156547e-09,1.3683985186713012e-14,8.813910419293021e-05,5.07451614930015e-14,0.9996247680799226,0.0002870892813592381
608,3.8917788782418685e-13,0.9999999999996092,2.886542437669194e-19,0.4105968482601153,0.5894031517398829,1.4425734302914854e-19,4.282744750287865e-11,0.9999795585196997,2.0441437471346034e-05,2.6037389249314174e-15,3.009963464933186e-22,0.9962236257683053,6.354699714209436e-07,0.003775738761721853,1.0616221813449496e-22,1.0677124746547909e-06,7.818044772878785e-23,0.9910625047786863,2.865771284738471e-16,0.008936427508840822
610,0.9999999997440199,2.5598190870117693e-10,0.9186956142111201,6.58011776648444e-14,0.08130438578881334,0.8862411980656131,0.11375880189589917,3.848929516731736e-11,1.2260957442971134e-16,0.9916976847211079,0.00830223622052895,7.761621972165914e-08,5.82682912515395e-24,1.4421428403440734e-09,0.18586678431656894,1.0897126387961565e-23,0.06801911740707528,5.776401726970809e-07,0.7461135201300271,5.061552489083213e-10
611,0.0032481998431964153,0.9967518001568066,3.1349106727391546e-09,0.0012754280804659673,0.9987245687846266,1.826244995684852e-08,0.9978156974163818,0.0021830137253915417,1.2705957796112454e-06,0.011725005313844912,1.1576867686579233e-09,0.9465546480911735,3.357420197802917e-08,0.04172031186309462,7.362796947908797e-11,7.21241183266264e-09,0.9877910847921062,0.011076911848568672,4.1788316757143104e-14,0.0011319960732430355
612,0.9999999999919389,8.062824027638033e-12,0.9999462140448584,4.015837961416993e-17,5.3785955139918086e-05,0.9999773533330453,2.2646645937278057e-05,2.1018227845316486e-11,8.032776348560823e-23,0.003438181271911115,0.996560094333466,1.7243944851782506e-06,4.530911430280432e-26,1.36577159109291e-13,0.9991861196715278,1.2834236689809362e-26,4.315011902407461e-06,6.307228974517062e-07,0.0008089345936676577,4.15718191913368e-15
613,4.505896892554804e-08,0.9999999549410329,8.340775828996006e-13,0.928768174358003,0.07123182564116273,2.9084965275982296e-12,0.008556372724586115,0.9893967486651435,0.0020468786073592872,1.2344491223273159e-05,9.750547411818484e-15,0.9663702010766461,0.00047083348927040613,0.03314662094285341,1.125917429484554e-14,0.004526399212353956,1.1094470977578371e-10,0.980237668460978,5.137148354720979e-16,0.015235932215708552
617,0.9999992093060399,7.906939626749513e-07,0.0006773968958346697,6.046695277066273e-11,0.9993226030436972,0.00044571855395743304,0.9995542814224871,2.3331982173771517e-11,2.2031812132021817e-13,0.9998966229700148,9.423487981739131e-05,1.441744080508758e-06,6.316148684255199e-21,7.700406089696852e-06,2.660584238439856e-07,2.0651831644409298e-22,0.9999997257789651,7.666661764268103e-18,1.1365696432505263e-13,8.162499299842959e-09
619,5.697532133750276e-09,0.9999999943024704,2.4505944683664397e-15,0.6637329818782199,0.3362670181217761,7.891979074516557e-15,0.1834104593353228,0.0007866978916203442,0.8158028427730455,8.43023910601054e-06,9.143819091978944e-20,3.6857270131428764e-05,5.943696017332725e-07,0.9999541181211602,5.040641823519442e-19,3.35098024693371e-07,2.4570776521877165e-05,2.1400865095418568e-05,5.844376397677279e-08,0.9999536348165954
624,0.9999999999936087,6.392537604402067e-12,0.9999803574144246,2.147463387966467e-17,1.9642585574580012e-05,0.9999965176314757,3.4823524343335264e-06,1.6090524154591628e-11,1.1860128062111928e-23,0.00014701284887353537,0.9998517089658948,1.2781852129823988e-06,4.416591057765181e-26,1.996236666100149e-14,0.9999734067629878,4.727039053142193e-26,1.6015961005542395e-05,6.0058328384863e-07,9.976692720921685e-06,5.603322065744322e-16
626,0.9999999999858531,1.4146857989731294e-11,0.9992075471800471,1.6744654855057818e-16,0.0007924528199542415,0.9992078816158605,0.0007921183829949328,1.1443618735392484e-12,6.076202019133863e-20,0.12565368746664232,0.8743462259545738,8.656083600742676e-08,8.20302406131078e-26,1.7948014403712106e-11,0.8776127955570827,8.849741534751318e-26,0.1216786893758301,5.461904591896072e-08,0.0007084604468514002,1.1898206650765114e-12
627,0.7975559367166296,0.20244406328337208,7.227629256634768e-12,2.0863844625549002e-05,0.9999791361481483,8.02762349980422e-11,0.9563022715674836,0.04369772429842536,4.053813056441099e-09,1.2767019972315766e-10,3.7601609567100264e-13,0.9999788806170279,1.0914413447253165e-11,2.1119244008545115e-05,3.217547610423049e-13,4.5721455643819045e-11,1.3645784050158758e-09,0.9999925896354129,1.2863613638937516e-12,7.4089526786669895e-06
635,0.9999999979511927,2.048809080876483e-09,0.9943197273556932,2.328832891256581e-13,0.005680272644075458,0.9986585337606766,0.001341462354448707,3.884877667399257e-09,4.982698495429142e-18,0.014891792098919252,0.9850375375043747,7.06700908468628e-05,1.154135913642488e-21,3.0586027339935785e-10,0.9044832478951957,9.306800564422531e-22,0.09530489153771411,5.5838496863877336e-05,0.00015602204480715044,2.541845681287086e-11
638,0.9999999998963425,1.03658452557769e-10,0.9948039231404642,1.6494406490277204e-14,0.005196076859520034,0.9951814907379521,0.004818509204324032,5.772391860051058e-11,1.4722413682362448e-18,0.8424133120971508,0.15758608392361384,6.035709036662914e-07,2.1325869998505236e-23,4.0833065970371173e-10,0.8268376617036882,2.630600620793891e-23,0.0074105897141567,8.637225221676064e-07,0.16575088479607505,6.355710651899822e-11
640,0.0013833341255770199,0.9986166658744235,4.017661790631844e-12,2.5465568756736594e-05,0.9999745344272283,1.959393982133003e-12,0.9999304316794665,1.972447739147967e-09,6.956634612382343e-05,0.0747099200880088,9.914682778377295e-17,2.1797978017468924e-08,1.3478544932145792e-13,0.9252900581138801,7.375031038108305e-16,2.919875245741541e-14,2.6096710094447234e-05,3.348402049930646e-08,0.07012065915524072,0.9298532106506122
641,0.9999999999999076,9.209694651205118e-14,0.9999985473469728,3.750647266307705e-20,1.45265302855328e-06,0.9999994048656932,5.951342677840461e-07,3.8172683989561956e-14,1.4990243333514052e-25,2.8720559487921832e-05,0.9999712781454125,1.2950995499220755e-09,4.086797587314408e-30,5.157367955141546e-16,0.9999885211841862,1.4462478645015908e-29,8.735787900412436e-06,1.3371095853554005e-09,2.7416908042537406e-06,3.429624515234469e-17
642,0.9999999999999929,5.626394582427576e-15,0.999999960193695,6.16862979225923e-22,3.980630641388954e-08,0.9999999865509821,1.3449013436318893e-08,3.3685577984431207e-15,4.7921306212276505e-28,4.926483235861347e-06,0.9999950733745864,1.4217767868714293e-10,1.6709720289814525e-31,2.0913845042754483e-18,0.9999995857880807,1.6111948216435335e-31,9.244908058766362e-08,8.310845231483572e-11,3.2167973052062545e-07,5.311779167260244e-20
643,0.9999999999999893,1.1547594945433872e-14,0.9999997588852299,2.1393624181334847e-21,2.411147704517122e-07,0.9999998704646234,1.295353728659766e-07,3.1157574614526077e-15,4.457677104997313e-27,4.059726622536224e-05,0.9999594024365058,2.9726891828537913e-10,1.4706793860159284e-31,2.2315662313591653e-17,0.9999803966827913,1.1928442823399442e-31,3.647774077652022e-08,1.45324158625882e-10,1.9566694143505562e-05,8.103291120751957e-19
644,1.0934663547261242e-05,0.9999890653364562,2.6101875213105188e-12,0.009329927988979064,0.9906700720084135,1.126313016210459e-11,0.9981224689913132,0.00020873568776394837,0.0016687953096600336,0.0004941669343480132,7.945848582724749e-16,9.710360431331397e-05,3.1320809647052407e-09,0.9994087263292576,6.994807290764241e-15,2.514349224852469e-09,0.0010091255157610363,0.0003444201567308209,1.4202413254406742e-05,0.9986322493998973
646,1.0,6.074986527565681e-16,0.9999999791719552,1.7207629466347966e-23,2.0828045339842695e-08,0.9999999840666246,1.5933374854340057e-08,3.7058316422657055e-17,8.048710027305288e-29,9.372538655890179e-06,0.9999906274571376,4.206679458441245e-12,9.185073508625408e-34,7.833963574123867e-19,0.9999994133013066,4.31160040648641e-34,5.928551600967507e-08,1.9374514631532538e-12,5.274112406994807e-07,2.1399073859278722e-20
649,0.9999261350043612,7.386499563750637e-05,7.837998320101355e-05,6.779654604214925e-09,0.9999216132371435,3.346254763944085e-05,0.9999665363446355,8.455766624875199e-10,2.6215014368702107e-10,0.9999774241584893,1.6099359982969992e-08,4.392755756643762e-08,1.375436024515358e-18,2.2515814592135933e-05,3.5618301794661696e-07,5.5602066647661916e-18,0.024822058460793724,1.8029734054479908e-07,0.9751519610160148,2.544404283505881e-05
651,0.0006763233401823875,0.9993236766598194,3.140641067293488e-11,0.00017348586417952953,0.9998265141044138,2.3447980257331395e-11,0.9999542906307765,2.5349159504655435e-07,4.545585417862707e-05,0.17287791633145086,7.725058446809347e-23,8.757311502721814e-07,1.4668925818896398e-11,0.827121207922732,6.180224083265637e-22,6.169477960616067e-13,2.5937559941218744e-06,7.734906497170083e-07,0.5378344041791261,0.46216222857361405
652,3.1667797859212476e-18,1.0,8.296313506083164e-36,0.9999998288263616,1.711736377220567e-07,6.482221949348961e-36,8.43505190648771e-12,4.165681103769525e-07,0.9999995834234541,2.8890125632359782e-28,4.947522917106125e-40,8.10958996141722e-09,0.002781678117779051,0.997218313772632,5.612451131912619e-40,0.0007855490865690094,1.7886850249062528e-20,1.4616736625541407e-09,1.2914482042736295e-29,0.9992144494517573
653,1.0962969903656404e-24,1.0,1.531088143749986e-38,0.9999999999984794,1.5175654774708604e-12,4.282155752311471e-37,1.4449666376781376e-13,2.8677100785665266e-06,0.9999971322897757,1.2385364878731357e-22,2.7881285651897423e-43,8.235151668637251e-11,0.9995302690583069,0.00046973085933799883,2.5450387718132654e-43,0.9982189728377135,3.3817766033462464e-21,3.7651035160782595e-11,1.5264732797251898e-30,0.0017810271246361102
654,0.539072855781316,0.46092714421868314,1.374671083847197e-07,8.647001056244885e-06,0.9999912155318368,6.303751842893096e-07,0.9999668449099506,3.2479957272517736e-05,4.4757595092975454e-08,0.9903351023039642,4.6324513249429296e-09,0.008069974134290942,4.60786983359574e-11,0.0015949188832154993,4.449272808321764e-08,2.947869375509787e-11,0.9895101315413345,0.005508636642176497,0.004418339074378716,0.0005628482199000484
659,0.9999994954837412,5.045162597812798e-07,0.3737904248429539,7.476024328815119e-10,0.6262095744094437,0.6736513592164981,0.32634482028008194,3.820503381080254e-06,4.22240936489265e-14,0.9850504652231351,0.014356754995647,0.0005927239854237391,3.692768681246285e-17,5.5795796541235855e-08,0.11369477825400831,1.4544396808350045e-16,0.2289945349039969,2.353239508188223e-11,0.6573106599047734,2.691368913416148e-08
660,0.9999999999901164,9.88431465589159e-12,0.9999439703514054,1.386311073762798e-24,5.602964859358119e-05,0.9999871917259584,1.280827404248062e-05,1.233724060012995e-18,3.914613972629262e-30,1.1300346460725838e-11,0.999999999988546,1.6664575415179083e-14,1.5028687855683903e-33,1.3710058766334805e-13,0.9999981944545369,3.622744189631401e-33,5.964237571665177e-12,1.8055394462303807e-06,5.34086751575801e-14,7.595828701401607e-23
661,0.9998647619966928,0.0001352380033097371,0.00012313424777667974,3.868190168707436e-09,0.9998768618840299,0.0001859375234037337,0.9998139311995307,1.3126122065184697e-07,1.5842027168288462e-11,0.999835913318309,7.337993971098645e-06,0.0001308348569748826,7.502587658205226e-17,2.5913830742285022e-05,2.126498582453084e-06,1.4835350372445707e-17,0.9998102718827804,8.696997530667817e-06,0.00017858534467454125,3.1927642942702017e-07
662,0.9999999999187281,8.127204790195002e-11,0.999886223108147,1.0713848438176521e-15,0.00011377689185055574,0.9999710135519028,2.8986400231380955e-05,4.786541380354969e-11,6.036363956140928e-21,0.002535659856126149,0.9974627418455735,1.5982961718003847e-06,1.222807113624663e-23,2.1279207572670136e-12,0.9996335025168986,7.017456962045027e-24,0.00034704234613849177,5.586029231886133e-07,1.8896533993454937e-05,4.683792719947195e-14
663,0.584861642316076,0.41513835768392693,0.0032282143227348,0.0009949377150872678,0.9957768479621779,1.35655630569446e-05,1.8205176928380657e-05,0.9999682292599154,9.64405690900448e-14,1.1412793228007336e-08,3.310106230821618e-08,0.9999999552615374,3.926452246154089e-12,2.2068208354283617e-10,1.61459665515933e-08,1.0601258551668252e-12,4.309733165469672e-10,0.9999999833936998,1.4885866800951058e-16,2.8300810117596834e-11
666,3.646604641315657e-06,0.9999963533953586,3.8489720260526865e-19,0.020982022936384407,0.979017977063616,6.5181175603190195e-18,0.9783185424503273,0.02150290347790569,0.0001785540717649902,4.680593074539244e-05,5.311322966892538e-21,0.032053750861529215,3.34100965995636e-08,0.9678994097976314,5.019719546461132e-21,2.38935146198115e-07,0.023734263647678527,0.02878270661357615,2.1676646449855707e-07,0.9474825740371361
668,0.999999999340826,6.591737976803066e-10,0.9847398668814569,1.3984298116724694e-13,0.015260133118402673,0.9866127874610177,0.013387212284360794,2.546219220511349e-10,2.8171728963852396e-17,0.8063337212079341,0.19366383100145496,2.445584969754438e-06,9.283941183838209e-23,2.20563971938646e-09,0.48982953787271305,1.74418171063468e-22,0.4928904201881723,2.4038982662100543e-06,0.017277637787329395,2.5351767297448894e-10
669,0.9999879522663019,1.2047733697341936e-05,0.0005571633208953393,5.081225191933224e-10,0.9994428361709816,0.00022051008439209137,0.9997794897302138,1.6984963228579742e-10,1.5544748110187727e-11,0.9999835334367868,6.91723833751854e-07,9.077189719145267e-08,2.7134999021158404e-20,1.5684067485598013e-05,1.0427889321650948e-05,8.636351019405201e-20,0.7164703624448013,8.696254793719174e-07,0.2834884379412755,2.9902099123934957e-05
673,1.0,2.250601963229614e-16,0.9999999933486361,3.757265624281379e-24,6.651363207376885e-09,0.9999999953529439,4.647056796523599e-09,1.5805200677864277e-17,1.0680362323549816e-29,2.1334963833913886e-06,0.9999978665016322,1.983824463385807e-12,9.829741501518485e-35,1.2088559612943827e-19,0.9999998261246423,6.068350868489122e-35,1.725063860870514e-08,1.0830211193862148e-12,1.566236366939211e-07,4.190021682768374e-21
674,0.9999999999999574,4.2613569158572467e-14,0.9999993855881191,1.1174285348412044e-20,6.144118802632548e-07,0.9999997375058374,2.624941524697509e-07,1.1468591677763147e-14,3.867888275185907e-26,5.198404480016773e-05,0.9999480150572637,8.979362904157236e-10,3.0186053108146307e-30,1.246705211261858e-16,0.999989305368171,7.12897095120174e-30,7.0127624502170615e-06,5.842581368936117e-10,3.6812851191701047e-06,5.3157080531609906e-18
675,9.63788589350524e-06,0.9999903621141081,1.5816687001735347e-10,0.09004725135802166,0.9099527484838151,3.092550979608856e-09,0.43094570295573953,0.5666674884715114,0.0023868054801950978,0.0007224014397650885,4.689427692806772e-13,0.8478117251375682,4.198294913033744e-06,0.1514616751272873,7.051100779782354e-13,2.049810464172532e-05,0.0018646631826682903,0.9078043104518897,3.240339436573145e-05,0.09027812486572628
678,0.9999999994797939,5.202073496699962e-10,0.9900374088994947,3.832252504230072e-14,0.009962591100468843,0.9930328502865581,0.006967149245158759,4.682824698554287e-10,1.0375510576719158e-18,0.9999959794875116,2.7774562601837953e-09,4.016344546121687e-06,9.751072032527947e-23,1.3904875240203035e-09,9.053022584478831e-10,2.4381298210202467e-24,2.0570932676969027e-06,7.183457581373793e-07,0.9999972236222087,3.346441963399888e-11
679,9.47298905643439e-17,1.0,1.0335401539383322e-21,0.9624569223793907,0.03754307762060735,1.0325301621523264e-20,0.008823804360335462,0.9846267082102803,0.006549487429381932,6.533275860499945e-14,1.2435331803294167e-23,1.0563888332153245e-09,0.00042903530167316163,0.9995709636418678,1.0821189212700267e-22,0.0009201866119019555,3.935506116842481e-06,9.750784672248797e-09,1.8882980469976216e-29,0.999075868131192
680,7.375664031223047e-10,0.9999999992624353,1.772097215229133e-23,1.3289516521838907e-05,0.9999867104834764,5.988747896860705e-23,0.9999998300386681,2.1683335797781159e-13,1.699611175096281e-07,2.8478423368910576e-07,4.0058131892570606e-23,0.1080250180701282,2.214159775888287e-18,0.8919746971456393,7.198438659267307e-25,7.106610631987125e-20,0.9964687977974361,0.001001590632312003,4.008152588205909e-19,0.0025296115702510367
681,0.9957583639166689,0.004241636083327668,7.113517912952334e-06,8.939955661991175e-08,0.9999927970825332,8.377641263775297e-06,0.9999915085289144,1.1218546419584816e-07,1.644356553865034e-09,0.9985207103339463,1.244827873731958e-06,0.000473332070195229,8.943700170891448e-15,0.001004712767973652,1.2558130717725022e-08,6.650757479021939e-16,0.9999793451474185,2.4234752824149933e-06,1.6549973328934317e-05,1.6688458355458852e-06
682,1.7373540372528259e-10,0.9999999998262652,2.042703842102231e-26,0.16705465751910958,0.8329453424808878,1.4854398116642477e-27,0.08290169210842788,1.30466844326413e-09,0.9170983065869007,2.8165235061778225e-07,1.601629141036271e-42,1.4453346722208023e-12,3.874364126584385e-12,0.9999997183423274,5.2786277716450266e-42,2.102963597762708e-13,1.9680852888646666e-10,1.1644129230066861e-12,4.627956420649482e-08,0.9999999535222497
683,0.00034293653708645545,0.9996570634629169,7.96385806374885e-11,0.00022785626454079204,0.9997721436558228,7.663815351665072e-11,0.9999175160224821,8.176860113446022e-07,8.166621486489737e-05,0.1940534231498514,8.15204340376284e-22,5.571193362503044e-06,7.296121746390543e-11,0.8059410055838225,8.357437353014873e-21,4.3963992832020524e-11,1.1041515992518847e-05,5.383383690366391e-06,0.3105028300413863,0.6894807450149686
690,2.1413773175408913e-09,0.9999999978586231,1.5224775077989392e-16,0.806388273191787,0.19361172680821512,2.1419063854815213e-16,0.18221245648355205,1.4840632507138835e-05,0.8177727028839439,5.97178463958027e-06,1.7310660405832995e-22,4.9456469165746325e-08,4.225134381877184e-08,0.9999939365075448,2.0975635532785048e-21,3.036698739914142e-09,2.020548303826807e-17,8.955008773720813e-08,6.570408260380913e-06,0.9999933370049523
695,0.9993357002664743,0.0006642997335224537,0.004791383069864795,2.747419758935623e-07,0.9952083421881589,0.04667800904040883,0.9526846855422183,0.0006373053195168503,9.785616483295244e-11,0.24205640795945357,0.0009462030105331593,0.7569359257579295,1.938093463231785e-13,6.146327189343212e-05,0.00030123463950247305,1.5578213093009402e-13,0.8663876727060484,0.1324039773963211,0.0009053397219478116,1.7755360259621203e-06
696,0.9999999999995488,4.5208883708724266e-13,0.9999950998562543,4.978821112104856e-19,4.900143746034843e-06,0.9999979932035529,2.006796113444405e-06,3.3237206699125217e-13,1.0788037428139942e-24,0.00020372816733961254,0.9997962616791678,1.0153489539432169e-08,1.9234916596327884e-28,2.4143402101965448e-15,0.999977259227263,3.1236456399537183e-28,1.0921821492297382e-05,5.456444628131544e-09,1.1813494801456613e-05,7.785309977885153e-17
697,0.9999997656216014,2.3437839973681167e-07,0.6885139783899027,3.403383919590913e-10,0.31148602126975977,0.7803279681016295,0.21967017041855236,1.8614797880458154e-06,3.14787156710618e-14,0.9017843751432386,0.09744175195905434,0.0007737760201116244,8.878435187650032e-18,9.687759655195271e-08,0.4916009239349746,1.1520077428089036e-17,0.0319979466560597,0.0036639184488643944,0.47273717808176835,3.2878334589096974e-08
698,1.520819105492577e-06,0.9999984791808938,1.4418021185712549e-13,0.018628088653043422,0.9813719113468143,1.287376002583041e-12,0.9986458347251848,0.00025466991328681804,0.0010994953602402927,2.0522661628887898e-05,3.000273730597021e-16,0.00023792496933233836,1.576676936631967e-08,0.9997415366022683,9.909954009071646e-16,6.57597872423768e-08,0.19433553715359042,0.0004384308115629808,2.5000615792752044e-15,0.8052259662750558
701,0.999679103512383,0.0003208964876137095,0.0007716457461052538,5.2414034438131054e-08,0.9992283018398633,0.0011722027077155366,0.9988254472439063,2.3500002596276977e-06,4.8121836739454255e-11,0.9999232776130176,1.1291843399107395e-06,6.272771367816688e-05,6.269832979453078e-16,1.2865488962737026e-05,1.1611173799242965e-05,3.191365412756275e-16,0.002961932649779601,0.00023407675037984032,0.9967885454807096,3.83394532993713e-06
702,0.03759736464501647,0.9624026353549823,3.8640406738387494e-05,0.0022427176037564433,0.9977186419895024,5.037967300770572e-06,0.000543992554867571,0.999450969330146,1.4768418486599352e-10,7.429782078784668e-08,1.2917667116555982e-08,0.9999998698333683,4.32114312236168e-11,4.2907935557970724e-08,5.484620959459105e-09,2.0317974782428338e-09,0.00043932553730292683,0.9995606581866744,1.2887102566998888e-10,8.630729943808135e-09
706,2.8729619989677516e-17,1.0,2.903183680441433e-28,0.9999999727039824,2.7296015621401896e-08,2.5403639055631038e-27,3.3598057355194847e-09,2.6362756728409575e-05,0.9999736338834655,2.923859144916724e-12,4.6279591483435863e-32,1.4094261977686192e-07,0.9962891503996268,0.0037107086548314222,7.108527313448306e-31,0.9772618498646688,5.3318341286974624e-14,4.7030797814115206e-07,3.3599930032938015e-12,0.0227376798239389
707,9.912262111225904e-19,1.0,3.9765506862162666e-25,0.9797484049582575,0.020251595041745545,1.8762777151751848e-23,0.08487007010807077,3.320976211327787e-10,0.9151299295598343,2.1171430653624486e-15,1.6916668091388018e-28,0.000193512904716638,1.834327789333727e-14,0.9998064870952601,8.185257774425692e-29,3.403523321117659e-14,1.6885321295587753e-06,5.4910139335931886e-05,2.0229944623575006e-27,0.999943401328497
710,0.0055600292381182866,0.9944399707618805,2.3171602476065128e-06,0.012098973149418794,0.9878987096903329,3.053343141312728e-07,0.0014590183932003437,0.9985406731774847,3.0949995770157953e-09,5.187939139438369e-06,2.3139529159274806e-10,0.9999944468383789,1.5761143274370188e-08,3.492299418888548e-07,4.334636561998757e-10,1.0869719078810236e-08,3.1783776166993474e-07,0.9999996163853123,2.0263618051943068e-22,5.4473745877138527e-08
714,0.9999999999988916,1.1079204550209191e-12,0.999988587849321,3.399377009041861e-18,1.141215067730702e-05,0.9999897670069207,1.0232992762680944e-05,3.1536494561474223e-13,7.286431495611272e-23,0.014800878601387278,0.9851990985039415,2.2894488077893315e-08,4.129425678655231e-27,1.8453093755580262e-13,0.9994641595356231,4.567429354779878e-28,7.661269481411107e-06,6.839813704070874e-09,0.0005281723550780791,5.014899813791363e-15
717,3.4769820478294675e-12,0.9999999999965254,5.602407377981209e-27,0.9972945506324427,0.0027054493675571505,1.6736823304983725e-25,0.005131039952505501,0.005611426275457567,0.9892575337720348,4.335630154897298e-07,4.073023641884256e-31,2.6994648844544478e-05,0.00021127624939658185,0.9997612955387435,1.6403931456525878e-30,1.9382063517198552e-05,5.0560541690014156e-11,3.730008331647906e-05,1.2874045996982893e-06,0.9999420303980069
718,0.9649393402861451,0.035060659713856156,1.9991009245520025e-06,6.069108397770084e-07,0.9999973939882373,6.130598967794519e-06,0.9999882741521977,5.593075751131415e-06,2.1730834246280665e-09,0.9989890297422089,1.0797245299811123e-07,0.000871135301730063,2.475261886727865e-13,0.00013972698336013912,4.573439913171704e-08,8.586159952431546e-14,0.9996630175380031,7.052679962423994e-13,0.0003316977762083155,5.238950598222211e-06
719,3.78059868659952e-27,1.0,6.3069043508143065e-49,1.0,1.660390066611201e-15,3.3236706566690106e-47,3.74124238890004e-17,2.4385153622321146e-06,0.9999975614846366,7.254213157349748e-28,4.583419247011724e-56,1.7664803480430875e-12,0.9999999967684303,3.229806614302683e-09,1.407661470214808e-55,0.9999999786801157,2.414621755091389e-33,1.1164874566355554e-12,9.213812941310832e-53,2.1318767725466404e-08
720,1.5692155730939635e-12,0.9999999999984297,1.0319400655178382e-27,0.9999190283521677,8.097164782924861e-05,1.4845501830738452e-25,0.00037106231096497737,0.9174979273981282,0.08213101029090775,2.9865165757387114e-07,4.073283843760815e-29,0.0036318718997881715,0.178515738640308,0.8178520908082437,4.902192737939211e-28,0.03996848372243723,6.649151812071537e-08,0.006909740821259622,3.3326145091558993e-16,0.9531217089647873
721,0.8546508334454938,0.1453491665545073,1.3008710165011485e-05,9.843145840375836e-06,0.9999771481439953,0.00020793376594374397,0.988878822881401,0.010913239183670494,4.168982222524885e-09,0.06753919271678148,2.465579447470593e-06,0.9321492357760702,2.3852448414493395e-11,0.0003091059038475851,2.2111851841187936e-06,1.8161330476379186e-11,0.0015649678943182596,0.9983172188254472,8.77727741113423e-11,0.00011560198911340295
723,1.1390513011343657e-31,1.0,5.409814815799966e-48,1.0,3.975812746956973e-19,3.2267594736191225e-44,3.3840227323529657e-19,0.005235892631501652,0.9947641073684934,4.623642712580861e-36,1.3386200515775327e-55,9.770511767252218e-15,0.9999999999998863,1.0322380995733642e-13,1.0714223238514602e-56,0.9999999999998224,2.8714284288992007e-40,2.2720999147590763e-23,3.0778612691636932e-62,1.7711628197839923e-13
724,1.6016981881298774e-13,0.9999999999998366,3.8368261200462176e-20,0.9999868500071503,1.3149992849177819e-05,1.0929321922715734e-18,1.9084996189394143e-06,0.9729086608875007,0.02708943061288367,1.3925602823943365e-11,1.5245766489926568e-20,0.4715459677949466,0.37353030906088863,0.1549237231302421,1.2945541985584788e-21,0.9677735681253122,3.7478287547593903e-06,0.022574926555597005,1.1116701415907942e-31,0.009647757490338693
725,0.998364524579412,0.0016354754205881482,0.017638948736156762,2.9323906427875643e-06,0.9823581188731995,0.3491852143994604,0.5141858610341192,0.13662892449347339,7.294485637306614e-11,0.0003793625939134553,0.0007259044659830948,0.9988943423445357,8.381281252336569e-14,3.9059548703179577e-07,0.0005475011506581309,8.910095013453196e-13,0.0502608147696413,0.9491873951902783,4.194937324139902e-06,9.395120941722492e-08
726,0.9999999999945786,5.419850374785708e-12,0.9999435743796887,2.4230577220395228e-17,5.642562031197023e-05,0.9999780450812674,2.195491445365904e-05,4.2788824022644625e-12,7.148306210020333e-23,0.0010126767845187316,0.9989872541534821,6.906192761115194e-08,8.121417655791093e-27,7.065356855284687e-14,0.9999836667316329,7.863125480930418e-27,1.6266554658233866e-05,6.67109549833265e-08,2.7504048309135667e-12,4.4443233497486285e-15
732,0.999999999998824,1.1771683857906145e-12,0.9999764137828814,3.2463305954799707e-18,2.3586217118915997e-05,0.999984849812945,1.5150186817737096e-05,2.38109819527115e-13,3.23183607102129e-23,0.0068432248925771036,0.9931567560057839,1.9101474256832935e-08,1.8037807612400544e-27,1.633155777589993e-13,0.9985879509439424,1.2865490522550693e-27,3.1154892431906796e-05,8.483926130823436e-09,0.0013808856796917637,6.566265083979783e-15
734,0.9999999999973888,2.609972682572685e-12,0.9999725009305943,1.6189951056747272e-17,2.7499069405156937e-05,0.9999925995712599,7.400423341103927e-06,5.399456759783047e-12,2.664489793376705e-23,0.0008896545060977305,0.9991101544646737,1.910292002010839e-07,1.9506317832051624e-26,2.7142148677154187e-14,0.999848025598024,3.5701073651187767e-26,0.00011798053169213263,1.0440830033984418e-07,3.388946198294951e-05,1.0602417464125694e-15
741,6.334940252910681e-11,0.999999999936648,2.2409467358525485e-32,0.7750004056560855,0.2249995943439199,2.3668589237397432e-31,0.9999901820212861,9.797178233605019e-06,2.08004767219662e-08,2.4428045707528503e-09,1.2961760895098718e-37,9.805457801427463e-08,1.7635436919405382e-09,0.9999998977390713,9.24955774125097e-37,1.779250398577725e-08,5.2880883476855525e-06,5.250137887597891e-15,1.0951731229567635e-49,0.9999946941191457
744,0.9999997056117429,2.9438825996262225e-07,0.9027394714714361,4.635010134968761e-10,0.09726052806506638,0.9689333976633887,0.031065851669215543,7.506673758185266e-07,1.8830920885351322e-14,0.9503835722653553,0.04633536130234065,0.0032809319780271974,8.937262362341404e-18,1.3445427453625217e-07,0.5195153517169683,1.778972293408406e-17,0.020904923897374774,0.004487026166173665,0.45509264283199485,5.5387490859061975e-08
745,0.9999999997990443,2.009558837889743e-10,0.9990649937177312,1.2728514277435128e-14,0.0009350062822556799,0.9997057481072512,0.00029425163467844005,2.5807096789775795e-10,7.10148115675177e-20,0.012167235607562006,0.9878278349292492,4.929453690204595e-06,3.7937237643944655e-23,9.49779470425909e-12,0.9928437423472756,6.48253335060126e-23,0.006815285834194702,2.142719534807195e-06,0.000338829098560385,4.3313665603031433e-13
746,0.9999999919867157,8.01328479838061e-09,0.8665058770897232,5.660436111166208e-12,0.13349412290461704,0.8669227440714746,0.1330772481800051,7.748515756717609e-09,1.918342800849955e-15,0.9302137130465763,0.06977073227558485,1.553691390355664e-05,1.907046886681816e-21,1.7763931963499594e-08,0.10321253125323115,2.01046384967341e-21,0.8840936485941631,1.837662021059343e-05,0.012675441131679836,2.400714487208164e-09
747,0.9999999999958611,4.13997093253889e-12,0.9997821398039403,4.872362721783055e-17,0.00021786019605858796,0.9998976683856556,0.00010233160832320142,6.020535911751812e-12,1.9888934052204818e-22,0.011314052225038604,0.9886856957317707,2.520428400108054e-07,4.131242260369882e-26,3.4926939470634775e-13,0.9993429271208799,2.6207539804420464e-26,0.0002152758176308782,1.102760954414923e-07,0.00044168678538644853,8.758249878058132e-15
748,0.9015850196750956,0.09841498032490255,1.0969147981300561e-06,1.3464519524030332e-06,0.9999975566332474,9.574765840569654e-07,0.9999986681128578,3.544206674512892e-07,1.9989893496734837e-08,0.9978408868791595,2.1816695217707124e-09,4.569396411554964e-05,2.078402797436645e-14,0.0021134169750379296,8.184220416673837e-09,3.3684308878207726e-15,5.322915229292185e-05,7.16273011810368e-05,0.9989375307453265,0.000937604616976563
750,5.853113593803887e-17,1.0,2.6289339283756175e-26,0.9999999633889451,3.6611051647525165e-08,7.284000595801443e-24,5.889939625116564e-08,0.045779644433313435,0.9542202966672878,7.263464708345089e-14,1.310081561439848e-29,2.9816399156374363e-05,0.9975655157555641,0.002404667845206018,2.0272958412328728e-29,0.9912098910050988,5.564443487069541e-22,3.635463192864143e-05,6.243342597875396e-14,0.008753754362910189
752,0.9531974734879443,0.04680252651205305,7.2717705395038566e-09,9.434263407919711e-08,0.9999998983855941,6.113356989875993e-09,0.9999999658760578,2.104807310350746e-09,2.590577602965859e-08,0.9998443307692809,9.50346691474304e-13,8.981740840175445e-08,8.022775594106307e-16,0.00015557941235834713,5.08748401217918e-10,4.116728429441454e-15,0.240018718441163,3.355494650923654e-06,0.7586848561249352,0.0012930694304997218
754,6.793428389063903e-11,0.999999999932065,2.484423710870905e-17,0.9994071707843718,0.0005928292156316063,4.941086616126301e-16,0.000304522963679746,0.9958540704256736,0.0038414066106481435,1.1622157689062792e-06,1.0937910010830878e-19,0.07388233638422126,0.0277344055293113,0.8983820958706963,5.275820927493862e-19,0.0012176665487375572,1.9223110531063726e-11,0.16029823655151237,1.6357122028880774e-05,0.838467739758495
758,8.173260017166629e-36,1.0,4.206642003836961e-61,1.0,2.721219182802705e-17,2.856447794652517e-60,4.3599242150098363e-26,2.0917412330194017e-08,0.9999999790825884,1.1735907068002389e-45,2.7294287703740847e-76,3.6697679801624987e-26,0.999999999876664,1.2333628706673238e-10,1.8221590284225698e-75,1.0,5.867589266798449e-43,1.1666692352935152e-17,3.2198379149540395e-54,2.264991700873643e-16
762,0.999995318042114,4.681957885635058e-06,0.8894986881981161,1.552338159376168e-08,0.11050129627850482,0.9900835501777053,0.0018438779715204262,0.008072571850773771,4.792940547737169e-16,0.00038954149880287626,0.0386807971637639,0.9609296609597784,1.2198726955769772e-15,3.7765103202960217e-10,0.02451297212455358,2.039024570240719e-14,0.01828959828715908,0.9571879496273078,9.479921448292707e-06,3.95089221395286e-11
763,8.439752617244366e-13,0.9999999999991545,1.751341398167907e-20,0.9999477371293922,5.2262870607729296e-05,2.045003805635282e-18,0.0001606955698536593,0.9289922877189831,0.07084701671116159,1.485950772416507e-07,2.5873008801535157e-30,0.01680271626525804,0.6834213600271818,0.29977577511248354,3.131117905139799e-29,0.041923286766611854,8.152487732277182e-11,0.04415940584330973,8.481901384155554e-07,0.913916459118413
766,0.13101064952094452,0.8689893504790521,8.80470497140475e-08,8.629931337248261e-05,0.999913612639577,1.1307524412786391e-06,0.997748403189121,0.0022488215114981488,1.6445469382156752e-06,0.8513365082512282,1.4671996931065962e-08,0.13536492321463617,5.935174796583781e-09,0.013298547926961808,1.5568560226421022e-07,2.8017836910191993e-09,0.020207429699824773,0.2835822765806898,0.6883505368851411,0.007859598346958856
767,0.9398326912105576,0.06016730878944522,1.112277425182484e-06,5.699804624459965e-07,0.9999983177421125,2.7157271445971755e-06,0.999996582620659,7.003489321895436e-07,1.303267012238303e-09,0.9921440929641882,9.970145832918208e-08,0.0008010366579047447,1.6077684895839454e-13,0.007054770676286575,1.8456128089265318e-07,1.5581403746211534e-12,0.9328671060093169,0.0005855498786995031,0.06236013523600611,0.004187024313136498
768,1.4155061369508982e-07,0.9999998584493881,6.064149457350064e-10,0.9966416820536345,0.003358317339949688,8.780451787862965e-15,3.698906459454117e-11,0.9999999999629168,8.486136419001353e-14,1.665804079808101e-15,1.0232889729177757e-15,0.9999998119613344,1.880037439608447e-07,3.491815134951156e-11,2.8050885415877624e-16,6.08154701558747e-07,1.2401508174151716e-21,0.9999993918390475,6.582795729778395e-32,6.249798715176007e-12
771,5.560434843025052e-28,1.0,2.3688854988391198e-58,1.0,1.6171203708502888e-19,6.1887478361721945e-56,1.0512686591723455e-18,1.0,1.2386274546956145e-25,1.9953770033358698e-36,3.0162992616205495e-59,3.523551378343681e-26,1.0,1.3662399693880336e-15,8.618883769410069e-67,1.0,2.506923917958117e-31,5.820960683271098e-34,2.8190851861002394e-52,1.8475862241613713e-23
772,2.817360730423516e-17,1.0,4.270164805702372e-34,0.9999999428236864,5.717631623206771e-08,5.061312747194817e-31,7.564495048884311e-07,0.3230741575882162,0.6769250859622814,4.675603355271791e-13,1.4924413581982511e-36,0.00014614015990839418,0.9968461568898389,0.0030077029497883032,4.781342447610572e-36,0.98988713908201,1.2184102783199446e-14,4.653070520999886e-13,2.713528461541904e-21,0.010112860917511615
775,7.855416423160184e-09,0.9999999921445806,4.6114495379912416e-07,1.165071120300021e-12,0.9999995388538776,2.0047664905531357e-13,0.9999990529024396,9.813364670068651e-11,9.469992264252709e-07,1.6200958740976059e-09,6.139103744690365e-15,0.999999994700076,3.665494139668612e-09,1.4329154217855125e-11,4.1297596500063094e-16,3.288924733370567e-18,0.9999948358332961,2.2644492658997691e-10,5.163939836291501e-06,4.249556048132768e-13
778,0.9999985213179049,1.4786820936163228e-06,0.9903030739340567,3.16383287063435e-10,0.009696925749556393,0.9986354151665195,0.00019968409567651526,0.0011649007378051563,1.7917117471973086e-17,2.2955391843733692e-05,0.664775416744081,0.3352016278435654,3.2671399933608724e-17,2.0511188023135708e-11,0.28111750698665117,2.6742451007337993e-16,0.0001204737866543715,0.7187600858211871,1.9334036129817027e-06,1.8966702293814876e-12
779,0.004506322144766554,0.9954936778552328,1.227093403282005e-12,6.0866008409659165e-06,0.9999939133979292,3.760972186456684e-13,0.9999932673532095,1.4758290037704453e-10,6.732498828500197e-06,0.5982776671555543,6.489481880511e-16,4.8542126652024614e-08,1.7894615223235863e-13,0.40172228430214246,2.946249724355976e-14,1.53021845459917e-13,0.0018025667404009758,8.54590750556073e-08,0.03038817143225497,0.9678091763680862
780,0.6429644678989155,0.35703553210108224,1.9422096101801668e-07,7.031449599499049e-06,0.999992774329442,2.5967338333220927e-07,0.9999979066892192,1.6633454086145889e-06,1.7029198963735387e-07,0.98296263362533,6.859739225156754e-09,0.00029735509529824213,5.396193524791318e-12,0.01674000441423352,2.3656500187866548e-08,3.9795160258066535e-12,8.693133896636722e-11,0.0004592728938535412,0.9918633346179622,0.007677368740772392
782,0.9995190881363091,0.0004809118636929208,4.593702849124727e-05,2.0176255554526176e-08,0.9999540427952517,5.940610694186763e-05,0.9999404649396875,1.2887789825180272e-07,7.546987287177373e-11,0.9999888044145575,1.5241873182918923e-08,3.5777335951795283e-06,1.681356471736589e-16,7.602609971747982e-06,3.256312980054438e-07,4.520798685544435e-17,0.000364571011367656,8.870181924988605e-06,0.9996236626044621,2.5705709502222257e-06
786,1.2814757575464546e-16,1.0,6.93817404567332e-26,0.9999996910034719,3.089965286788952e-07,1.2990407429556687e-23,3.0113612197672086e-07,0.044914638800033845,0.9550850600638436,2.4147329979781237e-13,5.102393509188048e-29,6.486982584869864e-05,0.9983219340309282,0.0016131961429784387,2.3774258438454625e-29,0.999259300296519,4.016072034958475e-12,1.7308722709402083e-05,4.226836582280466e-23,0.0007233909767589613
790,0.99892375508591,0.0010762449140910735,0.00010397743652692178,6.791140385505366e-08,0.9998959546520685,0.0003220872442702673,0.9996754122052786,2.4993225960168155e-06,1.22785229525358e-09,0.9979215847660651,8.29928778740978e-06,0.0019561791717187223,1.6157572600207886e-14,0.00011393677440938067,5.821043871633143e-06,1.2710201337583162e-15,0.9994115588600366,0.0003605186414433495,0.00021994244730148986,2.159007344342959e-06
791,0.17724200549629046,0.8227579945037107,8.080465287645206e-10,2.2186080707885907e-06,0.9999977805838798,4.328276713619885e-10,0.9999962380900972,6.953818507101686e-10,3.76078169659089e-06,0.7172551085230834,4.3089866685609613e-13,5.6965449323636355e-08,5.2271787785327385e-15,0.28274483451103444,6.225638239228607e-12,7.150197431198394e-15,0.0720669451816269,2.2018712830414076e-07,0.06210303437295448,0.8658298002520584
793,9.093295687742756e-12,0.999999999990905,3.286208015749909e-27,0.9731155888487893,0.026884411151209257,1.7493300730034846e-26,0.033897012489840686,0.00014570458300881172,0.9659572829271488,1.7786656094902845e-07,2.2302796762435092e-32,6.628112709635422e-07,6.002659740800538e-07,0.9999985590561956,9.361075486703538e-32,1.803986311394225e-07,1.1760581698077837e-08,1.2574044043353212e-06,1.0845007586727827e-08,0.9999985395913745
798,0.00046311884839805504,0.9995368811515991,1.3834781162145107e-09,0.0006455754486021572,0.9993544231679207,1.242987699324874e-08,0.999562011538636,0.0003899365639140929,4.803946757279973e-05,0.07567021468091265,5.090462710191978e-11,0.027375044394850428,9.701670911340038e-09,0.8969547311716597,4.2115216160027256e-11,2.583629155394092e-09,0.9322604405156923,0.012659550822520467,7.201304966229385e-05,0.05500799298638283
800,0.9961359702522776,0.0038640297477247148,5.360243382163351e-06,5.658914134936094e-08,0.9999945831674762,3.611969779016233e-06,0.9999963586765122,2.9241379369271476e-08,1.1232759081598787e-10,0.9994240084745135,1.4972768185677103e-08,7.90499293509786e-06,2.799311196281796e-16,0.0005680715597850167,1.7200292930316117e-08,2.233561803462548e-16,7.173768246871261e-05,3.2090541958966444e-06,0.9998190127757749,0.00010602328727021814
803,5.34266274620042e-09,0.9999999946573368,2.1620954040338654e-13,0.9970783664590707,0.0029216335407159285,1.726547881402541e-14,2.275234142881907e-06,0.9999974887419383,2.3602390414663008e-07,9.910637568577579e-10,3.0845708961102156e-17,0.9998117436619077,9.044401565414626e-05,9.781133137573831e-05,6.113682078708072e-17,3.5325663244520955e-05,8.031398234601257e-12,0.9999179442839403,2.933295321043459e-09,4.672711148618887e-05
805,0.017504008489023094,0.9824959915109737,5.245161567009234e-06,0.0004107274034742476,0.9995840274349553,2.129654983170352e-05,0.060102574526175345,0.9398761152007893,1.372320719134836e-08,9.026751929838622e-07,1.3186973358143748e-08,0.9999913349363222,1.6890246627906443e-11,7.749184622646694e-06,2.7276035148676263e-09,3.717512903343575e-11,1.1320285182333273e-06,0.9999952074926615,2.6563618997349028e-14,3.6577140170285476e-06
806,2.6553944550524363e-11,0.999999999973447,8.562716304763752e-19,0.9077042014374799,0.09229579856252208,4.399999727398971e-19,0.014393658140206192,1.7901199773824674e-07,0.9856061628477992,1.1092405638687233e-09,6.676935646694982e-25,9.82113070557886e-09,1.415436341347787e-09,0.9999999876541921,4.674146212490688e-25,1.4776388187655165e-09,5.177786708004913e-08,2.321045333336211e-09,3.585692865151018e-20,0.999999944423452
807,3.920660673772787e-30,1.0,1.8662084123265608e-53,1.0,1.1372992942606606e-16,2.274934372659359e-51,1.014255607120872e-17,9.73125143628429e-05,0.9999026874856364,1.9358526277573044e-31,9.659702604197401e-61,3.878737118618894e-14,0.9999999999702354,2.972382473410017e-11,1.1595329491332234e-60,0.9999999999109406,1.8771548070782445e-28,1.8512920844241465e-14,1.1997891466940174e-55,8.904176376726964e-11
808,0.9999883760558675,1.1623944130935708e-05,0.02339503835324143,6.249295358376824e-09,0.9766049553974658,0.07375244995260276,0.9262368680710933,1.0681971844671592e-05,4.460518393188054e-12,0.9880522599598413,0.00321813093673627,0.008726211436728467,2.413694921628965e-16,3.397666694941448e-06,0.00011691472283275791,5.327765271188515e-18,0.9997902885292459,8.221390320738769e-05,1.0572638450996206e-05,1.0206264576646743e-08
810,4.388512016851724e-12,0.9999999999956088,5.8030164635682895e-27,0.9985814911135917,0.0014185088864060594,2.653774589308551e-26,0.0007366234700080953,0.00021791206382102587,0.9990454644661676,2.6344703341803525e-07,1.9605306873166308e-30,2.1954554361102237e-05,0.0002493983357164586,0.9997283836628905,7.686553070253409e-30,5.1116757065403135e-05,1.8853451546793308e-07,1.0943261527342512e-05,9.522459289418037e-10,0.9999377504946471
811,0.999988812912376,1.118708762119181e-05,0.000346384197452662,4.719042418022631e-10,0.9996536153306417,0.00029558128099923484,0.9997044167063621,2.008299094805662e-09,4.34145703845955e-12,0.9999666593869875,7.759474243660272e-06,3.1917271320923406e-06,6.461669825343309e-19,2.2389411634347883e-05,1.6553038162777696e-06,9.14766738643285e-20,0.9993368454101705,3.1573562962214095e-07,0.0006609552009551321,2.2834942894264774e-07
815,0.9999998058172939,1.9418270260847932e-07,0.014063518113313146,1.0154103558980748e-10,0.9859364817851453,0.013746398753094283,0.9862535877673667,1.3479406343718939e-08,1.3519267370761345e-13,0.9999816528858828,1.794803080040858e-05,3.383147210462769e-07,5.7999928011869135e-21,6.076859271653844e-08,0.0016839210810163565,2.188076888151714e-20,0.050786995079380656,5.975637179152465e-06,0.9475230622681328,4.5934292936055296e-08
816,2.1478598757445453e-20,1.0,7.370565817413953e-40,0.9999976840874213,2.315912578325646e-06,4.906599347693545e-42,3.1825141035095715e-09,2.5111169577243953e-13,0.9999999968172375,9.97005818816026e-16,2.554578634609516e-53,8.693915949869705e-14,8.605585096033481e-07,0.9999991394414004,6.366393682052673e-54,9.452035405214282e-08,4.433390175292002e-23,3.3593371403782004e-15,1.573524902789762e-41,0.9999999054796449
819,5.42865244022416e-19,1.0,1.2018726874224308e-36,0.9999966427616096,3.3572383873086476e-06,3.901481895143382e-38,1.0626134995208621e-08,4.363653902101584e-12,0.9999999893694991,6.186495391788178e-23,1.4941092182058443e-42,6.3223161989995144e-12,7.255371237490909e-07,0.9999992744565563,2.6760059340893158e-42,8.818437364088942e-08,3.3120792617057777e-13,1.0067367756455056e-12,1.2274366456319422e-57,0.9999999118142892
820,7.949752073773463e-32,1.0,1.3093245684268297e-56,1.0,8.63257533902099e-19,1.7520319879877082e-54,4.033635023356368e-20,8.753759944651876e-07,0.9999991246240109,5.42782139492757e-35,1.4892436133196402e-64,8.538295131222709e-17,0.9999999999994955,5.017364508811412e-13,1.4796451345144018e-65,0.9999999999996874,1.1709628901481655e-36,1.2079528451511104e-26,2.2975997112376546e-71,3.1370672557838965e-13
826,0.9999999999999858,1.3454979477055476e-14,0.999999170306825,3.392336271807321e-21,8.296931753841781e-07,0.9999993127311607,6.87268838865075e-07,1.595461715073694e-15,3.325139214249956e-26,0.00016849963899946802,0.9998315002609157,1.0008388856245284e-10,2.7592685861191054e-31,1.41964011022594e-16,0.9999844409173778,2.3012424698233197e-31,1.4310616798687932e-06,4.9224540642513287e-11,1.412797171828491e-05,4.473849278102195e-18
828,6.548061739407373e-15,0.9999999999999929,2.5147962783002172e-24,0.9999682947819197,3.170521807744494e-05,6.754737068856418e-24,4.779555420376692e-06,8.890824815663145e-06,0.999986329619763,6.369904479773359e-11,4.69740182275355e-28,6.805257791434971e-08,0.0008931385241168228,0.9991067933596084,2.697351079213901e-28,0.0001964186212692026,3.328515880043454e-12,2.4152348340715915e-08,2.181982057524663e-19,0.9998035572230531
829,0.1998319651008551,0.8001680348991416,8.394610659986322e-14,0.00015083267563447772,0.9998491673242842,2.0514994094489612e-12,0.9986452994168082,0.0013542008034084275,4.997777289940287e-07,0.04238293126881117,1.0769174669971826e-14,0.9440880946092017,3.226709284231242e-09,0.01352897089526733,4.163129973894801e-16,6.658915739806715e-10,0.9998821719075177,7.656009018759459e-11,2.7003376664473625e-13,0.00011782734976336737
830,0.999999999935465,6.453668583224395e-11,0.9995072771815626,9.802116596768444e-16,0.0004927228184360066,0.9997879409013904,0.00021205906357576253,3.50347010043212e-11,1.5986770505419148e-20,0.09047527511739899,0.9095228399962235,1.8848497792097315e-06,6.0591565343141354e-24,3.6598768091228206e-11,0.9865427151145997,2.07645105860246e-24,0.00012378312931939057,6.376468356684042e-07,0.013332864107762698,1.4828353374591766e-12
831,1.2939944377861426e-07,0.9999998706005554,2.9574258910741626e-11,0.9783541303763499,0.02164586959407642,3.7709413416912995e-13,9.507099636581364e-07,0.9999990289648746,2.0324786155422886e-08,1.946907563591994e-10,7.959149710227096e-16,0.9999909681485328,4.018906314314019e-06,5.012750463530467e-06,4.141778987683484e-16,4.73623941349483e-06,1.0678127956907566e-07,0.9999938919497164,3.774202219840758e-12,1.2650258189433e-06
832,6.1260089191447e-10,0.9999999993873985,7.246690684672284e-16,0.9054279464901042,0.09457205350989568,1.2864019898567675e-15,0.03870028699021718,4.2267449673405906e-05,0.9612574455601105,1.7599287994422925e-06,8.683391346110504e-21,1.1980695412915561e-06,3.3871647171918716e-07,0.9999967032851899,2.170533987059255e-20,3.2494596621949433e-07,3.364995572013984e-07,7.020729996306552e-07,8.980906032942889e-09,0.9999986275005708
835,0.12113029772341155,0.8788697022765856,2.1422581467111128e-06,0.00016522751814351417,0.9998326302237105,5.153946715813693e-05,0.973567369079902,0.026380757151910718,3.343010262346406e-07,0.002085026445281554,1.705103195746821e-07,0.9949101035611719,4.044625457668535e-10,0.003004699078767627,9.682406571368012e-08,1.6509513951510255e-09,0.7663867401293829,0.2330715188119894,3.7430790002467743e-13,0.0005416425832384309
837,1.0558605177735033e-10,0.9999999998944133,5.304539217338353e-16,0.9995371855134013,0.00046281448659904245,1.995471935736439e-16,5.13685258682037e-07,0.9999960057266768,3.480588063938786e-06,3.991676983076349e-11,6.676607219147773e-19,0.9935829855243684,0.006397617798803497,1.93966369106371e-05,1.4114474397730741e-18,0.12127452023047322,3.991703185195661e-14,0.8787161570378924,3.708348917496871e-21,9.32273159564195e-06
838,2.247539117759743e-18,1.0,1.9110477869367767e-37,0.9999987299223286,1.270077668102709e-06,2.2262584365172908e-38,1.2297615102185846e-08,6.681548163366262e-11,0.9999999876355687,6.0844916079524e-14,1.1595062575159633e-42,1.7472197134444695e-10,6.68540036606187e-05,0.9999331458215565,4.658882034858238e-42,3.126127524359263e-05,1.1658628269879334e-12,6.3617422224542244e-12,2.513869141644472e-40,0.9999687387172255
841,0.9999999999551932,4.480811573912749e-11,0.9984615154614184,5.740755835622613e-16,0.001538484538582721,0.9996205797671527,0.00037942021176180324,2.108425841881598e-11,1.6534203075574244e-20,0.008458815286346184,0.9915398312983751,1.3534069579665476e-06,1.0829659971994714e-25,8.319083583991534e-12,0.9870275215251206,6.394749899691737e-25,0.012642520775484152,1.3862022406096895e-06,0.0003285714962446502,9.087788377710753e-13
843,1.5829103432815677e-34,1.0,1.014935627849448e-52,1.0,4.875071451477003e-16,2.08113068039077e-51,1.5136203943036552e-25,1.0110386100332706e-06,0.9999989889613938,4.1989531331197096e-38,1.6839615363358289e-59,4.270440915502128e-15,0.9999999998984848,1.0150790071784062e-10,2.2459447481593336e-60,0.9999999998493152,3.029729652875832e-41,6.405908848085155e-24,1.1043110992021536e-64,1.50684089839014e-10
845,1.2267536105298646e-22,1.0,1.0041424015751284e-57,0.9999987557205042,1.2442795023539017e-06,2.9236979599114855e-61,3.2208685539670923e-10,2.227659806086061e-18,0.999999999677911,9.683510319429802e-26,2.7455533785854613e-65,2.343051685548648e-18,3.79871521267778e-10,0.9999999996201296,1.7603096581404432e-65,3.050241957232671e-10,5.617748596792459e-13,4.133017694981979e-28,1.8383288030423336e-53,0.9999999996944169
846,0.9999713562623435,2.8643737653912064e-05,0.9031134975073255,3.8118252528862264e-08,0.09688646437442085,0.9847463848240506,0.0029680503372591155,0.012285564838679623,9.767957423895628e-15,0.0002859256732186037,0.04674117692469837,0.9529728964410407,4.700765715047103e-15,9.610401382582637e-10,0.021578837108475385,6.945335128391806e-15,4.0483062877554785e-12,0.9784105172300984,1.0645576333342743e-05,8.103606813087497e-11
850,0.9999999999999929,7.121431346007524e-15,0.9999998836903302,1.2588489322999784e-21,1.1630966933403792e-07,0.9999999114459012,8.855409740089637e-08,1.5261580151795062e-15,3.503606530552774e-27,6.322118553327056e-05,0.9999367787395271,7.493931686263683e-11,1.71074677828454e-31,2.3777897094495017e-17,0.9999891906195596,9.100719109379034e-32,1.7372318145076165e-07,4.7545910208053196e-11,1.0635609712549164e-05,7.907076666550543e-19
853,0.9999999999774332,2.2569455051929243e-11,0.9999742400962331,1.8922414374018168e-16,2.5759903768154646e-05,0.999990872954086,9.126949930620914e-06,9.598661399519679e-11,1.9917982929395074e-22,3.881161730679297e-12,0.9999999999960636,6.8607649276668324e-15,8.1411524932769515e-25,4.975651909333933e-14,0.9998285819069391,8.529027573727027e-25,0.00017076324245910083,6.548505991510121e-07,6.1573263037151026e-21,5.737416286610125e-23
854,0.9999999999912106,8.790078950725476e-12,0.9998832766350289,1.0732949536489902e-16,0.00011672336497216359,0.9999515602774347,4.843971285302676e-05,9.711503789092005e-12,1.7128128613230656e-21,0.016678726620969614,0.9833208596124848,4.1376547354561746e-07,1.5490752357682786e-24,1.0713643356585676e-12,0.9994965383070191,4.5015047741196365e-25,0.00016814677544967532,9.894802689697974e-08,0.00033521596948634253,1.6687970858842825e-14
855,8.926433370676471e-12,0.9999999999910756,5.476730525487276e-18,0.9997753954465206,0.00022460455347983672,1.2804263176815103e-17,4.658125236428518e-06,0.9999266860993034,6.865577546068209e-05,2.1365644202505246e-09,1.2635173001019966e-26,0.9851895947605731,0.012427707305965385,0.0023826957969003662,2.2825913986341204e-27,0.027553916217854232,2.9952499257662677e-16,0.9700007235108026,1.8578043313654445e-11,0.002445360252764037
857,0.6103164227241572,0.3896835772758462,1.0542593996125097e-06,2.1119367091300512e-05,0.9999778263735073,1.6251447693253593e-06,0.9999605669365857,3.7758529374740705e-05,4.938926947911251e-08,0.9956046133709658,1.9702834473611013e-09,0.0005742373482799884,1.83669548097711e-12,0.0038211473086321164,1.3820793967162767e-08,3.827327460812171e-12,0.0041476226158112806,0.0023080990936718473,0.9900313289974038,0.003512935468492641
861,0.9999826852345128,1.7314765484970686e-05,0.5726307823598908,3.975103556476918e-08,0.42736917788907625,0.9709571894610047,0.02156684392832931,0.0074759666106608,8.557153557161153e-15,0.00016073663442714824,0.015580770901568525,0.9842584657040326,3.48720403934064e-16,2.67599698960866e-08,0.014099743733069825,2.9099346432070934e-15,0.004679140495743096,0.9812179099866865,3.202190433847958e-06,3.594060528434799e-09
863,0.9999999980514289,1.948570238398189e-09,0.9992308799198281,2.443797371023629e-13,0.0007691200799306735,0.9998743363870242,0.00012564926043476097,1.4352540420450478e-08,3.9759849712295915e-19,0.01068835353073312,0.9892318073779935,7.983906197022431e-05,6.6176607725473755e-21,2.93050623490317e-11,0.9985255247120002,3.1882024139191756e-21,2.752518922850507e-05,3.8139590232447426e-05,0.0014088105051422,3.3986584995688187e-12
865,2.2931851346963623e-26,1.0,2.7453890854786087e-49,0.9999999999695177,3.0479777907796415e-11,1.9567415353774264e-51,9.113708252357206e-15,3.51023148419749e-15,0.9999999999999858,4.065817919059385e-21,1.0537298316182565e-53,3.0914201674589193e-15,0.006040586478927173,0.9939594135210708,5.483754921340939e-54,0.001145413990836245,8.713050243989441e-18,2.813000131029092e-16,2.102529102838796e-41,0.9988545860091641
866,0.9995506111637111,0.00044938883629193376,0.7765585609456774,1.499039620768148e-06,0.22343994001470247,0.06421395550492205,1.3316019832831964e-07,0.935785911334873,6.277950508041325e-15,2.880549441603654e-14,0.001254892296518134,0.9987451074468983,8.933296816253115e-14,2.564650801754355e-10,0.0008280281179195521,6.358828318890421e-13,0.00013586420488773408,0.9990361076638189,7.612006151165593e-31,1.2738930019101026e-11
868,0.9999999991886597,8.113390029405998e-10,0.9995316847354222,1.9980759439872516e-14,0.0004683152645580099,0.9999577230782093,4.22682322391907e-05,8.689550979163457e-09,1.629963051443227e-20,9.083976745814261e-05,0.9998281286766537,8.103155348550545e-05,1.602864290133767e-22,2.40156865281519e-12,0.9997714662812557,2.4012874246277123e-22,0.00018054268529727128,4.799103320101132e-05,8.51410361368686e-14,1.5954178759480976e-13
871,0.9974449932433478,0.002555006756650482,0.0003470000193206994,4.2999738480463476e-07,0.9996525699832922,0.0009808129940456524,0.9989952143708745,2.397158825684799e-05,1.0468262133068262e-09,0.9915177867346354,0.0001665569940428022,0.007242886214517495,2.3583850786558423e-13,0.0010727700565664377,4.0538558617710205e-05,2.264577116409102e-13,0.9965867238494254,0.0013929127973906466,0.001936844998925544,4.2979795415146464e-05
873,8.879698523781532e-07,0.9999991120301494,5.666633363103486e-13,0.13110567699052872,0.8688943230089043,3.559740242653292e-12,0.9860947623099939,0.003414284052514846,0.010490953633933825,0.0014378240956950824,6.233019622065984e-16,0.00111290839897748,4.397765082610095e-07,0.9974488277288213,1.785505704619318e-15,6.343006576705858e-07,9.564627466123253e-05,0.0009917191179203,2.3629406897029722e-05,0.998888370899862
874,0.9838647021998901,0.01613529780011034,0.008879269997689808,5.570383857325147e-06,0.9911151596184529,0.14059939376940628,0.379873781023338,0.4795268250386579,1.6860099587817447e-10,1.1818610919191516e-05,0.00024227522466332984,0.999745594891057,9.164588982437361e-14,3.11273269048123e-07,5.633907404718436e-05,4.199740986365199e-12,1.0056947195332557e-10,0.999943601592086,3.910496000392528e-15,5.922909611604319e-08
875,1.6839607809310271e-09,0.9999999983160421,1.1109459498086104e-21,0.886018320572658,0.11398167942734488,1.2352528599134234e-21,0.0022420006992295667,0.9976264904835925,0.00013150881717923364,1.019788756130831e-06,5.386428100855679e-24,0.7612181898847603,2.862773391440329e-05,0.2387521625925662,3.062247413808692e-24,5.881925489401584e-06,3.4836321878206335e-08,0.8494342793561828,4.512653400822974e-07,0.15055935261666453
883,0.9999519960697635,4.8003930235686286e-05,0.7922174488105752,9.22351040081883e-08,0.20778245895432212,0.8914659604002791,0.0018923362079282667,0.10664170339178697,3.2298794530250363e-15,8.709599741246802e-06,0.009007204406122184,0.990984085945909,2.36037654452536e-15,4.82236384215288e-11,0.0023443496191906453,4.075799067293185e-15,5.813376598745734e-13,0.9976554968636469,1.5351151181025923e-07,5.064348009476941e-12
884,0.9994544081072564,0.0005455918927416804,4.369157461192589e-06,2.022077424188171e-08,0.999995610621765,4.117513137416437e-06,0.999995870343867,1.2131109271871273e-08,1.1887421753138095e-11,0.999955097929781,6.3036962399797455e-09,1.4925824811615004e-06,2.383079762557536e-17,4.340318404321275e-05,6.167010320508336e-08,4.8775289208679135e-17,0.003977889675907469,2.114128540181697e-14,0.9959796101153142,4.243853865399007e-05
887,0.0004600163499317664,0.9995399836500675,2.300060340594745e-08,0.036806307215436956,0.963193669783958,2.4491743451313388e-08,0.02007584909574031,0.9799233621800288,7.642324888530341e-07,0.00015294504775814253,4.385087388264046e-11,0.9997795686736217,4.967586396372091e-07,6.698947612591293e-05,1.188213567648657e-10,1.2848389389594443e-05,0.10687768585295215,0.8930819408620784,1.2596137098883807e-06,2.6265163045474393e-05
889,0.9561094893412045,0.04389051065879531,4.211774808167992e-06,6.691114335469838e-07,0.9999951191137584,5.215420416635517e-06,0.9999944350929454,3.2342289616966376e-07,2.6063740742796954e-08,0.9996974656766933,9.216053929322496e-10,3.83529771840183e-06,6.6253920187147316e-15,0.0002986981039759622,1.4875159698352501e-09,4.598282331396479e-16,2.3452851422842874e-13,1.6218238487126052e-06,0.9999600101550131,3.8366533386220864e-05
890,0.9999643998417116,3.5600158291615416e-05,0.003018141194642129,3.1106670755640845e-09,0.9969818556946882,0.0063288298702619955,0.9936710086903091,1.6142124183222215e-07,1.8184238467426932e-11,0.9978686458696461,0.0016344369676644464,0.0004156970082602379,1.8788425821932822e-16,8.122015442763084e-05,6.61223144752697e-05,5.673112350667603e-17,0.9999251987925624,8.149664941897016e-06,1.3196016621924945e-11,5.292148220463173e-07
891,0.9999999956217209,4.378275882867592e-09,0.9998966989909911,8.405016015208283e-14,0.00010330100892598,0.9999961359994006,3.1485899724044437e-06,7.154106269300696e-07,3.1419131514428982e-21,5.69833609037156e-06,0.9979190484940514,0.0020752531697799236,2.388629175000099e-21,7.577570027456918e-14,0.9988659030713548,6.686557443622814e-21,1.835797279473503e-05,0.0011156793768175757,5.957902673061342e-08,3.5620160130243785e-15
892,0.9999999999928555,7.145798043821614e-12,0.9998975603255899,5.815538470407229e-17,0.00010243967440979147,0.9999554684472687,4.453154699935248e-05,5.732050402747621e-12,2.350909801328732e-22,0.038014505888144416,0.961984086769019,1.4073407444233757e-06,2.352185962104269e-25,2.0922318838191e-12,0.9967635525836486,4.9917900960344064e-26,2.3945827981069403e-05,4.845146501295228e-07,0.003212017073672493,4.779644291523863e-14
893,7.351186617975294e-26,1.0,1.296635982322476e-45,1.0,1.868597109822484e-15,1.3490484690098842e-43,3.757529981378362e-17,0.9999349082570371,6.509174295701994e-05,9.382067922944841e-30,3.043161221589452e-53,1.716850626538375e-11,0.9999999999827907,4.2874111845344636e-14,1.4735257398785235e-53,0.9999999999999574,4.88753637143012e-38,3.569992377324607e-20,5.157798594780882e-37,4.107297891446787e-14
896,2.272338309136325e-25,1.0,8.36495669621912e-45,1.0,1.1985246619207134e-15,3.815286187497905e-44,3.525095674662639e-22,0.9999974386529662,2.5613470407044357e-06,3.33964504767849e-38,8.451432745608339e-52,2.9915262378561434e-10,0.9999999997008331,1.1299274464327993e-14,3.749832349316206e-52,0.9999999999367262,5.000933039042452e-35,6.326397361776214e-11,2.7497808998495923e-55,7.855221015167856e-15
897,0.9999999986050234,1.3949781691909983e-09,0.9599794363305201,4.868025165016669e-13,0.040020563668995326,0.9836254067181243,0.016374587990708445,5.291168535705994e-09,1.2713760231081113e-17,0.7482974246777517,0.25167604096684015,2.652957809966245e-05,2.389712003401194e-21,4.777304909226117e-09,0.912894879466798,2.320505971674301e-21,0.034907965266579154,2.907401352977658e-05,0.05216808079284667,4.60246013354383e-10
898,1.4951177797659682e-09,0.9999999985048831,1.4312598043960707e-14,0.9604649418647385,0.03953505813524632,3.7146479262244395e-14,0.0017104888172446945,0.9950286534556079,0.003260857727111821,4.9998597843304676e-08,6.543797114927444e-17,0.9209263209499737,0.0001178618795783088,0.0789557671718481,9.771159457039716e-17,0.00013698244448647764,1.8566556987485652e-22,0.9679771835306659,9.766913586909764e-25,0.031885834024848445
902,0.9999999235536337,7.644636336033778e-08,0.5470665117535563,1.0654489749089883e-10,0.45293348813989787,0.8887713887712797,0.11122819756046182,4.1366825748801195e-07,1.7962823710997e-15,0.41304391994279754,0.5797058936647078,0.007250103196614229,1.1768140865359743e-18,8.319588394135815e-08,0.036157979455113766,1.886117171356893e-18,0.9632565953562087,0.00038248610522511033,0.0002029380004873037,1.0829647501689707e-09
903,0.9999999999977831,2.216865903641154e-12,0.9999914231142708,4.839085866826416e-18,8.576885729911403e-06,0.9999987167893627,1.2831975997955525e-06,1.3036004493351043e-11,1.66725336907905e-24,0.00010938467499102413,0.9998899818572985,6.334677071080905e-07,8.276198082122166e-27,3.170640731596395e-15,0.9999584713485122,1.1483012424436525e-26,8.359040035360181e-07,4.947151450652015e-07,4.019803233860726e-05,1.53038916213141e-16
905,0.999999999994305,5.693562022512806e-12,0.9999933164814816,1.3241524167072864e-17,6.683518517457414e-06,0.9999991668584325,8.331157647018193e-07,2.580410907735765e-11,4.1971159587246294e-24,0.00016708490451857364,0.9998315445222665,1.3705732084297342e-06,1.856018423646588e-25,5.052587514724743e-15,0.9999792974215945,2.273026238905106e-25,1.4920639745108569e-05,3.3264987305201213e-07,5.449288787657174e-06,1.4325133044468675e-16
909,1.0747281972355884e-06,0.9999989252718058,1.2052681738638316e-20,0.009756163760258856,0.9902438362397435,2.530694329122074e-19,0.9992685999773611,0.0006255776873232107,0.0001058223353225091,0.0007121306665071456,4.3473162791833085e-21,0.32637718992622544,4.452494410592147e-07,0.6729102341578285,4.45326451413138e-23,8.734314922485867e-08,0.9955159383309804,0.0013490323287432395,1.0280564915729419e-25,0.0031349419971248215
912,5.057951081005434e-14,0.9999999999999503,2.929598913625786e-21,0.9999999429659655,5.703403666397945e-08,1.0181987915968378e-21,1.9532552183560095e-11,0.999999954345122,4.563534682891222e-08,3.238744256687335e-14,2.7399926307518853e-24,0.0749277155664495,0.9250717670639043,5.173696122542e-07,3.205531929912837e-24,0.9347016775724633,4.417836601292327e-16,0.0652977077238824,8.54649868840501e-15,6.147036432477138e-07
915,0.9999999999841123,1.58871457545058e-11,0.9999892120934817,4.024609413645417e-17,1.078790651679198e-05,0.9999991389195569,8.607999936070139e-07,2.8044802265232875e-10,4.271040352321236e-24,6.026381777387508e-06,0.9999882562726333,5.717345587957557e-06,8.753554368984406e-26,1.6607230914556751e-15,0.9999910818533642,1.8510172318236048e-25,5.161095531234828e-06,3.5793559404399636e-06,1.7769516562791526e-07,5.4201616082788423e-17
920,8.079256012660933e-23,1.0,5.68040032405621e-43,2.462004700391697e-17,1.0,1.447624598363459e-42,1.0,5.397357244145267e-21,3.735375745817373e-19,3.72445177901191e-26,5.342705343484011e-43,0.9999999999998437,7.286210485968492e-22,1.585438290036844e-13,1.6137329531687907e-44,1.4678005908610353e-23,1.0,1.4790470002207068e-27,2.5880081749075657e-46,1.0447731348307833e-15
927,0.9999998095219315,1.9047806995360772e-07,0.7939965095561738,1.405009890825741e-10,0.2060034903033245,0.9347223184714157,0.06527694511200861,7.364165710882224e-07,2.6435845190885626e-15,0.9656691905383972,0.03241900282427949,0.0019117406302176343,1.0020261999417913e-18,6.600710398555693e-08,0.04474501701050127,5.985632040320474e-19,0.00029358692958473273,0.001395217471402649,0.953566169850536,8.737975282158302e-09
932,1.2376489441497969e-08,0.9999999876235108,1.3849419724410004e-20,0.731909590780174,0.26809040921982574,7.707328786612682e-19,0.8180210809413349,0.17341377677655848,0.008565142282108388,6.916401033907095e-06,2.334803470041767e-31,0.04115777868089714,1.9857851851899312e-05,0.9588154470662136,5.373400528619237e-31,3.272311900198981e-05,5.103835640262844e-07,0.025311636316769966,4.846863527934061e-22,0.9746551301806673
935,0.8837476317914261,0.11625236820857413,3.125115993304032e-06,1.6258489339942393e-06,0.9999952490350761,1.4104237374416614e-05,0.9999269601890535,5.893462470947566e-05,9.488629357947511e-10,0.9653070967923458,1.5951990141265052e-07,0.03192181759686785,1.0672355957206147e-12,0.0027709260898171988,6.031165869922035e-07,1.8604486434935058e-12,0.009352824915130568,0.056001367332573604,0.9335449952631816,0.0011002093706679343
939,0.999999999999865,1.3413328219281071e-13,0.9999962531828565,1.0839790319833355e-19,3.746817144237632e-06,0.9999978454731508,2.1545267576036417e-06,9.075760911850229e-14,7.919136597119648e-25,0.000225448703246935,0.9997745487650388,2.531712947672073e-09,3.0063516311572186e-29,8.842998193942505e-16,0.9999789667688848,3.869663155389836e-29,1.16145132315813e-05,1.565028535989723e-09,9.41715285674031e-06,3.070703306519828e-17
941,4.630302035255194e-11,0.9999999999536939,3.0562288206600555e-19,0.9508258722655691,0.0491741277344297,1.2124371209511186e-19,0.011909396070779406,1.1744797955080252e-07,0.9880904864812396,3.171101073494625e-08,1.2276605896240484e-25,3.7448292760511656e-10,5.194543196667173e-10,0.9999999673950489,1.2838310162829387e-25,6.899618679124392e-11,1.1190765835179969e-08,1.472893394560239e-10,2.848547695307698e-26,0.9999999885929469
942,1.6395651324311663e-16,1.0,2.9411057567348905e-23,0.9999999977322034,2.2677937081006856e-09,4.949051041566622e-21,0.9999958086688578,6.404802636687762e-08,4.127283119204844e-06,6.410006657314019e-14,4.189894852487603e-27,8.230741265780386e-11,4.809436153058684e-14,0.999999999917577,1.28338442510104e-26,1.2354500440699296e-13,1.9280217788268803e-12,8.590977621474845e-11,1.447643392311671e-23,0.9999999999120419
943,1.0167006108528325e-13,0.9999999999999005,1.9536569225556394e-30,0.9995339554676055,0.00046604453239167847,6.950656882859507e-30,0.0004887788814055031,2.8611312860648457e-06,0.9995083599873107,7.1674403281842664e-09,2.631567157484476e-35,3.0472788162204045e-09,1.4432402308956531e-05,0.9999855573829727,6.543852347719959e-35,1.910400036451505e-05,1.6802990140201444e-08,7.675105898251842e-18,8.191090766534709e-10,0.9999808783775329
944,0.9999999943742139,5.6257869658697365e-09,0.9885335938927524,1.1170169134483554e-12,0.011466406106130091,0.9960678287515284,0.003932143522059767,2.7726409748019207e-08,2.3892971308289804e-17,0.08521227859055305,0.914381220004947,0.0004065003719270701,4.2447390833687575e-20,1.0325719816883335e-09,0.6508716203168453,1.0514473055056855e-19,0.3480358348508179,0.00015619254314538193,0.0009363522340447709,5.5144242758694894e-11
945,4.75079381345997e-06,0.9999952492061882,5.042189159017556e-19,0.03878248476244307,0.9612175152375569,2.9289265757412607e-18,0.9988318854098257,0.0010710218683570218,9.709272181608113e-05,0.011890353139210073,2.3340610149023e-22,0.010287540382892335,5.936849945253313e-07,0.9778215127929049,2.095351812916217e-21,1.8822161450411683e-07,2.9178543552868443e-05,0.006909766508355087,2.2656885852623685e-10,0.9930608664999057
946,0.4744201572694303,0.5255798427305687,0.0005628875406864093,0.0005892388843473991,0.9988478735749655,0.0001860154784910544,0.008926980038670514,0.9908870044110321,7.180498502393365e-11,2.830597534056844e-06,9.454352669656447e-07,0.9999959664711885,6.205996587165463e-11,2.5743395274173827e-07,7.235594947253636e-07,5.272292980783089e-10,0.0006789432282470042,0.9993202747751984,9.874244248499922e-09,4.803558401719653e-08
948,0.9999972509923281,2.7490076686742337e-06,0.031345316628717604,1.6088203040668406e-09,0.9686546817624613,0.03448298879724458,0.9655168755862038,1.3561461520710188e-07,1.93923603274204e-12,0.9999347942998125,5.3221392236657234e-05,1.1251019137146433e-05,3.6609709794884876e-19,7.332888152992522e-07,0.00012153773179865748,1.2606675422896475e-19,7.386137731276122e-05,6.814196288882106e-06,0.9997976476344812,1.3906011952564078e-07
951,7.358234797094723e-08,0.9999999264176536,4.530395336272532e-12,0.9761767656492021,0.023823234346270695,7.138430354664468e-14,1.723757339819097e-06,0.9999982286626604,4.75799261244904e-08,2.781334481057727e-11,1.297867102283623e-16,0.9999982529053341,9.841518224902317e-07,7.629150286933509e-07,6.489469444714552e-17,7.352077024072658e-06,2.666554521574318e-07,0.9999920808469018,5.331345945854389e-29,3.0042062277003746e-07
956,0.00027549620350536666,0.9997245037964945,1.823522626929371e-11,0.0008260649844784421,0.9991739349972857,1.4403983341702595e-10,0.9996486346782807,0.0002021758246632557,0.0001491893530150271,0.08699826259489633,7.621654024264134e-13,0.028073260611054453,8.990134914444548e-08,0.8849283868919408,4.268937746350831e-13,3.9951306210041934e-09,0.9797985104982071,0.003493344779139432,1.1966551596194137e-05,0.016696174175499644
959,0.9999999024665532,9.753344685398393e-08,0.9915377535826394,4.16852441554054e-11,0.008462246375678903,0.9991318510050802,0.0008608247551565129,7.324239760529529e-06,3.896113417174028e-17,0.008399209598274978,0.9737800871439216,0.017820703068875204,4.911388758294651e-18,1.889312642975371e-10,0.9608179561506203,8.847145660847953e-18,0.027231324300224378,0.011929519374388034,2.1200165921008107e-05,8.843709037134827e-12
961,0.9999981094103597,1.890589638230935e-06,0.25682296587725467,3.2192463080023583e-09,0.7431770309034992,0.5910786726553696,0.4089155548253667,5.772518688772154e-06,5.785295175506452e-13,0.9870327449079046,0.009656243437958817,0.0033086654925666907,2.0856856390594926e-17,2.3461615696433998e-06,0.2166150035808706,2.962739572072881e-17,0.2892152852919257,0.016144433266565533,0.47802211327198446,3.164588653703959e-06
968,0.9999999486939841,5.1306014432051046e-08,0.9487780902984583,6.019082169481599e-11,0.05122190964135299,0.9808663719208134,0.01913332417450483,3.039046809090621e-07,7.463362907586342e-16,0.9096931654715388,0.08999954118809878,0.00030727614218022857,1.2395134316988132e-19,1.7198182362163897e-08,0.05285777357185684,4.4345120276063096e-20,9.050076587509295e-05,0.00014824541703620036,0.9469034789722547,1.272977948534396e-09
971,9.113535143994139e-21,1.0,4.514837413741593e-40,0.9999999998948397,1.0516362194066109e-10,2.6155259380043422e-37,1.0885911830187647e-10,0.03130333000669936,0.9686966698844426,4.47663078882577e-20,1.660123042778571e-43,3.471215069800467e-07,0.9999986430984902,1.009780002632743e-06,4.271495997561085e-45,0.9999999349851926,3.157715138927802e-13,9.529510309314204e-09,2.29967677902027e-49,5.5484983783297074e-08
975,7.875469377761484e-14,0.9999999999999218,1.465405537142235e-19,0.9999994244293497,5.755706508023503e-07,2.9305347926321016e-21,2.2476789522024558e-12,0.9999999989005062,1.097245469923416e-09,5.260005814779854e-18,8.842947474012295e-22,0.9901570726808434,0.009842895126130985,3.219302627008059e-08,1.6292677828764324e-22,0.23743500859009087,4.2980145036825e-14,0.762564925376272,9.075330835894399e-27,6.603359522016249e-08
978,0.999996159370262,3.840629735315336e-06,2.881621053006177e-06,1.3772473998179172e-11,0.9999971183651747,7.281254751170781e-07,0.9999992718721438,5.04455568831247e-14,2.3342287803923887e-12,0.9999265253100403,8.152648855785349e-08,1.9505240350999614e-09,5.11822605857195e-23,7.339121294995883e-05,5.20219574367428e-10,4.130521422327789e-25,0.9999999503576914,3.394069306134778e-12,1.1654943742846904e-14,4.911868384587342e-08
988,0.9998946831060291,0.00010531689396800292,3.1097761650742817e-10,3.286191319116341e-08,0.9999999668271121,4.945515711365652e-10,0.9999927363319808,7.263173464679055e-06,4.927414891640512e-19,0.991037527211882,4.0998782313689967e-10,0.00884173839229997,1.1050345543778303e-14,0.00012073398582260497,1.2842093108591156e-12,2.866825719429603e-16,0.9999999866678593,5.955951838842893e-13,6.260535544983404e-14,1.333019920790017e-08
989,0.9999929851735395,7.014826460211344e-06,0.7208300113182192,8.997323226075836e-09,0.2791699796844557,0.9810594561607419,0.017347587023970736,0.0015929568152843647,1.6330255201531264e-15,0.012055346164872797,0.13593779468396985,0.8520068300621038,3.442471733821234e-16,2.9089052977346865e-08,0.22692704532800292,5.517392259126676e-16,0.0009965259813123257,0.7702501503998056,0.0018262743739335195,3.91694725312978e-09
990,2.2487476470094956e-12,0.9999999999977547,4.265638878078932e-20,0.9996943502093616,0.00030564979064115217,2.249046626265538e-18,0.0005496393038116147,0.006580033491258855,0.9928703272049288,2.464927050109349e-08,6.858971450312594e-22,0.0011488975943476315,0.0012477205220081497,0.9976033572343702,6.743629944098489e-22,0.0037044684940706566,1.0090884994999473e-06,0.0011515034329412617,2.096615140113922e-11,0.9951430189635215
991,0.9999942757445253,5.724255477330731e-06,0.0021298111089022493,1.460416996345454e-09,0.9978701874306827,0.0017336490558091332,0.9982663337420806,1.7191203294587345e-08,1.090833321904935e-11,0.999997230990591,1.3245825549953647e-06,3.464125691200933e-07,1.2960234788059612e-18,1.098014286328568e-06,5.5352943083751215e-06,1.4875969791526516e-19,0.0002573452752262877,5.038157418570151e-07,0.9997365025766322,1.130380942518277e-07
993,0.9999984788100266,1.521189969817719e-06,0.0234664741114626,8.424944369253411e-10,0.976533525046045,0.03876115064469261,0.9612387741093645,7.524422131232182e-08,1.7230249636893297e-12,0.9998204490319642,0.0001406391885798867,3.817678422587078e-05,2.633197153435704e-19,7.349952310580535e-07,0.00247801609578189,2.005432058815267e-18,0.8802398428763244,0.0001319734472008741,0.11714941744882874,7.501318656658276e-07
994,2.2463132674121278e-20,1.0,2.3105195510125416e-40,0.9999999039735077,9.602649265011891e-08,7.925491933272758e-42,4.3535522922341196e-10,8.061082969100961e-13,0.9999999995638404,5.342569379152728e-16,3.3316155502955474e-54,1.152342868117778e-13,2.614165433431195e-06,0.9999973858344539,1.0779965326853223e-54,1.1575544949296956e-07,4.5550957253376495e-25,8.130849189216847e-15,1.3521784434133533e-26,0.9999998842445446
996,1.344618551440903e-21,1.0,2.3443363223488437e-34,0.9999999999657092,3.428838640919736e-11,7.439183652738313e-32,4.3757748435601775e-11,0.0009902378107347757,0.9990097621455069,1.1066813668465506e-19,2.2524552303990654e-39,1.1877507115937769e-09,0.9999979946452554,2.004166994661657e-06,1.0477547572399922e-39,0.9999991983505596,4.8773023190297276e-18,2.3583827211596506e-10,4.297038554719133e-22,8.014136016303115e-07
997,8.68242350990973e-19,1.0,4.248500452389788e-28,0.9999999980832825,1.9167144265806696e-09,7.228258033103081e-26,3.5564269020094483e-10,0.9885681751311199,0.011431824513240034,1.4366591393852503e-18,1.8074629108117656e-31,8.90929087768403e-05,0.9998953643711206,1.5542720099981927e-05,2.007673259620645e-31,0.999911862094329,4.88292207723393e-18,6.838688028744727e-05,5.913790784177829e-34,1.975102538467701e-05
998,0.997926238069578,0.0020737619304191934,4.3142959235218635e-05,8.50148641146569e-08,0.9999567720259029,0.00010394308569462744,0.9998946385705485,1.4177496225015047e-06,5.941318566289844e-10,0.9998724870029136,3.4099072403436494e-07,6.95465649204298e-05,1.926038258497131e-15,5.762544143837566e-05,1.0113944831363797e-06,4.87307152548988e-15,0.3654980156193001,0.00016119523138562056,0.6342954058402592,4.437191456987434e-05
999,1.6143193738100224e-11,0.9999999999838565,1.2115415289545075e-24,0.9999531585490572,4.684145094433033e-05,1.6553261389516407e-25,5.883535704345346e-08,0.9999996816003015,2.595643394579595e-07,8.698929453938954e-10,2.6353103515053027e-27,0.899201285233665,0.10077675145477968,2.196244165969236e-05,1.0048552275683883e-26,0.16579862728552108,2.8368595284794396e-11,0.8341798226622702,7.789521746149396e-26,2.1550023842874217e-05
1001,0.009178780574742664,0.9908212194252604,1.224240940357977e-08,0.000218021202683739,0.9997819665549039,2.1081174124194565e-07,0.9930929101430698,0.006906395645959538,4.833992265777813e-07,0.004908444969382739,4.606767811215455e-09,0.9442032932887444,4.749109312204136e-09,0.05088825238599317,4.457453061573501e-09,5.650623085471484e-08,0.5551194628302785,0.42814694522640806,9.66453987970072e-20,0.01673353097963292
1002,0.9999999995151043,4.848953591499291e-10,0.9991403276567906,1.2981016692397475e-14,0.0008596723431953113,0.9998441697599797,0.00015582750175288076,2.7382672596610488e-09,1.3166801768058099e-20,0.00408990997435168,0.995823847651911,8.624235958727515e-05,2.3660556404002063e-22,1.4148414489295241e-11,0.9999246538096168,1.2799623770571901e-22,3.813419760151494e-05,3.721198509559532e-05,7.246157335134631e-12,4.38765662140426e-13
1003,0.9999999987615737,1.2384292274972545e-09,0.9985598732925517,6.871618825851771e-14,0.00144012670737709,0.9998140400794195,0.00018593751986045357,2.2400717363018776e-08,1.2728511848164785e-20,0.0007221817883375626,0.9987804079834344,0.0004974102247907057,4.1537452765249957e-22,3.435992242177195e-12,0.9980356484490666,1.728400295430951e-21,0.0018109016302377753,0.00015344992020875536,3.4772854571016944e-13,1.4050093601065587e-13
1006,0.9999999999431033,5.689677252422685e-11,0.9979158733464384,2.0705280111933206e-15,0.0020841266535593073,0.9974713658954265,0.002528634091083422,1.349101110783822e-11,1.775672440139527e-19,0.9001923534877728,0.09980730420467554,3.422185409566516e-07,2.410446830527857e-24,8.901007744393672e-11,0.10281533969083857,2.8704465367161675e-25,2.767652843287746e-05,1.2021307380965173e-07,0.8971568635651417,2.5116860470859113e-12
1007,4.4044847629103676e-16,1.0,1.1565038486953364e-26,0.9999145447903612,8.545520964058855e-05,5.248565497110594e-28,7.207933199168952e-07,1.1352190287402235e-10,0.999999279093157,1.0192485201745487e-12,5.200379702329833e-32,3.916486700882848e-11,3.8028271697585217e-07,0.9999996196770992,6.564355722137849e-32,5.987097012070463e-07,5.261724333345701e-09,5.290760181628022e-12,2.136151714068071e-39,0.9999993960232819
1011,0.9995984493696451,0.00040155063035811377,1.958245851592166e-05,8.756321910688238e-09,0.9999804087851628,6.009523047463375e-05,0.999939801831565,1.0291782800589053e-07,2.0132377090150904e-11,0.9972587339270742,1.423931458685092e-05,0.002379538637251861,1.0673703095806823e-15,0.0003474881210863888,1.742821754341131e-07,1.8462849393691875e-16,0.999919098305449,1.917341933992827e-05,5.991243980123691e-05,1.641553236184983e-06
1014,4.024803248590075e-14,0.9999999999999574,3.1652119430493527e-23,0.9999322261791527,6.777382084955726e-05,7.460847242106915e-23,1.618147628561818e-05,3.5180307317099576e-05,0.999948638216398,1.1853280781149155e-08,1.9973026320554772e-27,6.147516165572535e-07,0.0009554794910650481,0.9990438939040348,4.219676931983737e-27,0.00044101447732190324,2.950434920009439e-10,3.986945473329579e-07,3.5628540272333005e-17,0.9995585865330899
1016,0.00012983395967090035,0.9998701660403281,7.287857533635972e-08,0.024769741197682316,0.9752301859237411,1.4958861511063267e-09,0.00022646567597767414,0.9997735322640259,5.64111308808796e-10,1.156723145970749e-06,2.32490458074729e-19,0.9999938505364487,9.565464135488618e-09,4.983174943074311e-06,9.240393445540558e-20,5.234741079980188e-10,7.105842539835068e-11,0.9999992913219511,6.29285906171874e-14,7.080834537370154e-07
1017,0.998247595523371,0.0017524044766298588,4.209628202630081e-06,1.0479416262329332e-08,0.9999957798923818,5.818546721304763e-06,0.9999941677134433,1.3703043380119215e-08,3.6793292585570206e-11,0.9930677019527201,2.2246058995057015e-05,0.002553348055851289,6.165802202901132e-16,0.004356703932435408,8.796870481263715e-09,8.251677567228158e-19,0.9999992119273365,2.6163968128497445e-07,3.0287284961053354e-15,5.176361086910867e-07
1018,1.48640986368401e-10,0.9999999998513616,5.394525157257386e-24,0.9993206790986743,0.0006793209013257204,1.729311594357197e-22,0.0008286803505470456,0.9973233913095012,0.0018479283399492213,4.055194366494939e-15,7.234476056627357e-26,0.02486341036948218,0.0014560660169730935,0.9736805236135417,2.61117561202431e-25,0.0020425155285680127,6.519600330855691e-17,0.036946110017900144,7.423222151607538e-15,0.9610113744535262
1023,0.9999999999793481,2.0652915947340278e-11,0.9999839809045462,7.750420384487784e-17,1.6019095454248845e-05,0.9999975097725295,2.4901322735869313e-06,9.519786095201704e-11,3.333534908341767e-23,1.909468230716645e-05,0.9999802307602194,6.745574591017123e-07,8.889771900526274e-26,1.5031062142704964e-14,0.9999986468034682,1.316000539306442e-25,9.229806954439213e-07,4.302158000548908e-07,3.544536521063719e-14,4.851531739174144e-16
1024,1.0299014519726977e-24,1.0,2.0717082451518824e-46,0.9999999999858034,1.4195906527242874e-11,2.7080363490627682e-45,7.64881586008741e-13,8.242342781563542e-08,0.9999999175758097,7.09767585613409e-22,4.0437184307420084e-51,1.246284398741837e-11,0.999912591871743,8.740811579579998e-05,2.5706260992914374e-50,0.9998893864631528,1.5046267619148703e-19,1.7998210837962553e-12,9.074278917849748e-55,0.00011061353504781304
1025,2.9639231473035405e-07,0.9999997036076862,2.330629851476832e-12,0.10198358004144609,0.898016419956222,1.9949223574753838e-11,0.9492455701202732,0.04828294524784551,0.002471484611935353,0.0005620673103495068,8.1375185983313e-15,0.07856319544122704,2.376904732002566e-05,0.9208509682010948,7.847297203453715e-14,1.802428334866108e-05,0.012611430826305323,0.5750991049541496,1.0193584525046089e-13,0.4122714399360141
1032,7.53420347017319e-05,0.9999246579653002,4.62936831602472e-10,0.012005134883081796,0.9879948646539795,5.927526005076409e-09,0.8498812603972672,0.1499364109571396,0.00018232271806597965,0.012966652061134138,7.61147685343986e-12,0.9171363879341403,1.0569344128241917e-06,0.06989590306269801,2.1120284641775203e-11,3.0798491551875064e-07,0.022931304434848115,0.9583262558509299,1.823816332494984e-12,0.01874213170636288
1034,3.684194367389277e-33,1.0,4.1725898556238395e-67,1.0,1.1680007273957706e-16,1.2082556204805962e-68,3.8571496850970266e-20,3.897933798610101e-16,1.0,1.85264630565642e-29,3.779510305630471e-73,2.126883813590003e-18,0.9999415790889975,5.8420911006184775e-05,1.5533090528550204e-73,0.9998029707177479,6.320131505012542e-24,6.447992363356974e-28,1.8719673035679832e-79,0.00019702928224786455
1037,0.02120575070972688,0.9787942492902741,1.5415592732082182e-09,2.0233034462652456e-05,0.9999797654239801,1.160262085269382e-09,0.9999974949808218,1.219481080076537e-07,2.3819108105999014e-06,0.955309881894324,2.2318044223278568e-21,8.485675658293309e-07,1.2821735695977083e-12,0.04468926953682849,3.443973296503066e-22,1.369365636067863e-15,2.7122569129370743e-09,2.1174278604950144e-08,0.9994999161716623,0.0005000599418016273
1038,3.2056551422523397e-09,0.9999999967943438,1.896775958687837e-14,0.9865670956536081,0.01343290434637002,3.3611013596635595e-13,0.006048022931279716,0.9926654972084744,0.0012864798599091037,7.170725793089086e-07,1.0804274058713432e-15,0.2688638366053728,0.00039393471326262596,0.7307415116087844,1.277242204281089e-15,0.0010336480282735155,9.101398640574906e-06,0.2768085439528865,1.0728595877753222e-15,0.722148706620199
1041,0.6668695841249279,0.3331304158750754,7.126886125373916e-07,2.7236709755302644e-06,0.9999965636404152,1.4178307730928657e-06,0.9999850439275628,1.3522346355983436e-05,1.589530603064959e-08,0.9961337997741139,5.355206682935104e-08,0.0009099711893825764,2.87403685894568e-12,0.002956175481560683,7.472400053435749e-07,6.859424974912072e-12,0.037343645252131685,0.010103925184394513,0.9476565574562897,0.004895124860321667
1044,0.9999977466607411,2.2533392559487352e-06,0.031967037479404714,1.96946487034497e-09,0.9680329605511278,0.03857616258057322,0.9614235719699918,2.654466115084081e-07,2.8212265791956448e-12,0.9999523592940176,4.453185493759646e-05,3.0325506972073585e-06,1.8192559950711e-18,7.630034472404078e-08,0.0002721335582388538,5.4192528792955175e-19,0.0001928853011892551,5.6603209490918695e-06,0.9995293029509345,1.7868691360188228e-08
1046,0.9983625855047098,0.0016374144952893091,0.03546385958024281,3.879526112131515e-06,0.9645322608936436,0.379675943670998,0.15433139305053276,0.46599266326172956,1.674209097757544e-11,0.00041921139106342877,0.00013052214350114607,0.9994502079481807,1.0862759361454804e-13,5.8517146045756476e-08,0.0001874194772149743,1.0197739931123587e-12,0.00016664049947767636,0.999468788351553,0.0001771362857166711,1.5385014585415833e-08
1047,0.9999987579781656,1.2420218358063868e-06,0.6474544930859899,1.971695666963925e-09,0.3525455049423168,0.8744161376381338,0.12557996124123594,3.901120612268905e-06,2.149857084644436e-14,0.9917589890589515,0.007198389831101102,0.0010422172557137015,2.5298504415763374e-17,4.038542309282575e-07,0.021500021115727803,6.240774828772018e-18,1.839134892598486e-05,0.0013597008282051355,0.9771218331967423,5.35103966204666e-08
1048,0.9999972999160464,2.7000839560674505e-06,0.09674995471845488,3.86581967624839e-09,0.9032500414157275,0.3832771250606113,0.616705402592814,1.7472346040674537e-05,5.337771879633814e-13,0.9869705638241038,0.006592288402858842,0.006436638456384675,1.3647654931478399e-16,5.093166555385493e-07,0.005408944162915024,1.050424262913104e-16,0.9917649452085804,0.0013411601188408648,0.0014849343770425164,1.6132620168498614e-08
1052,0.9999999999868834,1.3116487758962603e-11,0.9994651580959515,3.5402000676672286e-16,0.000534841904049306,0.9997059064229096,0.0002940935501112477,2.698017776622548e-11,1.4472984472552955e-21,0.0708015185910149,0.9291974241964704,1.0572105235206093e-06,5.629451154537539e-25,1.992450840356344e-12,0.9968696777669229,2.525107361226348e-25,0.0001637357598784418,4.033236551020417e-07,0.0029661831494911597,5.3410623482007264e-14
1055,0.99420331403048,0.00579668596952008,1.979202183892631e-05,3.8485724162658274e-07,0.9999798231209166,7.987256535043537e-05,0.9999138958659751,6.2266933996601795e-06,4.875278094118663e-09,0.9997915468023594,7.151856893223051e-08,0.00013199615115213045,1.5680675634891066e-14,7.638552790089583e-05,2.9055012099980555e-06,3.866506746069849e-14,0.146987042596936,0.0009416743670087036,0.8519920334670069,7.634406779686185e-05
1058,0.9999065729448724,9.342705512563307e-05,1.3218636559966288e-12,2.5917152857907034e-09,0.9999999974069596,9.011312371730035e-13,0.9999999987173638,1.2383178607855208e-09,4.3420571367906113e-11,0.9999851779312132,2.5907258802315463e-14,7.770840317945068e-07,2.1644445432555758e-18,1.4044984728740212e-05,4.455690264227735e-16,2.849720603559207e-19,0.9999999182871055,1.5711101760193423e-17,6.219632761442519e-13,8.171227536748854e-08
1062,3.66335710622685e-06,0.9999963366428969,2.4345948520607985e-12,3.590847337023054e-10,0.999999999638483,1.278743362049076e-11,0.9999999999300968,5.261795198513814e-11,4.495030484348298e-12,2.8737991250607095e-10,7.506967153991031e-23,1.2517622970596729e-10,3.797033204711713e-15,0.9999999995874376,1.6175729597569098e-30,1.1107661372122738e-15,2.9728410542888594e-13,6.77636394681535e-11,0.01371933264584724,0.9862806672860931
1063,0.9999999999999751,2.4175769777630267e-14,0.9999992467634756,1.014263069773503e-20,7.532365233670404e-07,0.9999991946390284,8.053609659515096e-07,4.4185782723834545e-15,5.803652846295277e-26,0.0009445884175690056,0.9990554113493295,2.3309978357347195e-10,3.639577367401378e-30,6.337990054286389e-16,0.9997555017170564,8.05149756287608e-31,2.8290922303870694e-07,1.207051832115051e-10,0.00024421525301498406,1.425951604198671e-17
1064,0.9795841152713826,0.020415884728617377,0.0002023082773132879,2.7496075569008862e-06,0.9997949421151326,0.0007148293858949667,0.9988829957596203,0.00040217277693979685,2.0775443551472794e-09,0.9799569887048432,1.182899553039761e-05,0.01966695843247012,8.342859891444012e-13,0.0003642238663203552,2.4247560144360695e-05,1.9479520270142526e-13,0.00032946669735277285,0.02767076352959498,0.971896319170729,7.920304198564239e-05
1065,0.9999983736833835,1.6263166139835476e-06,0.12733760288802276,1.0986933333633282e-09,0.8726623960132824,0.5170988036704531,0.48289495985196046,6.236477490232141e-06,9.839564881354409e-14,0.9874979573741138,0.006320023000942125,0.006181655729622226,5.942735317297264e-17,3.6389532177852767e-07,0.02716476002694317,5.208618360808873e-16,0.9305987692072457,0.009461059791332424,0.03277529037740403,1.2059707286185086e-07
1067,0.9981796911885723,0.0018203088114249468,0.0004987690089875148,2.482790332095735e-07,0.9995009827119825,0.0034532835192975626,0.9963968833287375,0.00014983309552886787,5.64343156351019e-11,0.9907348189462573,2.4756954219872687e-06,0.009217889019088444,1.891118404191086e-14,4.4816339212167265e-05,3.4550806944604973e-07,2.5503470371760697e-16,9.374623893688273e-16,0.0005239491742353904,0.9994749947836951,7.105339961919555e-07
1068,0.9999997977727224,2.0222727480637432e-07,0.9963482416948909,5.941010402993985e-11,0.0036517582457011163,0.9997960023651237,0.00017712845257458445,2.6869182303165453e-05,2.2655361861280422e-17,0.0006805915596422935,0.9679204399059513,0.0313989684187443,2.8717055355296944e-17,1.1565951536780858e-10,0.9693250721613447,1.3253528284790668e-16,0.0016158821235921046,0.029050223236339837,8.82246995293564e-06,8.7703741683119e-12
1069,0.0004394199171536437,0.9995605800828495,1.6778193119757765e-08,0.003026426632202902,0.9969735565896041,7.748276856632682e-08,0.13352539659311585,0.8664737054098931,8.205142229970578e-07,0.0002657664170952685,7.199101538221091e-10,0.9990579255874221,2.043100924400047e-07,0.0006761029654809344,8.28322208777385e-10,2.1034908953842436e-07,0.0008089879607983244,0.9990380567139832,1.2943343597771786e-05,0.00013980080420673176
1071,2.9841223428421334e-08,0.9999999701587758,4.139003497257825e-21,0.342492757820937,0.657507242179062,8.9584838708816e-20,0.8957365607813066,0.025735381078568768,0.07852805814012372,2.7216397503261418e-05,1.0896716967371016e-23,0.0142402419377091,3.7955540789801237e-07,0.985732162109382,1.2109208450767811e-23,1.3943829494848563e-06,3.0588565039662993e-12,0.012809864276311199,1.4334102354810085e-06,0.9871873079274415
1074,0.9999999999999751,2.4702693993243488e-14,0.9999998466620472,3.915032251900917e-21,1.5333795211667453e-07,0.9999999569960218,4.300395224499888e-08,2.5763831944961184e-14,1.9352630904211807e-27,7.076310887056595e-06,0.9999929227458225,9.432902118284778e-10,1.1605114163963731e-30,7.353201371828621e-18,0.9999993540582953,9.57255261459527e-31,1.0022395578356013e-07,5.778358463913563e-10,5.451399129619586e-07,1.4759718209922832e-19
1078,6.811626293127485e-32,1.0,2.8405835458354945e-31,1.0,1.6298605859973257e-24,1.9859254529163006e-37,1.0,1.3521119498598345e-26,4.768027785406174e-15,1.7775715488439218e-29,4.41337672097593e-45,2.8984335312251335e-30,3.853944495738754e-23,1.0,8.421521989798489e-39,1.0432761604116313e-25,8.854725999886024e-26,1.0,7.039205229968058e-16,2.9505752776903787e-18
1081,0.9999999999917897,8.209785615990088e-12,0.9999780840122294,2.1841783046204755e-17,2.1915987771448958e-05,0.999993912789275,6.087177666796001e-06,3.305777701163854e-11,1.8352298085571213e-23,0.00024383287074399671,0.9997556671320454,4.999971904204006e-07,6.325174617283278e-26,2.1580023662524967e-14,0.9999710745614175,4.335328046768595e-26,1.927916071234728e-05,3.7678997823584886e-07,9.269487890212921e-06,6.016533684013921e-16
1087,3.3437345234476296e-06,0.9999966562654788,3.029668580861256e-14,0.009598353406390038,0.9904016465935791,3.172926458120779e-14,0.9664452462945203,1.664786966477178e-07,0.03355458722675457,0.002188307544450752,1.0791236126963171e-19,3.789298950960909e-08,1.072397423338359e-10,0.9978116544553213,1.4506314529918733e-18,1.011807101828072e-10,7.597417717555412e-05,5.769754608677308e-08,0.00021416245016466813,0.999709805573936
1088,1.922147849168592e-18,1.0,2.650603158346633e-28,0.9999999806937796,1.9306219770955662e-08,6.502888704371698e-27,5.339987638255055e-09,0.0016246786618121984,0.9983753159981968,1.4125271156181193e-15,1.2108349335831778e-30,2.438726444866977e-05,0.9580629640421268,0.04191264869342223,1.0684754539416657e-30,0.9399575952267236,6.3083857156376e-12,2.8277716757284676e-05,4.563528457002416e-41,0.060014127050210926
1089,7.834652370180245e-17,1.0,1.40838940359314e-21,0.9281847127336559,0.07181528726634559,4.610759322586765e-20,0.2015231340576907,0.004530569170595763,0.7939462967717072,3.536114962427463e-15,2.0346232096943174e-25,3.030135026880755e-13,6.108657228697109e-08,0.9999999389131223,2.2000551658785993e-25,3.357499897987458e-08,4.0645020422388514e-07,5.397687450503317e-13,1.1250256549388247e-17,0.9999995599742535
1090,0.00010577339829654556,0.9998942266017029,3.44009158740975e-19,0.0013661767646378055,0.9986338232353613,1.785709515904285e-18,0.9997587574700404,2.2928365695900316e-06,0.00023894969338883676,0.0062004175742988756,2.656725256972282e-23,1.6651931776994206e-05,8.551846362229403e-11,0.9937829304084032,3.0291775870689417e-22,1.2018922002205456e-11,6.454449579046033e-07,1.2514439934985992e-05,7.934413263469124e-11,0.999986840023744
1095,0.00042064826615214744,0.9995793517338482,3.1796415012876416e-12,0.0001242929343853198,0.9998757070624373,2.5637483384686278e-12,0.9995982705112819,5.41615949666024e-09,0.0004017240699932755,0.027482391563314203,2.4964651056786316e-16,2.6001980739796032e-08,1.2181206335179162e-12,0.9725175824334877,4.626985743780284e-16,4.4134451672020445e-13,7.4061922950606095e-06,1.3202699739181057e-08,0.022940226246001717,0.9770523543585604
1097,0.9999999999999964,3.947390291609689e-15,0.9999998738623228,4.132667705984724e-22,1.2613767692813508e-07,0.9999998809259267,1.1907407266528263e-07,4.874903294715156e-16,1.9918772008089503e-27,1.8171972219120656e-05,0.9999818280075669,2.0214415280727364e-11,8.639387359424969e-33,1.4460902294263766e-17,0.9999976872360615,1.0455985038110533e-32,6.153359868666179e-07,1.7995153361739733e-11,1.6974099564253206e-06,5.407889083732165e-19
1098,0.999999509257037,4.907429601173937e-07,0.9986444017538715,4.4252620307781294e-11,0.0013555982018772846,0.9999496980767109,4.8243879351559436e-05,2.0580439389166294e-06,2.5656613700571473e-17,4.9940701547183755e-06,0.9975010963043294,0.0024939095514543673,3.5323411355250456e-18,7.406238848273262e-11,0.9970650192816085,3.6873427603845336e-17,0.002934980677177693,2.5138527270219223e-11,1.958692379459404e-15,1.607597784432103e-11
1100,0.9997512312606277,0.000248768739369996,0.018258870625083516,3.9647691711099186e-07,0.9817407328979972,0.24040378910056187,0.7520795915897672,0.007516619256333259,5.3334929901005565e-11,0.5055030323635225,0.0009324030044436255,0.4935550704065285,1.4860783206300865e-13,9.494225359775818e-06,0.0018580765834768048,2.0986291611666173e-13,0.003765373752311088,0.46277768006687925,0.5315962074952488,2.6621018714466964e-06
1105,0.9999960401800748,3.959819921986071e-06,0.046725977290623825,3.756129936508304e-09,0.9532740189532467,0.07865665409574124,0.921340953313071,2.392590941379451e-06,2.46320929998479e-13,0.9999474322188235,3.365491732237783e-05,1.847337325274017e-05,7.958478129977479e-18,4.3949059955544993e-07,1.26003936038127e-05,2.188915429281843e-19,1.679747587351859e-06,1.6627797535295018e-06,0.9999840536481982,3.4308554514969257e-09
1107,1.4578430734432746e-08,0.9999999854215673,2.230898376968948e-13,0.9450484193352279,0.054951580664547646,2.3974395411496677e-13,0.0005728557688314793,0.9993499621028349,7.718212809339057e-05,5.642008901823994e-08,2.355305125653545e-15,0.9954211573515415,0.00010398752802142807,0.004474798700342462,4.2642583785670774e-15,0.0006123432979900011,6.0363944266588554e-12,0.997248852185199,1.10768866556234e-17,0.0021388045107725447
1108,0.05723000755669226,0.9427699924433096,8.838107024578994e-07,0.0003631680559832543,0.9996359481333135,1.3703575686840123e-05,0.8783673372594261,0.12161829854418695,6.60620700688105e-07,0.009695609634403097,1.901921268781124e-08,0.988622204147177,8.738333946165146e-09,0.0016821584608735676,4.550091154211561e-08,3.8906602681824365e-09,0.03977952353834136,0.9598297311063793,0.00011202560287016496,0.00027867036083735773
1109,0.9999705548398419,2.9445160161598695e-05,0.014148672685047957,2.8631354466822446e-08,0.9858512986835973,0.06253559277453205,0.9373404761209343,0.0001239311021263297,2.4083559831914094e-12,0.9963846690176883,0.0003669541648647607,0.0032473241707145625,2.3540211256659656e-15,1.0526467266694997e-06,0.0041314396325938954,4.135310306461785e-15,0.042119992361356245,0.012969432093764496,0.9407788796700891,2.562421956210616e-07
1110,5.338384353534901e-10,0.9999999994661621,1.7625292096220468e-16,0.9995069515985923,0.0004930484014086605,2.916430201680044e-14,0.0034279233315669443,0.8301718853837168,0.16640019128468775,8.885981454826645e-07,3.015654349317361e-17,0.058139511976289165,0.03522678092894984,0.9066328184966135,1.0668874264686885e-16,0.09384012076172274,7.771893119954806e-05,7.606498926582531e-10,5.904016435450571e-09,0.906082153642413
1111,0.9798187202964955,0.0201812797035053,1.0143700845963955e-05,7.324665072614248e-07,0.9999891238326487,1.3222284829695826e-05,0.9999726382795976,1.4138749958501478e-05,6.856117411121911e-10,0.9994055253121785,5.5211464298524816e-09,0.0002915688727473492,5.458810379861043e-15,0.00030290029392550795,1.8914157869215553e-08,1.3854634208742357e-16,1.2993365369875645e-05,0.0002454473659336562,0.9996881369032605,5.340345128147628e-05
1113,0.970309015161554,0.029690984838447492,0.01601458416387107,0.00011154679942041419,0.9838738690367115,0.0027892234175379772,0.002959954199298584,0.9942508223816326,1.5328302730691716e-12,5.528821077410315e-06,6.656529632185297e-06,0.9999878106708341,2.758716661117087e-13,3.97817818069177e-09,7.177530904101615e-06,5.43179073840104e-13,1.7095339037264118e-14,0.9999921888607979,6.326708113583469e-07,9.369280790879442e-10
1117,0.9926071385395836,0.007392861460419632,8.246129445814127e-05,1.4963578944930851e-06,0.9999160423476505,0.00032582104651486017,0.999647599476905,2.6566794606323695e-05,1.2681975280743857e-08,0.9886157106201737,5.587530227434434e-06,0.011195325605027284,4.3485048930245017e-13,0.00018337624413901018,5.899905902562644e-06,6.822262285544638e-13,0.9962947930308704,0.002745301515594741,0.0009202767992747764,3.372874767776314e-05
1121,0.9999999996535003,3.4649999811336133e-10,0.9950450417656679,2.8375155963810444e-14,0.004954958234302965,0.9953707183009982,0.004629281644256707,5.474562577931813e-11,4.0417557869386114e-18,0.5620483002978219,0.4379497626098722,1.9356098575792047e-06,1.7959457116904222e-23,1.4824487634509337e-09,0.43117584864955505,7.465182416849261e-24,9.811106718201201e-05,1.0534000258203352e-06,0.568724986729261,1.5397642120076153e-10
1125,0.9999998290227627,1.7097723376587455e-07,0.54816935314414,2.312279018056885e-10,0.4518306466246317,0.7668106256422379,0.23318910338685186,2.7097089999210987e-07,1.354653084599298e-14,0.9705508795349035,0.029103706447465936,0.0003452804596908131,1.3321460451537909e-18,1.335579368159367e-07,0.4179680510495309,1.6074479108390617e-17,0.31111186825245846,0.0012755657454218293,0.26964440322110333,1.1173148632710162e-07
1130,5.629605601395055e-10,0.999999999437037,3.5063302990422844e-17,0.9766050533737771,0.023394946626226244,1.928928925366963e-15,0.07518236240865055,0.023226529659769138,0.9015911079315779,1.1596436535292852e-05,1.1191144501356753e-26,0.008324545116614544,0.00034632631060955895,0.9913175321362435,1.4281384066168794e-26,0.0009987080586247555,0.000327531760685575,0.0042471040167432065,3.5685302491561306e-08,0.9944266204786437
1132,1.1994377866412372e-19,1.0,6.96164644567131e-31,0.9999999161649065,8.383509020044867e-08,3.4682103737992567e-31,4.6185533385610034e-09,1.7988943618107435e-08,0.9999999773925057,4.3388102749869845e-15,2.3966913480890364e-34,1.2248181852617056e-08,0.0041506841923462864,0.9958493035594669,4.3838698563825754e-35,0.0016126388889894012,1.8508246298981716e-12,4.936953272119568e-18,9.367109946686201e-33,0.9983873611091573
1134,1.3922061601072402e-06,0.9999986077938373,1.269335186352975e-11,0.16845456783803875,0.8315454321492679,1.0018165400318067e-10,0.8798119123659031,0.12000229232372478,0.00018579521019355185,0.0003723345319433644,1.600397404365481e-21,0.6507057245594193,1.098017263737452e-06,0.34892084289137404,4.418681550056276e-21,1.5663378655156162e-06,0.00014959017278027152,0.19047637681950652,4.740183558204792e-06,0.8093677264862921
1137,0.9999999999999787,2.099551778300172e-14,0.9999997721373692,5.16098493878845e-21,2.2786263117159e-07,0.9999999042264572,9.577352207893218e-08,1.9060635057455086e-14,3.8473571914253966e-27,1.855519944973252e-05,0.9999814441638655,6.366836583316815e-10,7.574364315592561e-31,1.8290599161339305e-17,0.9999986951277209,6.356070081687503e-31,3.1582382876951275e-07,4.990945748178747e-10,9.88549355529068e-07,5.807698008531586e-19
1138,6.933475200244291e-11,0.9999999999306652,7.490485765073185e-23,0.9998678921538547,0.00013210784614250512,9.78535667335203e-25,1.4411488331438038e-09,0.9999999977760226,7.828290087447524e-10,1.6819721208890094e-13,2.958084563082796e-26,0.9990186677727015,0.000981152561352058,1.796657763024086e-07,7.495597739793117e-27,0.00027891369121591544,1.6935275357767003e-14,0.9997210445385482,1.4219451668486212e-28,4.1770216961746605e-08
1139,4.218821246663282e-17,1.0,1.1688744292112712e-35,0.9999916563740273,8.343625973977493e-06,3.840201423014894e-35,5.89066207377641e-10,8.438412127612038e-09,0.9999999909725261,2.0948731208273383e-20,8.2684463382997e-40,3.1125776799249326e-09,1.8880946031201092e-05,0.9999811159413976,7.119785095372465e-40,2.099301839044809e-05,1.9562746332076947e-08,8.382846279917532e-19,1.0528488181991783e-48,0.9999789874188583
1144,2.0148671647892113e-33,1.0,1.8960956217741698e-58,1.0,1.7650293918969097e-19,2.5000621749477544e-57,2.013476154761636e-21,4.795895847753799e-08,0.9999999520410381,5.471685968294464e-35,1.5723081650529918e-75,4.0008190803334614e-19,0.9999999999994742,5.283583700919445e-13,1.4482780603338656e-74,0.9999999999817533,3.2654990110056007e-40,7.887863703034417e-19,1.5012546831421823e-51,1.8246195549491295e-11
1146,0.9999999723619698,2.7638027871675373e-08,0.988084938135386,5.669039853248231e-12,0.011915061858944288,0.9951386070591622,0.004861388833564758,4.107269941161544e-09,2.8375665006112653e-16,0.008444239481506577,0.991527553554047,2.8196537185936066e-05,1.2796621142906695e-20,1.0427257039617558e-08,0.01614006260082637,1.1629865800845233e-20,0.9838599370416865,2.770212600588587e-14,4.43776871989753e-14,3.5741218087780246e-10
1148,0.9999999999890292,1.0969254467478841e-11,0.9997939915320284,7.316210464170563e-17,0.00020600846796985087,0.9998731312644673,0.00012686872693706166,8.596808240494067e-12,6.813720978938877e-22,0.08692959944322444,0.913069848387898,5.521649886557909e-07,2.519715185476228e-25,3.888929671144357e-12,0.9512863258800767,5.357957361522752e-26,5.671551929541052e-06,3.7091330988732267e-07,0.04870763165454539,1.3899117075855396e-13
1150,9.009799534055447e-19,1.0,1.284337289892334e-44,0.9997549229108461,0.0002450770891560211,2.262104120923037e-47,3.839709276256368e-07,2.0434501861121378e-15,0.9999996160290676,2.475491780583411e-21,4.587710191000597e-61,2.0651591038647944e-15,1.5006231337283492e-10,0.9999999998499334,3.0395386866036677e-61,1.5279552499153408e-11,1.769761745275842e-13,1.1749839254434117e-25,1.9948621924173652e-39,0.9999999999845457
1153,1.2970632771772664e-05,0.9999870293672313,1.0921612883500307e-09,0.05955070605908518,0.9404492928487501,1.05919549604564e-09,0.02349756584156328,0.9765013081384851,1.1249607529951764e-06,1.071344095825051e-05,8.714060313639634e-13,0.9940236278250716,6.651445102368371e-08,0.00596559221864974,2.8285056445180107e-12,4.0949189071870477e-08,7.619132941735917e-09,0.9971710259957233,5.836135063592975e-13,0.0028289254325454716
1156,3.3831582676273864e-17,1.0,4.224292659371101e-28,0.9999455042234613,5.4495776539313564e-05,1.5010997319961876e-28,1.0912591538220802e-06,3.2036256848168193e-09,0.9999989055372204,5.316082183598209e-13,8.596139038624286e-33,1.727188986399952e-09,7.139385513662534e-06,0.9999928588867668,7.999995954512721e-33,7.727645761056293e-06,1.545811794250958e-10,2.3892002710421404e-10,3.228841602376529e-32,0.9999922719607399
1163,0.9998998964976374,0.00010010350236020743,0.15502548399145888,3.7392122912039527e-07,0.8449741420873096,0.8137044527446345,0.1751247019797064,0.011170845271665788,3.991539829902433e-12,0.008922536575824097,0.015696824641673348,0.9753804306277077,2.399057283907585e-13,2.0815455566853005e-07,0.020340945434418917,2.169863570804274e-12,0.43878240074779723,0.5408253853604688,5.1232903179480315e-05,3.555196446862787e-08
1164,1.6791922064038096e-12,0.9999999999983231,1.9606981553535304e-16,0.015082691404678791,0.9849173085953229,2.0040301786156677e-15,0.9999381955186036,1.7092118292862587e-08,6.178738927363238e-05,1.7926230260016124e-10,1.2060229892232767e-18,0.9400088927719565,1.9881778664081095e-15,0.0599911070487822,1.1514573605002248e-18,5.408035921023908e-16,4.918327179267523e-06,0.951279710690811,9.269707246317703e-12,0.048715370972740646
1168,0.9999999983557792,1.6442205695910524e-09,0.9725252793042349,3.0161119724007417e-13,0.027474720695463244,0.9758033049287923,0.024196694049728244,1.0214782304535537e-09,1.8105941054707413e-17,0.9888028208151567,0.011195448389433578,1.7275178363887067e-06,4.101579939983295e-22,3.2775719899341455e-09,0.05468751953805758,2.910763204672193e-22,0.0007947928193096325,2.5253362584326346e-06,0.9445151620194595,2.869163298448696e-10
1169,0.9999996508481216,3.4915187970801955e-07,0.047286795325606985,1.7366473819734465e-10,0.9527132045007292,0.04230494186042133,0.9576950531691644,4.969942138086811e-09,4.702407654368026e-13,0.9998429606607304,0.00015668153681356844,2.719061402419983e-07,4.440686889655119e-20,8.589631841269132e-08,0.002428748436740151,1.0382168005238089e-19,0.01491461682514526,9.315136841618778e-07,0.9826556437749754,5.9449458447332544e-08
1177,0.0012218500843401926,0.9987781499156603,1.7188383115701405e-11,9.784297645401396e-05,0.9999021570063578,7.662838691722709e-12,0.9999674564156329,5.2580057663300655e-08,3.2490996649114124e-05,0.5676571501677836,6.208279412582956e-23,1.4371093016581416e-07,6.490976999645524e-12,0.43234270611479675,2.1161645921794146e-22,6.33633012955568e-13,2.6043917908101708e-05,9.901714505344704e-08,0.9068834943541633,0.09309036271014703
1180,1.3232641765596038e-21,1.0,8.155176041606126e-34,0.9999999998715552,1.2844214314283259e-10,1.4553107693145898e-31,9.195947897424249e-11,0.0009125151133672708,0.9990874847946758,1.3466147456739136e-19,8.671373470037063e-38,7.812674203787027e-09,0.9999862457196649,1.3746467660009888e-05,4.5882979846425847e-38,0.9999813553903393,4.883639989041183e-19,3.086164449225349e-09,3.420634278663459e-29,1.8641523494910432e-05
1185,0.0011082064718702172,0.9988917935281321,3.573120658586583e-09,0.007834453595652746,0.9921655428312299,2.3822368096773873e-08,0.8906802974231051,0.10930490583273277,1.477292179559105e-05,0.039849978354783086,2.0488068870149592e-10,0.908990503441715,6.381011691724555e-07,0.051158879897450577,5.778574436150184e-10,1.210323287716809e-06,0.06304415569806696,0.9252232556890017,0.00012753564448640366,0.011603842067298075
1186,1.0,1.1022724618206797e-48,1.0,1.0480519526409659e-174,3.01293683186729e-147,1.0,3.91734892380172e-143,9.268838276305698e-165,5.314652759146158e-72,3.863222779955269e-158,1.0,6.033085791073005e-163,8.246999941217915e-75,6.257624624609999e-154,2.2660108065019124e-158,2.4423116533671756e-185,4.104347502646189e-164,1.1050666657938534e-167,1.0,1.768135885259318e-167
1188,5.8788571617147476e-05,0.9999412114283833,5.916830936884958e-25,0.000534330959722556,0.9994656690402756,9.693016925572583e-24,0.9995350997994709,0.0004638216183976252,1.0785821327458514e-06,0.0001143707602958069,3.621735125886759e-26,0.9672904384578866,2.433337217823801e-10,0.03259519053848196,2.124091133178482e-25,2.1725323111277713e-09,0.017931276368518347,0.774927615658231,1.0108424036055154e-21,0.20714110580072267
1192,3.856308939379384e-05,0.999961436910609,4.6565353307149457e-08,0.3722886986975611,0.6277112547370856,1.0091968113089526e-09,7.058784055536666e-05,0.9999294047167865,6.43345799401088e-09,6.235282915944273e-08,6.811054776689699e-13,0.9999982780364907,8.969381688289443e-08,1.5699161799081418e-06,3.9171122839839203e-13,7.931283236186332e-08,2.172591498148914e-18,0.9999989216264981,9.862644445269134e-16,9.990602739613808e-07
1194,0.9869900334891129,0.013009966510887481,2.4709197487172296e-05,1.4030848793692528e-06,0.999973887717636,5.3778961240983416e-05,0.9999198350517219,2.638407222556007e-05,1.9148093046052603e-09,0.9944682998146354,5.721807050885226e-07,0.005150167920251197,7.266807244945078e-14,0.0003809600843331437,5.776333509709836e-06,7.814771820931687e-13,0.9825216309017176,0.016925495187642005,1.0765058424644588e-09,0.000547096499845586
1195,0.003080761782394045,0.9969192382176052,4.439827431491074e-12,5.771716363275804e-06,0.9999942282792005,1.9969297397578504e-12,0.9999931980471198,7.854801664072771e-11,6.801872332430817e-06,0.05712534029720514,1.6828780895948641e-15,2.879756977182554e-09,1.2399903740820836e-14,0.9428746568230272,1.0656161552376359e-14,1.960683187314806e-15,0.00018986983925195765,4.324926132408525e-09,3.536872967768365e-10,0.9998101254821247
1198,0.9999862077921337,1.3792207865303393e-05,2.29468863950498e-09,3.936926313624591e-09,0.9999999937683839,3.288064731805883e-08,0.9999903880040892,9.57911472683723e-06,5.358236233768972e-13,1.4164358031226024e-07,0.9997959188106258,2.8717387537372598e-09,6.853751042265755e-16,0.00020393667405568073,1.1476135415005215e-10,4.276101733367747e-17,0.9999993379470229,3.41535613276432e-11,2.458937021489237e-12,6.619016013871368e-07
1201,0.9999999998255085,1.7449122961003277e-10,0.9997073087229258,4.406782066040239e-15,0.0002926912770706452,0.9999168269831914,8.317234063156509e-05,6.761775685822699e-10,2.0483854695728187e-20,0.01484339915737416,0.9851528159080608,3.784932105972247e-06,1.327816011188404e-22,2.4604228466871107e-12,0.9992026266245251,8.38978554457441e-23,0.00047590905632825006,1.947729788597031e-06,0.00031951658929155305,6.754837409269951e-14
1206,0.9999985558250143,1.4441749870315684e-06,0.004276723114186115,2.0705027945076317e-10,0.9957232766787661,0.004076052994156258,0.9959239458177791,1.186679126183312e-09,1.3863800653816953e-12,0.999986137418652,1.316926688065008e-05,2.4760875349943054e-07,9.731287154806286e-21,4.457057165354245e-07,0.0003102794164946385,4.1502069996131087e-20,0.06585207015161045,1.7188201099393542e-06,0.9338351055784427,8.260333425549419e-07
1211,0.9834906174854092,0.016509382514591657,5.416982359557887e-07,2.9100174399976646e-07,0.9999991673000167,5.971983074136535e-07,0.9999993725089645,1.7459014355558278e-08,1.28337169485831e-08,0.9746771530543724,4.264891613394125e-08,1.1422754305536335e-05,1.0584264704930363e-14,0.0253113815423983,1.116462211446145e-08,1.2831467668082076e-15,0.9989314708113591,1.0484980472113375e-06,0.00039586658129679703,0.0006716029446749435
1213,3.1659472281058516e-05,0.9999683405277128,4.148886855865571e-17,0.005725771222901616,0.9942742287770941,4.263826047457651e-16,0.4090948053747196,0.5909044354109648,7.592143090055212e-07,9.230955374469525e-05,2.0243920057019963e-18,0.9807810720572864,1.4046757917673773e-07,0.019126477921396604,1.586548004620644e-18,6.36889239090718e-08,1.0785549226330298e-11,0.9986305412870732,8.515931474739585e-07,0.0013685434200660456
1218,0.9999960372634221,3.962736578993032e-06,0.13722447718932382,5.193971028590193e-09,0.8627755176167079,0.31243700527056734,0.6875476921842193,1.5302545015427283e-05,1.9780074152642515e-13,0.9990508144084076,0.0003208196721444968,0.0006277629232578176,1.9372613567544693e-17,6.029961902987261e-07,9.387647852870422e-05,8.690180772098932e-19,1.9514889540414553e-06,6.407304872375109e-05,0.9998400860071863,1.2976609096075606e-08
1219,0.9999999999993001,7.012206142837241e-13,0.9999970308296389,1.3584912701730268e-18,2.9691703619537572e-06,0.9999988899427855,1.1100561851869588e-06,1.0306341364775716e-12,2.0354096214072275e-24,0.0004909801354769333,0.9995089900545112,2.981000812835097e-08,1.0141338331128083e-27,2.5759803591851757e-15,0.9997564444094624,4.7969640426671055e-28,1.7867968495124278e-07,2.0427778552336253e-08,0.00024335648307460188,1.0397739070879896e-16
1220,0.9999999938256963,6.174307304404723e-09,0.9758929435001199,2.776805797854741e-12,0.024107056497102153,0.9932240383556344,0.006775925399552512,3.624481594710045e-08,6.717516405856602e-18,0.18747052505090658,0.81197619257259,0.0005532802004617519,1.9149971426264683e-20,2.176038303148942e-09,0.9777240858406793,9.624372805516001e-21,0.019278584431559578,0.0002474066754923792,0.0027499228823960387,1.6987080930581774e-10
1228,0.999999999968022,3.197632347063086e-11,0.9994148569749111,9.625220707369074e-16,0.000585143025087838,0.9997725199704366,0.0002274799730903602,5.6472231166713666e-11,6.4369899184772936e-21,0.04472804435422674,0.9552689109060865,3.0447324189582987e-06,3.0599826389822924e-24,7.26850816285192e-12,0.9983068333672903,3.152853083222182e-24,0.0006214388595089898,1.0379398127149708e-06,0.0010706898331117982,2.7747494437789224e-13
1232,4.286908178702004e-06,0.999995713091822,3.7680555472613306e-19,0.07453201211972074,0.9254679878802771,2.5509350194567965e-18,0.9971372786469932,0.0028627212426398587,1.1036395108268683e-10,0.00023703245107789067,9.754314483191929e-22,0.0006041341984191023,5.907694855073561e-07,0.9991582425810193,1.1898629725133062e-21,1.809899740660491e-06,0.9378929034015091,3.281712183128441e-12,3.688088757165726e-15,0.0621052866954641
1234,1.9282326306370128e-05,0.9999807176736937,2.973626190971509e-10,0.06800244601219939,0.9319975536904387,4.696172960509471e-09,0.801522139712842,0.19802510889443678,0.00045274669655035984,0.0003127944809997082,1.69533345714541e-11,0.7829862173174996,7.543456507805384e-06,0.2166934447280426,2.62936713488381e-12,1.3123568313507678e-05,0.8854874550554946,0.09834727056553216,7.84505591268167e-08,0.016152072357473787
1236,0.9569134930520218,0.0430865069479766,3.955283878311468e-05,1.0338972904240925e-06,0.9999594132639258,0.0002316756715976099,0.9996365730259062,0.00013174974792451807,1.5545740477116265e-09,0.24994816678215984,0.00032764279577041273,0.7339083136094866,4.281646774303287e-12,0.015815876808299167,4.2177337261382085e-08,8.660569939796977e-15,0.9999079847738185,9.063740158673039e-05,1.3131194042752232e-08,1.3225160556220643e-06
1237,2.5004908671391986e-05,0.9999749950913317,7.916826863329874e-09,0.14264369574793873,0.8573562963352372,1.86223124159031e-08,0.037782756053645186,0.9622043794542284,1.2845869814589607e-05,1.0930971659900296e-05,1.7276278127295442e-11,0.9981764423311905,4.1220168298750506e-07,0.0018122144781899387,1.160300452434612e-11,1.2631445506668269e-05,0.0009152137484340862,0.9973567818760772,4.3627130611366764e-07,0.0017149366470761128
1246,1.0,1.7628413318029712e-15,0.9999999411227609,1.0187451027793173e-22,5.8877238862675794e-08,0.9999999633660959,3.663390406696106e-08,2.178916733902157e-16,2.893100052099498e-28,1.119734269232907e-05,0.9999888026370998,2.0207826426656037e-11,3.1285856351909587e-33,2.1504509730280486e-18,0.9999981098201058,4.0688711868575886e-33,1.3136097991044883e-07,1.1312218680516554e-11,1.7588076014312005e-06,7.132827109881263e-20
1249,0.9732322866331581,0.02676771336684515,0.00043864212338702265,1.0128196355797048e-05,0.999551229680254,0.005961711655984078,0.9538640907525714,0.0401741961756247,1.415820253255539e-09,0.06392738144457312,1.0801022401494055e-05,0.9359894911970099,5.323115876039758e-12,7.232633069345459e-05,1.809525808840544e-05,2.30240697897808e-12,1.0555123847614292e-06,0.4615387246799123,0.5384301703718881,1.1954175425172502e-05
1250,0.999999916182059,8.381794445807662e-08,0.9894816419705251,3.503589600502516e-11,0.01051835799443613,0.9992671188131667,0.0007241765199249901,8.704666911391609e-06,7.87957646284686e-18,0.004172605442318039,0.9487542482970523,0.04707314569094923,1.5806105524541183e-17,5.696802967371324e-10,0.9478067555202729,2.215274150341727e-17,0.00030029545121221403,0.051204240577168825,0.0006887084060204128,4.5323568690344644e-11
1252,0.9999999999443219,5.5677731582327155e-11,0.9996791313288691,8.418109049274624e-16,0.0003208686711289966,0.9998917525892097,0.00010824721693634783,1.9385230985888923e-10,6.103201480166358e-21,0.003126761596539871,0.9968715556844905,1.682718502930826e-06,5.1931870745985616e-24,4.658334184620427e-13,0.9993985565166659,3.545167915688079e-24,0.0005086561888897492,1.3925822684226767e-06,9.139471215127312e-05,2.5006265971487638e-14
1256,0.9999999999999041,9.750095916432871e-14,0.9999932534795654,1.2453449004984092e-19,6.746520435827931e-06,0.9999937366924635,6.263307509615756e-06,2.735432901361718e-14,2.4690147575936732e-24,0.00443504061892015,0.9955649564281592,2.9529142519905924e-09,4.7613668869835695e-29,6.14596614956287e-15,0.9997954176780368,1.3401663940854103e-29,1.9047432626968235e-05,1.2136879119733092e-09,0.00018553367564902706,1.1675954476261672e-16
1258,0.9999999990879154,9.120854348285604e-10,0.9942124708267955,1.854408054694636e-13,0.005787529173021313,0.9984768157862406,0.0015231696956523224,1.4518105170759917e-08,7.4272284920965e-19,0.1909455831302863,0.8088754967042552,0.00017891976568556352,3.2383366546802497e-21,3.9977088919184065e-10,0.9903400244634765,1.1811743319258887e-21,0.007040640570613907,6.129157338483097e-05,0.002558043383562644,8.962407882230782e-12
1259,0.9999999934268189,6.573181228891485e-09,0.9870010318452661,4.855180460109159e-13,0.01299896815424905,0.9973294215129768,0.0026705634837591303,1.5003266716702652e-08,2.5812022611982488e-17,0.05464013035297077,0.9450816657125888,0.00027820355290624746,4.12802727509679e-21,3.815376186063593e-10,0.9960656866537334,5.055608273592395e-21,2.1870087772128358e-18,0.0002856662289584848,0.0036486470873766845,2.993064107601928e-11
1260,1.8245111186313805e-19,1.0,5.926542005627355e-27,0.9941427811864442,0.005857218813562132,1.2864351390490173e-26,0.0009679910019511767,3.3746310294399676e-06,0.999028634367013,7.919931814262695e-17,4.700517303233808e-30,9.423067781050873e-14,2.1461381010751963e-06,0.9999978538618003,6.814547154375759e-30,4.4899665763125264e-06,0.0048984234247806254,4.966185315459733e-14,8.104317308294564e-38,0.995097086608594
1268,0.9999991611546869,8.388453120032705e-07,0.8227311576444227,9.674640731637936e-10,0.17726884138811178,0.9886959154208883,0.011289088597718901,1.4995981388556188e-05,4.498056459534075e-15,0.02775049423947827,0.8363847361843146,0.13586467106007663,9.862498047084385e-17,9.85161285282281e-08,0.043026235724069724,4.417670483030212e-16,0.9471099743224363,0.00979041567415845,7.337188657082459e-05,2.3927614904676963e-09
1269,8.660506272241707e-18,1.0,1.121369229825019e-43,0.9999982799814986,1.7200185019265909e-06,5.932004751154411e-44,2.6761178481127755e-08,2.4993097931249256e-11,0.9999999732138324,4.4236688708998484e-20,1.61082012699722e-39,2.974257183424494e-18,0.0005493870239909102,0.9994506129760052,5.716027202434486e-47,0.00037118514793027947,1.028322222821954e-09,2.2810214417943293e-27,1.435126047041982e-55,0.9996288138237442
1271,1.9883987688216264e-275,1.0,1.0,0.0,0.0,3.3351677307497357e-303,0.0,0.0,1.0,0.0,5.1020805647821e-310,0.0,1.0,0.0,0.0,0.0,0.0,0.0,1.0,0.0
1274,4.658336967571539e-05,0.9999534166303238,1.417560921791152e-13,0.0008630713298123904,0.9991369286700434,1.8840364557910146e-13,0.9952766297485471,3.281776028062267e-08,0.004723337433503128,0.003992639580957688,3.7104793066630587e-17,8.340642275963758e-08,5.26882317908384e-11,0.9960072769599342,9.78766912919114e-17,6.525942692536412e-11,0.6403920029429848,2.1198533590190383e-08,8.467717049283244e-07,0.35960712902151687
1275,0.0005764471951167239,0.9994235528048863,2.229381853274192e-09,0.005557676722178343,0.9944423210484411,2.1987067545586526e-08,0.9957533475793603,0.004109140115556793,0.00013749031801864767,0.019378263972757364,4.829489149088793e-10,0.37875890177547894,2.1110402922666494e-07,0.6018626226647827,2.1908594579101253e-12,6.758780324222325e-09,0.9969359638736012,0.0011761570070203998,1.2842433857599765e-08,0.0018878595159749676
1277,4.953192810415036e-20,1.0,1.0145056796672801e-31,0.9999999989922657,1.0077312571825137e-09,3.857951685559303e-29,6.104924034803433e-10,0.07810141173746248,0.9218985876520472,1.508977046545819e-19,3.826112176667025e-36,3.8830313034625425e-08,0.9999995787387056,3.824309827126009e-07,9.962010738161235e-36,0.999999837949672,9.988683931819288e-25,3.646931511522233e-08,2.372507573736725e-37,1.2558101567733444e-07
1283,2.8442518350263747e-11,0.999999999971557,2.294294144694675e-18,0.997017127254498,0.0029828727454994926,1.5214541219079315e-16,0.005642451655291204,0.9771312317278016,0.017226316616906556,4.796826756849635e-08,4.897707059992975e-19,0.06462854564130137,0.04489665620600086,0.8904747501844272,3.4553308655035857e-19,0.8517265433524438,0.003946026076936884,0.012702234157013034,3.3184882942716844e-27,0.1316251964136059
1284,1.345949340487843e-16,1.0,2.749466211351087e-25,0.9999994177184764,5.822815204042684e-07,5.023507799044676e-24,1.7423673632589828e-07,0.0033025734192084584,0.9966972523440562,1.2861978730563453e-13,3.0140386913253826e-27,4.5428725965331245e-05,0.9922489383343497,0.007705632939555005,4.5010009376968215e-27,0.9959331834116697,1.0280385525563603e-19,3.0383353410747163e-05,1.671972433058092e-31,0.004036433234919075
1286,0.0006263022233760078,0.9993736977766204,1.5294556979725233e-09,0.0008995320859834189,0.999100466384563,1.9641947566502293e-08,0.9941794279863149,0.005806583418436801,1.3968953298691382e-05,0.004601751664994572,3.150508975649017e-10,0.9627792491250606,3.791382138866283e-08,0.03261896098107421,2.86611244190689e-09,1.0222416888059847e-07,0.01997433993685518,0.949703660203393,9.645201942979837e-13,0.030321894768509373
1288,0.8117757807729903,0.1882242192270111,3.410076048924074e-05,9.66048387492682e-05,0.999869294400761,0.00043479660583530184,0.6792605572934403,0.3203046150381352,3.106258598850702e-08,0.012636921544301329,6.547233709205907e-07,0.9873573808008722,1.5548342444514538e-09,5.041376620138979e-06,3.778077453789457e-06,2.052925918991143e-09,0.10792670473078572,0.8920033280798642,6.569778126846745e-05,4.892777047227053e-07
1289,0.9999720368928126,2.796310718425097e-05,0.011129827834522743,2.5267854694449717e-08,0.9888701468976225,0.021441128800814273,0.9785381704779992,2.0700719633940893e-05,1.5514383227295943e-12,0.999767460543663,3.46318173811304e-05,0.00019465025477075353,6.933994344049506e-16,3.257384185363426e-06,0.00013674958577886042,3.233478002723707e-16,0.0027825506358483015,0.00024058041067069822,0.9968397844807791,3.348869226425346e-07
1290,0.9999864871664756,1.351283352755433e-05,0.009810856779655574,6.775907200197161e-09,0.9901891364444394,0.035201415131345906,0.9647754139090756,2.31709585348962e-05,1.041936909507293e-12,0.9875250795753557,0.0030896864195347376,0.009383412979872033,3.910234875455937e-16,1.821025234698745e-06,0.0015848862675574118,2.298402571535725e-16,0.9919805728860385,0.00523999174785462,0.0011944434535286644,1.0564501964613136e-07
1293,4.316696248689374e-05,0.9999568330375151,1.5971786484185636e-11,0.006255768321792824,0.9937442316622356,1.3804665591098103e-10,0.9972954398762331,0.0024030599304078254,0.0003015000553158212,0.010164623666808904,2.9268402887216485e-13,0.021203854210028465,3.8892373394480867e-07,0.9686311331991375,8.601141477897769e-14,1.4156306124969313e-07,0.982922960479948,0.0031041465662800176,5.34263206009142e-06,0.013967408758563536
1294,0.0024968105237357812,0.9975031894762674,1.6589739128161388e-06,0.01887492248270919,0.9811234185433816,2.768298043852901e-07,0.001197364799060833,0.9988023524701545,5.900979448981893e-09,7.258966491266118e-08,5.930463560418539e-10,0.9999747808088331,1.688634037636083e-09,2.514431981984953e-05,6.238132917712791e-10,2.636737614195368e-09,2.4448431918892967e-07,0.9999844136831662,2.656291911190494e-16,1.533857196518813e-05
1295,0.0012331856693801409,0.9987668143306198,2.1234843841913176e-23,0.0005665087257778256,0.9994334912742192,1.127170799231148e-22,0.9949331307104395,0.005065278767952238,1.590521607396913e-06,0.8883686473561786,9.01559195858113e-25,0.05642238187484071,5.582524653433612e-09,0.05520896518645803,1.3066120404036745e-24,1.3350145245445642e-09,8.961444905881075e-13,6.203464156729953e-11,0.9904408600105044,0.009559138591547712
1299,4.260189441434294e-07,0.9999995739810555,5.103623851194021e-11,0.9125971986912093,0.0874028012577512,6.4101796556536824e-12,0.00024198540758202887,0.999757047641436,9.6694457449586e-07,1.6231946947906218e-06,7.138999937749367e-15,0.9995021913730557,1.078919538548268e-05,0.0004853962368556732,1.8462160075187832e-14,7.33078390943057e-06,4.921700530939421e-08,0.9996576905744308,1.3108303431715891e-07,0.00033479834160049705
1300,0.999999999997808,2.19368785917256e-12,0.9999865352072811,5.651940802417556e-18,1.3464792717313755e-05,0.9999941702174346,5.829780053188776e-06,2.511334588681494e-12,1.725970751607998e-23,0.0016289912041950432,0.9983709678638056,4.0931987678216275e-08,3.711155207742969e-27,1.3479775810788352e-14,0.99982565890574,3.9685613693684166e-27,0.00014142403318126852,2.6175484907274404e-08,3.289088559470812e-05,3.9664551551775087e-16
1301,0.9999999999969447,3.0546435408381367e-12,0.9999955588250767,6.390823370041155e-18,4.441174922918776e-06,0.9999994679991738,5.319756769124177e-07,2.5149712937953002e-11,1.0587562024661498e-24,2.388824427429448e-05,0.9999748387686923,1.2729870319444964e-06,1.62275476287079e-26,7.621999373220012e-16,0.9999918275270148,2.453333144671539e-26,6.706451254822676e-06,6.256363620364784e-07,8.403853673082572e-07,2.2735356213979408e-17
1302,7.775256016791696e-14,0.9999999999999218,2.076943400906862e-17,0.999999986149227,1.3850771229313113e-08,1.5138826080432586e-17,2.708674826543807e-10,0.9999999997288143,3.1552067656024367e-13,9.007756741106348e-13,1.4882182896457963e-19,0.9999860813265729,1.3917936258593629e-05,7.36269208716226e-10,8.781996184097935e-20,8.03437895368944e-05,3.005902311761943e-11,0.9999196555566864,3.0038606600552476e-14,6.236899150811259e-10
1303,0.9999999998636397,1.3636142236166137e-10,0.9991917910279294,9.811134067781694e-15,0.000808208972059126,0.9996882881222687,0.0003117113226453748,5.550856985035834e-10,4.752622492084092e-20,0.03535306980311099,0.964642657423806,4.272753672149714e-06,2.627026856593431e-22,1.9409793532356722e-11,0.9981092921669744,1.0166225036077748e-22,0.0015275374432086896,1.3814043980153363e-06,0.0003617889849656108,4.5451907977717593e-13
1304,1.1677557466732839e-05,0.9999883224425328,1.761743974174049e-21,9.637446512350428e-05,0.9999036255348737,1.0243188203128173e-21,0.9999870287267564,2.3630698914666276e-10,1.297103693952313e-05,0.00013247810632388508,3.876722287232576e-24,2.422125211709418e-08,1.957299145140127e-14,0.9998674976724033,1.2196674652671008e-24,1.0880699870251519e-13,0.021548148966202007,2.776865094760233e-17,6.552551573354847e-31,0.9784518510336877
1308,9.150529890769064e-09,0.9999999908494672,2.600895961312277e-13,0.9967367799743333,0.003263220025402811,3.573050993831698e-15,5.212600820420725e-08,0.999999936012282,1.1861704985481424e-08,2.839918047822913e-10,1.5420552953182035e-17,0.999289865841517,0.0007095828818189555,5.509926701951891e-07,1.0526080578363123e-17,0.0004420063613284823,6.360490679799897e-20,0.9995579232631941,1.7757568376305173e-17,7.037547392119002e-08
1309,8.705282384028222e-18,1.0,3.346804185625172e-35,0.9999990092734596,9.907265400178792e-07,2.2483799889449133e-35,1.1408194443039395e-08,4.339152278931285e-07,0.9999995546765771,7.905411547430799e-13,4.767385106131424e-38,1.512715677807827e-07,0.00669420775798956,0.9933056409696546,1.0506177075805508e-38,0.0037862702187903786,1.0925275220739586e-20,5.8375672613753695e-08,9.01446332884999e-22,0.9962136714055355
1310,0.00016694735101392902,0.999833052648988,3.0954093492940865e-09,0.0014259589392823355,0.9985740379653114,1.0741423112101511e-07,0.5979506464616402,0.4020369607206044,1.2285403528357085e-05,4.172464206711838e-05,2.393719419284767e-18,0.9958113602530718,1.0652894706122781e-09,0.00414691403957249,2.7978927753235483e-19,3.218402516285224e-10,1.067371687206395e-12,0.9993522805721647,1.679418847425826e-06,0.0006460396860768514
1313,0.999999994203332,5.7966668006029446e-09,0.9111627297497661,4.0106386676836396e-12,0.0888372702462241,0.931165896474664,0.06883410219308407,1.332249713236015e-09,1.732052633420646e-15,0.9757183872012136,0.024278461968749002,3.1386193135956573e-06,3.1715085308161487e-21,1.2210723610355021e-08,0.07841976127311723,6.6791723916341046e-21,0.8785009799557673,4.042750796723168e-06,0.04307521355234556,2.4679717848824056e-09
1314,0.006386902269968205,0.9936130977300338,7.329415683575643e-06,0.0009687729526247325,0.999023897631693,4.869443412875418e-06,0.006917695786745365,0.9930774330684071,1.7014331715397643e-09,1.6283401533877984e-06,1.5605653179598882e-09,0.9999964506822073,6.817302734214807e-11,1.9193489035680436e-06,1.3211133824649177e-09,2.266908114983738e-11,1.5477540946977852e-16,0.9999953586229745,3.9695195435585286e-06,6.705136997421749e-07
1315,8.734477682674713e-14,0.9999999999999147,1.0076354148577958e-20,0.9999997816540781,2.183459232236688e-07,3.006334618528902e-22,1.4436013399314037e-12,0.99999999742829,2.5702677947025627e-09,1.4624655427924512e-16,1.1440874689946854e-23,0.14493165107928185,0.8550683439711554,4.949559873594044e-09,1.2303968725895925e-24,0.9834835072518633,3.6381082271098775e-13,0.016516492469780836,7.236244181502705e-28,2.7799222739351956e-10
1316,0.9998639788315313,0.00013602116846611744,0.023265154282820378,9.491850682521186e-08,0.9767347507986692,0.27900724432003604,0.708458865880135,0.01253388979350239,6.328564423229622e-12,0.08056444462088369,0.001652640014576786,0.9177798282968018,1.9340015519338103e-13,3.0870675427573235e-06,0.003115083336479245,4.8680751006810594e-14,0.024871537731088928,0.9704283596760954,0.0015848610325162836,1.5822377481794375e-07
1318,0.9999999999998437,1.5614733206284257e-13,0.9999991990555311,9.316655048308792e-20,8.009444686573829e-07,0.9999997361621659,2.638376498764098e-07,1.8263933516696633e-13,6.596048504342869e-26,4.7913581727003374e-05,0.9999520818284924,4.589778880642948e-09,4.571749835579381e-29,1.1570683406195452e-16,0.9999886310441749,1.0109440673553693e-28,1.2363648859730964e-06,2.9223642717325588e-09,1.0129668576009956e-05,3.749961204758132e-18
1320,0.9999997911584875,2.088415097748575e-07,0.9774250819101911,5.106310193610159e-11,0.022574918038746485,0.997972726256291,0.0020234479524026973,3.825791304696772e-06,1.5773036812484897e-16,0.006860116205294814,0.9674753578196027,0.025664520356582718,3.873267707117056e-18,5.6185213851488855e-09,0.17435881831333558,1.501335783766335e-17,0.8146538757141479,0.010957294823872747,3.001086026225952e-05,2.8838223138428996e-10
1323,0.9999969061111186,3.0938888843368947e-06,0.06228963703847943,4.41158016044745e-09,0.9377103585499421,0.33962664721646907,0.6603644984934743,8.854289359160255e-06,7.006167845623411e-13,0.8183882177109193,0.1293697040563327,0.052240336443696966,2.0566880608881128e-16,1.7417890536319668e-06,0.00484522854944166,1.6003830036142006e-17,0.9932505096060319,0.0018507799032389499,5.34718619073998e-05,1.0079380679942272e-08
1324,0.001078719475171685,0.9989212805248278,1.804190165220355e-15,0.0022458213671104,0.9977541786328855,1.3836088750085124e-14,0.00019098071691423137,0.999807884791914,1.134491158996691e-06,2.445479131955787e-12,8.61757980584291e-17,0.9987109690530103,2.012727076680323e-08,0.0012890108172724376,6.661676922573962e-17,1.1933351761168111e-06,0.9986487737289435,2.4766048655429915e-09,4.9502209512023966e-37,0.001350030459278508
1325,7.003166671125658e-19,1.0,2.874085899444702e-30,0.9999999843658715,1.563412934272077e-08,3.019386351795516e-29,2.0240614362779523e-09,8.07926193275629e-06,0.9999919187140066,1.7323872827325267e-14,1.78444676046195e-32,5.026033283528172e-07,0.9459655601976072,0.054033937199043924,7.514222754765553e-33,0.9031858900620149,2.2065227336748318e-20,3.3999380903385666e-07,1.5503732591375303e-16,0.0968137699441763
1327,1.856337971336766e-15,1.0,5.158376799341209e-32,0.9999823152801499,1.7684719850189292e-05,5.2181002665009435e-30,4.9162495570578377e-05,0.0008699553136348052,0.9990808821907923,7.851691593555093e-11,7.391901664480316e-34,0.00021514248962625806,0.021257396906409563,0.9785274605254423,4.321004897521531e-34,0.027940768498209343,5.8040442242634134e-08,0.0002770379511806594,1.5753221793038444e-29,0.9717821355101666
1328,1.3904066152469233e-07,0.9999998609593373,4.944219506916804e-12,0.9955255244372567,0.004474475557801774,2.099744247976636e-13,1.4350808477964788e-06,0.9999984384479432,1.2647099605851344e-07,3.845669189489796e-09,1.6317594214305705e-15,0.9999342354806884,6.298238277500635e-05,2.7782908657412592e-06,3.5135542280856816e-15,0.00011897588195800993,1.1454996322518881e-15,0.999880663362194,3.914067363258926e-11,3.607167037614196e-07
1329,6.609700756114504e-05,0.9999339029924423,8.216640374007478e-11,0.004802010292657099,0.9951979896251748,3.137345385434396e-10,0.9970214580558742,0.00017939569083081586,0.0027991459395629316,0.002320883286076528,2.153227912883846e-13,0.0005096715593433145,3.783011463936195e-09,0.9971694413713534,8.535600505038114e-13,8.446317035239302e-09,0.005938005995176653,0.0009675797574874805,9.442089201014157e-05,0.9929999849081536
1330,6.161867350988e-22,1.0,1.0944830641035424e-55,0.999999999866489,1.3350901174786445e-10,1.2766898243285078e-52,2.1148168527985636e-10,0.0007806937070680514,0.9992193060814564,1.6144109861815571e-27,3.1063225360538187e-51,4.485996683190273e-15,0.9999860538940369,1.3946105960796054e-05,5.690595177457269e-60,0.9999983176375847,8.289202442685477e-15,1.4797537818309279e-16,6.21091671922518e-64,1.682362403359343e-06
1332,0.9681309484856493,0.03186905151435016,0.000531728038593676,1.1566233082154191e-05,0.9994567057283237,0.007044183048823789,0.8796046676421019,0.11335114883565471,4.734206316882875e-10,0.03716966425651565,2.4319824533039907e-05,0.9627746502577775,1.0069880201240311e-10,3.136556047423947e-05,7.412395014043362e-05,4.9310416827192875e-11,0.002465438269940504,0.9914101162016401,0.006047109852449556,3.2116765217501573e-06
1338,0.9879323832851746,0.012067616714826378,0.009207996255120853,1.377229691032951e-05,0.9907782314479663,0.06438922104017726,0.05105374632253421,0.8845570325094646,1.2782177741842044e-10,8.469196867142272e-05,5.256040999713399e-05,0.9998626048211967,4.200210995992373e-12,1.427959341369386e-07,5.521946825431318e-05,1.5741752576579375e-11,0.000527520702420824,0.9994107452333482,6.4825102457939375e-06,3.206999063368417e-08
1343,0.04156068205834226,0.9584393179416555,0.00203035793484163,0.04738334679858174,0.9505862952665738,1.5922195815075395e-07,7.688988940089878e-08,0.9999997638881334,2.186027988717351e-14,2.2085317294064575e-11,5.603510323558366e-10,0.9999999993854018,1.677610610725934e-11,1.5388067956128464e-11,1.2956798514122415e-10,1.7803361440159694e-11,2.614729721479464e-20,0.999999999832518,1.7229175918795754e-11,2.8799762458769407e-12
1346,0.9993805482451574,0.000619451754843441,0.00036199412637760443,2.4814302704453585e-07,0.9996377577305982,0.0008237431911633922,0.9991659991628712,1.025721735227798e-05,4.286108121148023e-10,0.9994296332157077,1.7429732982052697e-06,0.0005423203094660205,1.6180074980149985e-15,2.6303501527835126e-05,1.3930031504243184e-06,7.405704362656436e-16,3.66745678907028e-05,0.00018018616423205627,0.9997769786756695,4.767589054643101e-06
1348,0.9999999927498919,7.2501081818334744e-09,0.9663536707566925,2.7967931486192603e-12,0.033646329240510676,0.9768255201674313,0.02317447844018475,1.3923847776567172e-09,4.19047210329434e-16,0.41974976218059645,0.5801941402038977,5.605172772621261e-05,1.1604573699035302e-20,4.588777797132348e-08,0.545105156873021,6.749908976021491e-21,0.4514320063329079,4.4823035094911516e-05,0.003418009745620522,4.0133543614237875e-09
1349,6.175456212710691e-06,0.9999938245437904,2.0535337588483795e-10,0.0524316852857442,0.9475683145089049,1.996810238031126e-09,0.2522599624918618,0.7476374096255797,0.00010262588574585465,5.694510607689762e-05,4.693186666463537e-13,0.98773352412327,9.314900419064546e-08,0.012209437621180324,6.063626335531829e-13,8.803723548227159e-08,1.3517066835914827e-05,0.9940284080693067,1.9412437145694453e-05,0.005938574388867436
1350,1.9896488268654613e-15,1.0,7.67748457966735e-26,0.9999112172936736,8.878270632946568e-05,7.230571263464842e-27,1.9253657586571298e-06,1.8085054580540901e-09,0.9999980728257352,1.885864654386515e-11,7.735956092079354e-32,1.0212335089734073e-10,1.7986872577678648e-07,0.99999982001029,3.844222464274183e-32,2.4086172993209046e-08,2.6124241183040215e-21,1.3504179205262102e-11,2.5674548619988726e-13,0.9999999759000676
1355,0.9999999752337313,2.476626974396115e-08,0.9159504872816991,1.3834145079251188e-11,0.08404951270446999,0.9590879975217426,0.04091198377095118,1.87073060635293e-08,1.9068299998858765e-15,0.9407816184464072,0.05913864664210661,7.968654186401864e-05,3.5319074182710576e-20,4.836961888551014e-08,0.12645265614237153,7.155094682111572e-20,0.7711211690067931,0.00011696435731458956,0.10230920226858979,8.224927439319341e-09
1356,1.3116560144337018e-08,0.9999999868834379,1.5369166503078382e-13,0.9920919321615536,0.007908067838293913,6.085597694604077e-13,0.0011592700208685569,0.9987051005153155,0.00013562946320780554,1.0834368226578173e-05,1.0802396195418914e-15,0.8889037927450278,0.001319789389955373,0.10976558349679073,2.7456513355234263e-15,0.000666116790390192,6.6138144918708454e-09,0.9386564976344903,4.076856998868243e-06,0.060673302104300005
1357,0.9999999707570955,2.9242903153179064e-08,0.9913283842323254,6.4065107633354245e-12,0.008671615761269945,0.9989239121301787,0.0010708577189745094,5.2301508474225284e-06,1.1465216139493827e-18,0.03856405576532174,0.9564683036243788,0.004967640453501415,1.28448042984514e-18,1.5679715539662306e-10,0.9543897025337456,8.886327111587276e-19,3.482821021370868e-05,0.005164369341886246,0.040411099905856576,8.300652977500599e-12
1358,0.9999954274888997,4.572511098550282e-06,1.054828772911412e-09,1.682169024609605e-09,0.9999999972630036,9.675612010895395e-09,0.9999981151536517,1.8751701166569457e-06,6.203208991593761e-13,0.9773433150071064,7.048501415449048e-11,0.02265619381794465,1.3574969149051122e-17,4.911044629345985e-07,6.665878931071335e-12,1.7836867092726436e-18,0.9991965814187139,0.0008034109162523488,1.3047749453634216e-11,7.645319963175273e-09
1363,1.3386629058599754e-20,1.0,5.459913854716318e-37,0.99999999997911,2.088524900994132e-11,2.0847348751271165e-37,6.5494769619479246e-15,0.9999999815354601,1.8464530094289328e-08,2.1095915427184828e-30,1.633962016403118e-49,4.017775958491014e-06,0.9999959813618945,8.621499572304515e-10,4.0373743029326624e-50,0.9999981709213829,2.8681287143230372e-30,1.8288755577790902e-06,6.19287842429432e-47,2.0305957039601633e-10
1366,1.0,4.199716091703095e-16,0.9999999794424428,1.3648994832232272e-23,2.0557557297622647e-08,0.9999999870895255,1.2910475104531627e-08,5.292718887013999e-17,2.4714104301611932e-29,4.151012738345759e-06,0.9999958489806213,6.639517308755983e-12,3.070321028778312e-34,2.509520776538652e-19,0.9999992290053316,3.4429787834454027e-34,2.6290869463480697e-08,3.271658122202862e-12,7.447005273973119e-07,6.547313438383678e-21
1367,9.573877679677601e-11,0.9999999999042615,9.768377944336513e-18,0.9931970764420199,0.0068029235579776075,1.032516991833843e-16,0.017946578556951795,0.002568760730640554,0.9794846607124043,8.028856391119496e-07,2.3245209851303503e-22,9.329014168543653e-06,1.1841623914419272e-05,0.999978026476278,1.1194386227717925e-21,7.020772818058067e-06,5.438818490811059e-08,9.453060958213328e-06,2.028667099359967e-07,0.9999832689113255
1368,3.3223313235459346e-30,1.0,1.2581668226880216e-46,0.9999999999984794,1.5191637887054192e-12,6.243493639005419e-48,2.4716123818665094e-14,2.9868055257949433e-18,0.9999999999999716,2.2292101763979794e-26,3.2855886707610967e-52,2.872414738021886e-26,1.9050128952140614e-15,1.0,4.868751545179216e-53,6.792260190568465e-17,3.2119338475147314e-26,2.0520018117503745e-35,1.2123867590865742e-44,1.0
1370,0.999999932251003,6.774899779160839e-08,0.9694433901192366,1.3253055607622522e-11,0.030556609867511565,0.9973186527448076,0.0026792136533322175,2.133601858684917e-06,2.2152437709249612e-17,0.07757371405787813,0.895058783469682,0.02736749961980261,4.609720587985854e-19,2.8526380423597115e-09,0.9712072240111452,1.1273673736470855e-19,0.0002851035681315301,0.011329449571914047,0.017178222715895638,1.329161494938715e-10
1376,6.104001354293253e-13,0.9999999999993889,2.139990326830327e-34,0.9999058133394049,9.418666059685601e-05,1.574294402285989e-33,6.055606802092578e-06,0.9999204063028534,7.353809034732698e-05,9.141413301230473e-10,9.885361605239089e-36,0.9478677210723981,0.04966300884723028,0.0024692691662325985,4.9306570630039455e-36,0.9171974942055637,2.7337961444327356e-06,0.08097870933420723,6.335160643335901e-21,0.0018210626640842254
1377,0.9999999999989697,1.0288055901287945e-12,0.9998601252366037,3.751807690121011e-18,0.00013987476339656036,0.9999185386383657,8.146136148727391e-05,1.4769235757330096e-13,1.2967920665032347e-22,0.006495703812515889,0.9935042865084683,9.678635408292672e-09,1.2545673798912302e-27,3.7888120689144775e-13,0.9981380914753849,1.4761850277177798e-27,0.0014691920593221711,5.459558917791861e-09,0.0003927110057130137,2.0416160857237324e-14
1379,0.9999452621075955,5.4737892405985685e-05,0.0001365134701050193,4.74932184329786e-09,0.9998634817805754,0.00010110806663611767,0.9998988860239925,5.88428323847851e-09,2.5089418140113698e-11,0.9999976009883936,8.505399218448524e-09,1.1557333631796023e-07,8.137895115696362e-19,2.2749328690236103e-06,3.76747597550804e-08,2.820333939716265e-20,2.463323590023109e-05,6.971297143671618e-08,0.9999751172634644,1.421129064302676e-07
1380,0.010660802852740443,0.9893391971472627,6.596646872675437e-10,6.148592350249915e-05,0.9999385134168361,1.022172069496333e-09,0.9999501726798715,2.8128294314172764e-07,4.954501501222853e-05,0.9115999640280993,4.954762445952836e-13,6.92381707616621e-06,5.855579683348279e-11,0.08839311209577395,1.4541128786990107e-12,3.012265856594913e-11,0.002855210550701556,9.149451203051562e-06,0.9558609639421061,0.04127467602441299
1381,7.638320023621953e-14,0.9999999999999218,7.100719276687476e-22,0.9999778537260752,2.214627392148255e-05,4.049669077884732e-19,0.00015263508563675046,0.40169898496574574,0.5981483799486207,3.648314853180749e-09,2.4031914344936016e-23,0.016372155614049828,0.06613914985804427,0.9174886908795923,8.24107608575247e-24,0.10109526933907705,5.867841830286731e-09,0.006404273381136192,5.1253010638059624e-11,0.8925004513606926
1382,0.009369023087612378,0.9906309769123864,6.998825209211072e-16,5.629614284626843e-05,0.999943703857155,2.536357230459954e-15,0.9998577259032367,0.00014195728349678714,3.168132664528632e-07,0.8169668001483678,1.4691065246617831e-24,0.04962744564311524,1.2643605883666663e-10,0.13340575408208294,2.0010812182857503e-24,9.075703793891137e-11,0.001020417020788846,6.425933857650448e-11,0.9499304119927809,0.04904917083141492
1384,0.8287099328372344,0.17129006716276726,1.5220091854819686e-09,6.142729890021167e-08,0.9999999370506905,7.832279940369159e-10,0.9999999471997129,1.7969904056992237e-10,5.183735889385485e-08,0.9812029118312118,4.458527819918778e-11,7.243274649692708e-07,9.182440619777121e-16,0.018796363796733766,2.79724586397105e-12,2.5365364804753015e-17,0.9999213378623094,3.1474021059517845e-09,3.1579932415825656e-06,7.550099424902907e-05
1392,0.9902181834015247,0.009781816598474739,7.851864034162508e-08,2.214473092369495e-08,0.999999899336627,2.119607695905829e-08,0.9999999756167671,1.1909213554656452e-10,3.0680630959508235e-09,0.9999078202313547,1.0222833459900108e-12,2.180419934501137e-09,5.055461492446455e-18,9.217758719987811e-05,9.890680371819248e-12,5.560252485727305e-20,2.1325979579481244e-06,7.021755030315531e-10,0.9999902309178998,7.635772077387204e-06
1394,0.9999367384533161,6.326154668319e-05,5.860068203024908e-06,3.353897134854007e-10,0.9999941395964085,3.941103812920085e-06,0.9999960588532063,3.4311896308341226e-11,8.669638601119394e-12,0.9999762296194359,1.6909205040920862e-07,3.1093980896340436e-07,2.6185494546071296e-19,2.3290348708295748e-05,9.079072050368737e-08,1.2418335065928514e-20,0.9999995366350171,8.273906342788228e-09,8.613676706478087e-12,3.6429173884316136e-07
1395,0.9999906335504428,9.366449558599634e-06,0.0008478421420481547,8.179739029060334e-10,0.9991521570399776,0.0015385645484293554,0.9984613618670157,7.358310532522427e-08,1.4516956528704495e-12,0.9999468321477057,1.4276599894375584e-05,3.701821906171683e-05,3.2364017445920957e-18,1.8730333364294225e-06,7.12685860429111e-05,1.1415877177743464e-18,0.9965090643923626,1.3714606595901235e-05,0.0034058237069598822,1.2870803591791768e-07
1401,0.9999999792726941,2.07273053923244e-08,0.998043327270701,2.6081512962747254e-12,0.001956672726689255,0.9997099342944122,0.0002896380248195564,4.2768076938228853e-07,2.98313681459911e-18,0.0020751311321974236,0.9972935997625361,0.0006312689984146814,1.7298967919043268e-19,1.0685481596507575e-10,0.994524990484239,4.3180736069144354e-19,0.005067998905943056,0.00039171852801886446,1.5292076358873463e-05,5.438989692547485e-12
1402,2.5470782875994008e-05,0.9999745292171216,1.1903270839713242e-11,0.004305386827062877,0.995694613161034,7.207438391936853e-11,0.9981832278305208,0.0012999335150042106,0.0005168385824020433,0.014222572007230995,2.996569846524767e-13,0.012880993254493286,2.09530077320485e-07,0.9728962252078963,4.170619931017319e-12,1.9508460010428144e-07,0.017707370105946578,0.028274444131262868,6.085794035369934e-19,0.9540179906740212
1406,1.656392472927258e-09,0.9999999983436041,5.314162828916892e-16,0.7706342856044112,0.22936571439558756,9.99663601021225e-15,0.4499788789701574,0.003524432061436763,0.5464966889683984,2.6240027408334427e-06,1.8807094690054947e-19,0.00012822450118018307,2.3995326714833696e-06,0.9998667519634084,2.1165593117561872e-19,2.983576276532746e-06,1.0006730727914968e-06,6.606405732542019e-05,1.4934600809766137e-06,0.9999284582332436
1412,4.925046890229391e-13,0.9999999999995097,8.713538636528062e-22,0.00018274883921714412,0.999817251160785,1.735417206417721e-21,0.9992182765486016,3.4694964791775915e-09,0.0007817199818995721,1.2748391865513524e-11,6.077288701111074e-25,3.550230779088433e-16,3.7312790963605546e-13,0.9999999999868763,2.470917029533638e-25,8.180147069360693e-14,0.9726674667700675,4.2362171745106733e-17,2.367011544041738e-23,0.027332533229849236
1414,0.9999998594170904,1.4058290942194866e-07,0.8996633579461353,1.328927865348846e-10,0.10033664192097518,0.9847979270710919,0.015190581011192385,1.1491917713647661e-05,2.804866159348056e-16,0.7085586700553964,0.24068552054454054,0.05075580318009141,1.9546586979499227e-17,6.219971914927551e-09,0.8828703933621934,6.972874303248684e-18,0.006726001611387156,0.02643005811870737,0.08397354639278216,5.149294481377315e-10
1416,4.370796320383748e-16,1.0,1.1334541718843798e-29,0.9999999993598863,6.401071123354171e-10,1.2102604763442268e-32,1.872831501907772e-17,0.9999999999989555,1.0454871432413952e-12,3.537101104617241e-22,6.677702266342241e-33,0.8124109604339235,0.1875890395654668,6.083092768695957e-13,1.0565891620356337e-34,0.9999999996826006,8.740383330156208e-27,3.172925168172941e-10,1.6029588050389417e-31,1.089379304869781e-13
1418,0.9999999999791918,2.0808362875471564e-11,0.9989634316588507,4.765090293836458e-16,0.001036568341147855,0.9990892300102392,0.0009107699817050201,8.054834684216996e-12,2.5203770266161258e-20,0.044032012026054744,0.9559676902989023,2.976565324185974e-07,8.734036554539837e-26,1.851111065016226e-11,0.9479456155650373,3.306845686699866e-25,0.05151525279793769,1.5133209810157445e-07,0.000538980303052959,1.874061674305918e-12
1420,3.978326582216089e-08,0.9999999602167343,4.345509129358653e-11,0.9964645648123517,0.0035354351441901524,2.5811516351300235e-14,3.853197654960557e-09,0.9999999961251405,2.1639592733340006e-11,6.310134044346509e-13,4.2210617450112655e-16,0.999999741471347,2.5329052766705964e-07,5.237496554652949e-09,1.731299528694826e-16,7.852963556812834e-07,5.555583335674989e-12,0.9999992119040734,1.8832108404508993e-14,2.7939941884756447e-09
1421,3.6871864021065295e-10,0.9999999996312781,1.2536757736002967e-15,0.999312034137799,0.0006879658621972892,3.045453360503836e-16,1.0943453895396483e-06,0.9999971180652697,1.7875893399082995e-06,6.0133431106421625e-09,1.810325909717948e-18,0.9660229721372987,0.0338672040887325,0.00010981776062751702,2.0596896114497237e-18,0.036384931970298746,1.5056514279101973e-08,0.9635783720660758,6.780412852922363e-09,3.667412669796581e-05
1427,0.9999999999551719,4.482644334083405e-11,0.9999920160961332,7.053713457492058e-17,7.983903867660307e-06,0.9999984169646321,1.5829528700522813e-06,8.249962114495534e-11,3.459907598528692e-23,2.7303371996640534e-06,0.9999965824221767,6.872406108409295e-07,3.07720412920969e-26,1.1795934470680308e-14,0.9999851634212789,8.189789972524745e-26,1.317998700592174e-05,1.5065199703702975e-06,1.5007174367240685e-07,1.1225367805535495e-15
1434,0.9999999999904183,9.581512092923017e-12,0.9999491246803378,2.928232680152248e-17,5.08753196636348e-05,0.9999898509889796,1.0149005043452662e-05,5.9766540583927e-12,2.1112727199987208e-22,7.90819906507185e-05,0.9999207243354531,1.9367375880193754e-07,2.00578141346639e-26,1.3709799124704978e-13,0.9999979620392684,1.4111330629438036e-26,1.8824266590712105e-06,1.5553261828901641e-07,1.4454341069154545e-12,7.853200106585407e-15
1444,6.418751877795726e-12,0.9999999999935838,2.3033832179109935e-18,0.999725633620505,0.0002743663794916492,5.513205520107468e-17,0.00015628801793704877,0.989736823073127,0.010106888908935912,6.070509980653702e-08,5.918630621982228e-20,0.17990286339864642,0.5223345172903165,0.2977625586059391,5.721698100542837e-20,0.8125689643558528,7.110185796356276e-09,0.11168151533178321,2.4921016175766386e-23,0.07574951320218144
1453,1.0,8.457843087834032e-16,0.9999999753662298,4.916686325820881e-23,2.4633770601186925e-08,0.9999999836211765,1.637882259836226e-08,2.580460671896813e-16,5.088595987151452e-29,6.595109489690541e-06,0.9999934048774151,1.3095851628137435e-11,1.93255291202721e-33,4.1693697242140457e-19,0.9999994575512684,1.560350936958253e-33,6.180805933888311e-08,9.035186469730478e-12,4.806316376267727e-07,1.0249783860423259e-20
1464,0.9999988640968368,1.1359031649959069e-06,0.07414307886101829,5.847820201263566e-10,0.9258569205541974,0.0914252884213569,0.9085746323433108,7.923509853576215e-08,2.3021287062624165e-13,0.999793415057435,0.00018378684548474034,2.219474510464826e-05,2.6416954426105187e-19,6.033519771443618e-07,0.0008565945070854384,2.578597082255686e-19,0.0004247430959425749,2.9686171938514655e-05,0.9986887594897013,2.167353323728383e-07
1480,0.9999999941973599,5.802643225092143e-09,0.9867402674121544,5.363540824373043e-13,0.013259732587308162,0.9975250199194396,0.002474951220805503,2.8859751344035797e-08,4.083408895576041e-18,0.1296417193989664,0.8700749732564332,0.00028330551188580574,1.683313691018712e-20,1.8327147156512862e-09,0.6508145532936462,4.059720201169483e-21,4.251566376201962e-05,0.00026101802106286436,0.34888191285514536,1.6638022873201527e-10
1482,2.869014059543855e-14,0.9999999999999716,1.1159961977313158e-31,0.9923191266453858,0.007680873354612867,4.1665253740546954e-33,0.00018995912260251607,4.462059394456801e-12,0.9998100408729332,1.0077239899357932e-10,3.2421507453446695e-39,1.6594305746245015e-12,4.934392715437224e-10,0.9999999994041318,1.7515094441952831e-38,4.1504093135490313e-10,5.028241380289931e-10,9.91772885760033e-14,5.219476139824614e-37,0.9999999990820356
1483,3.7068806324503273e-06,0.999996293119366,8.246462219273087e-12,0.07232528911333251,0.9276747108784202,2.6005344711626725e-11,0.9983362417921964,0.0010695822746589762,0.0005941759071396733,0.0019961249712839736,1.1710304288742194e-13,0.0036426552404006276,8.214785492124286e-07,0.994360398309649,2.397464220704906e-13,2.7495297053764034e-06,0.0009361340391167555,1.9699447067176644e-11,1.1233988727217672e-05,0.9990498824225114
1490,0.9999999999986464,1.3550449067457238e-12,0.9999987759613478,1.1397278597128133e-18,1.224038653418429e-06,0.9999998856388034,1.1434924681781659e-07,1.1951126649382916e-11,1.601010853152539e-25,2.7607986919204003e-06,0.9999969284229409,3.107783683445772e-07,1.8824653595542213e-27,1.7760897948412178e-16,0.9999985305713888,3.2483640870132364e-27,1.2107852332469626e-06,1.8344544387494425e-07,7.519793496157134e-08,5.697712373527538e-18
1491,0.9999999999919353,8.063630857041359e-12,0.9999443365611491,9.191286984726272e-17,5.566343885062018e-05,0.9999678881687023,3.2111820405067664e-05,1.0894133347444673e-11,4.912806112729921e-22,0.014816109766980832,0.9851835379492578,3.5228269121270363e-07,1.0770916626992292e-25,1.069897526872637e-12,0.9967536113407258,3.543969595499055e-26,5.367768808498194e-06,3.2508670835344295e-07,0.0032406958036796584,7.694383711428717e-14
1494,0.999999088968319,9.1103168076048e-07,0.18172573928550173,1.3111700487689267e-09,0.818274259403326,0.2902038438141411,0.7097953101378615,8.460461189154328e-07,1.8768388711841707e-12,0.9995910389612565,0.00036595320942817123,4.2887882789875093e-05,1.26955319781297e-18,1.1994652230963495e-07,0.0023992064267144256,8.26940533835429e-19,0.0018330673145835739,0.0001365892543138805,0.9956311132718066,2.3732583851040827e-08
1495,0.9999999994377866,5.622125983546242e-10,0.9871020551124314,6.820065080923692e-14,0.012897944887501777,0.9939426540711543,0.006057345258555968,6.702904724100222e-10,1.4364074909034819e-18,0.5050571635352757,0.49492607431089874,1.676097264886159e-05,5.769220465879798e-22,1.1811773833649527e-09,0.9860489166303665,3.572668082661643e-22,0.0080833576055159,5.4878280546451356e-06,0.0058622378963444225,3.9717445983712276e-11
1505,0.22869943997000625,0.7713005600299961,1.6671782562896688e-06,2.7239591961014e-05,0.9999710932297842,1.5062188070248547e-05,0.9984636736760446,0.001520957077505558,3.070583758738333e-07,0.17367463460471758,2.2817669359793153e-06,0.7457774123617888,4.292159372761583e-09,0.08054566697440053,1.9630372692954904e-07,1.8470101243634068e-09,0.9612913702460555,0.037277064886811026,7.120727424908686e-12,0.0014313667092759148
1506,0.001964982009878451,0.998035017990121,0.000161101813980797,0.21929728536469825,0.7805416128213184,3.571618367556858e-08,3.6352933803860957e-07,0.9999996007532077,1.2671137535209231e-12,9.988137340634191e-11,3.482601040092836e-10,0.9999999969683913,4.2592690045855e-10,2.157542176201909e-09,1.2234812686345792e-10,1.097074539733783e-08,3.951323498069668e-08,0.9999999488268485,6.647325651734795e-13,5.661607173824393e-10
1507,0.9999999942185411,5.781456594277223e-09,0.9996958881292797,1.1808134818111045e-13,0.00030411187060333603,0.9999997513493308,1.0876153074743714e-08,2.3777451824557406e-07,1.2059701808248976e-19,1.2551610270541627e-11,0.998709137908873,0.0012908620751340748,2.5973301365212664e-20,3.439072164843953e-12,0.9938420396107749,1.1562569587607154e-19,0.005492173181452438,0.0006657872071455178,2.669589679406729e-13,3.6025991000725964e-13
1508,0.8950021908663177,0.10499780913368294,0.00014599441702831063,2.2390511417038876e-05,0.9998316150715573,0.0035653020667188715,0.856030217232318,0.14040447622013477,4.480831794703896e-09,0.0011655647587118531,6.12169798474298e-06,0.9988060139947731,7.643932110807905e-12,2.229954088386986e-05,6.178026457605663e-06,1.8343307521016793e-10,0.2529193400607497,0.7470593881618965,9.261385363243027e-06,5.832182097219413e-06
1509,0.5928002550379574,0.4071997449620452,2.9252950961428584e-09,1.9609750512381622e-07,0.9999998009771984,2.1838528469944576e-09,0.9999998524110831,2.2820462660803241e-10,1.451768611590395e-07,0.9510187715318662,1.9318589364486727e-11,3.4987474403079033e-07,2.4615401045087887e-15,0.04898087857407135,1.3081521489620006e-11,1.0683803382055045e-15,0.988929919542781,8.500134489023167e-08,0.002831591344120389,0.008238404098672367
1510,0.9999999971485849,2.851413893007046e-09,0.9992887848612978,3.9555275815530426e-13,0.0007112151383091187,0.9999076555143183,9.226231248942879e-05,8.217318941716488e-08,4.584908867637219e-19,0.011367657302996161,0.9876906268785794,0.0009417157475987057,1.719489475651525e-20,7.082713890327578e-11,0.9990282335748805,5.7256491340236166e-21,7.5463375351265e-05,0.00039570213019978336,0.0005006009157312823,3.835420229272376e-12
1511,1.0,3.4133289062860794e-16,0.9999999819644839,9.235739840215758e-24,1.8035515500735452e-08,0.9999999876779384,1.2322061149344956e-08,3.2675997018068524e-17,2.2426842226424954e-29,4.129192859949209e-06,0.9999958708028882,4.25140964297606e-12,1.319937772852767e-34,3.169800141492398e-19,0.9999992474933659,1.3270620785736475e-34,2.2830766365280546e-08,2.3227824933740367e-12,7.296735453450811e-07,9.27197156499695e-21
1512,0.9949463776751731,0.005053622324825987,4.124630806380376e-06,5.9192293610788803e-08,0.999995816176897,1.1304730931130838e-05,0.9999883139477312,3.78151949602859e-07,3.169389505561359e-09,0.9990046449059617,8.17822931200823e-07,0.00016033758027834827,1.302751359221271e-14,0.0008341996908124733,3.2004290395354077e-07,9.707876963641799e-16,0.9999435250206912,3.543566987573776e-05,1.1408110588821296e-11,2.0719255120659234e-05
1513,0.999562160830628,0.0004378391693747132,0.0026131334968431774,1.0493476728203266e-07,0.9973867615683928,0.0176921868830844,0.9819429611024277,0.00036485200374374694,1.0744256022389916e-11,0.8908625839668611,2.5061407973305467e-11,0.1090803396060734,2.4936676780922482e-14,5.7076401981179124e-05,3.354426696648037e-11,8.855776401872409e-14,0.012641562131910774,0.11395419898754772,0.8733760242776503,2.821456925970736e-05
1514,1.0,2.486766348237335e-16,0.9999999904697958,6.962814052093311e-24,9.530203535429941e-09,0.99999999260341,7.396589469848338e-09,3.3639060004468564e-17,1.278515168136507e-29,3.3806287971525515e-06,0.9999966193691348,2.0682827541900112e-12,1.3058481855001341e-34,1.724417487099237e-19,0.9999995992964678,1.0002194399886843e-34,1.7823380602113396e-08,1.4645515837146621e-12,3.8287868660421274e-07,5.185122628407367e-21
1519,0.9999997946719288,2.0532807193303495e-07,0.6789210842524578,1.8830513372904656e-10,0.32107891555923745,0.9029937484070555,0.09700588478485567,3.6680806147460833e-07,2.846530558670457e-14,0.7375910263416441,0.25929453564034394,0.0031138008235252726,2.741408543592259e-18,6.371944855151547e-07,0.0038839275125044587,8.202729028413127e-19,0.9959780393159676,3.828442478577861e-05,9.974698409432714e-05,1.762649542175716e-09
1524,4.519055100441706e-08,0.9999999548094475,3.5791787645658023e-13,0.7360303646821718,0.2639696353174687,5.02436884199651e-12,0.9195289243065288,0.03255219353279851,0.04791888215564539,6.372207197213779e-05,5.491604766665982e-25,0.00030830294640113166,4.6247106043312693e-07,0.9996275125105668,7.470047282273324e-25,1.6031092223971077e-07,9.3154094236453e-08,0.00028543519853886336,0.00011154351305246097,0.9996027678233895
1528,0.9999999998877094,1.1228901298782004e-10,0.9999215411682751,1.2441290094630819e-15,7.845883172446908e-05,0.9999904601693586,9.53866254296364e-06,1.1680989446503686e-09,5.660613286376738e-22,0.0001889338636922675,0.9998032895968229,7.776539397944523e-06,7.51753367405089e-24,8.524247394004193e-14,0.9999314736195913,5.450158245305371e-23,5.815766897120963e-05,4.968837186328707e-06,5.3998742470249934e-06,4.95127913973202e-15
1535,7.893360812670337e-11,0.9999999999210658,3.2730758817356287e-18,0.9729905019837245,0.027009498016274558,2.336213009275431e-17,0.01795281244861672,0.00024328729426810068,0.9818039002571126,1.446336287598902e-06,3.8665938382390635e-23,2.632157728672615e-06,5.058686088867733e-06,0.9999908628198922,2.145828070281593e-23,2.672925862027524e-06,5.6610152234907375e-09,5.6768305387774355e-15,2.755875486567705e-07,0.9999970458255669
1537,1.0906327706717208e-08,0.9999999890936735,3.224379555931663e-16,0.007817761668209328,0.9921822383317898,4.3100024125119947e-16,0.9944543972374946,8.437622609875018e-07,0.005544759000243492,7.780292627892467e-14,5.994134041018601e-21,1.7557972787612615e-07,2.560153078776578e-11,0.9999998243945937,8.512289316027247e-20,7.049525658457919e-11,8.952369982712628e-14,2.358965190321218e-07,9.082739554333316e-23,0.9999997640328994
1539,0.999917914109063,8.208589094047969e-05,0.0013216267860914129,1.5784871274609727e-08,0.9986783574290345,0.0053940693161869165,0.9945988637238306,7.066939458411528e-06,2.052074662043088e-11,0.9988825919110905,0.00010205788273971343,0.0010127461123744642,6.786934440638649e-16,2.6040937945644483e-06,0.00025035421261157813,1.1469079941049262e-15,0.9911150539259854,0.0008698349218431303,0.0077642658951960755,4.910443650338113e-07
1540,0.9999999998253699,1.7462914042626348e-10,0.9999867018470225,4.757456349250456e-16,1.3298152975912411e-05,0.9999978289596759,2.169852753266533e-06,1.1875701796939798e-09,1.7225611629961006e-22,7.100998775765e-06,0.9999834923736786,9.406627530310934e-06,5.567981192106377e-24,1.6226526907301414e-14,0.9999844576361583,8.301765446471653e-24,7.1228994251499925e-06,7.966463007636843e-06,4.530014083951386e-07,7.822354453532086e-16
1547,0.9999996655888159,3.3441118581103553e-07,0.4140247259234245,3.0416685355191833e-10,0.5859752737724112,0.5226936932840839,0.4773061841492897,1.2256652118817017e-07,1.0626790266891992e-13,0.9911481885511566,0.00879422533310356,5.7013626671013263e-05,1.87773071474923e-19,5.724890697846631e-07,0.06300686375577,2.391274311644091e-18,0.8266675453058457,0.00020889672930785095,0.11011618169784211,5.125112326443255e-07
1548,7.214046966195056e-25,1.0,1.7296354587440502e-53,0.9999999999977405,2.253842792137766e-12,3.3402065539200143e-53,4.398115063853919e-14,1.0178345569243955e-08,0.9999999898216103,2.185745359290534e-28,2.7162432905100403e-58,2.230124304666493e-12,0.9999480138496774,5.1986148085985904e-05,3.05822300980643e-58,0.9993953116962322,1.7532714080966904e-25,8.030390949697042e-21,1.5067684796913933e-38,0.0006046883037609061
1549,4.4385104186219924e-14,0.9999999999999574,7.93237352751292e-23,0.9998444706759396,0.0001555293240598561,5.508915128047578e-23,2.9432679192620404e-05,6.961947295444142e-07,0.9999698711260794,8.044006132419606e-10,1.7393375053239817e-36,2.409333087028844e-09,7.173900650999533e-07,0.9999992793962033,5.741108235792518e-36,1.6342304208733896e-07,1.8994853707849978e-13,1.338305698325586e-09,1.9816029651697706e-10,0.9999998350403055
1551,1.1024719041398614e-10,0.9999999998897522,5.463488616823949e-17,0.9938433709703126,0.006156629029688517,3.0801733229588345e-15,0.010120154285011326,0.7678125886234481,0.2220672570915369,3.4960664507629853e-07,1.1542311780422323e-19,0.03496832977107636,0.00290143258595931,0.9621298880363222,7.314101456691551e-19,0.00511928233403353,2.8755715728285404e-05,0.0950942453991517,2.2158603825584404e-16,0.8997577165510835
1553,0.8199862557628484,0.18001374423715494,4.326141537805046e-06,8.619964189876374e-06,0.9999870538942731,2.5509727778694673e-05,0.997728358283587,0.0022461273976768477,4.5909580738365356e-09,0.09808798999092574,1.4403056261988703e-06,0.8960155382256395,6.42957166653859e-12,0.00589503147138116,2.804351945029878e-06,3.768193895965244e-11,0.35632858388248934,0.642392240830906,7.914188210234905e-12,0.0012763708890603438
1555,0.9999999658931392,3.4106861549648164e-08,0.8583344043677,1.0361168167368589e-11,0.14166559562193898,0.8876021202235169,0.11239786836694823,1.1409529325333559e-08,5.786373450133217e-15,0.9646670391591514,0.035306062870544386,2.680282588999083e-05,3.681497482317331e-21,9.514441413949716e-08,0.28832141879225787,1.3481815094928869e-20,0.24008394728658453,0.00011078179806723012,0.4714838085213974,4.3601691226932785e-08
1557,0.8185305798713332,0.18146942012866424,0.0003502154606944747,5.10949547164776e-05,0.9995986895845921,2.7688216257166427e-05,0.000501102397439671,0.9994712093862023,1.0102402750473383e-13,5.64618512246321e-08,1.849157198513589e-07,0.9999997565693673,4.3927041078103815e-12,2.048666768993733e-09,2.481384784393242e-07,2.040572657731038e-11,6.297351442421848e-06,0.9999934543164886,3.1006517537892745e-17,1.731874508638848e-10
1558,0.9999999999942801,5.721325938281348e-12,0.99999519436738,1.4381434749466102e-17,4.805632618358346e-06,0.999999326790472,6.731915835394323e-07,1.7943233598602036e-11,4.530864532124019e-24,1.285916084361673e-05,0.9999865483626322,5.924765232428328e-07,2.71285982261473e-26,1.5587208459216931e-15,0.9999693438014395,1.5220031799339464e-25,2.9771814123797663e-05,3.1163408424549755e-07,5.727503518923949e-07,7.829897629420716e-17
1559,0.0014693322017503303,0.9985306677982467,2.1816489833845705e-07,0.00621590245260132,0.9937838793825027,6.908997082056408e-07,0.08631480163637233,0.9136836874477472,8.200161722789002e-07,0.0007931786012230969,2.1019571646540163e-10,0.9989819434586813,6.464334257075994e-08,0.0002248130865583422,4.793584260548155e-10,1.5558912333851543e-08,5.604331910162771e-07,0.9992095642092713,0.0006888319625994411,0.00010102735666549752
1560,0.0006522511444256543,0.9993477488555721,9.305988559709694e-11,0.00012793282724474025,0.9998720670796974,3.1526051436383304e-10,0.9999851134495226,3.117905724481897e-06,1.1768329489969969e-05,0.008094834128337473,9.114852315835247e-13,0.0002909552838638802,7.133138475823641e-12,0.9916142105797544,1.7663183015810708e-12,1.3729894413009654e-11,0.0005763332508770847,0.00011759829252580005,0.00010095518852339678,0.9992051132525763
1562,1.635452409117529e-07,0.9999998364547613,2.6821588130444583e-13,0.1979914052429375,0.802008594756792,1.049641727879815e-12,0.8213552146170365,0.00037895964578728097,0.17826582573612446,0.00020370455042919997,1.787168373015342e-18,5.390143590203247e-06,1.639784411551189e-08,0.9997908889081351,8.480815251392906e-18,4.348981747930072e-09,4.390847926663883e-08,8.285890745586558e-06,0.0004356581857165215,0.9995560076660798
1566,0.9999999999998188,1.8255271758452697e-13,0.9999992152847442,4.6217880395261615e-20,7.847152544681396e-07,0.9999997679669888,2.320328967908828e-07,1.1584663106317283e-13,8.645113188808872e-26,2.7527791457022752e-05,0.9999724691997337,3.0088077471651385e-09,2.258018037917775e-29,1.188327399997178e-16,0.9999953174473215,2.7073932721174293e-29,3.568962049345023e-07,1.5006349149094298e-09,4.324155838591769e-06,3.303973610435588e-18
1569,0.8912780734336191,0.10872192656638112,3.238801900000388e-15,1.2945611656940637e-07,0.9999998705438825,1.3432888248289888e-15,0.9999999767568684,1.0014743249752168e-09,2.2241657647659485e-08,0.985456937143971,6.104389458803627e-17,4.2983725304485995e-07,2.1074028250458602e-15,0.014542633018775989,9.306776299861884e-18,1.2062674615826134e-16,0.9998243222747706,5.633814711085793e-17,5.279742905787077e-05,0.00012288029616849645
1570,0.9982248235972511,0.0017751764027476912,0.006492510018965475,3.05540882418373e-06,0.9935044345722135,0.06294596500746132,0.8908580952435939,0.04619593959871767,1.5022813452296988e-10,0.1019343559293523,0.0004608177938796325,0.8975929723581674,8.236483941515303e-12,1.1853910364643678e-05,0.0007368777660115473,2.4055192252953148e-12,0.006849551844699192,0.9866995897202341,0.005713135019264466,8.456473871369301e-07
1572,0.9999997589534366,2.4104656274271086e-07,0.24752879108790882,4.8545602894694174e-11,0.7524712088635432,0.39429260819896933,0.6057073043967243,8.740429754671045e-08,1.1209676336165764e-14,0.23679339434744004,0.7622379226217111,0.0009669953724408611,8.200861493520976e-20,1.6876584054866526e-06,0.0014219912283161681,1.5200422558480625e-21,0.9985732552828145,4.75258468007102e-06,2.5208293801589522e-14,9.041653661126169e-10
1574,0.9999999999995737,4.270507415524617e-13,0.9999139743710568,1.3811229131204636e-18,8.602562894182882e-05,0.9998824013757384,0.00011759862423380428,2.772817133259989e-14,3.352186544952815e-22,0.09885301116599872,0.9011469864484715,2.384762502303908e-09,5.361958709486437e-28,7.656121533749392e-13,0.9925975351372229,1.3436741987112457e-28,0.00046550825609665127,9.733896859232124e-10,0.0069369556332718706,2.0490663220288288e-14
1575,1.0,3.1924506115955474e-16,0.9999999834447985,8.10165725128422e-24,1.6555200862403706e-08,0.9999999894845875,1.0515411715534107e-08,4.685391416885137e-17,1.366872917138417e-29,3.570777831603396e-06,0.9999964292176172,4.5516399879593964e-12,2.5235104352509305e-34,1.7280368617412546e-19,0.999999498820903,2.4050278529511317e-34,2.8135638241664226e-08,2.569564188629368e-12,4.7304088985291914e-07,4.300813704959308e-21
1578,7.023573144552232e-13,0.9999999999992966,1.829055268163454e-20,0.9999520975792197,4.790242078066778e-05,8.286685014116608e-19,8.397540654726125e-05,0.0034571185294888077,0.9964589060639643,1.5182506304451682e-08,9.530100114879751e-23,0.0007296293256698666,0.008310772989247001,0.990959582502579,9.900729663224421e-23,0.006722925285416367,1.25563317174367e-09,0.00041174196850711357,1.1894422084086762e-09,0.992865330301
1582,0.9999999964787705,3.521229767455151e-09,0.9754466270741939,6.607141461388919e-13,0.024553372925145367,0.9789328450664162,0.02106715405440919,8.791740942443366e-10,2.0681944372046946e-16,0.9582178310266151,0.0417783360500922,3.825320350470743e-06,5.961024835784375e-22,7.602943844160002e-09,0.160939523558388,8.46976099645428e-22,0.00489024363640933,5.930461104031799e-06,0.8341643004478996,1.896199952471734e-09
1586,2.943106360809113e-07,0.9999997056893626,3.249219602912992e-11,0.9392604323842952,0.060739567583214416,4.992933027018155e-13,5.686314996251115e-06,0.9999943038887705,9.795730648300834e-09,6.672146399577753e-10,2.538708576627692e-15,0.9999885652016126,5.005048939004087e-07,1.093362627575566e-05,4.991690108132665e-16,3.360725990910889e-07,2.4413739624141523e-09,0.9999963944107706,8.399386551720247e-27,3.2670752580526133e-06
1587,0.9999711221867188,2.8877813279881765e-05,0.002666043195795414,5.044379103611802e-09,0.9973339517598245,0.011070042526112035,0.9889214024315891,8.555035608750457e-06,6.6933013052151614e-12,0.9984304851606601,0.00012878358395170382,0.0014382923181552234,9.291877021131511e-16,2.4389372321344585e-06,4.735502221517013e-05,2.1488014217204582e-16,0.9961138576988685,0.00024143000441079565,0.003597336922766629,2.0351738738002885e-08
1588,2.6936137557837935e-11,0.9999999999730633,2.3442267267502602e-18,8.679678673371448e-06,0.9999913203213239,1.850506787169296e-18,0.9999824892041451,3.261141427368017e-10,1.7510469739243024e-05,1.6572494771273207e-18,1.638042397991e-20,1.9489621551799893e-15,4.5972329217124386e-14,0.9999999999999503,8.366306444848829e-21,1.89727174468991e-15,0.9878913178432718,1.5473436217596708e-16,2.3315445657906088e-30,0.012108682156724013
1591,0.9999999999997229,2.776815549371379e-13,0.9999974801561913,1.6031496623992581e-19,2.519843808793509e-06,0.9999992027680287,7.972319132286636e-07,5.676720705853314e-14,7.231232409743083e-25,4.557544568235374e-05,0.999954422671745,1.8825721274470797e-09,2.9853954619527797e-29,9.99775393865365e-16,0.9999873663361755,8.322624660392906e-29,9.143648620509111e-06,2.2189761037629593e-09,3.4877962268499213e-06,6.963003141172854e-17
1592,0.9884933833110962,0.011506616688903753,9.556102786354325e-16,1.7625760530179324e-08,0.9999999823742415,2.960783728071582e-16,0.9999999965943189,8.98134502139966e-19,3.4056823277055648e-09,0.9999999999631299,1.041482245749407e-18,1.407861368715203e-16,2.7269534868575968e-17,3.687270132852491e-11,2.787662528524187e-17,1.0486007692792066e-16,6.415730250315202e-09,5.523937837286197e-16,0.9999999934886574,9.561140096227804e-11
1594,1.0,2.8977646621470712e-18,0.9999999999889724,6.289322133147443e-23,1.1026451410314302e-11,0.9999999999948663,5.132938955793672e-12,6.8125781531851484e-18,4.792429869693808e-28,1.7691634100698388e-10,0.9999999998230429,4.083285782904251e-14,2.2646016269376884e-31,5.506549137950493e-20,0.9999999999741753,6.239298332965872e-31,2.213654878793962e-11,2.2176226979628728e-14,3.66774784201236e-12,2.3563756143578347e-21
1595,0.9999999997929123,2.0708644369884584e-10,6.6134486395641746e-12,2.176703047835212e-21,0.9999999999933848,2.96385251467679e-11,0.9999999999703633,1.3627260270163963e-18,6.226046204057301e-25,5.961039420729578e-13,4.702772045980827e-10,3.821588406956603e-14,5.285901907370267e-24,0.9999999995290878,2.885433099036672e-12,1.0101232898849918e-26,6.082469637720306e-17,0.9999999999971152,1.9927504798327904e-17,4.904387476970205e-20
1598,0.010503699743505245,0.9894963002564975,2.018045916503048e-07,0.002567567147962626,0.9974322310474434,4.052135468457276e-06,0.3920720156094289,0.607920237837255,3.694417846853466e-06,9.969897158526863e-05,6.654364599177963e-10,0.999870246648441,8.280728734513488e-09,3.0045433809101283e-05,8.071787735667716e-10,9.180890115750741e-08,0.2936045206777446,0.7063884971658743,1.443218521020738e-07,6.7452184456880475e-06
1599,0.9999999899501297,1.0049871252878838e-08,0.989497619743025,1.741569838699027e-12,0.010502380255232811,0.9976794429359757,0.0023205251881416654,3.1875883236024546e-08,9.136831378963247e-18,0.158089542263109,0.8404662543113716,0.0014441979405934752,2.4965305947416724e-20,5.4849252248694524e-09,0.9187554751156826,3.362752800561706e-20,0.0015522652607307963,0.0011198469004024283,0.07857241183179677,8.913881422910317e-10
1600,0.9999999918457476,8.154251281592373e-09,0.8450380170549382,1.859764598741846e-12,0.15496198294319993,0.8320215477055085,0.16797845189155686,4.0292898265308217e-10,7.057382187111556e-15,0.9922031634219576,0.00779633668705491,4.822544560923316e-07,1.5620074613608597e-22,1.7636530312324325e-08,0.02750892525576626,3.191612174309569e-22,0.9237446561091723,8.224955048390557e-07,0.048745591107808656,5.031747295229994e-09
1602,1.0549158262844274e-08,0.999999989450842,4.739503722413248e-14,0.9779036233534134,0.022096376646540617,2.6184031104795593e-13,0.0019150316082796623,0.997583257054787,0.0005017113366699139,4.7226229332711965e-07,4.635039548757662e-16,0.9930280811572162,0.00020324172103177826,0.006768204859457459,2.55838306988728e-16,0.001703582391041728,0.00016585550983966158,0.9931653326831817,1.3890208394392286e-16,0.004965229415933681
1603,0.9999837714914636,1.6228508534018604e-05,0.004310340200409258,5.042276464905183e-09,0.9956896547573164,0.0067200751255316726,0.9932796028343547,3.220265983405128e-07,1.3515797085994667e-11,0.999959503182327,2.0372892608740022e-05,1.940565602551446e-05,1.2306690391184094e-17,7.182690411108351e-07,0.00022567098153291286,1.665044430545242e-17,3.353036515254705e-11,5.690702948193597e-05,0.9997170689898783,3.5296557515072264e-07
1605,0.9999999999864428,1.355498887568972e-11,0.9999970097556258,2.3318881131817602e-17,2.9902443747200856e-06,0.9999995339162651,4.6606885094431283e-07,1.4885364753285078e-11,1.8046536371265585e-23,1.2135081456940624e-05,0.9999876738326777,1.9108586267775955e-07,1.0323068135511866e-25,2.932528481654494e-15,0.9999906383127682,1.5959630592490107e-25,9.126690804403229e-06,1.423031438026389e-07,9.269328399283061e-08,1.0298166450738888e-16
1608,1.1547384698226728e-09,0.9999999988452615,3.9130055651180668e-22,0.9947961847738928,0.005203815226109815,2.4664016946755843e-22,6.224089433957036e-05,0.999935312230379,2.4468752842710306e-06,2.364962856320089e-07,6.317583194450935e-25,0.9960318312166915,0.0003601429023465753,0.0036077893846736438,6.713355544395385e-24,0.00024612212284707955,3.702695271373134e-17,0.9972987350135152,5.871162548255072e-07,0.002454555747381295
1610,0.9999549368854801,4.506311452167458e-05,0.0005726925078804364,4.391319611901673e-09,0.9994273031007992,0.001179826084160012,0.9988198497438784,3.241590214214407e-07,1.2938105590256272e-11,0.9997550545821213,2.1095968344886647e-05,0.0001986390885126075,3.128188533544338e-17,2.5210361018270204e-05,3.461221670541366e-05,1.0834057601818813e-17,0.9747857395895595,0.00013286960026352555,0.025044248247171594,2.5303462966418637e-06
1611,1.310678995112456e-08,0.9999999868932079,1.8889298099762765e-16,0.08390518808568347,0.9160948119143133,1.7399223095515723e-16,0.6556515424688792,1.4544692926642429e-07,0.3443483120841939,4.509535460392026e-06,1.0443931562395665e-21,3.4178936668422683e-09,2.3904846534152633e-10,0.9999954868075942,3.0104628425003266e-21,9.982047490363524e-10,0.0010876914220697353,1.6090747149262311e-09,1.4705465198374686e-16,0.998912305970648
1613,1.641337021967723e-18,1.0,1.0563963059252663e-28,0.9999999921185179,7.881480176646842e-09,3.1425877614054055e-27,2.9183100949140805e-09,0.0005340453591508021,0.9994659517225368,5.70793607300725e-16,3.829059474574962e-32,4.0137769666271304e-07,0.9990200856807026,0.0009795129415983979,1.2020336228100117e-31,0.9989807423698854,2.156893138175955e-15,1.3176732093558745e-07,1.2544544590636945e-31,0.0010191258627927338
1614,0.9999999996664286,3.3357121042198224e-10,0.9989003989459025,1.2392906357418693e-14,0.0010996010540862567,0.9995737247466933,0.0004262746483786512,6.049269153824892e-10,1.583123321833581e-19,0.03053122350214651,0.9694506018908574,1.8174548363784193e-05,3.8054150198782153e-23,5.863080763258364e-11,0.994546145146307,2.7757727051711347e-23,0.0009357749190047725,1.0286243584464237e-05,0.004507793688496949,2.6077378716147806e-12
1616,0.9999999999999432,5.793903340182778e-14,0.9999997116469952,8.480542016381996e-21,2.8835300477499047e-07,0.9999999029721398,9.702784955002698e-08,1.069448292440596e-14,2.5673800445214482e-26,1.1410479957288293e-05,0.9999885885097878,1.0102563295004195e-09,4.6047035112331715e-30,4.418779463388096e-17,0.9999949825256959,4.854448430119436e-30,4.772256329420534e-06,5.156304217415088e-10,2.447023430685389e-07,2.3387739140778755e-18
1617,1.5824668504384688e-11,0.9999999999841762,1.2614848728506268e-19,0.9711298930959574,0.028870106904044436,4.361486433475492e-20,0.003944358167198002,5.972566905244301e-07,0.9960550445761149,3.147769878566881e-07,4.036304194253575e-34,1.3359836519154981e-09,5.793759422138737e-08,0.9999996259494341,2.857506792272533e-33,1.0454457547240432e-09,3.2290668031953323e-12,4.1405754917789653e-10,1.3835777758489635e-06,0.9999986149594945
1620,7.295615281388191e-10,0.999999999270436,2.928239531916315e-18,0.5903337868216277,0.40966621317837226,2.2481865047345474e-19,0.017304359457868245,2.3480274575194343e-08,0.9826956170618586,2.3368167515826715e-06,4.559044392171837e-24,1.0022257379271454e-09,7.486902451678256e-09,0.9999976546941203,5.115359569344177e-24,6.933199771886249e-09,2.899898450187705e-05,2.3895445634155118e-18,2.0004792204614323e-09,0.9999709920818175
1626,0.9216806689900231,0.07831933100997995,9.357407965140899e-07,1.7841303439832389e-06,0.9999972801288561,4.641412195503403e-06,0.9999826523543339,1.2673867272758003e-05,3.236619951750355e-08,0.9764768020548068,1.0182427049651974e-06,0.022090612218947463,3.2149060084106866e-11,0.0014315674513942095,2.313302319643432e-09,7.19957708717841e-13,0.9999769178876499,2.1417085943501422e-05,5.991503057267388e-07,1.0635620793469568e-06
1630,0.9999999999696669,3.033203346094047e-11,0.9988531939850718,1.5246114092160502e-15,0.0011468060149262664,0.9984885590284228,0.0015114409663989227,5.176609927741735e-12,5.197923823471709e-19,0.9000643474038253,0.09993555934245008,9.320494877434679e-08,2.463032200329406e-24,4.877468728861966e-11,0.8761019003699042,6.521401470694761e-25,0.001742659662771577,1.5054402733003092e-07,0.12215528941601221,7.286019462672288e-12
1635,0.9999999999999964,2.1922372085301774e-15,0.9999999362423522,1.313491463269358e-22,6.3757648720112e-08,0.9999999657429731,3.425702623038298e-08,4.836534760523117e-16,2.212446544004687e-28,1.5068094601967612e-05,0.9999849318655961,3.980205885374607e-11,6.441673575549889e-33,3.352774045284482e-18,0.999997813326402,5.235621265715925e-33,8.078916445482839e-08,2.363638436605992e-11,2.105860797333157e-06,1.0469309684850417e-19
1637,0.9999999999972076,2.794160126075867e-12,0.9999886999794255,1.1386147251598038e-17,1.1300020574125034e-05,0.9999966617449352,3.3382388719602365e-06,1.6192210106110022e-11,1.8679475253332804e-23,0.0004922213946243027,0.9995075575640031,2.2104136527965232e-07,3.0581172629748135e-26,7.211914643663783e-15,0.9999229070989603,2.1701958186222472e-26,6.89428222884335e-05,1.9276630525417838e-07,7.957312446687228e-06,2.58072975963511e-16
1643,0.9988790653734015,0.0011209346265964226,4.0229249135141754e-05,2.1730391782170734e-07,0.9999595534469492,3.339730625704594e-05,0.9999665318558042,6.093722823895189e-08,9.900709604943344e-09,0.9998678066721747,3.531491970824302e-08,8.297701756401123e-07,3.2307714845940227e-16,0.00013132824272912405,2.3802112876805083e-07,1.6368263563579871e-16,0.0005203342019825841,1.3316616584095247e-06,0.9993848673019368,9.322881329649048e-05
1645,4.7476914671465166e-21,1.0,7.56430057411112e-32,0.9999999999469367,5.306601619161287e-11,9.05617419300522e-29,1.3949122307889074e-10,0.9166859570469129,0.08331404281358983,4.608411458096611e-21,1.5564361238113298e-34,8.547253844821888e-07,0.9999893781541069,9.767120504489564e-06,1.314690929587086e-35,0.9999962973134853,4.0441745487083507e-26,2.900171200387233e-07,2.7599897995828406e-39,3.412669394337485e-06
1646,5.479078996310127e-18,1.0,6.92080836059221e-28,0.9999999955855969,4.41440492499574e-09,2.0781428442628356e-25,7.725436830576831e-10,0.9718738208079524,0.028126178419504422,6.89116904512052e-19,2.2861907743330353e-30,8.667452790817e-05,0.9999005233633953,1.280210869776223e-05,1.0340192171315006e-31,0.9999791559495452,3.172616466901602e-14,1.7769464585851542e-05,6.41711414074316e-30,3.0745858370749043e-06
1647,0.9999999999999964,3.997424373993994e-15,0.9999998906430416,4.458134382086567e-22,1.0935695834059484e-07,0.9999999516963504,4.830364781851395e-08,1.8829713374367314e-15,4.651810595813885e-28,1.8986618914641946e-05,0.999981013223407,1.5767884528348572e-10,5.090702933788445e-32,4.089569832436497e-18,0.9999984228720182,4.2157682765255563e-32,2.8453030236361304e-07,9.758593732792289e-11,1.2925000935555657e-06,1.0325707267678222e-19
1652,0.9999999940305102,5.969489815566951e-09,0.514047801273321,6.310896831491215e-12,0.4859521987203655,0.2816320872118046,0.718367912437756,3.504325386803313e-10,7.385446764634518e-15,0.9999822356141178,1.7749184910334195e-05,7.933990736422283e-09,2.246202955876717e-23,7.266979850046402e-09,1.5958212012433802e-05,1.8751724048673518e-25,1.1274926722984843e-07,1.6392842413541307e-09,0.9999839272606384,1.3879877168183414e-10
1653,0.9999999987528838,1.2471149389106876e-09,0.999900971741279,2.3847232730749906e-14,9.902825869469258e-05,0.9999960591574666,3.84991717047452e-06,9.092536255566217e-08,1.481332382771454e-21,4.398042073315714e-06,0.999574411980771,0.00042118997699687065,3.818183437102849e-22,1.5873270599999498e-13,0.9997338577534512,2.1297705880221246e-21,7.274415146341466e-06,0.0002588678313903985,5.532942914411014e-15,7.063190275838253e-15
1656,0.9999999999999964,5.389371220569015e-15,0.9999999387625725,4.1266068599901043e-22,6.123742576026705e-08,0.9999999765380247,2.346197526802524e-08,1.2990407087906592e-15,6.095753756403409e-28,4.570026374598762e-06,0.9999954298841887,8.943675520597212e-11,2.4772099142255097e-32,2.669811525648187e-18,0.9999993475164018,2.671164527047527e-32,3.4023933776367764e-08,4.796987079577621e-11,6.184116948679566e-07,8.47001744155037e-20
1658,0.9999999965514554,3.448546111748644e-09,0.9976553578384597,2.8314391333880696e-13,0.002344642161255571,0.9995789582754859,0.0004210036750168244,3.804949798100664e-08,2.1518550891147302e-19,0.0019180069873404215,0.9976782327278249,0.0004037601727623234,2.338014779154906e-21,1.1207263628129449e-10,0.9918033444966055,3.490014218679184e-20,0.007733014415510514,0.0003925301221781229,7.111094925727684e-05,1.6448445842790984e-11
1660,0.9999999998784546,1.2154410450679582e-10,0.9998399947051431,1.5513803591683346e-15,0.00016000529485759503,0.9999661677631289,3.383169081620004e-05,5.460534957601002e-10,2.539144101394632e-21,0.0010583774492795347,0.9989344489475996,7.173602618661875e-06,5.783227096640761e-24,5.033097552782378e-13,0.9998519520942553,8.222814370112933e-24,0.00012685873110618092,4.365429506927352e-06,1.682374510335981e-05,2.942924548226889e-14
1661,0.348650846106086,0.6513491538939145,1.4134017959247273e-21,2.5253288682172053e-05,0.9999747467113161,7.359372421470431e-21,0.9998457029393681,0.00015429155175003407,5.508884490893783e-09,0.2859005874156632,6.404653020229713e-22,0.7114567039369962,1.8688025887792004e-10,0.0026427084604588934,5.636216964122112e-22,1.9718459416738523e-10,0.9599391936404356,0.03964297031371886,3.4290445644539392e-19,0.0004178358486613609
1667,0.9999934065560452,6.5934439525725075e-06,0.7037682144412742,2.6620444633884937e-08,0.2962317589382798,0.973944440975219,0.021080459642240593,0.0049750993825407016,2.1455897326999536e-15,0.0065044055872585035,0.04718466565015676,0.9463109167847185,1.627902973015526e-15,1.1977865537692701e-08,0.06882821892864052,2.972760521776566e-15,0.0020788519560012743,0.9289453172527998,0.00014761063809897522,1.224457214509016e-09
1668,7.133728380279611e-06,0.9999928662716193,6.312596268346056e-08,0.845645970188032,0.15435396668600884,5.3277348788628597e-11,3.3285488205493e-07,0.9999996670252059,6.66328907082879e-11,9.117149348440636e-12,1.7383507609929908e-12,0.9999999232468569,6.392837337098236e-08,1.281391090970225e-08,6.134757946996603e-13,1.2036088442615232e-06,8.367386073927187e-07,0.9999979569158749,9.954588891686063e-23,2.7360598869839703e-09
1669,0.9999999999999929,7.981197700343819e-15,0.9999997172094597,9.802863774152766e-22,2.8279054127101847e-07,0.9999998115304791,1.884695203832273e-07,8.474119809648312e-16,5.798899422942381e-27,6.385712852396414e-05,0.9999361428018345,6.964135224217913e-11,2.2919773288475545e-31,1.9457255820817714e-17,0.9999970627566064,1.0933797060099064e-31,6.69625703357059e-07,2.5883146245512155e-11,2.2675918069706005e-06,5.697194653523976e-19
1671,0.9999998776660138,1.223339855623924e-07,0.7327817242841383,6.966819274706854e-11,0.2672182756461925,0.9584700476712286,0.041529438460730345,5.138680428639932e-07,1.4236639322653358e-15,0.10200566031481757,0.8860368858296025,0.011957256671500861,3.6727574535948586e-19,1.97184078691237e-07,0.02944852338297794,3.7993740535558666e-19,0.9692222043433983,0.0011735714304679378,0.0001556975224977386,3.3206594630524516e-09
1673,0.9999999999999716,3.017723635504145e-14,0.9999997047150099,6.583662314084464e-21,2.9528499081435667e-07,0.9999999184684254,8.153155285190223e-08,2.0069138657810662e-14,8.082582825716681e-27,2.0310031102628963e-05,0.9999796886013657,1.3675302192645737e-09,3.962257017735635e-30,2.1412304055738926e-17,0.9999983470656081,3.2153020294037405e-30,1.0617829478514786e-06,6.544230573627611e-10,5.904970196120194e-07,5.567503005667102e-19
1674,0.9999999999917897,8.211019183933746e-12,0.9999742875145388,2.826497008178446e-17,2.571248546067885e-05,0.9999888562912077,1.1143701136049511e-05,7.657625433207138e-12,1.886611747051484e-22,0.0002161589453869053,0.9997837085162066,1.3253835391455609e-07,6.511457030895939e-27,5.3241315271735204e-14,0.9999589683800503,1.1319412425340222e-26,3.2788609992280325e-05,8.448533219861148e-08,8.158524620346867e-06,3.0056203769948766e-15
1680,6.140473992973897e-11,0.9999999999385949,1.099280079330989e-16,0.953410290593669,0.04658970940633234,1.0525705520157124e-14,0.34101256088055515,0.039699305203925554,0.6192881339155025,3.6283803726653228e-09,3.405961922456395e-20,0.0002416730311533195,3.0052640300464273e-07,0.9997580228140631,1.091708730598108e-20,3.6111022710387886e-07,8.470753172523685e-15,0.0004061741086399816,1.7345556688071617e-26,0.9995934647811248
1682,0.9999999910975212,8.902479188619593e-09,0.9923177729919634,2.9926282883038876e-12,0.007682227005043492,0.9978966237779465,0.002103309054741524,6.716731143484893e-08,9.911887516335836e-18,0.6263626265235692,0.3729880340637255,0.000649337023477246,3.515314719012227e-19,2.3892264849225027e-09,0.8032950072955419,2.288485077459824e-19,0.0003781723776456665,0.000405367758598622,0.1959214523796911,1.8851922296242088e-10
1683,0.9999926208020382,7.3791979649295935e-06,0.007817355455854083,1.8100645245365926e-09,0.992182642734078,0.013413060414987812,0.9865866881438766,2.514394643631629e-07,1.6723675886044245e-12,0.9999906594969684,3.1855393632836345e-06,5.741180182602169e-06,1.3064706399569035e-18,4.137834852702135e-07,7.266332597202531e-06,4.849213979149722e-20,5.211380190646981e-07,2.1032528103517685e-06,0.9999900842237813,2.5052795146955598e-08
1684,0.9999995864953777,4.135046249785709e-07,0.0018447986260115793,2.9410289023569094e-11,0.9981552013445816,0.0007707873759006366,0.9992292125864685,3.698776549079489e-11,6.412506584847014e-13,0.9999981292852899,1.4456488638569785e-06,1.1967476672314484e-08,9.96844871985583e-22,4.130983713814438e-07,1.18436009751076e-05,1.0754342838801562e-21,0.9796471338965604,2.860014737310219e-08,0.020340906887705637,8.701461241470804e-08
1686,2.4870367868143616e-15,1.0,4.7336239468053234e-20,0.9999999999377565,6.224073522214049e-11,4.523811272931397e-21,1.1425812514705666e-13,0.9999999999998721,1.1486358833728743e-14,4.564756324372601e-21,2.592811736830684e-20,5.493610881978529e-15,0.9999999999230482,7.694549924774584e-11,5.744830432357009e-22,0.0028045156940512887,2.6700536352523505e-14,0.9971954843059287,1.3481983806312268e-24,8.646635443611756e-21
1687,0.9999999995141948,4.858056156952383e-10,0.9995054471742348,1.1142694620903384e-14,0.0004945528257549744,0.9999364992110418,6.349924376792973e-05,1.5451899908483712e-09,5.086772091267354e-20,0.005831508542566832,0.9941320702479568,3.642119780806752e-05,1.1299432678617942e-21,1.167045121333929e-11,0.9985523371047188,4.1636573315297157e-22,0.0011994388329624004,1.0384553481067267e-05,0.0002378395085047709,3.339660670695571e-13
1694,6.208160998776274e-23,1.0,5.895258409729138e-42,0.9999999999983942,1.6105077283535423e-12,3.9406775015422024e-39,4.469789651943036e-12,0.03327105205023237,0.9667289479452956,6.428283639348294e-23,5.4710694032305804e-46,2.753688661939009e-09,0.9999996251516158,3.7209469761058855e-07,1.9343566490281893e-46,0.9999988841958157,7.011036165853249e-28,2.942266797490789e-09,2.4218872568157453e-55,1.112861919782936e-06
1697,0.9999970657974007,2.934202600618032e-06,0.5874392937557467,3.3167044396898315e-09,0.41256070292754576,0.962165559427558,0.037817266143640185,1.7174428770690606e-05,3.4255568387093056e-14,0.016306531520972455,0.8468445288351436,0.13684843948061573,7.827304693070703e-17,5.00163266812626e-07,0.004112218372344842,3.8401948060640425e-17,0.9936955235178104,0.0021882520206812505,4.003470858576709e-06,2.6183049314428464e-09
1698,0.999999993356333,6.643666796781893e-09,0.9980499773219299,1.2089963784086376e-12,0.0019500226768626935,0.9997780808843317,0.0002216243416957118,2.9477397258986336e-07,3.733912248917331e-19,0.018679469910801695,0.9788564512596408,0.002464078745554045,7.321402937701406e-20,8.400464142134389e-11,0.994743231662435,2.1578344047163675e-19,0.0028110992372577972,0.0012353355940566701,0.0012103335024928918,3.7584803533978634e-12
1700,0.9999999999996625,3.384635632190617e-13,0.9999850798798451,6.376953128431381e-19,1.492012015495798e-05,0.9999897350195915,1.0264980379979393e-05,2.907087270474582e-14,2.2567872786130954e-23,0.0015512002297931491,0.9984487962526998,3.517473987959176e-09,1.8795708986291359e-28,3.138976391348972e-14,0.9995752040455799,3.6750412439998243e-28,0.0003985846735688548,1.5824059518847352e-09,2.6209698443661846e-05,2.129103400506216e-15
1702,2.4859278860534003e-21,1.0,8.045074151995607e-34,0.9999999997885496,2.114515271282543e-10,2.1614204647573055e-32,5.6468844263765555e-11,2.8461789399035686e-05,0.999971538154129,1.9557078827693463e-18,7.775157743347558e-38,9.592549820297608e-10,0.9999453331357789,5.466590496857257e-05,6.486904621610756e-37,0.9998202618243386,6.879171165142939e-16,3.4501462244297654e-09,2.289052614818178e-21,0.00017973472551691244
1704,5.451678471163913e-16,1.0,9.03948718799627e-31,0.9999999614271368,3.857286389747095e-08,6.412297891926014e-31,2.1038095798496043e-14,0.999995312132167,4.68786781508857e-06,9.29721437905213e-23,7.179560175946327e-34,0.0033218521863706703,0.9966680922144617,1.0055599169283576e-05,2.989673021653474e-33,0.9924197605275704,8.338707364541569e-16,0.007560075699636839,7.123725570220002e-22,2.0163772794491194e-05
1706,0.9996239625158014,0.0003760374841960673,0.0023196935838128646,7.225035806024411e-08,0.9976802341658303,0.00946855539547034,0.99029059691114,0.00024084768883798514,4.550640009973494e-12,0.9719890161517342,0.00023792943453910338,0.02775710184067886,1.1554840995054855e-14,1.595257303743509e-05,0.0006539116397539642,1.8095456233981402e-14,0.010589268862956018,0.059205672121406316,0.9295482932778971,2.854097969762454e-06
1707,0.9999999999126565,8.73420301473019e-11,0.9979690024882766,5.208344222366952e-15,0.0020309975117165486,0.9980540209967719,0.0019459789373711483,6.585687286745806e-11,2.3701517705670917e-19,0.44359325210452744,0.5564050971697183,1.6506098521628125e-06,2.9565809056140444e-23,1.159013539775945e-10,0.9415135169989952,6.30690340139858e-24,0.0007113249540076741,8.184247009982724e-07,0.0577743396179068,4.389018530441799e-12
1709,1.0,4.199716091703095e-16,0.9999999794424428,1.3648994832232272e-23,2.0557557297622647e-08,0.9999999870895255,1.2910475104531627e-08,5.292718887013999e-17,2.4714104301611932e-29,4.151012738345759e-06,0.9999958489806213,6.639517308755983e-12,3.070321028778312e-34,2.509520776538652e-19,0.9999992290053316,3.4429787834454027e-34,2.6290869463480697e-08,3.271658122202862e-12,7.447005273973119e-07,6.547313438383678e-21
1716,0.0004131408607271929,0.9995868591392731,1.1811762618280831e-08,0.007208543552174661,0.9927914446360637,6.544196804911274e-08,0.575228278942083,0.42475479733205995,1.6858283886895237e-05,0.0010615461735612845,2.0479286014762095e-10,0.992917635789008,1.7222969775762247e-07,0.0060206456029426435,3.801345779723378e-10,2.2908685861623625e-07,4.7565294397730175e-05,0.9974500447658053,1.3856307238536673e-12,0.0025021604714190555
1722,0.9999073767579127,9.262324208570283e-05,0.0033602850207522066,6.995709522056817e-08,0.9966396450221507,0.007985256062040494,0.9920077458838549,6.997909240318582e-06,1.4486163289678638e-10,0.9991958312879544,0.00016288269102357914,0.0006310138771869976,4.711749656106323e-15,1.0272143829828062e-05,3.1302764133836616e-05,2.5796909729601743e-15,0.9996671633147037,4.555005326611756e-05,0.0002557886466728561,1.952212185629918e-07
1723,0.9999999999907807,9.21868142531633e-12,0.9999945471382953,1.0462693062210036e-17,5.452861703364229e-06,0.9999989487547031,1.051224391439465e-06,2.0905263942961023e-11,5.125942828327646e-24,1.7745726865071293e-05,0.9999821009996352,1.5327349546712633e-07,1.1084554670388566e-26,2.6363893989030285e-15,0.9999969968396674,1.2483844939887977e-26,2.6280106933480245e-06,1.8783261612191406e-07,1.8731702406682644e-07,1.0477494271868457e-16
1724,6.4972267265673874e-09,0.9999999935027759,2.2599101996342912e-15,0.7064781585116812,0.29352184148831595,3.4790214618258825e-14,0.5377857511212378,0.0030083310199573578,0.4592059178587711,4.918738654218451e-05,6.954308688471478e-21,1.6812615964468546e-05,7.574877892091413e-07,0.9999332425097028,7.719754835176241e-20,8.114772772473578e-08,1.3349698989880318e-07,1.4700264454915641e-05,2.877919054704138e-05,0.9999563059002775
1727,3.7381486500044425e-15,1.0,2.7294337836046014e-29,0.9999998313534348,1.6864656327096872e-07,2.6959663969513166e-30,1.5566979374731835e-11,0.999999999984432,8.632732798833888e-16,1.9793097888912177e-17,2.607201242551019e-30,0.7986092363623278,0.20138957556684675,1.1880708262512153e-06,4.7167335649122686e-32,0.9999999444613878,8.483992536401483e-13,2.2990849929837893e-09,1.7331346473612736e-35,5.3238678754680946e-08
1728,0.9999999999977938,2.205251613230859e-12,0.9998476055653835,1.993451157275638e-17,0.0001523944346155114,0.9998712135637143,0.0001287864355789307,7.06303954877732e-13,1.119633030839037e-21,0.029196416363451844,0.9708035101395366,7.349624766472398e-08,4.044723398218626e-27,7.65399570374877e-13,0.9985626808392664,2.7168701558462498e-27,0.0007931766948107952,3.593639582152393e-08,0.0006441065295049002,2.3286931376850966e-14
1730,0.9999978188058434,2.1811941567188184e-06,0.6318982602126807,3.096186686757241e-09,0.36810173669113316,0.9494461815288242,0.0505083450146305,4.547345652086874e-05,2.2497291761864063e-14,0.1806720511849363,0.711007299657364,0.10832015186966765,8.144315306839616e-16,4.972880298852755e-07,0.8516994785086657,5.855989322928976e-16,0.06655393180569551,0.07790384466060724,0.003842722687374036,2.2337657704581154e-08
1734,0.00011318169348293443,0.9998868183065168,1.6168217104408414e-13,5.023001756574633e-05,0.9999497699822736,2.8208394802989095e-13,0.9999309560395493,1.832045330682451e-09,6.904212812190474e-05,0.0003800375332160513,3.4257128301232675e-15,9.34957544806019e-07,4.860491639683614e-13,0.9996190275087501,1.1764958705355497e-16,2.7875914028390596e-13,0.9877867217965597,5.246005175067433e-09,3.5564119649089507e-25,0.012213272957157474
1735,5.793204528078483e-16,1.0,8.648762489264351e-24,0.999999904645411,9.535459227790567e-08,5.577638827384425e-22,1.905265543030983e-08,0.9934705111827415,0.006529469764605515,2.6798193956537235e-14,1.6027258525666912e-25,0.0033222553503427787,0.9952434437568454,0.001434300892784895,2.5778109812223796e-26,0.9903690792722585,1.846529530334583e-13,0.007912214218085365,1.0832995132327436e-22,0.001718706509468722
1738,0.12204162845600622,0.8779583715439974,1.0831561475278965e-06,0.0001242388501676772,0.9998746779936813,9.214890864111552e-06,0.9974691359820188,0.0025210309958305197,6.181312854778244e-07,0.11132395634248299,7.415933658147534e-07,0.7729938704915155,3.903146220360233e-10,0.11568143118232353,1.628122079214178e-07,1.8660870169645044e-10,0.9007281133164368,0.09483768209603786,0.0002331344661872757,0.004200907122519975
1739,2.405445736894815e-12,0.9999999999975913,1.834496686872959e-18,0.9999990112936443,9.887063552395553e-07,1.908970924373671e-20,5.63958196453441e-12,0.9999999998945341,9.982360050658038e-11,3.367571709788119e-16,2.9983927515409265e-21,0.9618638906459933,0.03813609997530736,9.37869557665791e-09,3.655218175925623e-22,0.446469139055719,6.216007376068731e-12,0.5535308592802238,1.671626281426281e-26,1.6578405185492503e-09
1740,0.9993136483243028,0.0006863516757002946,0.0003850334212360431,8.119878155119753e-08,0.999614885379983,0.0009464149492590705,0.9990511611863014,2.423496193587057e-06,3.682457894658989e-10,0.9856729988793161,0.0002161143848248474,0.013681120329982813,9.281573198648262e-15,0.0004297664058704173,9.961977414808907e-07,2.0701529672139066e-16,0.9999619858789798,3.2973487887555095e-05,3.750358035606868e-06,2.9407735689124737e-07
1741,1.0,1.3657950147203923e-15,0.9999999616941303,5.666526114991329e-23,3.8305870389632526e-08,0.9999999846971585,1.5302840393913063e-08,4.599600451546095e-16,6.668250478570888e-29,1.9474468885951025e-06,0.9999980525185449,3.4565932403560845e-11,2.1361629913116987e-33,9.85364880286382e-19,0.9999996944413057,1.6918655721513295e-33,3.708042582023113e-08,2.509916110700527e-11,2.6845316960664627e-07,2.8660570251777846e-20
1742,0.999999999999936,6.331493795777371e-14,0.9999989362611155,2.57496146844336e-20,1.0637388855503878e-06,0.9999995173493971,4.826505738718511e-07,2.823749671008037e-14,7.904755475542028e-26,8.006507679239993e-05,0.9999199332014856,1.721723036913116e-09,4.834337391490555e-30,2.525280160813919e-16,0.9999929488293069,4.830845333294959e-30,9.009857487094031e-07,9.293389102624521e-10,6.149255605698296e-06,8.292660652729934e-18
1743,0.9769320423638728,0.023067957636126138,0.000778744460953124,4.063448806425025e-06,0.9992171920902398,0.016293091147145784,0.8226483071484222,0.16105860138933145,3.1510254738005954e-10,0.0038326129444072056,1.9139167914803075e-05,0.9961296264926984,7.269442949917864e-13,1.862139424941e-05,1.7667894964806984e-05,1.5269975107810137e-12,0.00020070897916536437,0.9988765026799205,0.0008989148173666637,6.205627055111298e-06
1745,1.9371802987901214e-06,0.9999980628196999,1.0033153582693296e-15,0.00043428584523638947,0.9995657141547635,4.360589844153859e-16,0.9944425711677571,3.4130180351879485e-10,0.005557428490939628,0.0006338632362605532,2.1426794845439018e-29,1.6396034141880072e-10,8.152380446555852e-14,0.9993661365996966,8.579189943510699e-29,8.335134312317067e-15,4.9268194450736735e-08,5.5041499393664744e-11,0.0005202537089285736,0.9994796969678265
1746,0.9999999999997655,2.355788813966965e-13,0.9999972860276416,2.302565275828942e-19,2.7139723574116137e-06,0.9999988635244562,1.1364753337791263e-06,2.1002830882915927e-13,3.970821160183036e-25,9.089657714410581e-05,0.9999090936746863,9.74816865959397e-09,4.464399772275651e-29,1.1031383242178057e-15,0.9999680023766965,1.3920219829726228e-28,2.8696052414631156e-05,7.3975439009167226e-09,3.2941733448783164e-06,5.4619203455540025e-17
1749,0.9999999999983658,1.6356878325392773e-12,0.999924848335756,6.2793697430560646e-18,7.515166424542987e-05,0.9999500335573555,4.996644232946519e-05,3.16406174659757e-13,2.367431022148508e-22,0.012826334782084548,0.9871736293691574,3.584836647623351e-08,4.908458787761273e-27,3.9177330344987407e-13,0.9988873466723222,4.0270869320255e-27,0.0005739221500969239,1.224463848101664e-08,0.0005387189329289258,1.194514947798679e-14
1751,0.999919001964364,8.099803563498364e-05,0.00023048365261398973,6.490331803207876e-09,0.9997695098570514,0.0005073103893310968,0.999492554420864,1.351593264490503e-07,3.048116449566059e-11,0.9995816730485553,1.933792709674456e-05,0.00026738211942239735,1.9827480617789258e-16,0.00013160690492598586,2.8945336107714968e-05,6.213213299386577e-17,0.9927778970671151,0.0002235469162110149,0.006959042986051214,1.0567694511590848e-05
1752,1.0295851882254889e-20,1.0,1.7915187531833885e-28,0.9987890978029696,0.0012109021970318182,8.084528518571365e-29,7.247476012777207e-05,8.369519691237233e-07,0.9999266882879059,1.827826761497074e-18,1.6320960192491157e-33,1.8686595621312367e-16,1.6184070970805393e-07,0.9999998381592892,5.7660987062275614e-33,4.786916375166555e-07,1.0550786734745524e-08,3.0890345851696834e-16,2.610861567125994e-35,0.9999995107575745
1753,0.9999999999994493,5.506344123800017e-13,0.999997085286895,1.1738915921821445e-18,2.914713106265087e-06,0.9999982421737239,1.7578258385341543e-06,4.3703349197219995e-13,1.7149272693893177e-24,0.0005739109303197894,0.9994260766576626,1.2412010779076485e-08,4.26699402967185e-28,7.513461237335544e-15,0.9996498690788368,6.939033227325085e-28,2.1713274839946177e-07,7.129967799274551e-09,0.0003499066584460206,4.389372022897677e-16
1754,0.9999999999999964,4.2483791041781284e-15,0.9999997575418301,1.0779604474417571e-21,2.4245817115541403e-07,0.9999998616616874,1.3833831049447075e-07,1.4715528538425915e-15,2.8659310742548304e-27,7.503806323192581e-05,0.9999249618429848,9.37825704779345e-11,1.450486077779892e-31,7.699550442607664e-18,0.9999963715321447,1.151081126271354e-31,9.274880256105642e-07,5.067140408786215e-11,2.7009291570079092e-06,1.898560837797822e-19
1755,0.999999999999531,4.695745574058735e-13,0.9999986332058836,3.3256326879487886e-19,1.3667941155203575e-06,0.9999997729294323,2.2706847356755255e-07,2.0932216830560776e-12,1.080241351036088e-25,1.5076104668126077e-05,0.9999848637131922,6.018213993492227e-08,4.386248536969343e-28,4.2527176828010287e-17,0.9999961457397778,4.547732459721148e-28,3.6766145176733998e-06,3.163809143332618e-08,1.4600761335139322e-07,1.1532060625912045e-18
1758,0.9992296030484479,0.0007703969515504117,0.0009180231129047215,2.47873974384334e-07,0.9990817290131211,0.0027615088250915053,0.9972135607141998,2.4930156782819986e-05,3.039284751811971e-10,0.9947406815279896,0.00012383999789097029,0.004884390614441423,1.1883806384043873e-14,0.00025108785966774665,0.00024130759360712104,8.240852729787758e-14,0.9552823374333088,0.007890987394838221,0.03645423529197138,0.000131132286193965
1760,0.9999998236985177,1.7630148311582007e-07,0.9497721469065278,1.2800600213602508e-10,0.05022785296546658,0.9954439876139187,0.00454779224663821,8.220139442126378e-06,3.7628956572022175e-16,0.2875052373913986,0.6567202831343786,0.05577447454157042,1.3716071086250833e-16,4.9326503143145255e-09,0.9303456676701237,1.3314885408561785e-16,0.025484437811250104,0.03411418867767947,0.01005570571524699,1.256998844961422e-10
1761,1.3067279497172207e-06,0.9999986932720486,1.8221728452519709e-09,0.9948109313433969,0.00518906683442784,6.636158323332262e-13,2.6894885654906733e-09,0.9999999973007547,9.091692808905275e-12,2.5059889189342923e-12,1.0535148451378845e-14,0.9999993701816898,6.28600880490896e-07,1.2149137490914271e-09,4.453645116838821e-15,1.192673421729737e-06,7.468006131586053e-20,0.9999988066235674,1.2591518262701078e-13,7.028769930892019e-10
1762,0.9999999997125926,2.874060644422351e-10,0.990738550642132,2.8002042178541894e-14,0.009261449357840932,0.9953830345089251,0.004616965175915337,3.1515937199809966e-10,5.381261781301467e-19,0.7718191107790408,0.22817324723078114,7.641573315600323e-06,5.0277302193068355e-23,4.168653215993296e-10,0.8527415240618793,2.6251882461652296e-23,0.0020041586040774662,3.2438114474847335e-06,0.14525107350693936,1.565722281441566e-11
1766,1.363081557625875e-06,0.9999986369184395,5.336885140394504e-11,0.6302393209557479,0.369760678990881,5.468718449797214e-11,0.011732609437783034,0.9881945796490028,7.281085852655255e-05,1.7134280231584454e-05,1.2923527731414173e-13,0.9787744889595976,1.3435663821784006e-05,0.02119494109621728,1.4274509100944483e-13,2.0874167306122248e-05,5.879167849697282e-05,0.9937815239868694,1.0510775815553803e-07,0.0061387050594295285
1767,3.184810348061948e-12,0.9999999999968168,6.439281090871048e-23,0.0011133629711868615,0.9988866370288196,2.0136050285077715e-21,0.9999981210678927,4.7510800003213984e-08,1.8314213114414444e-06,1.9562808777815852e-20,5.822001048658301e-25,0.9996948998959619,8.82478300987705e-19,0.00030510010403884334,6.9835154486967895e-25,1.1757868509726344e-17,0.00023085345492844582,0.9994703496418531,2.248483837245315e-22,0.00029879690321800423
1768,0.9999736163875865,2.6383612412601436e-05,0.041459618840156254,5.523051047018998e-08,0.9585403259293335,0.14563110176088312,0.8543322237920853,3.6674432676541475e-05,1.4357133980512605e-11,0.9966660398519115,0.0007565252619289342,0.002574364433012221,1.1532343356324945e-15,3.070453146729225e-06,0.0004452436475287623,3.8139437753717913e-16,3.335679534551817e-05,0.0006719217366264379,0.9988491657784772,3.1204202410747945e-07
1769,0.9999970947991196,2.905200882072476e-06,1.0357884250950677e-15,9.220279356305963e-15,0.9999999999999929,1.279710066434479e-15,1.0,1.281437493977668e-15,1.0696318133693045e-16,0.9999999999596554,1.132820061350164e-26,1.1749087050058846e-13,1.2653701663392867e-22,4.02256583980876e-11,2.786066119523788e-25,9.253351327934151e-23,2.1505442431313583e-10,3.290997408471054e-13,0.9999999997453912,3.922636325623771e-11
1775,2.264862737728353e-22,1.0,4.421904173604069e-32,0.9999999999997939,2.0377651418696975e-13,6.55684226697142e-33,8.269798408773238e-19,0.9999999959674213,4.032578020497941e-09,6.959438754982026e-29,5.566001515724154e-38,1.538550895988187e-05,0.9999846144906246,4.187781143214233e-13,3.826453157131351e-39,0.9999965060924937,1.8620806616341006e-34,3.493907413370408e-06,1.720171861678446e-45,9.414950137800671e-14
1780,2.65695967192632e-07,0.9999997343040332,3.1881163462051485e-12,0.12436745513455871,0.8756325448622527,4.775671522160294e-11,0.9501525723272208,0.04669279130851334,0.003154636316512319,6.564833808003455e-05,4.4381138885807776e-14,0.6260388347622514,4.580029066317353e-06,0.3738909368705579,5.688376857562117e-13,7.529018777805694e-06,0.007204629713582003,0.6143008942051833,1.8090499680943632e-14,0.37848694706186903
1781,0.00488013366564047,0.995119866334356,0.0004562084891251075,0.1832131656035249,0.8163306259073522,1.6381475173682023e-08,4.2920920084003975e-08,0.999999940697565,4.181240764329645e-14,3.29604557014166e-11,2.692537024271326e-10,0.9999999992514859,3.8322225705657626e-10,6.30750773126871e-11,1.5842485144229942e-10,1.6663161710191843e-09,1.2477693427207507e-10,0.9999999980430516,1.062544061457516e-19,7.427828021935969e-12
1783,0.9999998962570071,1.037429896009257e-07,0.11957821475897466,4.695733056716846e-11,0.8804217851940691,0.17863566252406382,0.8213643369080795,5.678314744633428e-10,2.858952095225105e-14,0.9447995524181644,0.05519708129244667,2.4658488251822334e-06,1.6073076844594796e-20,9.004405663439204e-07,0.00019058516079208728,8.348582361220868e-22,0.9998094135884897,6.683228577383661e-17,2.49007022696689e-13,1.2504699243739507e-09
1784,0.7928445511783154,0.20715544882168574,9.643054407555752e-08,1.421206385897239e-06,0.9999984823630689,3.0687018671345716e-07,0.9999992334118585,3.2950088808503075e-07,1.3021706728836854e-07,0.9653969296759721,6.083024924035705e-08,0.0005123248562863427,1.9933806157353797e-12,0.03409068463549921,2.358834550372457e-10,5.697311154149073e-14,0.9999599933904207,1.0635784887157396e-06,1.7608820522581139e-06,3.718191309733273e-05
1786,2.105091971908109e-05,0.9999789490802778,1.2609691060396263e-11,0.01969522885373406,0.9803047711336592,2.164780255631496e-11,0.9989036440253665,0.0001619852199757131,0.0009343707330091972,0.023576944110679895,2.180162837022005e-15,8.624116974449213e-05,1.2876820551525189e-08,0.9763368018427526,9.109121233985182e-15,6.056699657136663e-09,1.3057282865335205e-05,8.970859994785656e-05,0.0065198979794163095,0.9933773300810617
1787,0.9999999360675267,6.393247389648261e-08,0.758940733995035,5.423077778969242e-11,0.24105926595073762,0.8955878891867918,0.1044120259779479,8.483525971853112e-08,3.918283549803797e-15,0.9953609550559076,0.004593040695972161,4.595018967657088e-05,7.954468727617754e-20,5.4058443070720474e-08,0.020018349210020537,4.731127778225986e-20,0.0007631620330476136,4.458187447995256e-05,0.9791738984982341,8.384215904381582e-09
1790,0.0006031632374778524,0.9993968367625253,3.584975400884991e-05,0.5629576190890312,0.4370065311569575,4.000874111651543e-10,8.043794229062661e-09,0.9999999915560736,4.5910803866869244e-14,1.4600735979828253e-12,2.990828420138907e-11,0.9999999950126295,4.949661182774604e-09,6.338226802464362e-12,9.123345219361061e-12,3.139689288671219e-08,4.652233810145798e-10,0.9999999681276043,1.3817633981731986e-21,1.1540172361095815e-12
1795,0.9999999997808189,2.191828848454634e-10,0.9781645732458797,4.044078223717681e-14,0.021835426754079457,0.965429937294503,0.034570062675096117,3.0401186690268107e-11,4.4404003019232295e-17,0.9777149151972089,0.022285035753041853,4.8359111237484886e-08,7.462062237955482e-24,6.906396691679153e-10,0.38025943801696976,1.214898504607474e-23,0.023283020627433808,2.485036694143191e-07,0.596457292505724,3.4620327328846355e-10
1797,0.999999999971326,2.8674056564580274e-11,0.9999502967662935,1.4766274102860113e-16,4.970323370788263e-05,0.9999898477828053,1.0152155056330204e-05,6.213970450365123e-11,1.9373887353889494e-22,9.83637052595229e-05,0.9999012522038679,3.8409074821182235e-07,8.820290571840393e-26,1.2322946594791774e-13,0.9991148365988267,4.349657443189626e-25,0.0008814043959418238,5.514563001733609e-07,3.2075489154598524e-06,1.6084252066622807e-14
1799,1.3590394130733122e-13,0.999999999999865,2.7295766954880263e-30,0.9994575665920536,0.0005424334079456812,8.519644259695992e-31,4.692382228230811e-05,9.544534134550245e-08,0.9999529807323733,3.957853073395877e-08,9.94136997321908e-36,1.3457940506573695e-09,3.995528429589518e-05,0.999960003791377,6.66466587073953e-35,6.895745251358372e-06,3.4689140346616207e-10,2.979015660463556e-10,1.5828778222966908e-17,0.999993103609958
1801,0.999999999999936,6.497754099440607e-14,0.9999981220646154,2.859398052511036e-20,1.8779353848927112e-06,0.9999989472472456,1.0527527331710965e-06,2.2691600020915686e-14,1.1255869313015268e-25,0.000245792791297684,0.9997542055868284,1.6218736603905228e-09,5.1914389292398165e-30,5.697894821335065e-16,0.9999743869605268,4.345056504573518e-30,1.8970433452534983e-05,8.57317149948123e-10,6.64174870379626e-06,1.3679778807529029e-17
1802,0.9999999998779785,1.2202061861849408e-10,0.9989778220239885,2.8186722339474332e-15,0.0010221779760073123,0.9994421479790229,0.000557851938991493,8.19844674517952e-11,2.4487678482898074e-20,0.025653506423885256,0.9743451303241147,1.363223055619045e-06,1.1462074005965771e-23,2.894421203648603e-11,0.9969529300327338,6.092162208166688e-24,0.002880445396970032,8.667457251694662e-07,0.0001657578237139715,8.579566441988899e-13
1803,0.9999999999999964,5.295763167387674e-15,0.9999999454741243,6.231794915486388e-22,5.4525875544182734e-08,0.9999999629151481,3.7084849708430556e-08,1.915150194305211e-15,6.768230411785677e-28,7.75430382376063e-06,0.9999922456376339,5.854343715715476e-11,5.132550663834245e-32,2.409107601780513e-18,0.9999996509142376,3.5658037061037667e-32,1.255770540131542e-07,4.3968877167268336e-11,2.2346474017031978e-07,1.0468913122351323e-19
1804,1.0,6.665573973605018e-16,0.9999999829960676,3.971004998646941e-23,1.7003932566373966e-08,0.9999999900158016,9.984197791538666e-09,1.4627796377320943e-16,4.6451341442142796e-29,4.6762278090159545e-06,0.999995323760283,1.190828740308032e-11,2.1003033639060323e-33,2.652284128467243e-19,0.9999994619356167,2.101029695501268e-33,3.741940481404539e-08,5.8593971474153714e-12,5.006391194454594e-07,7.047197572315001e-21
1805,1.0,1.845092534733348e-15,0.9999998955035762,1.067305246529956e-22,1.0449642457850523e-07,0.9999999372556998,6.274430050239161e-08,2.2686375568970816e-16,3.7225245191770704e-28,1.3296528083038869e-05,0.9999867034489429,2.2973697425556964e-11,3.5399984229864165e-33,4.333806360349288e-18,0.9999985569420622,4.4813225597775846e-33,3.762980201688897e-07,1.429187911676364e-11,1.066745625849599e-06,1.4007080934117693e-19
1807,0.9999999999227001,7.730085802513949e-11,0.9999159817746216,5.531276056328355e-16,8.401822537857376e-05,0.9999792058474465,2.0794015529271053e-05,1.3702436394802917e-10,1.9183605066828376e-21,0.00021577726280394202,0.9997825183373,1.7043996291962107e-06,2.1599974923075847e-24,2.685606932484861e-13,0.9996500506556861,2.82512193600573e-24,0.00034852533062375263,1.4240135915363484e-06,8.091017045484369e-14,1.617089469749959e-14
1808,0.9999999999999964,5.069498123559233e-15,0.9999998616933918,5.455176219106807e-22,1.3830660808310053e-07,0.999999927128024,7.287197445813373e-08,1.7128428590933925e-15,7.351727819172013e-28,2.7874339128341096e-05,0.9999721255016791,1.5919181023964045e-10,7.849047356277909e-32,9.891337654795601e-18,0.9999970736894574,5.496594110785195e-32,8.715657810633549e-08,7.479118609830617e-11,2.839079172314825e-06,2.459387563357608e-19
1811,0.582567993429239,0.4174320065707624,9.49916190690368e-06,1.1116742428215694e-05,0.9999793840956614,0.00018745658916405965,0.995399601819259,0.0044129295171608275,1.2074415055831316e-08,0.0022293958688225186,6.599630671249709e-06,0.996632431312004,2.994175794479969e-11,0.0011315731585630835,1.5873491259999796e-07,4.5283835051233904e-12,0.9920321756606822,0.007963031565632979,3.2440353731263287e-16,4.634034245616552e-06
1813,0.0022323648691129068,0.997767635130887,4.309485117287049e-09,0.00016907814093767014,0.9998309175495808,1.599361350913019e-08,0.9999228337163243,7.698269804163815e-05,1.6759201804089355e-07,0.006650510920362307,1.1726974850899003e-16,0.26051088412851386,7.35324488153988e-10,0.732838604215798,1.0703688250149428e-16,2.9368296431819803e-09,0.006194259107431911,0.09113345605498097,3.9337767998307224e-12,0.902672281896822
1814,5.880299240410832e-14,0.9999999999999432,2.0891970709475527e-22,0.9999440196179423,5.598038205577859e-05,2.6964214146087137e-22,2.7004029549182256e-06,8.383123083252558e-06,0.9999889164739634,4.99243529581493e-10,4.0376750826154533e-25,7.4894945668565375e-06,0.0004697112824748852,0.9995227987237145,1.2703857991805653e-25,0.00021767006654713317,6.6861133544641995e-09,2.392583346408759e-06,3.1832554286938062e-12,0.9997799306608111
1816,5.098010870787437e-14,0.9999999999999503,5.988614597695847e-24,0.9998850434077333,0.00011495659226725813,6.979315436366657e-24,1.1550808343517586e-05,8.612234206778414e-07,0.999987587968235,3.57661951933886e-09,4.235137910993513e-28,1.0266788142405443e-07,0.000397677096665849,0.9996022166588338,7.670574087325381e-28,0.0001614289314508079,7.735152868462242e-09,3.210744247221023e-08,1.4523981872890924e-11,0.9998385312114263
1817,1.8546476397794394e-07,0.9999998145352395,3.0359753018545595e-11,0.8341361219855199,0.16586387798411806,1.6312596108802726e-11,0.0012631900400006946,0.9987307481138074,6.061829877100686e-06,1.0499670541946645e-06,1.9736970442914834e-14,0.9950495038139578,1.864473666899856e-05,0.0049308014823024136,5.5085417166985723e-14,2.7050832436283997e-05,5.778425527696237e-17,0.996779931372548,1.873093686291188e-14,0.0031930177949452856
1818,0.9999999999994102,5.884785925724738e-13,0.9999986469275998,5.518771198988557e-19,1.353072400095497e-06,0.9999995149243976,4.850741339039188e-07,1.4697182921368721e-12,2.203346393579481e-25,6.01557265913346e-05,0.9999398230535064,2.121990273746545e-08,7.635605137372818e-28,4.991252203762262e-16,0.9999909053552501,8.80497917531104e-28,2.6368213084849205e-06,1.2817659630603638e-08,6.44500578013922e-06,1.2986691962966638e-17
1819,9.9268197009234e-09,0.999999990073178,7.911771100677089e-13,0.959258892925556,0.040741107073649814,3.1360312400536397e-13,0.00011778955774694656,0.9998485235747443,3.3686867194186824e-05,4.6960462057107935e-07,2.5857264786276887e-16,0.9974675404708825,0.0010468262760569005,0.0014851636484398245,3.8511065042056324e-16,0.0001401468751548564,3.138189962854189e-10,0.9994271937869369,4.413936290708416e-14,0.0004326590240479194
1822,0.9999994724453428,5.275546550800616e-07,0.017683983116414594,8.736942544478834e-11,0.9823160167962159,0.011484023647149797,0.9885159753435214,1.0089057545802735e-09,4.235179941530943e-13,0.9999997905991839,1.2263566449383573e-13,6.817822884488368e-08,1.021335468740954e-21,1.412224629728817e-07,1.014884195971943e-13,1.1927375924920696e-22,1.1409711389466053e-05,1.883189863556994e-08,0.9999885600540984,1.1402511291547952e-08
1823,0.9988933030930169,0.001106696906981851,0.002180000909613712,9.337788665925606e-07,0.9978190653115186,0.017019141463964996,0.9625094664371431,0.020471392054369084,4.452471683102176e-11,0.22923729499222917,0.0001682440680404006,0.7705761600597669,7.829940871709512e-13,1.8300879179190246e-05,0.0004265759726435831,7.369989902593239e-13,0.0031441469424095393,0.9799332735647495,0.016492951954187398,3.051565273273498e-06
1824,0.9999999117959074,8.820409113829324e-08,0.03396569051155562,3.887206997857255e-11,0.9660343094495757,0.02743229890931998,0.9725676999681124,1.1224155886071752e-09,1.5326803774473158e-13,0.9999745624774093,2.5282558976598928e-05,6.691764855968091e-08,9.406079781844766e-22,8.804596684375884e-08,0.0008972674710373892,2.412661624147871e-21,0.005396919995040922,3.625079685775981e-07,0.9937053843984562,6.562749813234535e-08
1829,0.9999999999999929,6.040671277203623e-15,0.9999998788550324,6.172145277802933e-22,1.2114496857388905e-07,0.9999999426626419,5.7337355263789456e-08,2.6191655833492233e-15,7.357207684153415e-28,9.862332792631858e-06,0.9999901375142775,1.529295586040406e-10,4.935496034699116e-32,5.3029147481921556e-18,0.9999986731100733,3.963600600374205e-32,1.8718737105344607e-07,9.280318808634637e-11,1.1396097521701387e-06,1.463978445538852e-19
1830,0.09068571683855649,0.9093142831614404,5.324463527788581e-07,0.00015196168010232455,0.9998475058735424,3.4651107097897564e-06,0.9959798534270666,0.0040164771337880285,2.043284333149094e-07,0.970286554523024,9.279557389948115e-16,0.023980371301329732,1.366256294536756e-08,0.0057330605130831835,6.682764482626092e-15,4.663856894674244e-08,0.8739423489575764,0.026246880931336675,0.09761129304559134,0.0021994304269219956
1832,1.0,4.199716091703095e-16,0.9999999794424428,1.3648994832232272e-23,2.0557557297622647e-08,0.9999999870895255,1.2910475104531627e-08,5.292718887013999e-17,2.4714104301611932e-29,4.151012738345759e-06,0.9999958489806213,6.639517308755983e-12,3.070321028778312e-34,2.509520776538652e-19,0.9999992290053316,3.4429787834454027e-34,2.6290869463480697e-08,3.271658122202862e-12,7.447005273973119e-07,6.547313438383678e-21
1835,5.945444952376246e-13,0.9999999999994031,1.0894178587389495e-18,0.9999942520318394,5.74796815798298e-06,2.607260664668662e-20,9.240876813281587e-11,0.9999999569358389,4.297175505106505e-08,1.3300269275833426e-15,1.7889516442472846e-21,0.9933157546704344,0.006684000490045152,2.448395176134938e-07,9.583775319399961e-22,0.00793560310946141,2.0528061012714413e-11,0.9920643228860891,1.2223993443168092e-33,7.398392364695645e-08
1836,0.03614995902112088,0.9638500409788769,8.287290593985575e-10,4.7681235851665047e-07,0.9999995223589128,1.720687409412636e-09,0.9999999447292411,2.3873324014779093e-08,2.967674889229808e-08,1.692072435302149e-09,1.6609302847471804e-09,0.000823566023738024,3.8015087662933977e-13,0.9991764306228792,7.139681857555233e-13,9.850209009258717e-16,0.9999494238530926,6.872443465882346e-08,1.3581899577375982e-32,5.0507421759923524e-05
1838,0.9999999877368815,1.2263118316150074e-08,0.6839712030256787,5.060692726285891e-12,0.31602879696926345,0.7481989881437047,0.25180101143709904,4.1918823385875336e-10,7.382517964671726e-15,0.96730917944609,0.03268794287807743,2.7347873872051164e-06,1.4802326586773935e-21,1.4288844211073793e-07,0.009465674506611505,8.230496040107199e-22,0.9820382690005605,5.427274304467922e-07,0.00849550870554913,5.059850684946334e-09
1841,7.128118174559688e-24,1.0,1.7540504954438856e-43,0.9999999999997868,2.0774989974531798e-13,1.7950233305298624e-40,1.8451682983625212e-13,0.055769754387395586,0.9442302456124253,1.4783846769784981e-33,5.4789128275666446e-49,2.02285370243008e-10,0.9999999988720418,9.256706379664475e-10,3.0092449139754754e-50,0.9999999999196945,3.275873839247006e-37,1.6502760308409e-19,4.412512254041623e-52,8.030380420933156e-11
1849,0.0012190374419689064,0.9987809625580322,2.461242849100852e-13,1.6047396355448327e-05,0.9999839526033972,8.416421617571616e-14,0.999919399333321,2.5241589703799483e-10,8.060041418060636e-05,0.3153532495213643,4.50839543600098e-17,1.18079005799803e-08,3.1759688826417534e-13,0.6846467386704206,2.8320514108892163e-15,1.241630702813606e-13,0.00448560676634255,3.0748513976575426e-08,0.02686312099329023,0.9686512414917233
1850,5.384623008223424e-16,1.0,9.723908337496036e-25,0.9999998862945099,1.1370549186721873e-07,2.3783891038872184e-22,1.193144764183864e-07,0.9717791864628541,0.028220694222667726,1.4548686223790955e-14,1.7399932491346423e-27,0.00015927742574430696,0.999655054570321,0.00018566800392282447,5.311312373333808e-28,0.9999352509995559,1.5804440407120528e-13,1.7145375017446963e-05,3.6684514260452104e-24,4.7603625265265174e-05
1851,1.261454278586696e-06,0.9999987385457201,3.586169633514312e-21,0.00024813651638679274,0.9997518634836116,4.254254678914322e-21,0.9994944392189735,1.6828857363406466e-07,0.0005053924924549507,5.585122057092877e-13,2.5098830802708375e-24,5.163588508402688e-07,4.996974598074175e-13,0.9999994836400942,2.9309773851430985e-24,4.675502691399545e-13,0.00020154192473787486,5.8866003818404714e-15,5.311794771258805e-29,0.9997984580747891
1852,0.4030020899677653,0.596997910032231,5.538829383947925e-08,1.7699995683848675e-05,0.9999822446160228,2.1681756941937782e-07,0.9999807550688518,1.8222933253055807e-05,8.05180327761233e-07,0.9824482747221692,3.808283973219716e-09,0.006221717652279912,9.874624148926985e-11,0.0113300037185198,6.540709204735501e-10,8.784251913239145e-12,0.999498620533808,0.00027373440055728746,8.02863733016597e-05,0.0001473580294779059
1855,0.9890527010997846,0.010947298900216864,7.360543476610419e-06,2.955790977989146e-07,0.9999923438774286,7.051216142425458e-06,0.9999925300114231,4.1459570192401764e-07,4.176730080462596e-09,0.9996206594149522,2.9657342886153845e-16,5.677025046998425e-06,1.2252998136513389e-14,0.0003736635599892792,9.274048080818732e-15,5.285164058566353e-14,0.012020885484275412,3.8522759441334955e-05,0.9871864336367285,0.0007541581194939589
1859,5.717774221748358e-17,1.0,3.1260621657127677e-26,0.9999998413359333,1.586640654818807e-07,6.257659063119445e-24,1.7047873604157266e-07,0.03469514916966202,0.9653046803516049,6.983040646201971e-15,2.84396364572526e-28,2.90467232013744e-05,0.9927927842030142,0.0071781690737803714,1.4669318702380047e-29,0.9992811870281054,4.0252933804562017e-10,5.735772959198916e-06,2.043700187556959e-18,0.0007130767964070039
1860,5.3829953099438156e-06,0.9999946170046887,4.690946698847943e-09,0.8177756130307856,0.18222438227827092,2.357835008027935e-11,6.9817172354691186e-06,0.9999930146225657,3.6366186658676806e-09,6.091432682247037e-09,2.645513304200728e-13,0.999998008949859,8.36032901640696e-07,1.148925542300397e-06,1.6648204840665242e-13,3.0718137637293716e-06,8.42216361406452e-09,0.9999963353553485,3.989735185931878e-17,5.844085602685883e-07
1864,0.9999999999999574,4.319098941676329e-14,0.9999978670629776,1.8484153227775296e-20,2.1329370208459043e-06,0.9999977647022192,2.235297771826179e-06,8.430458727735898e-15,3.026434193357245e-25,0.001855933126327814,0.9981440662995157,5.741548150893069e-10,3.992913709229059e-30,1.6304617969804343e-15,0.9998793470162662,1.2421181458423398e-30,3.110970181473008e-06,2.526443177646935e-10,0.00011754176090706857,2.9555242365948533e-17
1865,0.8765546593253515,0.12344534067465014,2.1687261040353407e-07,1.1073737605842264e-06,0.9999986757536263,3.894589547288709e-07,0.9999992267584196,3.4997923944467955e-07,3.380338635430125e-08,0.9589920094148823,1.3798887176513077e-08,0.0005488713930334131,5.998017077529e-14,0.040459105393139086,2.376790321867271e-09,1.999868579016868e-14,0.9984043470632021,3.839654436317791e-05,0.00033788251683657415,0.0012193714987861362
1866,5.433105367997082e-10,0.9999999994566906,8.274456785478016e-17,0.8977158260193473,0.10228417398065098,8.696637586370679e-16,0.14714359244970066,0.0002093002781923283,0.8526471072721069,6.351873458114187e-07,1.111884832385277e-22,3.696746904191121e-07,2.1737881894204871e-07,0.9999987777591466,4.046401195979864e-22,2.0044455620074463e-07,1.8297103375253563e-08,3.507218087964763e-07,1.9603209198363282e-07,0.9999992345044378
1867,0.9999992695392134,7.30460788422257e-07,0.5315564642727566,1.2328265790548147e-09,0.4684435344944193,0.8477107725907667,0.1522881151102532,1.1122988582016328e-06,1.212932591116777e-13,0.9948183576799249,0.004362596448140146,0.0008188481400383279,6.636424901751337e-18,1.977318968780373e-07,0.0030985836069809796,5.976543413720834e-19,6.322031080470013e-05,0.00012825775983409023,0.9967099313365303,6.985851884050849e-09
1870,0.9999999999999645,3.7287285502827446e-14,0.9999968160843612,2.2287400226099016e-20,3.183915640349862e-06,0.9999965085620439,3.4914379543685495e-06,2.614113142184576e-15,7.337843414921138e-25,0.003247361291202522,0.9967526385557263,1.5306783149920152e-10,6.672563812307124e-30,5.051108474274471e-15,0.9997165009198117,1.8759556803424644e-30,4.103218136906529e-06,5.976999870948092e-11,0.00027939580228155867,9.287692530726617e-17
1871,1.0,1.8698666160804097e-15,0.9999999213041124,2.289935017570757e-22,7.869588740152168e-08,0.9999999300216398,6.997836004700811e-08,3.115990460465911e-16,1.918165613028242e-27,4.7153842093689525e-05,0.9999528461374548,2.045123788507325e-11,1.5448447511773676e-32,6.239964707514093e-18,0.9999972521467525,7.770523778022748e-33,3.6277596266097807e-07,1.1682805998849747e-11,2.3850656026302867e-06,1.7266617588025552e-19
1879,0.9953361593528494,0.004663840647148277,0.007952196444183662,6.866368165336384e-06,0.9920409371876491,0.14479819744086944,0.6460821334366992,0.20911966887166017,2.507718270726807e-10,0.005275144208334908,8.887257162032464e-05,0.9946283564868529,1.5015261371111314e-12,7.626731690151305e-06,8.210585287541473e-05,1.0039338980341592e-11,0.0017230468839221002,0.99634496156331,0.0018480865119541276,1.7991778981894118e-06
