id,lca_k2_prob_class0,lca_k2_prob_class1,lca_k3_prob_class0,lca_k3_prob_class1,lca_k3_prob_class2,lca_k4_prob_class0,lca_k4_prob_class1,lca_k4_prob_class2,lca_k4_prob_class3,lca_k5_prob_class0,lca_k5_prob_class1,lca_k5_prob_class2,lca_k5_prob_class3,lca_k5_prob_class4,lca_k6_prob_class0,lca_k6_prob_class1,lca_k6_prob_class2,lca_k6_prob_class3,lca_k6_prob_class4,lca_k6_prob_class5
1,0.07247230761899238,0.9275276923810054,6.544119003605983e-09,1.802979207624726e-06,0.9999981904766699,1.4956242271751059e-06,0.999998473764307,1.467627082736665e-09,2.914384068022322e-08,0.0,9.768444550840423e-09,1.1779491610939604e-06,0.9999987936061345,1.867626042104746e-08,1.0382365038144008e-08,0.0001249545472750712,1.2790281446567154e-08,0.0,0.999875020893247,1.3868290370074582e-09
2,0.7468544293714946,0.2531455706285077,0.0008302820410721762,1.6515173922387255e-05,0.999153202785004,0.9999647317107785,5.433130736635437e-06,9.225927485559439e-11,2.9835066222686116e-05,1.175164920867614e-308,4.740922316457792e-10,0.999980566441373,4.5304732055193855e-06,1.4902611327321637e-05,0.9999981491777635,2.5130166356386744e-08,1.5643991949956716e-06,0.0,2.612894746472963e-07,3.398273305097608e-12
3,2.3863029001297886e-23,1.0,2.8984578124526553e-43,0.9999999999395186,6.04874330937426e-11,5.2043568888523006e-09,8.03017562067309e-14,0.9999999947955587,2.1736100255681134e-42,0.0,0.9999999995091571,4.908318707347075e-10,8.015772383455925e-15,3.5633734941319422e-43,1.8172519067196344e-11,5.304415443810054e-10,2.5104226311066126e-43,0.0,4.267678084020723e-16,0.99999999945139
4,0.9999998033323914,1.9666760936307025e-07,0.9711213061338128,3.808539001364601e-12,0.028878693862377045,0.0034834881567411945,5.775900904711297e-05,3.6884081433834764e-16,0.9964587528342106,1.9752673235606078e-263,4.860181940633243e-15,0.007210266981262478,9.532228163471012e-05,0.9926944107370985,0.0029189726400392613,1.4520856517465733e-06,0.9970237162880955,0.0,5.5858986212344096e-05,7.829517178253259e-17
5,0.9999999997582449,2.417538357087889e-10,0.9985850665803012,1.3201888904265445e-16,0.0014149334196975228,4.680280989188182e-07,4.4269243124359836e-05,9.376993913926902e-21,0.9999552627287746,4.98662295214196e-230,1.3670902408532924e-19,1.1290458781876647e-06,7.949603437820638e-05,0.9999193749197405,1.709094351838493e-07,2.3103581159527783e-09,0.9999058822543604,0.0,9.394452584682834e-05,2.7529320636670622e-21
6,1.0965852803133048e-23,1.0,6.946512821617227e-36,0.9999999998136673,1.8633389230361071e-10,6.060119730467617e-09,7.590025538116953e-11,0.9999999938639803,1.162411084145738e-34,0.0,0.9999999991926174,7.985557437021778e-10,8.829299585219248e-12,2.096745065894891e-35,5.995736687775306e-09,2.3937022212147016e-16,8.183292426897122e-36,0.0,1.5330288147677786e-12,0.999999994002728
7,3.652840677045192e-16,1.0,3.297717434108789e-20,0.653659648943105,0.34634035105690175,0.9954692962372433,0.0008968214997095451,0.003633882263044387,6.315212207703477e-20,0.0,0.02866994418138666,0.9713300557840393,3.457154081370996e-11,6.526511381831079e-20,0.9977655450835525,0.0009559376772561954,2.225795756706678e-20,0.0,0.00016104369364181777,0.0011174735455535608
8,0.9998989795714219,0.0001010204285768739,0.002102811632441023,7.925614428461425e-10,0.9978971875749967,0.0014206884127113103,0.9816425048121302,1.865867220168079e-12,0.016936806773290597,6.074789387230722e-282,1.2363178679429245e-11,0.00181429183435969,0.9882848372833511,0.009900870869925795,0.0005980930504804082,9.002110440328648e-06,0.009966018489740004,0.0,0.9894268863487297,6.106217775428114e-13
9,4.779991301293874e-05,0.9999522000869935,3.5381500416575563e-10,0.0037232236455800286,0.9962767760006115,0.9999919684994236,7.499798686436314e-14,8.031500501604637e-06,6.7474666568558874e-18,0.0,6.749831277576401e-05,0.9999325016871338,9.263711790151807e-14,5.3905711649310606e-18,1.4161058762152839e-18,0.9999999999122053,1.29430479201538e-22,0.0,4.72940990454936e-27,8.779302435580472e-11
10,2.0341356548567207e-13,0.9999999999997939,7.185670118122513e-17,0.0728385037501719,0.927161496249822,0.999992719948434,3.2954860397990474e-13,7.280051238945423e-06,5.716572438213856e-18,0.0,4.901669265816919e-05,0.9999509833070733,2.694358256393113e-13,3.709141430173091e-18,0.9999911967644081,1.1189018708083517e-11,3.416996294754438e-18,0.0,2.209126766795942e-21,8.803224405070342e-06
11,0.00012699532583663003,0.9998730046741644,6.09055309117614e-10,0.0006169710411370314,0.9993830283498097,0.05067854463042078,0.9492962348578595,2.5201824411681115e-05,1.8687310199436597e-08,0.0,0.00024001000910115955,0.057936409226767065,0.9418235653584442,1.5405690063965618e-08,0.2599034508030877,0.00031500669843676946,3.077916882294528e-08,0.0,0.7397270775004994,5.4434218809552265e-05
12,0.025390721139429553,0.9746092788605706,1.366373946675057e-07,5.0596020425810824e-05,0.9999492673421768,0.9998704174140028,0.00012951631695604597,4.78550597826935e-09,6.148353755760338e-08,0.0,3.4790050323493124e-08,0.9998901146253264,0.00010981927057415862,3.1314047216858973e-08,0.9958917611731954,0.0040351151984227025,1.7492914454601193e-07,0.0,7.293898461990671e-05,9.71461947131092e-09
13,0.974523295377056,0.025476704622944914,0.00015780605794678284,1.0682413790938255e-07,0.9998420871179151,0.526730215788622,0.4697696297551643,1.57899917135705e-09,0.003500152877214533,2.3337731071507843e-268,1.010148812911708e-08,0.6541603399738234,0.3437209929447613,0.0021186569799252273,0.9413935146483681,9.161168865377743e-06,0.0010479876784403107,0.0,0.05754933627846828,2.2585962867316284e-10
14,0.00046829866487556494,0.9995317013351247,4.2640754283546893e-10,2.497640904232625e-05,0.9999750231645502,0.000287074745789877,0.999712898236557,2.4964878769969393e-08,2.0527724905151766e-09,0.0,2.2696495278065244e-07,0.00018736356533290063,0.9998124082510642,1.2186490827884155e-09,0.00019914016124630032,9.626548971790887e-07,1.1116083610848742e-09,0.0,0.9997998834517239,1.2620526883138271e-08
15,5.243479647520648e-07,0.9999994756520418,1.0533610960880143e-11,0.07951456967813847,0.9204854303113231,0.99998541760324,5.881081602133577e-07,1.399428403171011e-05,4.562335616506514e-12,0.0,0.00010527667776253856,0.9998940872310567,6.360878897592707e-07,3.2917403183254878e-12,9.666908753359075e-05,0.9999005374459532,5.14962420449387e-13,0.0,3.4031475986419615e-16,2.793466000130587e-06
16,2.207705686593364e-16,1.0,6.794040297271593e-26,0.9979991918697803,0.0020008081302230313,1.1414813535428903e-09,0.8759203638452389,0.12407963501327636,7.4838111089193355e-25,0.0,0.5932625638040364,3.6109280646548283e-10,0.406737435834869,3.0377874048891214e-25,8.499414562413833e-10,7.828243134340139e-10,4.572468238531916e-25,0.0,0.42295358917226283,0.5770464091949712
17,0.9999999987820658,1.2179330608346508e-09,0.9996751603354082,4.732646851130256e-15,0.0003248396645869526,0.00021527338960984413,6.317448706545425e-08,4.2791529464622515e-19,0.9997846634359009,1.8505338165541117e-201,5.934130208037632e-18,0.00047409192972906473,1.1812887575503618e-07,0.9995257899413973,1.0802910123958037e-06,0.00032596335159211656,0.9996729072995646,0.0,4.9057828972251376e-08,7.915637895116122e-20
19,1.3732677619353382e-07,0.999999862673223,1.4611042300349893e-11,0.13729957075957863,0.8627004292258086,0.9998860979736812,0.0001047095671433329,9.192457725485374e-06,1.4527208561153628e-12,0.0,6.731918401798094e-05,0.9998472647156188,8.541609948659623e-05,8.734804466328871e-13,0.9999964067233164,8.439612412120096e-09,5.211425068701507e-14,0.0,2.709878933331523e-06,8.749580851871554e-07
20,0.9999999996369624,3.630350543470534e-10,0.9987610817056852,8.242144888685595e-16,0.0012389182943168754,7.1758969296394035e-06,3.8766541230177515e-06,4.954088147645777e-20,0.9999889474489495,1.6377201925673592e-230,8.322229627260987e-19,1.82098715977864e-05,7.4410080981709515e-06,0.9999743491203016,8.501169213546309e-07,3.9929072090309715e-07,0.9999930233737337,0.0,5.7272186211346025e-06,1.3603656487813968e-20
21,0.9941351103435658,0.005864889656434449,2.296973763107961e-13,3.645279896793038e-08,0.9999999635469699,0.9764563470746541,0.022596042424927208,5.625828202342972e-10,0.0009476099378370883,1.1000386e-316,6.743285897652122e-09,0.9653894220757161,0.033888238741607624,0.0007223324393896796,7.133335404677504e-12,0.9999999999928662,9.465410658650242e-17,0.0,1.5937401396613975e-15,7.745602737121152e-16
22,2.8382236316800934e-12,0.9999999999971649,5.830712644351628e-19,0.9991577265156415,0.0008422734843601206,0.9593952287964672,1.1199143042517116e-06,0.04060365128922986,1.3860661879392077e-17,0.0,0.4275095811107725,0.5724895964025271,8.224866977207752e-07,8.359959051638903e-18,0.5691337491936063,0.08676071677273871,7.49447531615299e-17,0.0,3.8033081627184656e-07,0.34410515370283523
23,0.9999999999966924,3.3077171225332023e-12,0.9999984968015738,2.5972569251911256e-19,1.5031984266580172e-06,2.621772555545016e-07,6.169343330726047e-10,6.535070196404627e-24,0.9999997372058108,7.207243036288493e-193,1.2637427241119375e-22,6.779735155391989e-07,1.1184027502073173e-09,0.999999320908081,8.289373805126504e-08,2.5965377352040425e-10,0.9999999162169715,0.0,6.296363613455384e-10,1.0008635526534389e-24
26,1.0,1.8043013906537264e-16,0.9999999924850158,2.0432582336873377e-25,7.514983644492513e-09,2.1330073734856263e-12,7.518184216128297e-11,2.1839884856256448e-30,0.9999999999226858,5.549021391761317e-169,4.5318826528036547e-29,6.959544444186482e-12,1.5737843871024095e-10,0.9999999998356621,1.484935439762882e-13,1.5835596928449687e-13,0.9999999998383444,0.0,1.6134891261211402e-10,3.6075244788197575e-31
27,0.0985983213665809,0.9014016786334192,1.699072246859597e-08,3.5870917043314096e-06,0.9999963959175705,0.9999994153321768,1.0169639647429156e-18,5.846677122210085e-07,1.111158135454687e-13,0.0,5.458658764624471e-06,0.999994541341158,1.3364941435808305e-18,8.001467846967946e-14,2.4148145461710486e-10,0.9999999997486029,2.090344857083848e-18,0.0,2.808757617654193e-31,9.913817172060365e-12
28,0.9999999999999964,3.76696397985839e-15,0.9999999867151423,8.24555964484365e-24,1.3284858371140468e-08,2.2580865508713885e-10,2.133038797864196e-11,1.4956081232659782e-28,0.9999999997528626,6.746003307754617e-188,2.7793134825320805e-27,6.639967702467114e-10,4.106213346263259e-11,0.9999999992949427,1.6530424235830455e-11,1.507920263642912e-11,0.9999999999379625,0.0,3.0426262167387615e-11,1.9990738164075782e-29
29,1.0,1.280145501250406e-15,0.999999984665454,3.680897199566457e-24,1.5334547310131868e-08,7.129220307535052e-11,3.135110285069322e-11,7.291317008749528e-29,0.9999999998973585,5.1131145950579465e-199,1.5147426523144717e-27,2.0901633126180716e-10,6.097066758853877e-11,0.9999999997300115,1.455749799874417e-12,6.809670366621294e-11,0.9999999998900151,0.0,4.0431250732349855e-11,1.2002815597892038e-29
31,0.9999999999990301,9.69816851380637e-13,0.9999947448356278,5.168159649482461e-20,5.2551643708185085e-06,3.9823094705228985e-09,5.44453797653365e-08,2.44361147049422e-24,0.9999999415723105,3.700009631384171e-203,4.3088335158096917e-23,9.352187628270317e-09,1.0199384552496262e-07,0.9999998886539663,3.1237747225632595e-10,7.418648333228932e-10,0.999999917700439,0.0,8.12453203230703e-08,4.552523619681874e-25
32,1.0,3.547353287511044e-17,0.9999999996334346,8.295279793238941e-27,3.6656595026994456e-10,2.0864419288159304e-12,7.589623343595547e-13,7.754158131293589e-32,0.9999999999971543,5.087098079061172e-161,1.6150057328106282e-30,6.5819574831357686e-12,1.574066445775285e-12,0.9999999999918447,1.1168545036424828e-13,1.7840972364003698e-13,0.9999999999984173,0.0,1.2930472080937864e-12,9.752930419125238e-33
33,0.9999999999994493,5.504995891065859e-13,0.9999988590682853,1.8085021524732894e-20,1.1409317143934894e-06,1.2430279296773667e-08,1.9392809767167404e-09,2.5891424627541975e-25,0.9999999856304385,9.714721319901697e-204,5.200971163607333e-24,3.180352047297874e-08,3.648653643590852e-09,0.9999999645478261,1.099428813496983e-09,8.08428127909721e-10,0.9999999948657532,0.0,3.2263907625301384e-09,5.541653372536395e-26
34,0.9999997311934626,2.6880654029676856e-07,0.9944015821804878,3.236706323442152e-11,0.005598417787144038,0.034989164501499866,2.6356356727015653e-07,5.4834668995120624e-15,0.9650105719349298,1.3914814706527761e-263,8.136201430399598e-14,0.06522361511981448,2.785990055950686e-07,0.9347761062810976,0.0033335240391512634,0.002606795395733282,0.9940596805651137,0.0,4.0902708581073705e-16,1.5337291597621728e-15
35,0.9999999999999574,4.25969664786916e-14,0.9999999094402737,7.186585583545223e-22,9.055972695987064e-08,3.840522477432669e-09,4.9015520819513076e-11,1.0527062634167937e-26,0.9999999961104606,6.487868491290942e-206,1.916983866895613e-25,1.0983923569308158e-08,9.912146615918497e-11,0.9999999889169544,3.905064645967052e-10,7.830497699523342e-11,0.9999999994688693,0.0,6.231837725104818e-11,1.823193725884602e-27
36,0.07289238675983256,0.927107613240165,6.081360487281594e-09,1.8014307696082482e-07,0.9999998137755628,1.1174788364193052e-06,0.999998879386939,7.12257004576466e-11,3.0630000678935957e-09,1.2446e-320,5.322027194011621e-10,1.067880937915758e-06,0.9999989297908811,1.7959777570439098e-09,1.1558997680870364e-07,1.5297586178850116e-08,9.96016810853287e-10,0.0,0.9999998680839768,3.244020798615705e-11
37,3.30033046946278e-27,1.0,1.442237351519426e-34,0.9999999958370722,4.162926362213913e-09,3.562222676512809e-13,0.9999999965549904,3.4446576390955647e-09,3.135083083191258e-33,0.0,0.9999999999998295,1.7278962212429994e-13,6.245118576798572e-16,1.737386241630456e-33,1.4590195997305958e-14,3.708563653464432e-11,2.2224576550173695e-33,0.0,0.9999999659059574,3.4056948215839065e-08
38,0.9999998069144498,1.9308554718651833e-07,0.15106964810389364,6.07076361813391e-12,0.8489303518900391,8.161874008647873e-05,0.12753549064194322,2.4777096117850813e-15,0.8723828906179656,1.34371209479561e-275,3.572687089046813e-14,0.0001501516654592156,0.23299198456504205,0.7668578637694657,7.053853172843516e-07,0.013420702233407847,0.7447952878003232,0.0,0.24178330458095137,9.372876752510446e-16
39,0.017894391254331392,0.9821056087456694,2.09458506840423e-09,5.2769679162586836e-06,0.9999947209375014,0.02085495870654953,0.979144089992568,4.912212115730929e-07,4.6007966807964734e-07,0.0,4.8621633549158625e-06,0.013319792266441486,0.9866750328545398,3.127156670975835e-07,2.4611427178694273e-09,0.9999999971831812,1.5206884307142362e-10,0.0,9.944993921874398e-13,2.0261050383538275e-10
40,0.999994461764376,5.53823562667629e-06,0.0073979504300172765,4.433168085153339e-11,0.9926020495256521,0.00011252743477584268,0.9176650947785884,5.918350627579624e-14,0.08222237778657945,1.7556133475257636e-292,4.688667912393793e-13,0.00010714400909467655,0.9572688348839229,0.04262402110651422,2.276135044072422e-06,0.00011414371104051994,0.03086678316563271,0.0,0.9690167969882703,1.4128424185934863e-14
41,0.04479732837511969,0.9552026716248788,1.4265092628914435e-06,5.6128596306661305e-05,0.9999424448944279,0.99950538761931,0.0004909681031744676,6.250062707233832e-08,3.581776885820026e-06,0.0,4.903526669112867e-07,0.9995132623624919,0.0004837571132823918,2.4901715571752235e-06,0.5343400676339565,0.46564427588897844,1.5485902621561676e-05,0.0,9.318210865148318e-12,1.7056512427140325e-07
42,0.003416210936912564,0.9965837890630909,1.1893988138755193e-14,0.004493721433209145,0.9955062785667771,0.9999999883567341,1.571239157195837e-09,1.0072029704832643e-08,4.546793872459426e-17,3.30026e-319,9.368421543112867e-08,0.9999999045078073,1.8079761649814868e-09,3.3631400246439264e-17,0.04094323846454579,0.9590567302889415,1.1146834347026084e-16,0.0,1.1234664436422978e-17,3.124651065426004e-08
43,0.40798817450905356,0.5920118254909472,4.4756507383875563e-08,1.608562925523246e-07,0.9999997943872001,8.278561247255335e-05,0.9999169559377136,8.412143520460867e-10,2.5760859765350803e-07,5.116234827214427e-309,6.864646810550419e-09,6.723299783010889e-05,0.9999325879275902,1.7220993373568774e-07,1.9318587004934147e-06,0.00040461129852547423,2.0325192141284148e-07,0.0,0.9995932532530752,3.377757705625424e-10
44,0.9999999999989129,1.08603082289e-12,0.999997536280053,7.402984253716212e-20,2.463719948409697e-06,1.9126572995283296e-08,4.770687344383459e-09,2.757613663670285e-24,0.9999999761027393,2.2521783126499652e-223,4.642598476267629e-23,5.149250971531544e-08,9.638186644651689e-09,0.9999999388693032,1.2008356617004909e-09,4.954983464699139e-09,0.999999987685424,0.0,6.158758171293268e-09,4.369778081976921e-25
45,1.4932550995723989e-05,0.999985067449011,3.2875865745697924e-09,0.03978027295321579,0.9602197237591956,0.9922592955230414,0.007594172027857828,0.0001465245486927874,7.900406750160848e-09,1e-323,0.0008566409888033169,0.9929913376090804,0.0061520153873426825,6.014771068381911e-09,0.9788475003208954,0.015775647821427534,9.610615688887011e-09,0.0,0.0050167078869474795,0.00036013436010740886
46,0.9999999999997193,2.819153160634527e-13,0.9999996128630716,1.7624497255140213e-20,3.8713692949147953e-07,1.8395077516794662e-08,3.1953315580920083e-10,4.4436404364537205e-25,0.9999999812853881,2.1373780297823023e-205,8.066457135076999e-24,4.918444432406771e-08,6.329086193966091e-10,0.9999999501826456,1.5359365110356435e-09,4.4228191404103266e-10,0.9999999976330223,0.0,3.8875760055353347e-10,7.083366042987426e-26
47,3.1575395579855355e-07,0.999999684246042,3.849859039105892e-12,0.016151567877642117,0.983848432118511,0.12484230615777002,0.8745355556320816,0.0006221381402666962,6.988199068793938e-11,0.0,0.004129963336782071,0.11058841194988166,0.8852816246667463,4.658966840853523e-11,0.45324208498772933,1.119928908885599e-05,3.7143957823111075e-11,0.0,0.5463441054910341,0.0004026101950044326
48,2.3021312926589307e-13,0.9999999999997726,5.688549607082816e-28,5.588931098227149e-11,0.9999999999441087,2.4599172828874694e-08,0.9999999753944312,6.4004642555412094e-12,8.801219164896857e-26,0.0,2.4446732455784257e-11,1.3026328654473333e-08,0.99999998694922,4.335620302515386e-26,1.5228797608199777e-14,0.9999999999652687,1.2719394855363416e-28,0.0,3.47157322253636e-11,6.4732758912813745e-15
51,0.0015647645172672266,0.9984352354827357,1.7546223412869276e-09,5.5845774436903886e-05,0.9999441524709419,0.0074829877043702435,0.9925166922270701,2.968086827505102e-07,2.3259876807405114e-08,1.823e-321,3.038120098632708e-06,0.005617504699971515,0.9943794431270264,1.405290187463014e-08,0.0017495870076741028,0.0002475573525614538,1.3135579040531252e-08,0.0,0.9980025806407835,2.618634032518993e-07
52,2.0299379155536089e-13,0.999999999999801,5.182980219543824e-22,0.9991839066096729,0.0008160933903230224,0.001367731690872695,2.5711528638851073e-06,0.9986296971562653,1.5775848676256634e-19,0.0,0.9998513474304753,0.00014826597094174505,3.8659858590532473e-07,1.7278556586848542e-20,4.7879648605229763e-11,0.9973797361472867,1.223157999771714e-22,0.0,2.217115527653308e-17,0.0026202638048362253
53,1.844615057596188e-24,1.0,8.779314397358854e-36,0.9999998972557815,1.027442175771547e-07,1.3246402978527538e-06,5.224376942573891e-27,0.9999986753597019,9.237558997605258e-41,0.0,0.9999997433489273,2.566510748303423e-07,1.5679678088436158e-27,1.5990661614599048e-41,3.330737930955391e-30,0.9958385948281208,3.7296158245419623e-44,0.0,4.800707507095034e-38,0.0041614051718806
54,3.038508067410049e-14,0.9999999999999716,1.0179653788459876e-28,0.9999940831216888,5.916878317412293e-06,0.9769120923124125,6.771530035954676e-13,0.02308790768691109,3.2024414266726954e-28,0.0,0.18975876246874673,0.8102412375303704,8.837375526462196e-13,2.9369685755605765e-28,1.858232081676988e-10,0.4951649562269404,2.454718012416245e-27,0.0,7.120163549493834e-21,0.5048350435872311
56,6.027005046112264e-16,1.0,6.538617123819903e-25,0.9999905291818995,9.470818099901597e-06,9.394152549103942e-06,4.2102140966791615e-07,0.9999901848260407,4.4663125300985024e-23,0.0,0.999998703948863,1.2356369968713288e-06,6.041414551152959e-08,8.270982347231084e-24,9.951235183654032e-09,7.607204727240286e-05,4.26577057883231e-24,0.0,2.305156635881872e-16,0.9999239180014858
57,0.9991015074907557,0.0008984925092434383,0.00011296649218833679,1.1292063602447445e-09,0.9998870323786042,0.0013167884704110612,0.9976123905924665,1.5853902234406598e-12,0.0010708209355381262,3.963470135866665e-291,1.599565671817689e-11,0.0012081772126483496,0.9981438797203507,0.0006479430510035522,0.0004130003984963497,4.933917880511053e-05,0.000798344269737981,0.0,0.9987393161521244,8.394291692915158e-13
59,0.9999999986588932,1.3411076884406907e-09,0.9996450750640881,2.522243312548223e-15,0.00035492493590961836,8.251543954181253e-05,2.3772367185616393e-07,9.674256644701494e-20,0.999917246836786,2.0684684638284707e-210,1.6987446562179422e-18,0.00019820018340892636,4.0367595685216726e-07,0.9998013961406372,3.157174328911994e-05,1.7921948084299314e-07,0.9999680511811619,0.0,1.9785606712656792e-07,2.1814627567516103e-20
60,0.9999999999998046,1.9476428008927192e-13,0.9999973011787947,5.4001411369524154e-21,2.698821206599424e-06,1.229954695429687e-09,5.148650018265531e-08,1.703085211481486e-25,0.9999999472835462,1.3111580965453233e-214,3.500875376069189e-24,3.2497869574735244e-09,9.703990110399184e-08,0.999999899710312,9.418358482262492e-11,3.6980367878487624e-10,0.9999999247610872,0.0,7.477492502384796e-08,3.4714229518465265e-26
62,0.9999999999987352,1.265198795051417e-12,0.029895897879426495,1.7663360557749582e-16,0.9701041021205712,2.094129406689198e-09,0.9999999773713812,7.74131552824174e-11,2.0457074272175168e-08,6.4295925858285925e-288,7.180349791935858e-18,2.5230665501030586e-09,0.9999999863019298,1.1175006787866471e-08,4.479155909187464e-10,3.7706186676021447e-11,8.728376374528149e-09,0.0,0.9999999907860015,3.740909264321782e-19
64,0.9999691624354121,3.083756459101607e-05,0.0491197753609519,1.6698473240354385e-09,0.950880222969204,0.2618108458834349,0.025305070305090053,6.346908562280637e-12,0.7128840838051268,1.6119097740484952e-252,4.4981019545551705e-11,0.45118556520760444,0.0316571130794903,0.5171573216679265,0.2867861776769455,1.3892484615967838e-09,0.6833074524716546,0.0,0.02990636846037417,1.7742412513369984e-12
65,0.0009989131150699383,0.9990010868849283,7.552606116932501e-07,0.006523702581871822,0.9934755421575163,0.9999999694945463,2.7229685979075896e-08,2.2649543951887576e-09,1.0108142203585989e-09,0.0,1.410707735636865e-08,0.9999999654120094,1.9958690975144445e-08,5.222189354634448e-10,0.9999999978407814,1.4797239335217325e-09,3.170113930519661e-11,0.0,5.484313949900472e-10,9.936140390624147e-11
66,1.4242781894873592e-25,1.0,1.286228659049696e-40,0.9999999999801048,1.9893471403662264e-11,1.2259683284853206e-12,7.063499959321059e-13,0.9999999999980673,1.3985785193793242e-39,0.0,0.9999999999995453,2.7475960696932897e-13,1.8154336050120534e-13,4.316657485482296e-40,3.33754731126716e-17,2.473631307271619e-09,1.25943757029008e-40,0.0,5.364372775511108e-15,0.9999999975263592
67,3.325096334594373e-15,1.0,1.0113831305800605e-37,0.9999995369288335,4.6307116591079396e-07,0.9846236976154353,1.7268012735539935e-21,0.015376302384560298,3.052182617649364e-44,0.0,0.07416307248965605,0.9258369275103419,1.321726621415876e-21,2.3836519297441427e-44,0.777359092695711,0.00028617522300179976,1.1697438788625614e-43,0.0,2.5109099469083497e-29,0.22235473208129036
68,0.9991230795710848,0.0008769204289130296,4.291337441379954e-05,6.213945015258185e-09,0.9999570804116427,0.0031179914975563478,0.9954289916222875,6.661634863525632e-11,0.001453016813542082,1.93359173418338e-309,4.974348243907172e-10,0.002962098644103459,0.9961946799645034,0.0008432208939550078,6.839626385245322e-06,0.27128966388242365,0.0015328744035229152,0.0,0.7271706220464957,4.1171504968830795e-11
69,0.9999999952255152,4.774488137953689e-09,0.9692200921620577,4.752038548889858e-14,0.03077990783789334,6.971065123769125e-05,0.00010602886286131154,2.1485068227594743e-18,0.9998242604858978,1.1091635653565626e-244,3.5799386288425196e-17,0.0001722189519022437,0.00017099204209512396,0.9996567890060027,6.296191743399117e-06,1.1313241351689046e-05,0.9998423694671461,0.0,0.0001400210997591121,8.480743049891625e-19
70,0.9999999997712479,2.2875229858831324e-10,0.9997043131266957,1.517349164452489e-15,0.0002956868733059969,0.0001864145414342444,8.646307693336354e-18,4.979573268962443e-20,0.9998135854585657,3.94212898353655e-248,8.886680449270572e-19,0.0004417730090340556,1.6720431048434806e-17,0.9995582269909691,5.0352001308534064e-08,0.023132361202923873,0.9768675884450783,0.0,1.3092448992870458e-25,2.470323050693295e-20
71,1.0148296761241277e-23,1.0,2.2963133161434786e-39,0.9999999434264468,5.65735477301849e-08,0.23674887486271054,5.614092540518529e-19,0.7632511251372853,1.3218596288023474e-33,0.0,0.9821083819102789,0.017891618089724372,7.516578436448668e-20,1.0295903011798176e-35,1.3659825856730936e-18,1.5162559456273886e-10,2.626460140025906e-37,0.0,2.6713148757267474e-20,0.9999999998483702
72,8.747898685314959e-07,0.999999125210137,1.1095162568833468e-11,0.05593581705690846,0.9440641829319933,0.9999950987429601,2.1220696894247325e-15,4.901253293638205e-06,3.747671943835414e-12,0.0,4.306461703212497e-05,0.9999569353805875,1.9296778080932903e-15,2.379288690883337e-12,4.4452554910087064e-08,0.999999942885596,2.6962671128438906e-15,0.0,1.0312588093747379e-26,1.2661843602077988e-08
74,8.352300993940052e-18,1.0,1.7122907997035596e-26,0.9999992242338915,7.757661074480858e-07,0.0019806137759715695,3.0592732421291406e-08,0.9980193556312925,1.680103991700562e-24,0.0,0.999808607134643,0.00019138961222445235,3.253133182172548e-09,1.7509330095565016e-25,0.03848583843862627,4.414207896191811e-10,5.345296127762043e-25,0.0,1.1545583697402967e-09,0.9615141599653921
76,3.696156212311017e-21,1.0,1.8110190909932178e-32,0.9999999968224316,3.1775671903023394e-09,2.0172141170630067e-07,2.398171955491485e-10,0.9999997980387709,6.784495843135537e-31,0.0,0.9999999655259023,3.442899847338859e-08,4.5096272358330025e-11,1.140572447415117e-31,9.228370136376368e-08,3.255490074912886e-12,5.981331042965263e-32,0.0,3.717062170942119e-12,0.9999999077093278
77,0.19372321339467702,0.8062767866053254,5.51424296195023e-07,1.0960306376620288e-05,0.9999884882693261,0.9964677600022475,0.003525006993206347,1.1731126946942407e-07,7.115693273457105e-06,0.0,1.0604450767591042e-06,0.996370054689806,0.0036241419467168854,4.742918403821059e-06,4.653402464164738e-05,0.9999533858281471,7.948096140209116e-08,0.0,1.0854187444499672e-13,6.661440242216447e-10
82,4.562108267865414e-12,0.9999999999954383,2.3784525280519602e-18,0.9877741588147694,0.012225841185227094,0.5547349710351245,0.00025079807566576157,0.44501423088920755,2.2134883757774673e-16,0.0,0.9169716496680249,0.08297046218767387,5.78881442996012e-05,3.734166939681226e-17,1.8392814505750547e-13,0.9942526236868598,3.3493366402928417e-18,0.0,4.167772955458756e-07,0.005746959535662717
84,0.000996210704893297,0.9990037892951066,5.227871501298686e-10,3.580316503036266e-05,0.9999641963121784,0.07779433388828164,0.9221984397574897,7.195110297275821e-06,3.1243937493342245e-08,0.0,4.761500136601474e-05,0.06544178115070755,0.9345105828445419,2.1003379743375545e-08,0.004173918514820035,9.31759407336909e-07,5.1274919324940955e-08,0.0,0.9958196771891644,5.421261688238267e-06
85,1.3856711728856273e-20,1.0,2.318692927210345e-32,0.9999999983335002,1.6664984845793906e-09,3.143535851346702e-07,9.723907291850026e-13,0.9999996856454413,2.332038411092478e-31,0.0,0.9999999663896167,3.361028538672013e-08,9.745614249982059e-14,3.33874318036836e-32,1.498922770411118e-08,6.188111513153038e-09,4.1756712463417874e-32,0.0,2.7526362407942196e-22,0.9999999788226577
86,1.9535347126792624e-08,0.9999999804646509,3.9521056872628124e-14,0.03142460083208993,0.9685753991678747,0.5933119221458939,0.37950580990361815,0.027182267933790884,1.669662194223141e-11,0.0,0.24360907822183786,0.4232270103292813,0.3331639114370316,1.184294320068365e-11,9.474029182827076e-16,0.9999860611836703,3.2177796289808e-15,0.0,4.5068251932139565e-13,1.3938815875578363e-05
87,0.999658584962651,0.0003414150373492585,0.0012283016670011238,7.22566694625955e-09,0.99877169110733,0.5849504107999086,0.2905271143266146,1.261739800941244e-10,0.1245224747473037,2.543944e-318,1.0219965905133883e-09,0.6693129530042198,0.2657378837181861,0.06494916225559781,0.07243018904741458,0.3086352678957702,0.24837437865835452,0.0,0.3705601642840032,1.1445810355289216e-10
88,0.9999999999941949,5.805396375998498e-12,0.9999946425817201,1.4864605370729849e-18,5.35741827900598e-06,1.0746050970498807e-06,3.3313723080610018e-09,3.7303903969431187e-23,0.9999989220635311,2.6625366592522627e-175,6.526311450811715e-22,3.050931942435267e-06,6.102453131805251e-09,0.9999969429656028,6.311770438662475e-07,5.997735487963838e-10,0.9999993640078342,0.0,4.215347163283698e-09,8.786961526389331e-24
89,9.476051087674156e-06,0.9999905239489155,1.7928973932030886e-09,0.02631952645013499,0.9736804717569694,0.9999990310822757,7.148638821799994e-07,2.5401317713811176e-07,4.066425859655162e-11,0.0,1.124812402624049e-06,0.9999982878815408,5.872855383156415e-07,2.0518554657551637e-11,0.9999999622940272,7.181040367373451e-09,1.0240430483397484e-12,0.0,2.268085095738112e-08,7.843055230215204e-09
90,0.0009482945336510914,0.9990517054663516,7.404126593027474e-11,9.37393420594027e-06,0.9999906259917529,0.0001020989435946016,0.9998978607519199,3.987669140177937e-08,4.27790747025606e-10,0.0,3.1910664060829956e-07,0.00011061032651020608,0.999889070300586,2.662603589203833e-10,7.939139828464352e-06,2.749751807181162e-05,2.4295965999415074e-10,0.0,0.9999645247425571,3.8356584947945174e-08
91,0.999997046817979,2.953182021013759e-06,0.5933820106658423,8.515239321075474e-10,0.40661798848263353,0.4062604457620115,0.0001050887466246587,8.761734965442242e-14,0.5936344654912737,8.134678794539505e-263,6.15644214183042e-13,0.6624998206593253,0.00011593057935322956,0.3373842487607091,0.20525855893647163,0.0015679149101308727,0.7930657181465628,0.0,0.00010780800680288965,3.519830416504903e-14
92,3.855015603238459e-11,0.9999999999614531,1.1319355629557382e-18,0.9940279122175072,0.00597208778249398,0.8157931128223646,9.06526002246902e-07,0.18420598065162996,5.693435342931053e-17,0.0,0.7360543569189931,0.2639452198542141,4.2322679613730895e-07,1.8060251401146756e-17,1.9037081992214588e-07,0.9997489810804422,3.575024548616308e-20,0.0,1.7032359456584894e-18,0.0002508285487412195
94,1.3167933362473608e-19,1.0,5.436966009549024e-30,0.9999991431074283,8.568925683396257e-07,8.815956563381965e-07,3.530774210037087e-06,0.9999955876301315,3.7326635485933335e-28,0.0,0.9999992571177986,1.173343954318148e-07,6.255478085625983e-07,5.604416752400002e-29,9.393560789471575e-07,2.401528860842665e-11,5.518128193107198e-29,0.0,4.47564404177312e-07,0.9999986130554984
95,0.9999995863261834,4.1367381656071225e-07,0.9518261777374041,2.449927674878608e-10,0.04817382201760604,0.999999991666563,3.2774986131608643e-25,3.7115606927820345e-15,8.333430591523113e-09,7.06685746124908e-253,2.6371092850539378e-14,0.9999999969766193,2.6208539381129324e-25,3.0233520059628375e-09,1.8830432963636748e-12,0.9999999996756088,3.2250600608535996e-10,0.0,1.3844076857704324e-34,8.735058717626177e-17
96,0.9982398103913077,0.001760189608687446,7.789824377041758e-13,3.09865476943591e-07,0.9999996901337393,0.9999999999409113,1.0640428544623162e-30,5.6459159688765906e-11,2.6281909259348547e-12,3.6604492326e-314,4.2453073305807796e-10,0.9999999995743138,1.2164595458985084e-30,1.1503181135192307e-12,1.225210659425582e-28,1.0,1.3611116504164748e-26,0.0,4.0971291394349416e-45,8.656453285037655e-18
97,1.5446837450531615e-10,0.999999999845528,1.815949208414805e-15,0.9478011520588646,0.05219884794113501,0.994817418125223,0.0003861124542781051,0.004796469420485689,8.571735860115992e-15,0.0,0.02324750980937162,0.9763621741510118,0.0003903160396043768,5.582309493518295e-15,0.9999526590261577,9.585579243757733e-10,6.111350850664304e-17,0.0,1.8359133226129231e-06,4.550410195840815e-05
98,1.4578253285247605e-10,0.999999999854218,1.1248371722780967e-18,0.006044383496149372,0.9939556165038496,1.5868409492063336e-11,0.9999994861839495,5.138001816318679e-07,1.1842572899413131e-20,0.0,3.4210626805635855e-06,1.1096052002534814e-11,0.9999965789262261,8.363561093175303e-21,2.052203165745273e-12,3.2356862749748593e-10,5.150506392197444e-21,0.0,0.9999991425586908,8.571156871211396e-07
99,3.799395141387769e-14,0.9999999999999574,1.3248560030971899e-21,0.9977668860768206,0.002233113923173783,0.0009307335925015882,0.06373352285508185,0.9353357435524192,1.3654324498847527e-19,0.0,0.990485858549806,0.00016467659404553582,0.009349464856145915,1.9122929471609304e-20,0.03744505931558162,3.1158399482860573e-10,3.1528458775029844e-20,0.0,0.008915689683297989,0.9536392506895424
100,0.999963516236247,3.648376375024533e-05,0.003986721229741054,3.569798351309351e-10,0.99601327841328,0.012051008472897426,0.8758363676809339,1.9412304625884123e-12,0.11211262384423017,2.7392675234530804e-273,1.500972767076918e-11,0.015094304770672935,0.9191465672248337,0.06575912798948308,0.0018652461825817382,0.0014685588706050377,0.0897398181145268,0.0,0.9069263768317473,5.410710080833946e-13
102,0.9999982519360062,1.7480639910310386e-06,0.9479373480599598,2.0767760921783386e-10,0.052062651732359626,0.16703076639886538,1.1763496419045396e-05,1.1099945173493037e-14,0.8329574701047062,9.169208079215375e-275,1.659437127677593e-13,0.3181353742325238,1.4802390341569006e-05,0.6818498233769692,0.06783138036081128,0.00011071317336244622,0.932049565518267,0.0,8.340947554142515e-06,3.7230756280038874e-15
103,1.4485538667620302e-06,0.9999985514461376,7.497910850230604e-10,0.07823235597697777,0.9217676432732299,0.9999552516864255,4.250867645628217e-05,2.2396080755384032e-06,2.9045079397853617e-11,0.0,9.638647255810092e-06,0.9999601967882928,3.016455081460487e-05,1.363445283614449e-11,0.9999997214839912,2.1218342949985214e-11,2.2734760735764403e-13,0.0,2.3986363399132896e-07,3.863092977901113e-08
104,0.9999999994737152,5.262824240521719e-10,0.9679331274706214,5.198985459928252e-15,0.03206687252937469,6.698848486648497e-08,0.026537955765192415,6.06387146451994e-19,0.9734619772463253,1.1571984564801256e-246,9.016395720752379e-18,1.3938790009949838e-07,0.04805514689300034,0.9519447137190993,2.434339184827454e-09,6.771116850074402e-07,0.9416361027973564,0.0,0.05836321765661582,2.34120816776035e-19
106,1.2111639301169016e-09,0.9999999987888373,1.2393933577456953e-21,0.6688292192996309,0.331170780700362,0.999648341892911,2.7764644583062274e-05,0.0003238934625067716,1.1652175985732607e-21,0.0,0.002626171757323566,0.9973402520839326,3.357615874093143e-05,9.53311066718331e-22,0.9995450030514111,0.00011202322612474119,4.285959629925929e-22,0.0,2.853161026911237e-06,0.0003401205614381967
107,1.8507457686320457e-11,0.9999999999814975,4.943845150434535e-17,0.8774953445868281,0.12250465541317473,0.004419045725783395,0.7836897484157097,0.21189120585850754,2.2754442758319723e-15,0.0,0.7116656886075292,0.0019215414369168247,0.28641276995554615,8.19785497010043e-16,0.007562498123776996,3.881839155645749e-06,1.4964410721653478e-15,0.0,0.5531229031262512,0.43931071691081935
108,0.9809721913773763,0.019027808622625444,0.00046631478426368916,4.521300737170869e-07,0.9995332330856634,0.9987837425557948,0.0006175367602728201,1.400953215201834e-10,0.0005987205438394909,3.0537325187284615e-300,1.0610245219503093e-09,0.9992908911882689,0.00041424861229772954,0.0002948591384078527,0.585599438238152,0.40343281304140227,0.007150978663921882,0.0,0.0038167688589649247,1.1975576003238954e-09
109,0.9999999999999751,2.3326188336567302e-14,0.9999999452810663,1.5181351177390288e-22,5.471893227426325e-08,2.5079033161116997e-09,4.940916967057371e-11,1.477398412908173e-27,0.9999999974426892,5.615770969685181e-178,3.336066660070031e-26,7.414541865816319e-09,9.581212906541375e-11,0.999999992489645,2.4128635223871286e-10,5.0227892406459404e-11,0.999999999636163,0.0,7.232368476543173e-11,2.8526560402832627e-28
110,7.989120058936555e-08,0.9999999201087949,4.038467967947765e-13,0.021872294371381714,0.9781277056282203,0.0009040180255646638,0.9990540076124751,4.197436153416201e-05,4.239979757704208e-13,0.0,0.0003517339340456131,0.0009563145292360516,0.9986919515363919,3.286983389924926e-13,0.13752729010856457,4.8894026793134624e-11,3.3895665595255904e-13,0.0,0.8624053016798489,6.740816235429711e-05
111,0.9999999977202165,2.2797807760252478e-09,0.9992192886547366,6.620361889011022e-15,0.0007807113452532239,0.00022166588964991113,5.869617783240076e-07,2.1669338234366263e-19,0.9997777471485693,1.5748578271272265e-211,3.9382760102937144e-18,0.0005068587962923964,1.088090611911816e-06,0.9994920531130942,0.0001865070752809842,5.4979081979955295e-08,0.9998126187993033,0.0,8.19146331787086e-07,6.050304747854976e-20
112,0.999999999998689,1.3127195516904605e-12,0.9999960033123794,1.2697969733072605e-19,3.9966876218767385e-06,1.8576660035256078e-08,1.917862656101785e-08,3.5288181908828794e-24,0.999999962244712,5.293170859686305e-213,6.402120038325239e-23,4.3385952684299336e-08,3.645126193657558e-08,0.9999999201627855,2.3971943842952968e-09,6.1541653889596e-10,0.999999968886947,0.0,2.8100441676081924e-08,4.365069458025425e-25
113,0.999999999999595,4.0681395023150033e-13,0.9999570154525268,7.640048815844701e-20,4.2984547471699004e-05,1.3651896954024967e-09,1.2502145637076784e-06,1.6619245948745276e-24,0.999998748420248,9.177184363203803e-212,2.9019897698804363e-23,3.859943557410525e-09,2.560942854916009e-06,0.9999974351972007,3.755430859823011e-11,1.901009976541926e-09,0.9999968217867184,0.0,3.1762747174679633e-06,3.50296121936499e-25
114,1.9509240867017983e-07,0.9999998049075932,5.081882159362605e-21,0.03778362715816968,0.9622163728418354,0.9994818678412029,1.3800336975484342e-12,0.0005181321559161788,1.4976111403660037e-12,0.0,0.005284956404146496,0.9947150435930994,1.5637874273613127e-12,1.1915981688661117e-12,4.153127805061406e-11,0.9999999545516128,8.915047666372182e-25,0.0,2.92583398733379e-25,4.540685260265879e-08
115,0.009656448317587475,0.9903435516824123,2.1865077444781213e-09,4.8598259175532924e-06,0.9999951379875716,1.315354435063519e-05,0.9999868429019939,2.215608000953098e-09,1.3380446492921585e-09,0.0,1.8423751900857213e-08,1.3530364603099759e-05,0.9999864503212264,8.904193073709498e-10,1.5320751099025883e-05,1.6111288571104266e-07,9.704597963110564e-10,0.0,0.999984515316604,1.8489544440332444e-09
116,0.02907552530753532,0.970924474692462,7.665959975113807e-11,2.952062297350708e-07,0.9999997047171131,5.262135488974624e-07,0.9999994733679182,1.0369250843893497e-10,3.1483713704501777e-10,0.0,9.20074737392894e-10,4.0892205564208393e-07,0.9999995899350994,2.2277139720330788e-10,4.508464532414349e-10,0.0016975258859959473,1.1608631247768126e-10,0.0,0.9983024734927631,5.430643825662519e-11
117,0.9999947284368852,5.271563116524138e-06,0.20728546338416304,1.452871085264235e-10,0.7927145364705512,0.021753326244785237,0.06915467558258964,2.9275444707485797e-14,0.9090919981725962,4.610063239482313e-294,4.4367750288096623e-13,0.04442794202175931,0.11144307359317877,0.8441289843846166,0.053068930533031015,4.5316053299037187e-07,0.8380372578750932,0.0,0.1088933584313218,2.036798349603433e-14
118,5.290304567328224e-21,1.0,2.488459381678476e-32,0.9999999118659598,8.813404281961704e-08,9.819206549524865e-09,1.2590312623329052e-06,0.9999987311495268,1.1011481664431252e-30,0.0,0.9999998163339852,9.94574566901821e-10,1.8267144473325504e-07,1.60649167668613e-31,4.4731925527787254e-09,2.2114058403127233e-12,1.159229359916344e-31,0.0,1.220466326610069e-07,0.9999998734779618
119,1.0990624269547993e-05,0.9999890093757328,1.0912525788101852e-12,4.59785115016393e-05,0.9999540214874099,2.5623026105011805e-06,0.9999973424871198,9.520828639794196e-08,1.9852901357394604e-12,0.0,7.062761795431247e-07,2.469015043517996e-06,0.9999968247074769,1.3002575646318251e-12,2.3184559526916424e-07,1.4478655838937287e-06,5.977471555745055e-13,0.0,0.9999982377921023,8.249612379902604e-08
120,0.9999999999776819,2.23196219839268e-11,0.9999742825255593,3.989236953094399e-18,2.5717474439266714e-05,5.497665408864e-08,2.010155620661043e-07,1.8458650728742743e-22,0.9999997440077849,1.9895798950887854e-202,3.142890242930099e-21,1.260648462950959e-07,3.59409979482761e-07,0.9999995145251758,1.2441101272009915e-08,1.2868960886868137e-09,0.9999997277481556,0.0,2.5852384671589646e-07,4.141630867814463e-23
121,1.546097689929208e-09,0.9999999984539016,1.486037821139169e-14,0.924279156597197,0.07572084340278946,0.999806828973697,4.5387171498571717e-07,0.00019271715458262195,5.522056709114399e-15,0.0,0.0011965492262872037,0.9988029470729864,5.037007285673037e-07,3.854136583706199e-15,0.9999088995329292,1.0361323518648226e-05,1.669253975344603e-15,0.0,1.8817621419704655e-08,8.072032592701074e-05
122,1.0,7.222526737837312e-17,0.9999999994443449,3.196662350485034e-26,5.556545564887006e-10,5.957073150270412e-12,6.898302158119544e-13,3.959438921224125e-31,0.9999999999933529,4.765169775163938e-171,7.815171461323412e-30,1.8958849850154103e-11,1.4254526447671937e-12,0.9999999999796163,2.1212123425755173e-13,1.5622483264361455e-12,0.999999999997156,0.0,1.0691193637984133e-12,5.270185424706672e-32
123,0.9805373309250852,0.01946266907491554,5.952236297212833e-13,3.31467809686903e-08,0.9999999668526206,0.05405907539884801,0.944880561716392,3.7416090407593366e-10,0.0010603625106009361,0.0,2.7261835772391416e-09,0.06800064383489036,0.9313788633653072,0.0006204900736197518,0.0005700819063464571,0.02016292924222121,2.0781669497236822e-11,0.0,0.9792669886602439,1.704059896772004e-10
124,0.9999999491635321,5.083646537976998e-08,0.9743943128929188,1.6104191512951177e-12,0.025605687105470593,0.0005400548572040419,2.801085776143305e-05,2.477484747387437e-16,0.9994319342850317,2.6485087880347082e-256,4.045351653131793e-15,0.0010274885241084131,4.375695249214196e-05,0.9989287545233957,5.813340939094942e-06,0.000542375986861784,0.9994464464188689,0.0,5.364253327307344e-06,7.745475051223325e-17
125,0.0030478777222193417,0.9969521222777835,1.1794823775559098e-08,5.363358858684779e-05,0.9999463546165922,0.13119274146837773,0.8688056656590083,1.1926918306341425e-06,4.0018078517759096e-07,0.0,1.058082934818555e-05,0.17650000872162136,0.8234891190229167,2.914261138629078e-07,0.37296595073966043,5.7916673964223276e-05,4.7359077691700767e-07,0.0,0.6269742077381856,1.4512574103648265e-06
127,0.9999999999999929,7.341077006422095e-15,0.9999999037470009,3.4030338631797177e-23,9.625299758958935e-08,4.471813944860078e-11,1.6589828465623874e-09,8.834780434389672e-28,0.9999999982962997,3.7327476000918843e-187,1.6263455794451158e-26,1.2633264776751724e-10,3.3050478072894113e-09,0.9999999965686186,3.6669792165592606e-12,4.5978909067618425e-12,0.9999999974974401,0.0,2.494296027083294e-09,1.4690006594442122e-28
128,0.9967975557368413,0.0032024442631618114,0.004137209951425411,1.9955318896245885e-07,0.995862590495387,0.9941819585803726,0.0002969759989457247,3.83716290358316e-11,0.005521065382311588,2.002935917922979e-302,2.757133086505737e-10,0.9968796417185621,0.00024531395323106476,0.0028750440524948425,0.9630561302350531,0.017932308379792438,0.018464985685226636,0.0,0.0005465756410292538,5.889950619942014e-11
129,7.276973535052626e-06,0.9999927230264614,2.128864894204863e-11,0.0008532915545018011,0.9991467084242115,0.013463093039976285,0.9865280387239791,8.867926904742664e-06,3.0913656916671614e-10,0.0,5.90298096497828e-05,0.012046513301763618,0.9878944566825671,2.0601810109283273e-10,0.014455672620960527,3.336818754174456e-05,2.5834470103322263e-10,0.0,0.9855013819704135,9.576962737585263e-06
130,1.795137284043534e-11,0.9999999999820517,5.987421401784005e-25,0.6534406413883366,0.34655935861166864,3.502737895164551e-06,0.995742605485349,0.0042538917767538644,7.148293253812213e-25,0.0,0.04149313080044855,2.83480316152411e-06,0.9585040343963888,6.767321728688047e-25,1.7550563255195114e-06,1.2731300199880795e-06,6.685483793214311e-25,0.0,0.991073367133871,0.008923604679782432
131,0.6852261517714727,0.3147738482285251,1.048154623797145e-06,1.9627513651445093e-07,0.9999987555702388,0.0009455567238828873,0.9990470224408838,7.554461129779832e-10,7.420079786880807e-06,3.160044e-318,4.051083267392322e-09,0.000938351770152348,0.999057131781708,4.512397058211448e-06,0.0002613137294372748,1.223473167151385e-05,3.667866227477298e-06,0.0,0.9997227832549026,4.177639116139316e-10
132,0.9997217304649394,0.00027826953506024556,0.012178737665339428,1.0720158228815384e-08,0.9878212516145021,0.9381737720860952,0.002658082612777786,4.266696705377718e-12,0.059168145296859556,1.496372113160617e-271,3.3005241843947845e-11,0.970883679098704,0.0020125667916426828,0.02710375407665021,0.3695080697502542,0.023167657899563713,0.594101930714618,0.0,0.013222341616961534,1.8604995594794395e-11
133,0.9999999987366479,1.2633547417426878e-09,0.9912336785981338,5.46524032907546e-15,0.008766321401862546,3.655117698254121e-06,0.00015551428412175983,3.603830949956913e-19,0.9998408305981825,4.796577329210298e-229,5.186984233796331e-18,8.652974059307115e-06,0.00029242108000573154,0.9996989259459329,5.918523815066135e-07,6.886213530875342e-07,0.9997415043840532,0.0,0.00025721514221344776,7.935178172573253e-20
134,0.9611176082057661,0.03888239179423434,6.739106893506151e-05,3.7225798213454495e-07,0.9999322366730795,0.8678655607969724,0.1307035721886888,1.3114757882057102e-09,0.0014308657028617076,4.8495060224894435e-297,7.916468669269119e-09,0.9098346161543617,0.089513781336485,0.0006515945926866358,0.969355981655632,1.2379898746436423e-06,0.00026991798029228235,0.0,0.030372862162298363,2.1190224551161153e-10
135,0.9999999985266541,1.4733465921051424e-09,0.9997208451875016,6.540715705072086e-15,0.00027915481248895295,0.0002474127116166172,6.30920629156267e-08,3.619511153284682e-19,0.9997525241963229,1.1568839642648475e-239,5.7005973295134334e-18,0.0006567720961482707,1.1007362232992276e-07,0.9993431178302316,5.449662945147642e-05,1.1172755912034132e-06,0.9999443216828076,0.0,6.44121528348198e-08,1.0167104784019352e-19
136,6.330411967873374e-16,1.0,6.933749348210666e-33,0.9999793451528327,2.0654847173702835e-05,0.040098453725232255,1.85359621624824e-15,0.9599015462747691,7.351075784000386e-30,0.0,0.9953709788148676,0.004629021185127366,3.2724328145713034e-16,9.27836217531628e-31,4.161675422679815e-06,0.033620507423807025,3.717883197975632e-38,0.0,1.1415072100765292e-15,0.9663753309007725
137,0.00048205184825466155,0.9995179481517434,3.4146748142333605e-09,8.897714892274543e-05,0.9999110194363997,0.14028448659697562,0.8597096899472301,5.769460093675054e-06,5.399569907469632e-08,3.4866446365308854e-306,4.018686453975122e-05,0.17245910039039414,0.8275006722180136,4.052705410833307e-08,0.6806337289075581,2.6665023437059168e-11,3.772757423318045e-08,0.0,0.31936379988061886,2.4334575805754377e-06
138,0.000954720519057355,0.9990452794809414,9.131486668479984e-09,0.0001552104234873244,0.9998447804450263,0.9675803460941655,0.03241932677895619,2.6908110483633604e-07,5.804577525913851e-08,0.0,1.6937565946201315e-06,0.970463152745676,0.029535119434148976,3.406357726074421e-08,0.9974216840739506,1.3437498697325672e-07,4.018560208702743e-09,0.0,0.002578154923341135,2.260916105188928e-08
139,0.9964442928475937,0.0035557071524080627,2.219898787993025e-05,2.0296553025849873e-09,0.9999777989824652,3.115360290434783e-05,0.9999345096986281,1.3211923242095678e-12,3.433669714503375e-05,1.0999929045123016e-290,9.167056998174575e-12,3.2412287610549486e-05,0.9999455695596433,2.201814357984034e-05,5.189427117877086e-06,3.407404474856119e-06,1.322375355174045e-05,0.0,0.9999781794145244,3.3197723622387275e-13
140,0.9999999847847932,1.5215205398794477e-08,0.9979965881101632,2.7628312001683705e-13,0.0020034118895618314,0.0027163402891904075,6.375481705355121e-09,1.1790070355088213e-17,0.99728365333533,5.2725714314114786e-275,2.024169043622616e-16,0.0050862045900519235,1.0606959849584218e-08,0.9949137848029908,4.694828132325686e-06,0.020417931785885243,0.9795773733859834,0.0,3.729004787576432e-17,5.1272093167404796e-18
141,3.568653236483962e-25,1.0,4.043842397711253e-40,0.9999999999431992,5.679452939862478e-11,3.6144741730955516e-12,2.942283600927868e-11,0.9999999999669598,1.016129167490894e-38,0.0,0.9999999999954099,3.426927469687892e-13,4.244422121907035e-12,1.6723535711917828e-39,1.5693977922098201e-15,8.377399917165569e-12,6.698575294364325e-40,0.0,8.959982697058366e-13,0.9999999999907203
142,2.1270149243818078e-31,1.0,4.922691017472468e-53,0.9999999999914024,8.596854807807071e-12,1.6231086889840198e-07,4.0414528559311895e-32,0.9999998376891303,7.480173358351535e-59,0.0,0.9999999861817201,1.381827916527132e-08,8.115982094098233e-33,1.0247516081508999e-59,2.0402189396014668e-29,0.0012902482725271397,1.5033825192312908e-59,0.0,1.8340488407651724e-41,0.9987097517274751
143,0.9999885374089025,1.1462591099630346e-05,0.002453120972482522,1.359014771506335e-10,0.9975468788916164,0.001556811125645822,0.864755667834248,5.765859632367155e-13,0.1336875210395325,2.1432579066972188e-260,4.989454502927028e-12,0.0012338215869388224,0.9292068412449578,0.06955933716311596,1.3331226783105473e-05,0.017151577742392236,0.06942902758709106,0.0,0.913406063443628,1.0498214638254043e-13
144,0.999926590547972,7.34094520306446e-05,0.03742755847376764,4.422552895092905e-09,0.9625724371036807,0.5433145192451198,0.01542450665288754,1.757894174006208e-11,0.44126097408441084,1.6813864973285927e-302,1.5702404240916301e-10,0.7135068337003284,0.01705117693256387,0.26944198921008555,0.031676589918660604,0.37754183797958657,0.5782361230907154,0.0,0.012545449004564243,6.475263228960299e-12
145,7.374072331891541e-12,0.9999999999926246,2.20867001677858e-17,0.9843197309717866,0.01568026902821634,0.823670886336939,0.023494311045789328,0.15283480261727314,1.2943820931358317e-15,0.0,0.6926346405270347,0.2964012927275033,0.010964066745455098,5.187461731956301e-16,0.9980013367602552,6.287608901699956e-11,6.485020498736388e-18,0.0,8.324694657239766e-05,0.0019154162303014538
146,3.2752460409393798e-09,0.9999999967247533,9.555328245226555e-14,0.9340632859884643,0.06593671401143796,0.9997734574763945,5.039515346626998e-16,0.00022654252358777322,1.8739524460081967e-14,0.0,0.0032295548379490603,0.9967704451620358,6.442813526336938e-16,1.6892405201035847e-14,0.0009174887274205395,0.99894757211464,4.5194427917567974e-15,0.0,6.102346572280158e-25,0.00013493915793388986
147,0.9999997613757756,2.3862422454260637e-07,0.8920400546932438,1.105343600836925e-11,0.10795994529570466,0.0014898027115153854,0.0008950407422136447,2.10999497776653e-15,0.9976151565462663,3.045980355809076e-244,2.5394331106191825e-14,0.0032652157168119875,0.001523022374634284,0.9952117619085282,0.00021577316968347107,0.00012733772469957456,0.998946360006235,0.0,0.0007105290993814777,5.206221088945854e-16
148,0.9999999999945999,5.401092672156808e-12,0.9999901817909126,9.697438002690312e-19,9.818209086780099e-06,5.127106097694337e-07,7.696586918183721e-09,1.7704420002327587e-23,0.9999994795928022,3.4515853556904536e-233,3.389562511275615e-22,1.3643049952651412e-06,1.5498837745421088e-08,0.9999986201961659,1.6457924953496696e-07,1.836016211937889e-09,0.9999998224478277,0.0,1.1136905219330501e-08,4.259588520096354e-24
149,1.4404573741325193e-07,0.9999998559542608,1.1004857776594677e-13,0.003944730583330479,0.9960552694165568,2.5176683200579522e-05,0.9999610515024752,1.3771814219848703e-05,1.0387917225396418e-13,0.0,8.68733437198569e-05,2.3329636320963267e-05,0.9998897970198887,7.17810099969533e-14,4.508074327972323e-06,4.4720498835341166e-07,3.852325313672216e-14,0.0,0.9999776260613774,1.7418659269803596e-05
150,4.116033625451337e-19,1.0,1.7452465838616388e-28,0.9999999913317907,8.668213703847275e-09,0.004818552502977032,4.77337970103079e-10,0.9951814470196858,4.496206597151015e-26,0.0,0.9993238233377579,0.0006761765795647847,8.267868506183942e-11,6.85508742870275e-27,0.7167878556284739,3.993704422048214e-15,1.5376493877678629e-27,0.0,1.1248671781465316e-11,0.28321214436027975
151,0.9999722707341078,2.772926589129942e-05,0.0026227781246509155,8.8854583188138e-11,0.997377221786495,0.000859833853084096,0.9708283791444995,1.7414179443266067e-13,0.02831178700224509,6.051659669619505e-273,1.5556173054545956e-12,0.0009838673349604476,0.9826253878711703,0.016390744792314508,7.16280868804984e-05,2.1498099316733253e-05,0.013686090219356732,0.0,0.9862207835944009,4.2405992462132075e-14
152,0.9999999975472846,2.4527125253763927e-09,0.9996028612386215,9.718561328029554e-15,0.0003971387613653695,0.000460544243871828,1.9135236908389922e-07,5.847356629056069e-19,0.9995392644037586,6.469842501854266e-241,9.45908417184515e-18,0.0011996183597520118,3.237112857068566e-07,0.9988000579289646,8.98057946923738e-05,1.553223139279575e-06,0.9999084680597369,0.0,1.7292243302779012e-07,1.351378734641754e-19
153,8.468194407188152e-13,0.9999999999991545,3.992334019019296e-19,0.9999474642454368,5.253575456221441e-05,0.9971151330387463,2.9314766836381546e-09,0.002884864029775609,1.6789342331834009e-18,0.0,0.02015088266970852,0.9798491152234515,2.1068390933643375e-09,1.088162287413397e-18,0.999910156880201,1.0298409023755159e-11,8.356071188832773e-21,0.0,8.023288391872522e-12,8.9843101476342e-05
154,3.139022947918414e-06,0.9999968609770589,7.540850921240723e-10,0.03260926055935132,0.9673907386865613,0.9999362891958125,6.155205861621167e-05,2.158677676243068e-06,6.789556684606549e-11,0.0,8.285804913357108e-06,0.9999453696808954,4.634448071657486e-05,3.3478075890893964e-11,0.9999990773118761,4.2810306571538995e-10,9.971410572922669e-13,0.0,8.803111871342071e-07,4.194783982298354e-08
155,0.9998218839166271,0.0001781160833748532,7.492290740214531e-05,6.481136625427016e-10,0.9999250764444869,6.688251352726959e-06,0.999773612938569,8.76438171703644e-13,0.00021969880920519474,6.78528597868483e-310,5.5288483383145036e-12,1.010308001944866e-05,0.9998625440726143,0.00012735284183554803,3.179683364938287e-07,0.00010130130194171416,0.00017581817728558322,0.0,0.9997225625520191,4.1822579779118273e-13
156,1.0,3.08635320083238e-17,0.9999999998407425,5.640708161670513e-27,1.5925866146541992e-10,1.0255885505280058e-12,3.890565985755669e-13,4.5190250817409846e-32,0.999999999998586,1.7034551847106733e-160,9.208574986237433e-31,3.038917098021626e-12,7.775600416415913e-13,0.9999999999961844,8.610721504689646e-14,3.6839572375779407e-14,0.9999999999992149,0.0,6.616982658916242e-13,4.878441952112909e-33
157,0.000170232599975491,0.9998297674000228,6.2442831927997704e-09,0.0008163127654414783,0.9991836809902724,0.9822098811099029,0.01778780804065316,2.2772278229096595e-06,3.362161976274505e-08,0.0,1.8893497280332035e-05,0.9804420882322629,0.01953899484681657,2.3423638455277693e-08,0.9940335332060034,3.2015654914831145e-05,1.1977707542590571e-08,0.0,0.005933521144392912,9.180169815822965e-07
158,0.9995013765937923,0.0004986234062041217,0.1289633576844641,5.679981915630837e-07,0.8710360743173454,0.9993749772877535,4.326067878712066e-09,4.262191248492674e-13,0.0006250183857522122,3.8248627243726e-293,2.6272203650706067e-12,0.9997198986867334,2.8657348077940445e-09,0.0002800984449064024,0.33319555773485293,0.6624526295495933,0.004351812714279117,0.0,6.847854897832513e-17,1.272686470768967e-12
159,0.9999980423493446,1.9576506557568703e-06,6.679153682071728e-15,9.61329002336943e-15,0.9999999999999858,2.938812536616974e-12,0.9999999999970512,1.3311319709285437e-17,9.610488312167785e-15,6.506570039819746e-308,8.325381441685379e-17,2.944209727048363e-12,0.9999999999970512,5.405217167846896e-15,4.2789764908222305e-13,6.534147755562408e-14,5.447881749492539e-15,0.0,0.9999999999995026,4.5426553359981496e-18
160,1.0,1.6957534953871069e-16,0.9999999967069861,8.762097171401439e-26,3.29301245505916e-09,1.1111930244057582e-11,6.918848863858905e-12,1.2358795104490869e-30,0.99999999998197,1.5697984702294546e-158,2.0051471842717566e-29,3.465513685389645e-11,1.397308437788824e-11,0.9999999999513705,6.792163875533818e-13,1.228173656072784e-18,0.9999999999863292,0.0,1.2993251779016218e-11,1.331412732682534e-31
161,2.172142427505813e-11,0.9999999999782787,2.481986908638636e-17,0.9991840236365651,0.0008159763634341823,0.9974470207511759,4.621236270267546e-18,0.0025529792488240698,5.192159088826847e-25,0.0,0.03265938162074202,0.9673406183792601,6.2977516705784414e-18,5.463081129110471e-25,0.9532820881797525,0.021804608342702127,4.020610811961469e-24,0.0,1.5104317501101742e-25,0.024913303477548086
162,3.2667267350826712e-18,1.0,2.609695613109653e-28,0.9999996117020559,3.882979443177243e-07,0.00024232473807011824,2.6461591131577023e-09,0.9997576726157759,9.92979343026758e-26,0.0,0.9999770383341489,2.2961291311112473e-05,3.7453461514614253e-10,1.2715684259508209e-26,5.246843850050402e-07,0.00017020542830810598,8.925848269056169e-27,0.0,1.4258143457965644e-18,0.9998292698873138
163,1.0,8.7031938080734e-25,1.0,2.4286123023233133e-30,4.38914876633335e-18,2.2599219127048405e-20,7.452722427761825e-19,1.611688354548515e-17,1.0,1.5741875305810646e-204,2.0458126182712184e-32,5.3509699662410396e-20,1.334715637769107e-18,1.0,2.415392031922409e-21,7.373490443540634e-22,1.0,0.0,1.269934624438987e-18,4.942493461354565e-34
164,0.2306385626962283,0.7693614373037719,2.3005700865804426e-07,6.618076247498016e-14,0.9999997699429224,5.114667074906882e-10,0.9999999722361114,2.7252364391250032e-08,6.090584321786133e-14,0.0,3.4261597092115025e-15,3.897077218635133e-10,0.9999999996102531,3.785418925931096e-14,1.573734993525133e-10,9.31903020963032e-12,7.300738992605001e-07,0.0,0.9999992697594104,1.8681456194206754e-16
165,0.9999999744276383,2.5572358407604752e-08,0.8030614216235,1.971193948402871e-12,0.1969385783745257,0.0007739555466690335,2.5597158900449462e-05,2.1382219549062422e-16,0.999200447294433,8.403762600914235e-255,3.0848899270755182e-15,0.0014558616109753913,4.921410916936871e-05,0.9984949242798509,7.557132638822738e-09,0.9114709580370288,0.08852903440581293,0.0,2.7362940453566676e-14,7.18841123136446e-18
166,0.02680854313131805,0.9731914568686818,1.1971287073792709e-08,1.1079435905530195e-06,0.9999988800851245,2.6157163553466527e-05,0.9999737916984044,3.330400016761623e-09,4.7807641800154076e-08,0.0,2.8435365951534813e-08,2.2904475969979663e-05,0.9999770345298696,3.255879397465853e-08,7.552994282810134e-07,0.0007431823166754997,4.5012159718088864e-08,0.0,0.9992560144204242,2.9513112337025155e-09
167,0.9960307144683176,0.003969285531684211,0.0010878990091081474,1.301308486824486e-07,0.998911970860044,0.999463110549665,6.843466812018387e-05,5.838811572897913e-12,0.0004684547763782867,2.476134617072e-311,3.431747635315302e-11,0.9997742942417582,4.5370555113667904e-05,0.00018033516881097448,0.9897587404254006,0.008004215999436667,0.002033075831344472,0.0,0.00020396773013820464,1.3679656437707371e-11
168,0.0001617324484806187,0.9998382675515161,1.2330138174679614e-15,0.009110909362893209,0.9908890906371054,0.9999996902590294,1.6107240842564546e-07,1.486685606454769e-07,1.7391877866035277e-17,0.0,7.226425524201219e-07,0.9999991253450476,1.5201240337365445e-07,9.38315380763332e-18,0.9853334550242149,0.014666148363176364,7.374883764934624e-17,0.0,7.33407516068309e-08,3.2327185786083685e-07
169,1.0,4.709643630011753e-16,0.9999999981077323,5.438076348610909e-25,1.8922694008306435e-09,1.9548864433251604e-11,4.530577432606983e-12,6.100402175151249e-30,0.9999999999759197,1.9304594331488916e-169,1.1640897493009586e-28,5.5221003792697626e-11,8.894614525684503e-12,0.9999999999358842,2.4633395548300102e-12,3.836495413905628e-13,0.9999999999901021,0.0,7.049855974199612e-12,8.664731356705881e-31
170,6.442312806093179e-29,1.0,1.8855208759653236e-51,1.0,2.3708249533203187e-15,1.1277300029480253e-12,5.861509422210916e-18,0.9999999999988773,9.684675037936828e-51,0.0,0.999999999999801,1.971052485378622e-13,8.868761325497717e-19,2.2739251084240555e-51,2.395272457680225e-11,8.318524967837082e-21,4.991042043176634e-52,0.0,1.0872115440963664e-27,0.9999999999760405
171,0.9999985270980976,1.4729019040754071e-06,0.8817889358703555,7.002012943022102e-10,0.11821106342944136,0.6977311428747597,1.476364268531629e-07,3.7300465183732824e-14,0.3022687094887756,9.467360426519452e-275,2.377176537158523e-13,0.8561840483237858,1.324069510194111e-07,0.14381581926902617,0.00015157254765106303,0.9650529492249437,0.03479547822740512,0.0,6.543392271041813e-17,1.127273869143296e-15
172,3.095916571392834e-06,0.9999969040834349,6.023666045053973e-11,0.011513848470887744,0.9884861514688738,0.9997110618906627,0.0002852297021730684,3.708389488317599e-06,1.7672830850823335e-11,0.0,1.7397954242010567e-05,0.9997840421733086,0.00019855986323199867,9.220174330445625e-12,0.9999951931393478,2.0094896658479015e-08,7.30642345994376e-13,0.0,4.392554521486638e-06,3.942105057267215e-07
173,1.5033621496267315e-13,0.9999999999998437,5.2149197461453275e-21,0.9994100456568429,0.00058995434315383,0.0017408046555158982,0.0013373410323478019,0.9969218543121356,6.804337304546606e-19,0.0,0.999511813164664,0.00025478285499501955,0.00023340398033897574,9.83790737908696e-20,0.0009306987500614155,6.694236026289099e-07,1.8743293943005012e-19,0.0,0.00033396915598247947,0.9987346626703582
174,0.9999991271407652,8.728592327673126e-07,0.0319603667058028,1.20502625705946e-11,0.9680396332821494,2.801202098098448e-05,0.8751067236297563,2.5081392202275145e-15,0.12486526434925974,2.4360056653489077e-262,1.9874670197117597e-14,3.5964147679914674e-05,0.9310317503582359,0.06893228549406397,2.810244039355742e-06,3.0916031094205507e-07,0.05180765521859829,0.0,0.9481892253770529,6.327002516535452e-16
175,0.9999674440684079,3.255593159110355e-05,0.04281487809736727,3.2445220791179645e-09,0.9571851186581108,0.29046759354873924,0.04199692310434414,2.8054829017203074e-12,0.6675354833441091,2.6037881647116814e-281,3.846373586436244e-11,0.47282091530324716,0.05044707398615371,0.47673201067213594,0.1492222495770258,0.0015930774715171667,0.8108661976690339,0.0,0.03831847528142382,1.0024524390159315e-12
176,0.8792813014489109,0.12071869855109077,1.5819304561565916e-06,7.272975588258939e-08,0.9999983453397878,0.19058606046803647,0.8092408089701962,6.947127387537586e-10,0.00017312986705219922,0.0,6.429820660891216e-09,0.15764444555413484,0.8422577759581708,9.777205787256157e-05,0.04228831198282369,0.0006350789618222299,0.00011942754284282006,0.0,0.9569571811344619,3.7804787145275216e-10
177,0.9999998652466096,1.3475338887824203e-07,0.4410850073724104,6.5457626068441555e-12,0.5589149926210467,0.0001130798465476943,0.027995208598044368,1.102984568455499e-15,0.9718917115554101,3.2751302698648945e-243,1.5127756335435945e-14,0.000223289876368035,0.054459277304457765,0.9453174328191559,3.991941099090579e-06,0.0006498958251158177,0.9524113094301562,0.0,0.04693480280362898,5.290076062184932e-16
178,0.9999999965217299,3.4782706216424652e-09,0.9993712235178889,2.505033006789918e-14,0.0006287764820864236,0.0010659546303197376,1.3966491760485771e-08,2.311786410058158e-18,0.9989340314031919,2.1731202232864382e-249,4.04399677949212e-17,0.0024204928240172626,2.3357917500833545e-08,0.9975794838180666,1.2822888283931183e-05,0.0010622420944089348,0.9989249350173037,0.0,5.6434953276917e-17,5.461875963605655e-19
179,8.94579838518208e-07,0.9999991054201609,9.543919508730032e-11,0.9999999812092428,1.8695313201977968e-08,0.9999994503180379,2.3391728033126206e-18,5.496819575618624e-07,2.0632063674352785e-21,0.0,8.962228013987353e-14,0.9999999999999147,2.0530267276129316e-18,1.405347228541617e-21,1.8980931665302803e-10,0.9999999998101714,2.7870868405044484e-21,0.0,3.591798551743456e-27,2.1820411321532038e-14
180,0.4335730186737733,0.5664269813262274,2.1645860894973273e-07,1.2815884389601188e-07,0.999999655382548,0.0003941739833291562,0.9996042053000289,2.691985456953325e-10,1.6204474418333316e-06,9.7908e-319,2.3794792236584416e-09,0.00035494520977676563,0.9996440679007281,9.84510015348905e-07,3.580590968744481e-05,0.0002668314468724086,1.0213645421588708e-06,0.0,0.9996963411656694,1.1323153460527588e-10
181,0.999999999816815,1.8318243318852964e-10,0.999559855832134,4.574248842078107e-16,0.0004401441678665651,7.949151259825844e-07,4.831403767439866e-06,3.724137733845469e-20,0.9999943736811088,1.614455233377439e-248,5.663276828926152e-19,1.7473526408210317e-06,8.08161533594704e-06,0.9999901710320264,1.5472465076694752e-07,4.9705297404666655e-08,0.999994266471676,0.0,5.529098378657508e-06,1.065414855190619e-20
182,0.9999999999999964,5.233491741026397e-15,0.9999999789901397,1.688717421868017e-23,2.1009861868705704e-08,3.029454554462456e-10,3.98863459742857e-11,2.62972285469666e-28,0.9999999996571667,1.0403613643441377e-196,4.579185553405395e-27,8.839892207706459e-10,7.921851685949285e-11,0.9999999990367918,3.6774849087014354e-11,7.658509835149937e-12,0.9999999998932765,0.0,6.229074189438203e-11,3.499569435098656e-29
183,0.3683122736813765,0.6316877263186259,3.2599902901005005e-07,1.0613769055252232e-06,0.9999986126240646,0.13030505529799463,0.869671838907892,3.490465462024178e-08,2.3070889457178054e-05,0.0,3.0286168933926913e-07,0.12369928437638661,0.8762854071248197,1.5005637104050293e-05,0.004525419065643271,0.08777934307574267,2.9930347994230206e-05,0.0,0.9076652767430975,3.0767523757601e-08
184,0.9999999999999929,6.620689040912501e-15,0.999999972411992,2.142188889974733e-23,2.7588006496793556e-08,2.3359221057393765e-10,6.423979407809053e-11,3.018992464211931e-28,0.9999999997021689,1.3105621880543964e-177,5.933327138190242e-27,6.645597146635799e-10,1.2644034637234285e-10,0.999999999208999,4.0266579975816267e-11,2.0959798336290302e-12,0.9999999998579092,0.0,9.972826466963031e-11,5.479628093743446e-29
185,1.0,3.08635320083238e-17,0.9999999998407425,5.640708161670513e-27,1.5925866146541992e-10,1.0255885505280058e-12,3.890565985755669e-13,4.5190250817409846e-32,0.999999999998586,1.7034551847106733e-160,9.208574986237433e-31,3.038917098021626e-12,7.775600416415913e-13,0.9999999999961844,8.610721504689646e-14,3.6839572375779407e-14,0.9999999999992149,0.0,6.616982658916242e-13,4.878441952112909e-33
186,0.9999964606297916,3.5393702060132028e-06,0.27436838332264823,5.044360793390399e-10,0.7256316161729168,0.03951632558255052,0.007629085465477905,1.5347890480636863e-13,0.9528545889518207,5.0554559936847935e-276,2.873291531403846e-12,0.07610747567571936,0.012543671561479784,0.9113488527599246,0.015886189520822734,0.0010336050739429563,0.976461779257609,0.0,0.006618426147536479,8.596423725035515e-14
187,0.9999999999992397,7.591316984220674e-13,0.9999960999684726,9.100138664860879e-20,3.900031525972047e-06,4.7185786557641786e-07,2.5500413603579143e-09,2.5098161177517087e-24,0.9999995255920939,9.774821852471946e-193,5.1723885852187827e-23,1.6486960938945054e-06,5.118981819967383e-09,0.9999983461849238,5.8675270624742644e-08,1.6548979464014553e-09,0.9999999375522519,0.0,2.1175777795540865e-09,3.8207475420636725e-25
188,0.2189301037493149,0.7810698962506878,1.0328963525455851e-05,3.917801049105371e-05,0.9999504930259867,0.9992757573943797,0.0007179844921839729,7.803774966270762e-09,6.250309662766076e-06,5.31013270784155e-301,5.6388954453661014e-08,0.9994150390330542,0.0005816484750638559,3.256102925906039e-06,0.9999586158369331,7.612213313390714e-08,3.679175601025407e-07,0.0,4.093961012347276e-05,5.132501299690383e-10
189,7.035941689286447e-08,0.9999999296405828,3.8982300081425405e-11,0.9825194189324107,0.01748058102861145,0.9999984322384347,2.5124212382011796e-11,1.5677364020407651e-06,3.2640784225924776e-14,0.0,9.901255285016053e-06,0.9999900987280672,1.6624750962498186e-11,2.601295754021065e-14,0.9999995693228033,2.130614231125554e-07,7.047197544206623e-15,0.0,4.678323812713817e-21,2.1761575958668142e-07
190,3.362934823764456e-09,0.9999999966370652,1.3447558096749844e-14,0.10007503403784247,0.8999249659621457,0.0005171289197472301,0.9973364210666654,0.0021464500134786607,1.0920445880258061e-13,0.0,0.017570737078270754,0.00040602880518642677,0.9820232341164581,8.237662132454247e-14,8.414728809874968e-05,0.0005391086330425358,1.0573071576290679e-13,0.0,0.9943786551623427,0.0049980889164136745
191,0.9999999999995097,4.913089707649452e-13,0.9999995019235787,1.7648719333219277e-20,4.980764211998561e-07,1.581499285990943e-08,1.105858149522577e-09,5.3634309513249225e-25,0.9999999830791496,7.206586285886787e-176,8.392919306127294e-24,4.093808897362735e-08,1.9724929385529434e-09,0.9999999570894191,4.724521430287113e-09,7.634360409209832e-11,0.9999999936234509,0.0,1.5756849461503244e-09,6.656748385075949e-26
192,3.8506893847332044e-10,0.9999999996149285,1.9877874163339223e-13,0.003547474557082907,0.9964525254427185,0.9999999985883861,3.123831244276708e-18,1.4116172420518604e-09,1.235020308842884e-16,0.0,6.531576893733264e-09,0.9999999934684212,2.550537984958409e-18,6.101012794509737e-17,0.9999999000482355,7.903552740409832e-08,2.9493025824581004e-15,0.0,1.9818475822212484e-25,2.0916235164869877e-08
193,0.9999999999997726,2.2595035765113288e-13,0.9999991659447499,1.2352984766655436e-20,8.340552509204634e-07,2.1865120589288712e-08,2.640696596845611e-09,1.3882622916309674e-25,0.9999999754941843,4.8534891457804266e-194,2.589017632901083e-24,6.09957132736877e-08,5.162461359225512e-09,0.9999999338418264,2.051427245886201e-08,6.163624749932294e-12,0.9999999738778879,0.0,5.601677198951487e-09,2.4994198702593865e-26
194,0.9999999999999964,3.712961121243151e-15,0.9999999727756584,7.051843285498925e-24,2.7224340672210603e-08,3.9503580699946867e-10,2.7916249063239947e-11,8.827743375335495e-29,0.9999999995770494,3.158932864948615e-186,1.4078107289254756e-27,1.2962203688967438e-09,5.943282615601484e-11,0.9999999986443484,1.8253399729052857e-10,4.471278926722504e-19,0.9999999997660929,0.0,5.137293105983229e-11,1.0559103181616869e-29
195,1.0,3.2775603958978976e-16,0.9999999988843733,2.467212824877612e-25,1.1156281522351823e-09,7.381030437288543e-12,2.9806025989430154e-12,2.184011890626758e-30,0.9999999999896367,9.993588544541069e-179,4.740152198196835e-29,2.0434059148852e-11,5.935594433290866e-12,0.9999999999736318,9.65683924524644e-13,1.0653625073259473e-13,0.9999999999939568,0.0,4.971970163494108e-12,2.662049483959583e-31
196,1.0,1.6609328511781957e-15,0.999999972368116,7.912750835903101e-24,2.7631885205933048e-08,9.002550488676093e-11,5.461227491701413e-11,1.015330007866154e-28,0.9999999998553619,2.46759872688439e-197,1.9256124533569586e-27,2.3511248084826996e-10,1.1297234721656935e-10,0.9999999996519158,2.94585122200488e-12,3.539169908442462e-11,0.9999999998844515,0.0,7.721139019918695e-11,1.5321899324320826e-29
197,0.9901431767500928,0.009856823249910829,4.884077180294462e-12,9.351770302598778e-07,0.9999990648180809,0.9999999999307221,5.190625291400515e-31,6.927375684116132e-11,7.488661420403703e-23,5.58512621463e-312,8.150719187462455e-10,0.9999999991849222,8.805928073815332e-31,2.7658394922147785e-24,2.8001117211076395e-26,1.0,5.481927352631377e-32,0.0,7.913267331169224e-36,2.8593399824340537e-16
198,1.0,4.615524424956969e-17,0.9999999996192059,1.1489801128128294e-26,3.807933722285761e-10,2.4305691915828118e-12,6.191842711068361e-13,1.037234258385391e-31,0.99999999999695,8.242201001854532e-161,2.1391911709280416e-30,7.595674211283313e-12,1.2552525803744715e-12,0.9999999999911484,1.2310612896230916e-13,2.364084534376573e-13,0.9999999999985771,0.0,1.0632115269001142e-12,1.3661360220558653e-32
199,0.9999999999971898,2.809318506005821e-12,0.9999965228370393,1.9782307742536083e-19,3.4771629602483533e-06,3.142592019383882e-08,2.109005717827631e-08,4.9451869483182685e-24,0.9999999474840222,6.671689336502713e-222,8.709719610076017e-23,7.810840912127157e-08,3.602754105703549e-08,0.999999885864049,1.0967406657361834e-08,1.5891902092251861e-10,0.9999999551894422,0.0,3.36842314062641e-08,1.2457070944221386e-24
200,0.9999999982002876,1.7997108138215737e-09,0.9997159635244278,1.357517279519457e-14,0.00028403647555786765,0.0005704916942755685,5.262470925930978e-09,4.717626158715574e-19,0.9994295030432507,2.729425720808097e-259,1.058437209253283e-17,0.0011942241905661085,8.521987157879463e-09,0.9988057672874444,9.102805244830439e-06,0.00020772106579589433,0.9997831761289594,0.0,1.7531878735601935e-17,1.6328547322742437e-19
201,0.9999999999999929,8.889774388612973e-15,0.9999999180186092,4.5303746345747154e-23,8.1981390258184e-08,2.925775077613314e-10,5.263236357769692e-10,6.6923950666295685e-28,0.9999999991810995,2.642909374076095e-186,1.2450214827896693e-26,8.590762379623731e-10,1.0980748260557064e-09,0.9999999980428491,7.514759116350599e-11,1.1773037907432354e-12,0.9999999989785309,0.0,9.451432149472354e-10,1.3940753054924412e-28
202,0.9664288010872614,0.03357119891273755,0.0005872095877990324,1.989789528658137e-05,0.9993928925169124,0.9999973338481581,5.4653695388938614e-18,1.3980186517151064e-11,2.6661378607520563e-06,3.30414926390465e-309,1.4372484823721676e-10,0.9999983042707423,4.758253394499775e-18,1.6955855323272272e-06,9.714617941796012e-09,0.9999999889176863,1.3676878565028367e-09,0.0,1.9361181364021764e-29,9.804138962342725e-15
203,0.6505144830087064,0.3494855169912936,3.1685353554574704e-08,1.4771385813226435e-08,0.9999999535432604,5.5312915367181904e-08,0.9999999372934687,2.047937010057648e-12,7.391568310708341e-09,1.0484678121924305e-303,2.0966789846797683e-11,4.2628752621632925e-08,0.9999999530428891,4.307394416405106e-09,1.5690356793126903e-10,1.4600580530850432e-06,3.3834097509200307e-09,0.0,0.9999985364007794,8.537992754682947e-13
204,0.9999999937497037,6.250299544197246e-09,0.7792454620452447,7.386990989793407e-14,0.220754537954684,6.167580343724418e-06,0.03492052661311985,6.464817251775927e-18,0.9650733058065378,1.1450154026239042e-237,1.1861034578291544e-16,1.136243194733121e-05,0.05931993874867029,0.9406686988193793,2.2183646861312764e-07,1.6828053124959322e-05,0.9312679116498945,0.0,0.0687150384605086,2.3650060932933114e-18
205,0.9999999999570264,4.2974682260562064e-11,0.9999785665621226,3.590871385353763e-17,2.1433437874278204e-05,1.3277048975830946e-06,6.068820227151181e-09,2.3679586056014625e-21,0.9999986662262841,1.4712072538420623e-211,3.46877286921004e-20,3.1056678030705917e-06,9.912724117984406e-09,0.9999968844194744,2.606663283698519e-08,3.1667635140983273e-06,0.999996807169853,0.0,3.337049689070796e-17,5.062291341902102e-22
206,3.627926870759401e-06,0.9999963720731286,5.49845259469041e-12,0.0008708105745963186,0.9991291894199046,0.00222277712592485,0.9977754766501001,1.74616347438388e-06,6.050068288212125e-11,0.0,1.293925300288236e-05,0.0017236969996523408,0.998263363709059,3.828830483153449e-11,0.0006578443668821377,2.3358092603923605e-07,2.0327051345282523e-11,0.0,0.9993407257755427,1.1962563233113176e-06
207,1.0,4.751457419819002e-19,0.9999999999995666,1.0133965001062353e-25,4.363335677414404e-13,1.6087368193702506e-14,6.981088119716613e-16,1.5293112470425348e-30,0.9999999999999858,2.5273127739786917e-221,2.973238696547927e-29,3.823530959577608e-14,1.287095521226119e-15,0.9999999999999574,5.1478432731736054e-15,4.778270370883255e-17,0.9999999999999929,0.0,1.1301818591830085e-15,3.692127843526238e-31
210,2.948660497422311e-12,0.9999999999970512,1.1153737129887837e-18,0.9993717564689318,0.0006282435310668667,0.7581606352485075,5.403391246684428e-07,0.24183882441236754,3.762400180993268e-17,0.0,0.8290717048132122,0.170928138951923,1.5623486390537846e-07,1.0975918635766793e-17,0.0011933831547054916,0.7249951154919851,1.5062159831163013e-17,0.0,1.999995973782034e-16,0.2738115013533083
211,0.7057688666938937,0.2942311333061054,8.492632877374429e-16,1.1471647411409023e-07,0.9999998852835285,0.0002172648330047368,0.9997817191529232,7.235826501656214e-09,1.008778248836851e-06,0.0,5.056442527891086e-08,0.00020151499813883227,0.9997978719079256,5.625295068690853e-07,3.7445984490881086e-11,0.9999999998651532,2.891026767461485e-16,0.0,5.867588028095527e-11,3.8723420772125455e-11
212,1.3193122494809948e-58,1.0,1.1924970603614684e-118,1.0,4.407807333748401e-36,6.520316372663672e-33,1.502670112017706e-74,1.0,5.735927728972574e-115,0.0,1.0,8.199649293476457e-34,6.779999537695967e-75,9.589824356237541e-117,1.4107710245364908e-79,2.0240874205445004e-18,1.2933080351076006e-134,0.0,1.1627315941354459e-83,1.0
213,2.1385021374651665e-05,0.9999786149786263,3.4521228961176675e-12,0.00014698958613713293,0.9998530104104107,0.0014915873619884819,0.9985061938614244,2.2187302403658586e-06,4.6346943015454e-11,0.0,1.2465117643104214e-05,0.0011951766352113135,0.9987923582190793,2.8068374850660265e-11,5.6733781633442026e-05,0.010119425114208956,6.538407578163941e-11,0.0,0.9898203767719268,3.4642668456664755e-06
214,6.147240162144261e-12,0.9999999999938538,2.2418857718396713e-19,0.5069404547855527,0.4930595452144535,7.630786838963093e-06,0.9984178891608095,0.0015744800523536404,3.5858000391916594e-19,0.0,0.00988004003325672,6.51521220791823e-06,0.9901134447545374,2.2495556328455783e-19,2.95275204444145e-06,2.5828354689547985e-07,3.469304197300108e-19,0.0,0.995479966598377,0.004516822366028464
215,0.9704319229608795,0.029568077039121444,8.570354377876192e-05,2.4093577279030646e-07,0.9999140555204509,0.0863740931460037,0.9088166319183966,1.4866432735732147e-09,0.00480927344895373,1.036671654613751e-267,1.0365375577523912e-08,0.07409654574668328,0.9232233809676587,0.002680062920282332,0.035047509010700174,0.0007110132476660927,0.00396208398415678,0.0,0.960279392939188,8.182881113100661e-10
216,0.9999882520142622,1.1747985735622215e-05,0.011044346509195557,1.8461372713411763e-10,0.9889556533061886,0.0008054560926117709,0.873841701168756,1.8525054586682221e-13,0.12535284273844666,8.093877666615564e-303,2.074383084462279e-12,0.0007618276871332123,0.922734086008123,0.07650408630266954,0.00019682251171477692,1.8899693043827388e-05,0.057995642361702335,0.0,0.9417886354334523,8.472838356945789e-14
217,1.0806410770146957e-06,0.999998919358917,8.819194674465354e-10,0.87990673040844,0.12009326870964243,0.9999999968137558,3.211507615601572e-13,3.185916310663428e-09,8.636865998378516e-15,0.0,1.4387125754319772e-08,0.9999999856126678,1.998171407280408e-13,4.25716568200851e-15,0.9999999960562533,3.3533995255927538e-09,8.877415429021843e-16,0.0,2.0894575461423616e-22,5.903441450340912e-10
218,0.9990104320973392,0.0009895679026591191,0.000136414711468096,8.451691549389905e-09,0.9998635768368408,0.1745155944505524,0.8098381953073966,2.1820925168594446e-10,0.015646210023842862,2.206993288469995e-296,1.4418894452399698e-09,0.2067811395636059,0.7856338414438364,0.0075850175506676975,0.009948213719565262,0.047554029780467154,0.022343496169325305,0.0,0.9201542602344924,9.615071781356504e-11
219,8.335126409321098e-10,0.9999999991664907,4.0705254405706626e-14,9.217689157761849e-05,0.9999078231083826,0.9999999917905527,3.925141013778381e-13,8.209045852073846e-09,1.009460920971862e-14,1.61438964e-316,6.73125020578924e-08,0.9999999326871909,3.01263379644775e-13,5.7023057105209726e-15,0.9999999883407682,1.5223738520797452e-10,1.6037793297357975e-14,0.0,1.4386487478256567e-13,1.1506831704331395e-08
220,2.1843519523837509e-07,0.9999997815648055,1.2567685415559244e-20,0.008497598314041989,0.991502401685955,0.03504991149620983,0.9648266692940446,0.00012341920542671963,4.319636621702315e-12,0.0,0.0008401431507674147,0.03401570828854876,0.9651441485581749,2.5084196310082394e-12,0.005306799616254138,0.00018243669431700825,1.5347511675423702e-19,0.0,0.9943155366811766,0.00019522700825138213
221,0.9999995555401846,4.444598182686094e-07,0.2598700208701535,1.9997064705154393e-11,0.7401299791098515,0.0003379134406917077,0.10680185760152727,1.2193315950543512e-14,0.8928602289577666,2.2200855666712996e-247,1.7539662067900254e-13,0.0005726975378832063,0.1660056665629166,0.8334216358990264,2.5453435787488484e-05,0.00038576413015931147,0.8402471238966781,0.0,0.15934165853737275,5.3259930801937314e-15
222,0.9999999992826432,7.173541238452792e-10,0.9999390685979828,2.420955407843259e-15,6.0931402011863065e-05,0.000595211416926485,2.8660815465730797e-10,2.748481974450985e-19,0.9994047882964626,9.196001565224924e-241,3.749452528866898e-18,0.0013990860031385288,4.294211750677596e-10,0.9986009135674427,6.9427452936007025e-06,0.00046429507420947476,0.9995287621804956,0.0,9.899566486516538e-19,7.389282613952817e-20
223,9.016892050874806e-49,1.0,1.987629055314904e-67,1.0,4.481881550865222e-19,3.6414343199163625e-14,3.0090100773860484e-31,0.9999999999999574,9.629103924134588e-67,0.0,1.0,4.102237739923641e-15,1.3987761491690505e-39,2.0633028333105232e-67,6.463541707737015e-16,3.361305159461193e-27,1.90073825206726e-68,0.0,5.764490552406354e-42,1.0
226,1.7205360819690488e-18,1.0,3.7638165116018836e-36,0.9999999969304696,3.069532663811938e-09,0.0610176598147428,9.439662862536871e-22,0.9389823401852592,1.0932585003025107e-33,0.0,0.9908435070608029,0.009156492939202017,1.2670801982479886e-22,1.2423398723751418e-34,0.002131806910945704,4.1901518103477825e-08,8.395551013793548e-35,0.0,1.6666094451433767e-31,0.9978681511875395
227,2.297061949043009e-26,1.0,5.064647168027375e-49,0.9999999999962199,3.781848074839717e-12,6.494459696207945e-11,1.6450606444904692e-13,0.9999999999348859,2.1417692281877646e-40,0.0,0.9999999999947136,5.254558473778962e-12,2.524585162808524e-14,3.421918272353664e-41,2.548780352744244e-13,1.5567424993508738e-12,9.298242845625848e-49,0.0,6.347041813184562e-15,0.999999999998181
228,0.9999999999999964,2.683198961310257e-15,0.999999972302707,9.611635146591587e-24,2.7697292753087534e-08,2.2973145834313736e-11,2.2569126148185023e-10,1.1703057669180145e-28,0.9999999997513349,5.405804479511822e-177,2.262789644064911e-27,6.268108793557409e-11,4.639853428294253e-10,0.9999999994733351,1.6284958151542053e-12,3.3755389992361853e-12,0.9999999995407407,0.0,4.542543985996165e-10,1.519483981697456e-29
230,0.00019695664891585855,0.9998030433510812,8.085123737681927e-09,0.0006390416860272993,0.999360950228849,0.9955956219408835,0.004404166528909106,1.977044491814846e-07,1.3825755099814416e-08,0.0,2.462897439270001e-06,0.9961307146239526,0.0038668131242883966,9.35432045095098e-09,0.9995895951038261,1.4116402413603332e-07,1.030580033399007e-09,0.0,0.00041023158338469884,3.1118186323721514e-08
231,0.9999999999999964,3.2298866869302408e-15,0.9999999882609814,6.914532048926488e-24,1.1739017391226521e-08,3.87539495203655e-10,1.0221116669915455e-11,9.548336187678916e-29,0.9999999996022382,5.991923055894151e-188,1.823780108061999e-27,1.198403745614782e-09,2.0421074729517723e-11,0.9999999987811741,4.192748997107546e-11,4.665099602954539e-12,0.9999999999384173,0.0,1.4990474807660356e-11,1.2127127459934215e-29
232,4.323127582377023e-06,0.9999956768724172,2.728871385211808e-21,3.2859468887857e-05,0.9999671405311115,1.2562980834671431e-07,0.9999998370943279,3.727586103897477e-08,1.2806509411356812e-21,0.0,2.1024198308808976e-07,9.28552469878062e-08,0.9999996969027725,7.597654945321818e-22,6.008111448540084e-08,5.568612158207179e-08,9.686708938244128e-22,0.0,0.9999998598369002,2.439586128587791e-08
233,0.9999999604867974,3.95131994089939e-08,0.9899422888957083,1.60786505658715e-12,0.010057711102681636,0.00214190412756794,3.2828421923442513e-07,1.6166294527568698e-16,0.9978577675882119,1.899624398764487e-276,2.601458537796777e-15,0.004339755361766823,5.583142471458159e-07,0.995659686323984,2.3500824270667636e-05,0.007618965408876984,0.9923575337668433,0.0,5.769083763592317e-15,5.862132783922233e-17
234,0.999999999414257,5.857405973045453e-10,0.9946713602734839,4.283502870507802e-15,0.005328639726510014,6.1839788068528664e-06,1.536402374100648e-05,1.5938375656364317e-19,0.9999784519974556,5.852979276261325e-258,3.110258300163613e-18,1.3381214908978078e-05,3.059820998228748e-05,0.9999560205751088,4.5031994366132024e-08,2.1459874189871288e-05,0.9999602515941536,0.0,1.8243499661239495e-05,6.35602078272638e-20
235,0.9999999995547597,4.452403997396444e-10,0.9996339773070809,6.436062217659802e-16,0.00036602269292089517,1.3138891755419128e-05,5.780783072470812e-07,1.7572173727683593e-20,0.9999862830299362,1.2488510757729013e-266,2.2419333904097187e-19,3.5332893219118996e-05,1.1248141452189084e-06,0.9999635422926325,1.916684136394513e-05,3.9465288786825493e-10,0.9999796493271348,0.0,1.1834368517495203e-06,4.6496619113198775e-21
236,1.0652292742530227e-11,0.999999999989349,5.4505486940291494e-18,0.9995612669314284,0.00043873306857449923,0.9969267977343446,7.906645992244967e-09,0.0030731943590108046,1.305139626402218e-17,0.0,0.02194249224926866,0.9780575006244685,7.126263001903353e-09,8.647141881467321e-18,0.9984306310371461,4.0463108220917525e-06,2.987245347794988e-18,0.0,1.790170293240095e-10,0.001565322473013351
237,2.6893906047785807e-06,0.9999973106093945,1.3323326330551726e-12,0.0009573805251089537,0.9990426194735604,0.03546070882751713,0.9645357878260078,3.5033245665669958e-06,2.1907317024744304e-11,0.0,3.661617882282483e-05,0.03808059009031066,0.9618827937154278,1.5440087434463132e-11,0.29695522140856223,3.0390217641024476e-07,1.3405828161709537e-11,0.0,0.703037703734164,6.770941689368325e-06
238,0.9999949192838321,5.080716169206548e-06,0.18061010568978378,4.256863692094889e-09,0.819389890053352,0.9999999746240252,3.342334370298028e-13,1.7177576002216886e-12,2.5373921061232955e-08,2.0112244403646422e-282,1.3377574439833435e-11,0.9999999893357199,3.2862826590199796e-13,1.0650575928219653e-08,1.4153498979095835e-11,0.999999999564956,4.2087537798516757e-10,0.0,4.752199474906047e-23,1.851655475850252e-14
239,0.9999999999999964,3.1237434172015995e-15,0.9999999899137286,7.197438727217269e-24,1.0086272449383936e-08,8.155027963123595e-11,3.281518647747769e-11,8.161194816060964e-29,0.9999999998856346,7.188223898519835e-178,1.7202675579535605e-27,2.1855531584498636e-10,6.458770533728369e-11,0.9999999997168558,1.3136720501787608e-11,9.708549465072445e-13,0.9999999999347686,0.0,5.112359980591802e-11,1.3587143985989286e-29
240,0.9991279528231728,0.0008720471768247641,0.00027412598618762967,3.1274754041409325e-09,0.9997258708863406,0.017091968749841736,0.9752374404283831,1.9103848727029796e-11,0.007670590802673679,3.217925443836741e-302,1.6127922034258952e-10,0.01940594371928523,0.9758613263969775,0.00473272972245767,0.0036410888462824922,0.0020263371405421656,0.005381419895828977,0.0,0.9889511541078284,9.51930192067119e-12
241,0.9999999999999041,9.579623629242604e-14,0.9999995197640333,2.230556719658286e-21,4.802359666145297e-07,4.358823565320387e-09,7.795972681985103e-10,6.874924537310875e-26,0.9999999948615788,2.1070854630915805e-225,1.1179014931946803e-24,1.2663750189374258e-08,1.4822756013872872e-09,0.9999999858539752,1.3419244194724377e-10,3.462966722234287e-09,0.9999999954548748,0.0,9.479675597544517e-10,9.979429721894448e-27
242,0.9999999999960423,3.961206789733588e-12,0.9999990411986039,3.2943605942354303e-19,9.588013956392413e-07,3.064855882076374e-07,3.8366347762005873e-10,9.80502021563116e-24,0.9999996931307473,1.0109983346979587e-232,1.7978484786197036e-22,7.557191615099442e-07,7.008259723571737e-10,0.9999992435800121,3.149124935709235e-08,2.08493213230011e-09,0.9999999660580846,0.0,3.657350920827406e-10,1.7011344435116522e-24
243,5.3849617109944906e-17,1.0,1.3553389042489216e-25,0.9999998206738657,1.7932613568934322e-07,0.003686530974521388,3.8459805565030654e-09,0.9963134651795005,8.167785982648524e-24,0.0,0.9994612046563619,0.0005387949407015739,4.0293866130859894e-10,1.1313885937911564e-24,0.013182367155410343,1.5279144434636974e-08,2.2984735967010406e-24,0.0,1.6760135264949725e-10,0.9868176173978448
244,0.9847954173996714,0.015204582600331442,3.515056621327002e-12,4.966660669349919e-08,0.9999999503298808,0.9959383878831914,0.004061612050520221,4.8139228554524933e-11,1.8145841605191428e-11,5.601078024673526e-299,2.3619420314187633e-10,0.9964457428233211,0.003554256932245207,8.239591293519392e-12,0.9989357199241728,1.2466199407881374e-06,4.448453249311057e-12,0.0,0.0010630334454354196,6.004302620643685e-12
245,0.971763508904714,0.028236491095283436,1.883133709509907e-05,6.575610605268342e-08,0.9999811029068013,0.36689347917630255,0.6318153817797261,7.295333215273457e-10,0.0012911383144355386,0.0,5.545809665899444e-09,0.45741713455438465,0.5418399791421696,0.0007428807576395442,0.4691150839107278,0.00014839555564536618,0.000997337797969215,0.0,0.529739182038554,6.971048716568863e-10
246,0.9999999999818812,1.8122119847699125e-11,0.9999788691026987,3.914744329173359e-18,2.11308973025903e-05,7.15204461055552e-07,3.726364449252805e-08,1.3713925630917345e-22,0.9999992475318951,1.9490734374498632e-221,2.0019733572123436e-21,1.9558881009970884e-06,7.412625909816373e-08,0.9999979699856424,3.2645864099339126e-07,4.0827973996974415e-10,0.9999996120541652,0.0,6.10789135195856e-08,2.8508533965007615e-23
247,0.04189831914439181,0.958101680855607,3.542965434607272e-07,1.4684968188453994e-05,0.9999849607352695,0.7243989504269045,0.27558456063068026,1.9640325968386486e-07,1.6292539157544557e-05,1.8067511034507625e-297,1.3262121143240132e-06,0.7587910762860106,0.24119793828336858,9.659218503828785e-06,0.8802767956864163,0.00017665089469810758,6.5862236342542426e-06,0.0,0.11953988109521313,8.610003722237374e-08
248,1.0,1.4851202295731477e-16,0.9999999991035526,6.942887834917901e-26,8.964483396312609e-10,1.1869159497356671e-11,1.071516433519778e-12,7.958288721139825e-31,0.9999999999870592,4.992171067660574e-170,1.605669464087394e-29,3.78707326197803e-11,2.1595498605954856e-12,0.9999999999599698,7.672185858894014e-13,4.61473841864022e-13,0.9999999999971898,0.0,1.5812105059777483e-12,9.427658823274104e-32
249,2.7449026600425605e-06,0.9999972550973424,3.8309201456447855e-10,0.0609385714837974,0.9390614281331054,0.9999992748055533,3.409954937724514e-07,3.84193552896955e-07,5.398692706939125e-12,0.0,2.5517687938470423e-06,0.9999971906446304,2.5758373242994354e-07,2.8467309949513606e-12,0.9999997916633493,1.3915497324791205e-07,6.842813419706052e-13,0.0,2.1014049420230166e-08,4.816694021196164e-08
250,0.9999999999763993,2.360251911986404e-11,0.9999248466858541,9.175335042943875e-18,7.515331414463627e-05,6.34424263179224e-07,3.7223066200050225e-07,1.8869731679246095e-22,0.9999989933450757,1.4156759828466143e-231,3.2880313025817535e-21,1.665841054499353e-06,7.793499011112031e-07,0.9999975548090435,4.737827580032468e-07,4.565756071850301e-10,0.9999987271528852,0.0,7.986077821413181e-07,4.6803411565965837e-23
251,0.9999689411538153,3.105884618670885e-05,0.08137973303583666,1.296182442803914e-09,0.9186202656679839,0.12957217042841887,0.06701945204232075,1.2998167445739346e-12,0.803408377527964,1.9119144479364042e-252,1.454430712647979e-11,0.24512760726351054,0.08801102530073086,0.6668613674212164,0.3577150965040097,3.651444420916154e-06,0.5803156508085561,0.0,0.06196560124246073,5.505487702435136e-13
252,1.2819340069775656e-34,1.0,2.158794870225037e-56,0.9999999999999574,4.182596948854307e-14,2.337285905679635e-12,1.5757987955570456e-24,0.9999999999976694,1.4405937803979662e-55,0.0,0.9999999999996874,3.1309329820111387e-13,3.1274596348176568e-25,3.3231622557006055e-56,1.6749618536424583e-12,2.0035963329473696e-23,1.9865875362641355e-56,0.0,2.471231348370162e-34,0.9999999999983231
253,0.9999997839259172,2.160740804501299e-07,0.043896640935075844,2.4499917350806566e-12,0.9561033590624766,1.9348429764807227e-07,0.9861804533804371,1.3250663438006436e-16,0.013819353135264851,2.4878766941014416e-273,1.022564063596054e-15,2.1936379725264066e-07,0.9922578205753201,0.007741960060882041,1.6792250869750294e-08,1.4856786383463965e-08,0.005120449226028066,0.0,0.9948795191249338,3.600867425746703e-17
254,9.188024758521108e-06,0.9999908119752415,2.941199866841206e-11,0.002193477019094617,0.9978065229514901,0.010160415745539624,0.9895046081491136,0.0003349745386639391,1.566681635005267e-09,0.0,0.003552771644821778,0.008263080924884066,0.9881841462381047,1.192187134054303e-09,1.8498570454278153e-05,0.999815268419137,5.531419333039653e-10,0.0,1.4661066046663357e-09,0.00016623099115794645
255,9.901551266177757e-06,0.9999900984487272,6.395217707056214e-09,0.36201136139514106,0.6379886322096382,0.9999999757077237,2.7707183261561147e-10,2.4013191873826736e-08,2.0141342103367834e-12,0.0,1.9769498282886243e-07,0.9999998020419962,2.6176767894165396e-10,1.2554515010443342e-12,0.9999999143381652,8.320600755467864e-08,2.4247620532824547e-13,0.0,1.2310326285229889e-11,2.4432773187957867e-09
256,0.9999998098223525,1.901776459197744e-07,0.9793371476350515,7.0423388888708045e-12,0.02066285235790437,0.004713612536938977,4.642320894279678e-06,6.434284978748144e-16,0.9952817451421673,1.4690066617533512e-265,1.3043326709123018e-14,0.008023542533358215,7.326905931848842e-06,0.9919691305606954,4.5227577905744376e-05,0.003310949123570945,0.9966430457385236,0.0,7.775599961119653e-07,1.9483621991594455e-16
257,3.171180550936705e-20,1.0,4.046896746465494e-31,0.9999999871950038,1.2804994327596311e-08,2.102510663032338e-05,3.1328694129498677e-09,0.9999789717605023,3.2984897663836476e-29,0.0,0.9999970320218372,2.9674879686277327e-06,4.901952754635458e-10,4.1233704232622174e-30,0.0011616221253090504,4.211022092782633e-14,5.653446708434636e-30,0.0,3.2266278489006925e-10,0.9988383775519855
258,1.0,9.930844584809599e-17,0.9999999996250803,3.408484067827619e-26,3.749202929921397e-10,5.008240097464977e-12,6.732737868165864e-13,3.467269428099296e-31,0.9999999999943192,1.0317559213142483e-169,6.911924405998687e-30,1.515152094122543e-11,1.3377225474906799e-12,0.9999999999835119,5.366349857643554e-13,7.191155286404182e-14,0.9999999999984084,0.0,9.840791068793759e-13,3.3665964128874873e-32
259,0.999999958698198,4.130180226269004e-08,0.977868724133086,1.3606195880032997e-12,0.022131275865556643,0.0014871325627585372,4.105390721951344e-05,1.5727787261865735e-16,0.9984718135300192,2.7280302573865644e-246,1.8330639914294506e-15,0.003629959012253045,7.590998916079217e-05,0.9962941309985877,0.00016553927712989217,7.313304294443935e-05,0.9997105161348399,0.0,5.081154508902442e-05,3.0364467124728056e-17
260,0.9999999999864606,1.3540466653948862e-11,0.9999248297225342,3.517479128243239e-18,7.517027746551867e-05,7.7950703949292e-08,1.1119129534363642e-06,5.278580225246429e-23,0.9999988101363444,9.581611570967138e-223,1.1704772070724066e-21,1.8197714854522687e-07,2.2068595163609767e-06,0.9999976111633342,3.8504706047429635e-08,1.2346077367352117e-10,0.9999975943048032,0.0,2.3670670286338356e-06,1.3168728475180126e-23
261,0.9999998214069254,1.7859307606152003e-07,0.9194465491485023,4.334333125418388e-12,0.08055345084716012,0.0019854707888876818,0.00038216322970436537,4.49126519855254e-16,0.9976323659814098,7.213646662334927e-243,4.910943145846583e-15,0.0044438722644252575,0.0007501893575786739,0.9948059383779928,0.0071211965942945266,1.3371036012373457e-13,0.9924198788651475,0.0,0.00045892454042313554,1.0339903503709637e-16
262,0.9999999997509192,2.4907800927115866e-10,0.99975339746048,3.217988404117078e-16,0.00024660253951923144,3.0172750738578402e-06,7.712597857985063e-07,1.9201881312074324e-20,0.9999962114651417,6.341571949047693e-250,3.503715246066673e-19,7.262559361912866e-06,1.32883818193396e-06,0.9999914086024553,3.8691121564110037e-07,2.491482522911e-07,0.9999986504446003,0.0,7.134959307095609e-07,6.714239138318706e-21
263,9.331984670365721e-15,0.9999999999999858,5.571746898902089e-31,0.9999949430260923,5.056973909205032e-06,0.879889459929753,8.81622764274132e-21,0.12011054007025032,9.007948676930618e-30,0.0,0.6369737926096594,0.36302620739033387,6.133117055124708e-21,4.228428589908973e-30,4.034808493230275e-16,0.9986870106032063,4.160365138838512e-32,0.0,1.0196489244237036e-31,0.0013129893967916556
264,0.9999999999999893,1.1067718490233182e-14,0.999999968678051,6.664218910491711e-23,3.132195066717352e-08,1.1346901415768496e-09,3.67430073112194e-11,7.106683285709152e-28,0.9999999988285673,3.409122537229715e-167,1.5206048141286577e-26,3.027128613081904e-09,6.852526484406429e-11,0.9999999969043465,2.712068221268583e-10,5.195830767687667e-12,0.9999999996557705,0.0,6.782554798749923e-11,1.3061326551329012e-28
265,3.97875934981912e-17,1.0,2.3229136620481358e-26,0.9999974468297717,2.5531702308511213e-06,0.0017278412191101243,9.790538037671623e-07,0.9982711797270917,1.940756308009727e-24,0.0,0.9997187422054461,0.0002811427522926476,1.1504225946019297e-07,2.6303592240182156e-25,0.017067817627710275,2.710160777165162e-10,3.9855133312143943e-25,0.0,4.391104626904907e-08,0.9829321381902325
266,0.9999999981460661,1.8539335013361979e-09,0.9987842372363238,1.2964156888232542e-14,0.0012157627636642672,5.7942088076479034e-05,1.8204352466651747e-07,9.764855944077606e-19,0.9999418758684017,2.843000764937454e-239,1.9451891810867225e-17,0.00010708945117136798,3.0622397688445626e-07,0.999892604324851,3.51464403240366e-07,0.0009416809951155982,0.9990579675404766,0.0,8.26683216305659e-16,2.377562720960272e-19
267,0.9999852826710836,1.4717328916644092e-05,0.5094306600281145,4.138932730271354e-09,0.4905693358329503,0.257573342374797,0.0002967710973357102,8.449156426257786e-13,0.7421298865270202,7.086400464846758e-274,1.0034044984759844e-11,0.4108253326556683,0.0003599035316567623,0.5888147638026423,0.09356070936282282,0.0033183656174649453,0.9028269220525926,0.0,0.0002940029667724231,3.4862583300590665e-13
268,1.811175191375509e-12,0.9999999999981952,1.2232400383149438e-18,0.9997964806876687,0.00020351931233793965,0.9989956035083718,2.9710406453170596e-09,0.001004393520590499,5.471160261570537e-19,0.0,0.007006366285247733,0.9929936307541632,2.9605876621889262e-09,4.2384401705551275e-19,0.9999832644621518,7.172323989090798e-11,5.2401731459151106e-21,0.0,1.5695071114768725e-11,1.6735450433301824e-05
269,0.9986201695060333,0.0013798304939652336,0.09702060949032547,9.891921245571965e-07,0.9029784013175471,0.9983970382962324,3.7859755263670577e-06,1.1310158794943832e-11,0.0015991757169287644,1.2231622206331105e-242,7.104937674112546e-11,0.9991783923962818,1.7924443543743358e-06,0.0008198150883132182,0.9982568806823345,0.000294764127602745,0.0014473884678654352,0.0,9.667181677517542e-07,4.031670138918135e-12
270,0.9999999999973497,2.6521804040119237e-12,0.9999805627734308,3.2697623811971804e-19,1.9437226571305476e-05,1.4929546942449617e-08,4.432641968767631e-07,8.60201400400476e-24,0.9999995418062558,2.6921772699775696e-232,1.4835256066215678e-22,3.984230579283754e-08,8.339710600719893e-07,0.9999991261866351,5.696259365769332e-09,2.399763736936133e-11,0.99999908377113,0.0,9.105086145056192e-07,1.762854532098312e-24
271,0.9999999999999964,2.260438903372247e-15,0.9999999908248185,5.450982709210703e-24,9.17518147636853e-09,4.317674025655776e-10,4.943571760510745e-12,7.197163620715562e-29,0.9999999995632898,2.3291019426165402e-188,1.5569526129510156e-27,1.3056255940010989e-09,8.868275187256562e-12,0.9999999986855066,1.8320300879919852e-11,3.815455135657315e-11,0.9999999999378026,0.0,5.72328334807558e-12,9.752359878144886e-30
272,3.3362157632811847e-25,1.0,3.907166803763235e-46,0.9999999999993037,7.008472067023935e-13,3.196041688712469e-07,1.2193095260698183e-16,0.9999996803958253,7.453650182972817e-45,0.0,0.9999999774700259,2.2529980823260522e-08,9.506343597518162e-18,9.568982331839042e-46,7.116077540643236e-07,4.929968690659612e-13,1.4812872636316307e-45,0.0,7.436292500716493e-19,0.999999288391746
273,0.031245174758238813,0.9687548252417614,1.1047451845088205e-09,6.017281914033537e-07,0.9999993971670632,3.8775989863132556e-05,0.9999612198097659,9.332866485555428e-10,3.2670846957819257e-09,0.0,9.346809083635768e-09,3.824893296033448e-05,0.9999617396404848,2.079747831857431e-09,2.3048053050451583e-06,0.00012185270143966255,2.3342449901512935e-09,0.0,0.9998758393781949,7.808138292154182e-10
274,9.553266575829632e-11,0.9999999999044604,6.16597265436956e-17,0.9222188084676247,0.07778119153238118,0.9932821236880421,9.508333173018455e-06,0.006708367978786433,1.991612504775436e-16,0.0,0.09701765638380636,0.9029717885904173,1.0555025769455264e-05,2.269069133632028e-16,2.9284380549852345e-13,0.9986916642492711,1.9513466340230462e-17,0.0,1.3825503878237563e-15,0.0013083357504347685
275,0.9999999998933902,1.0660990026757023e-10,0.9999534784668107,3.727762114838184e-17,4.6521533186228795e-05,4.462679858543367e-06,1.1236752099026938e-07,1.1927397948771385e-21,0.9999954249526218,1.658137311428505e-220,1.7178381562647235e-20,1.2144811068207997e-05,2.0547148417964283e-07,0.9999876497174497,8.830046314697015e-06,1.0415621287801199e-10,0.9999909801838671,0.0,1.8966566244290762e-07,2.548998549767116e-22
276,0.9999999997958255,2.0417747447141412e-10,0.9996756148613765,6.479130759440234e-16,0.0003243851386216447,3.1460413888912354e-05,3.0182964437499626e-08,9.201071411959404e-21,0.9999685094031475,4.506685342423802e-238,1.7523226634346577e-19,6.55195810906889e-05,5.392807119326167e-08,0.999934426490837,1.0603014222451957e-07,6.566106047455392e-06,0.9999933112006496,0.0,1.666316036481396e-08,2.585336176561847e-21
277,0.9999999999926352,7.36360283057396e-12,0.999990980456674,1.3208253210212483e-18,9.019543324707246e-06,1.045721405210817e-07,1.5547097862623063e-08,6.133974378731156e-23,0.9999998798807611,1.746477598781745e-204,9.778838239896913e-22,2.514711911089096e-07,2.903823001535959e-08,0.9999997194905783,7.2872835407904444e-09,2.2289979750337307e-08,0.9999999502945561,0.0,2.0128181443129023e-08,1.4697047206937655e-23
278,1.0,5.296295718870361e-17,0.9999999995037037,1.647174944044684e-26,4.962965196549916e-10,3.5207333806144367e-12,8.446429540197987e-13,1.7534807211802627e-31,0.9999999999956355,6.650423430726791e-161,3.7324620852704665e-30,1.1051940971079544e-11,1.718411874819227e-12,0.9999999999872298,2.01301236964708e-13,2.2659441275468648e-13,0.999999999998197,0.0,1.3745179433641729e-12,2.1264007977690654e-32
279,2.6129177180252133e-10,0.999999999738705,8.816454720942446e-17,0.21223866326145863,0.7877613367385407,2.4366462287660838e-06,0.9989975741464513,0.000999989207320182,4.7973811301746814e-17,0.0,0.0067646470777481295,1.8621167859439597e-06,0.9932334908054664,3.237931998200526e-17,4.4921923669258875e-07,1.916459156305376e-06,4.284571077320156e-17,0.0,0.9981271561249422,0.0018704781966642466
280,0.9999999999999787,2.217578258079604e-14,0.9999998540104365,2.0364009686182707e-22,1.4598956272942914e-07,2.4233123690145005e-10,1.4009315257964098e-09,3.3689349777722174e-27,0.9999999983567385,3.323852416236541e-195,6.47825358994605e-26,6.491732344834935e-10,2.7121148754708928e-09,0.9999999966387136,6.938643114061539e-11,1.1727147791374028e-12,0.9999999975710345,0.0,2.3584051357374864e-09,4.778227122408517e-28
281,1.9320428137044986e-10,0.9999999998067892,7.138409207790566e-23,0.9294562318238836,0.0705437681761219,0.9995052413805576,4.657294700843352e-07,0.0004942928899722102,5.281660523385248e-23,0.0,0.0035849876970104042,0.9964145997140387,4.1258895385320557e-07,3.391117747158079e-23,0.28757836705514694,0.69904804228104,4.647657869692388e-22,0.0,5.998021220878147e-07,0.01337299086169228
282,0.9999943994875634,5.600512438876612e-06,0.010325776873100165,4.6975716671590755e-11,0.9896742230799245,0.0003659761624526672,0.9192526610428258,4.492535654466643e-14,0.08038136279467555,1.0392673956388486e-274,4.662822574113223e-13,0.00038077481572832675,0.9525749226401806,0.04704430254362613,4.886379761608307e-05,7.134379831655198e-05,0.052166122605084284,0.0,0.9477136697989692,1.0520075920266068e-14
283,0.9999981129812566,1.8870187455878606e-06,0.010668201337544213,1.2024144290772012e-11,0.9893317986504344,3.5074513455816316e-06,0.9847026952375024,4.146634338926129e-15,0.015293797311145925,7.704131857730284e-255,3.1055726971305275e-14,3.5099978050753595e-06,0.9918282858596557,0.008168204142511416,1.1708423504701374e-07,1.645492391243688e-05,0.006826634438169048,0.0,0.9931567935536795,6.243679063874423e-16
285,0.9999999999999183,8.25831541604569e-14,0.999999787568972,1.2780755882561356e-21,2.1243102818481624e-07,2.3053214950805693e-09,6.128246583040875e-10,1.904071766318928e-26,0.9999999970818543,3.0938997533760777e-205,3.7428993308046547e-25,5.877773513750678e-09,1.16693534846079e-09,0.9999999929552921,4.3497702444479923e-10,1.868983559008378e-11,0.9999999986530455,0.0,8.932871799462451e-10,2.619280635298274e-27
286,0.9999999354434855,6.455651280412693e-08,0.9765153656989052,2.263097302686717e-12,0.023484634298829722,0.0027913491857656917,1.2056331651000856e-05,1.1909917774617763e-16,0.9971965944825804,7.772210430332877e-249,2.55700283941931e-15,0.005962247266529746,2.088458338993464e-05,0.9940168681500793,0.000416189453654429,4.4003555035150746e-05,0.9995301559525205,0.0,9.65103879309005e-06,4.032375183129463e-17
287,0.9999999999960529,3.947468043325314e-12,0.9999757058093042,3.585910700304658e-19,2.429419069560184e-05,1.1915201485533055e-08,4.5936622648175437e-07,1.8138879445804718e-23,0.9999995287185728,2.5999468873633915e-213,2.853072770833447e-22,3.034247197627035e-08,8.999044533269445e-07,0.9999990697530762,7.07489931492965e-10,4.104232646797869e-09,0.9999990537117754,0.0,9.41476502856131e-07,5.620444433732016e-24
290,6.792656741472049e-15,1.0,1.0994702409476472e-22,0.9998131591358423,0.00018684086415318664,0.00545473267439461,0.002638897883454894,0.9919063694421459,3.585652705060884e-20,0.0,0.9991099755106094,0.0006134985707545716,0.000276525918640206,3.386344386621683e-21,0.5836974454831557,4.654993039952628e-12,4.890993896244717e-21,0.0,0.0002143869433402153,0.41608816756885186
291,1.0,2.3988227343637296e-16,0.9999999992329514,1.567446003334898e-25,7.670502001539527e-10,1.7121972061335942e-11,4.678448087937502e-13,1.4752724515417418e-30,0.9999999999824105,9.517266069162958e-169,2.9686087618456066e-29,4.8835052563483585e-11,9.460185870210572e-13,0.9999999999502194,8.222209311258217e-13,1.1720741702504786e-12,0.9999999999977547,0.0,2.497711686230382e-13,1.8064302968652505e-31
292,0.9999999993425774,6.574193135757036e-10,0.9998528085395322,7.698372029578584e-16,0.00014719146046839835,2.2727326027892445e-05,2.765854540966912e-07,2.80369314938493e-20,0.9999769960885153,4.4071513498341436e-240,4.778493908255414e-19,5.550984597506239e-05,4.4505493574229445e-07,0.9999440450990867,7.817133515111668e-06,3.346546229058559e-08,0.9999918887092022,0.0,2.606918189604344e-07,8.349224557958033e-21
293,0.9498755282235314,0.05012447177647045,6.381377512899771e-06,6.096049446716133e-08,0.9999935576619917,0.007220453819222955,0.9926366861909173,1.5627185059417631e-09,0.00014285842713956286,1.6591643229525587e-277,1.6084300205462003e-08,0.012925180275163753,0.9869299391725488,0.00014486446799027506,0.0027668133889871037,0.006440479953635158,0.0006140417334544039,0.0,0.9901786605875502,4.336371754758661e-09
294,0.9999957078870761,4.292112926090861e-06,0.26934743891588137,8.581169097008962e-10,0.7306525602259993,0.6649335932292486,0.0004470408339569331,7.15088196375517e-14,0.3346193659367263,8.427791799049819e-243,6.028565454502613e-13,0.8299907617472743,0.0004542484688808521,0.1695549897832429,0.6999582857267873,1.2055967098684667e-05,0.2995565830115175,0.0,0.0004730752945764185,2.224605533208936e-14
295,0.999999945702244,5.4297759231761436e-08,0.6284038520206425,2.7357702684895255e-12,0.37159614797662444,2.7925828980873704e-05,0.022723904419455043,2.966885731290886e-16,0.977248169751566,1.0167004418782863e-263,4.790976141744853e-15,5.660326004431972e-05,0.04021634672145212,0.9597270500184957,5.861825247863389e-06,1.709894621373792e-05,0.9636254267982864,0.0,0.03635161243024932,1.2910293647379543e-16
296,0.9999999999962697,3.731455124943733e-12,0.9999825500861483,5.820369858268485e-19,1.7449913852939212e-05,1.5257390604812528e-08,3.8683743620925743e-07,3.043792101078832e-23,0.9999995979051723,1.373476555101469e-221,4.709125872240444e-22,3.509169656808019e-08,6.978068486987595e-07,0.9999992671014531,2.4815567398022792e-09,2.4775178443083353e-09,0.9999994939604023,0.0,5.010805235497991e-07,5.042958261595484e-24
297,0.13389034467564143,0.8661096553243519,4.0688868851805273e-07,4.039054990550558e-05,0.9999592025614071,0.9999999294895072,1.3655072785375009e-15,1.68430799953602e-09,6.882618403259967e-08,0.0,1.730656596057527e-08,0.9999999403615352,1.5056938143025737e-15,4.233190068294628e-08,3.7025201491416084e-09,0.9999999962756618,2.117509099791275e-11,0.0,1.2154282776135063e-19,6.462221984674825e-13
299,0.9999999999750386,2.495815282934093e-11,0.9999880466159049,4.973564962588774e-18,1.1953384093565485e-05,4.4227004379036274e-07,3.6485784677481393e-08,1.5620373757006815e-22,0.9999995212441712,6.431985899268293e-193,2.8673926966746122e-21,9.99911031030566e-07,6.62612392938648e-08,0.9999989338277294,1.9445192911971326e-07,3.064331568049289e-10,0.9999997504507894,0.0,5.4790847955961826e-08,3.1491720395506764e-23
300,9.751524102055613e-07,0.9999990248475891,5.902370030599867e-10,0.555860494811675,0.4441395045980861,0.9999985508341622,1.4536655148525401e-08,1.4346280870674367e-06,1.0973805108616351e-12,0.0,9.232002627199698e-06,0.9999907546794793,1.3317175393280727e-08,7.166816839254469e-13,0.9999984638033799,9.787461386542378e-07,3.91395356182452e-13,0.0,1.023848444109235e-17,5.574500888895156e-07
301,1.6292719746062636e-09,0.9999999983707255,1.7760308700825655e-29,0.5833035909403651,0.4166964090596322,0.9595838073882363,3.3605748592763375e-12,0.040416192608396406,7.103685345193288e-17,0.0,0.46150920804510115,0.5384907919510514,3.8430633431905174e-12,2.9656036136395623e-18,3.316438400056343e-27,0.9999994849973863,3.580084043294903e-33,0.0,1.8065686284326149e-25,5.150026114252877e-07
303,0.999999978724958,2.1275045336347156e-08,0.9778383172201653,2.4593518971324866e-13,0.022161682779585672,0.00044660266498595166,7.60142757976246e-05,1.0036459951749147e-17,0.9994773830592166,6.8936713053831625e-245,1.479760032639756e-16,0.0009959840133724745,0.0001266620269038866,0.9988773539597201,0.0005925457459652141,4.781176712743775e-08,0.9992990736527555,0.0,0.00010833278950908305,3.739017091118986e-18
304,0.9999999947040266,5.295971134511819e-09,0.9992813410342899,5.346616004729129e-14,0.0007186589656548978,0.002920446589546979,4.3857164874968577e-08,2.5287434171507357e-18,0.9970795095532866,8.316726853859983e-227,3.838305882168342e-17,0.007866436533483482,7.160017181554502e-08,0.9921334918663469,0.0012948273131591734,6.740467442489764e-06,0.9986983941276348,0.0,3.8091761905400136e-08,6.400946896896094e-19
305,0.9600079387712266,0.039992061228770054,0.00012036821700100248,5.768896977413471e-07,0.9998790548933002,0.9675433337142463,0.031828255112086826,8.976916846417062e-10,0.0006284102759766889,6.287357585802589e-251,6.202769541439808e-09,0.9724019589081864,0.027265102265812833,0.00033293262322872436,0.9898329096450437,2.4222452194459577e-05,0.0001454436164209067,0.0,0.00999742402200576,2.6433298951313906e-10
306,0.9999999379286227,6.207137996050358e-08,0.04499538595757714,1.0719808957882725e-12,0.9550046140413503,6.091865779236184e-09,0.9916247731750968,5.2722391698146294e-17,0.00837522073303704,6.810173840827834e-264,3.9765054918530707e-16,6.814545232609938e-09,0.9956232770280804,0.004376716157376239,1.0715249150448015e-10,1.1214101773162829e-07,0.003955958383886542,0.0,0.9960439293679458,1.1970777942469015e-17
307,3.5091221335234186e-10,0.9999999996490914,1.7701436981536467e-22,0.9960559525332542,0.00394404746674641,0.9998683329963264,1.6756358173760251e-09,0.000131665328042944,2.368214353690839e-23,0.0,0.0005444582074859291,0.9994555402957113,1.4968083744247656e-09,1.3219388955484943e-23,0.9999303815444456,5.411275232320713e-06,7.008043525484994e-24,0.0,1.6611497739685177e-10,6.420701420802937e-05
308,0.9999999997524007,2.475993024216119e-10,0.9998165924512423,2.768461009522044e-16,0.0001834075487577976,6.520128560613628e-06,2.035672777862164e-07,2.3428641533808354e-20,0.9999932763041617,6.586942214160755e-222,3.461111375088874e-19,1.654005712709401e-05,3.553824313692673e-07,0.9999831045604416,6.580863029593766e-07,5.346095213209301e-07,0.9999985457478098,0.0,2.6155636514532557e-07,7.229975819713772e-21
309,0.9999999999976019,2.3966278953056305e-12,0.9998944429335874,4.66339644345768e-19,0.00010555706641274017,3.5986333619064487e-09,1.035413005106104e-05,2.2141757515448922e-23,0.9999896422713156,8.24800368078045e-223,4.2147637738987993e-22,8.441777840344006e-09,1.89508468221746e-05,0.9999810407113983,1.474369904139857e-10,4.543491396418354e-09,0.9999839417345415,0.0,1.605357453001105e-05,5.573622223834217e-24
310,0.9758137482371094,0.02418625176289059,0.002974243756271152,1.87522136889492e-06,0.9970238810223621,0.9997960020958332,7.567558768843572e-07,2.8458244721984948e-11,0.00020324111983398182,4.045708298782336e-291,2.2630933800731756e-10,0.9998869129241233,5.654582898892316e-07,0.00011252139128088455,0.13478291847333085,0.8641095786329638,0.0011075028308690246,0.0,1.2825325640820152e-14,6.28206291951345e-11
311,0.9961938844990473,0.003806115500954652,0.0002833921709524567,9.030305467961273e-09,0.9997165987987419,0.15814914489921847,0.8237327337124167,2.1972983868922712e-10,0.018118121168635017,5.78308813157147e-310,2.3759249084167188e-09,0.1763932261046749,0.8122708567983113,0.01133591472108788,0.01710539493467572,0.037282643494839555,0.022534924274879624,0.0,0.9230770371940938,1.0150894700926003e-10
312,3.9464865294121845e-19,1.0,1.5338591202195804e-29,0.9999998529843702,1.4701563057469365e-07,7.792848710408888e-06,6.298064364316244e-08,0.9999921441706531,3.729079232708992e-27,0.0,0.9999990799176969,9.085469489115397e-07,1.1535360133451345e-08,5.30412602229375e-28,1.0580668201952373e-06,1.5957383434741635e-09,6.762981310484813e-28,0.0,1.0375604179370239e-08,0.9999989299618376
313,0.9999999966809625,3.319035908918149e-09,0.9958957029354264,9.05219395961022e-15,0.004104297064564523,2.5382966677841543e-05,4.9332192636134144e-05,1.680275913426466e-19,0.9999252848406845,5.158432623143879e-266,2.995104100464799e-18,4.936349034776616e-05,8.934582017597966e-05,0.9998612906894738,6.356892816091866e-05,1.9675267311715436e-09,0.9998515723197164,0.0,8.485678459475263e-05,5.557627109697227e-20
314,1.4616398579036962e-06,0.9999985383601407,8.28518627101507e-13,0.005778782811074881,0.9942212171880945,0.1609663429212415,0.8366875862396265,0.002346070597720449,2.414087397575975e-10,0.0,0.016570327872764894,0.1384480183913974,0.8449816535679443,1.678873195060862e-10,9.197476972959722e-10,0.9999792070731107,1.4827385176583436e-14,0.0,2.0499282316937312e-05,2.92724811281282e-07
315,2.69066529551982e-09,0.999999997309331,3.198803647369795e-14,0.9284772206973039,0.071522779302669,0.9996562649231501,4.417603537893648e-05,0.0002995590414314755,3.611774512159572e-14,0.0,0.002622119636774157,0.9973374943567774,4.0386006422012264e-05,3.1474260348205993e-14,0.9999021043380988,3.638907867434119e-07,6.232616888101452e-15,0.0,6.0754973982321715e-06,9.145627370924139e-05
316,0.9999999989288781,1.0711247310371618e-09,0.9917898317217335,6.674578491784936e-15,0.008210168278260994,3.274272175311224e-06,8.67238083767262e-05,5.098010425280974e-19,0.9999100019194509,1.1803847334224414e-229,1.041232776128818e-17,6.7829309035123235e-06,0.00015504981943815843,0.9998381672496559,3.5740304776513986e-08,4.1852488462785165e-05,0.9998495726641012,0.0,0.0001085391071281769,1.4930372677946703e-19
318,6.214199498243062e-14,0.9999999999999432,1.9415561075733925e-19,0.006867213409990438,0.9931327865900133,0.999498591231223,4.7128677535888966e-09,0.0005014040559028542,1.2245191643939359e-17,0.0,0.0034173324462890503,0.9965826625821809,4.971533133208661e-09,7.052286491905987e-18,6.179896679619906e-12,0.9999119633335863,1.0244720246773067e-18,0.0,3.743120957677466e-10,8.803628592803346e-05
319,0.8695530194935553,0.13044698050644146,2.4012736112403694e-07,2.3074236369429146e-08,0.9999997367983999,4.4528807850694205e-06,0.9999951852325871,8.827851475387233e-12,3.6187780358006027e-07,5.413737103827e-312,9.057414286663086e-11,4.621224657929328e-06,0.9999951321466474,2.4653811787487945e-07,6.898508775655063e-07,9.167864527238914e-07,2.0436520652741398e-07,0.0,0.999998188990196,7.270533476481855e-12
320,3.2541617913201717e-25,1.0,1.1589956953345111e-37,0.9999999999997016,3.029871962443433e-13,3.69829688096607e-06,7.250726757402275e-16,0.9999963017031239,8.142115934804794e-36,0.0,0.9999994319599544,5.680400395873654e-07,1.0113964227960358e-16,1.4189180968234065e-36,0.0036593251881518367,3.4404704586900324e-19,9.637152165707113e-37,0.0,2.4073957328420413e-17,0.996340674811854
322,0.999999999999929,7.28630978962822e-14,0.9999998098658981,9.324590644763138e-22,1.901341006636029e-07,8.785920274502731e-09,1.424165761669651e-10,8.956244054162162e-27,0.9999999910716646,2.7277722977215583e-196,2.0207598449560944e-25,2.5078211258924958e-08,3.0150766210094595e-10,0.9999999746202807,1.5842822821664219e-09,4.417011999801692e-11,0.9999999981581524,0.0,2.1339430850851166e-10,1.54382173214145e-27
323,0.9825333555215024,0.01746664447849887,1.9345869171250796e-05,2.596389861899138e-07,0.9999803944918455,0.9998302141253287,2.2095565255931774e-05,2.2657002978324554e-10,0.00014769008284192618,3.62688e-317,2.682584376682572e-09,0.9998579866889498,2.8819185262685224e-05,0.00011319144320033043,2.5091592253490555e-09,0.9999999808817892,1.66090370564281e-08,0.0,1.7121043969615152e-17,1.7017450367590187e-14
324,0.9999999999999716,2.7025987372721435e-14,0.9999997979986714,2.4543730443358843e-22,2.0200132887224357e-07,9.395715513203268e-11,5.546666042752691e-09,5.298868173636049e-27,0.9999999943593778,4.1404282068597906e-195,9.763563936509432e-26,2.4763113999130045e-10,1.0303516325485806e-08,0.9999999894488525,1.046510091835749e-11,7.796201383570102e-12,0.9999999921749847,0.0,7.806752771726038e-09,1.1561959512045865e-27
325,0.9998107158969969,0.00018928410300226632,8.385297984027913e-06,5.2452700467742285e-11,0.999991614649566,2.8977718235907226e-09,0.9999989127284237,2.485372805468631e-15,1.0843738004406532e-06,6.310075305485e-312,2.0548903495923558e-14,2.7846887875768112e-09,0.9999993599589759,6.372563158016268e-07,3.3820696232954e-11,1.4137893956402333e-07,4.296412026221655e-07,0.0,0.99999942894604,5.354136142946887e-16
326,0.9999999999996341,3.649215565616695e-13,0.9999899248379875,1.295075547902924e-20,1.0075162013237669e-05,2.107876995860403e-10,2.521424361940241e-06,6.306244685784557e-25,0.9999974783648501,1.1190311073205543e-184,1.2452520356118479e-23,5.088201688155968e-10,4.596976730119137e-06,0.9999954025144495,2.8446959210975706e-11,6.863862010650971e-11,0.9999956630250011,0.0,4.336877913185372e-06,1.4771142727535146e-25
327,0.999724141908023,0.0002758580919784427,0.07651934420919532,4.095122390980404e-08,0.9234806148395819,0.9575232376568451,0.00010987716606751478,5.188786481225378e-12,0.04236688517190043,5.039422723487491e-292,4.009634876602565e-11,0.9796999247180721,7.61074494645418e-05,0.020223967792367428,0.902894160910961,0.005628724950541514,0.09143585582627707,0.0,4.125830775529329e-05,4.46830696111386e-12
328,0.9999999999945075,5.49524532767563e-12,0.9996219210221019,2.7239834489119775e-18,0.0003780789778949637,2.422658236026945e-09,0.00021806471353122596,1.1293554944632784e-22,0.9997819328638106,3.577061453591717e-229,1.8686205780974072e-21,6.845545030064326e-09,0.00040375363896574774,0.9995962395154865,9.982291414472446e-10,4.31879187335828e-11,0.9996037526689115,0.0,0.00039624628967118315,3.526650392115382e-23
329,0.9999999999506102,4.939337283383449e-11,0.9995202443364096,2.3362664781286508e-17,0.0004797556635908965,1.5322337546772107e-08,7.810199134796229e-05,9.617911465648496e-22,0.9999218826863128,1.0141835518179943e-229,1.8365330066484603e-20,3.207783237268717e-08,0.00015031554408897693,0.999849652378076,2.7149000275231976e-09,2.950182290520081e-09,0.9998620127610266,0.0,0.0001379815738935703,3.0924328854737523e-22
330,7.756728244564427e-28,1.0,6.644411880362146e-44,0.9999999999327969,6.720035255447578e-11,7.493371297522507e-15,4.247761870228842e-09,0.9999999957522334,1.439882794592274e-42,0.0,0.9999999984692494,1.401317673264514e-15,1.5307519553711949e-09,3.958846479953706e-43,4.405473777627382e-15,8.598181911764001e-26,6.334619579958914e-44,0.0,3.701792739081228e-10,0.9999999996298214
331,0.9999999996887468,3.1125655983817193e-10,0.9993931848016172,3.316173378101009e-16,0.0006068151983827717,2.6024976692134137e-06,1.1857765740045933e-06,2.28814537193842e-20,0.9999962117257571,4.893382113374712e-239,3.5293843886381997e-19,5.380776310709776e-06,2.034054590386938e-06,0.9999925851691023,7.783594949622054e-08,3.182390216475025e-06,0.9999962056844545,0.0,5.340893774350127e-07,3.7179268850150445e-21
332,0.9970469144541372,0.00295308554586111,2.174718906277504e-06,1.8139166798516224e-09,0.9999978234671784,1.3886146849504617e-07,0.9999982615761429,7.104098990550996e-13,1.5995616749710881e-06,4.536e-321,5.870743520539739e-12,1.4757170115471236e-07,0.9999989310125514,9.214098748262831e-07,1.928959428625992e-09,3.6618158406122084e-06,7.873672396185941e-07,0.0,0.9999955488875697,3.938694144367692e-13
333,0.9999967282497639,3.2717502360872982e-06,0.13616184639050888,1.2823145383656403e-10,0.863838153481259,0.0004411925757124604,0.44384638900517903,1.533478076674355e-13,0.5557124184189555,7.595283058233478e-273,1.4962491152142317e-12,0.0006686564740751936,0.5849287611941449,0.4144025823302836,8.005254478925761e-05,6.80802122591717e-05,0.4570176040142111,0.0,0.5428342632286578,7.95744621770544e-14
334,0.9999998505076745,1.4949232901998347e-07,0.8194889581619854,5.5697288260993e-12,0.18051104183244307,0.0003456175470681584,0.002386544200291563,1.7252357111808183e-15,0.9972678382526383,1.9966518107142955e-266,2.833653213520545e-14,0.0006381278060006623,0.003799078875678606,0.9955627933182909,1.833134015748083e-05,0.0003357539433586593,0.9967809652077535,0.0,0.002864949508732488,4.919260354230157e-16
335,0.9999999399193715,6.008062719231886e-08,0.07643063007984582,1.2034038617448662e-12,0.9235693699189533,4.086641416252904e-06,0.7321794919175929,2.421039865331921e-16,0.2678164214409873,6.523018146762886e-255,2.7232178379810467e-15,4.996780428454982e-06,0.8465653199382389,0.15342968328132983,2.397411994854272e-08,2.465419712790665e-05,0.10708542049389115,0.0,0.8928899013348598,4.7080568234994236e-17
336,0.9999999999999929,8.187317678965986e-15,0.9999999754810748,2.6364550395956614e-23,2.4518923868707413e-08,4.1155742669254774e-10,2.8598092741848115e-11,3.4719159460367505e-28,0.9999999995598436,4.868819306139779e-177,6.498292748901694e-27,1.1635338347580208e-09,5.482834071452046e-11,0.9999999987816395,4.385032008933299e-11,1.097219355588448e-11,0.9999999999014371,0.0,4.374023085337703e-11,5.348033423564514e-29
337,0.9999999999999964,2.886417255057057e-15,0.9999999879848396,5.764146431715723e-24,1.2015161730170811e-08,1.3595316454590296e-10,2.1544374637848637e-11,9.052933955077651e-29,0.9999999998425011,1.0092604090946066e-178,1.9755824929953603e-27,3.830139775399452e-10,4.339861052435967e-11,0.9999999995735891,9.546648526944863e-12,9.450250395162263e-12,0.9999999999484501,0.0,3.255155150219946e-11,1.0944609545580446e-29
338,1.2029866010157984e-23,1.0,7.136742813995507e-44,0.9999999999899813,1.0022178998882804e-11,8.375026473652351e-08,8.028848513367265e-14,0.9999999162496529,3.708454975375579e-42,0.0,0.9999999830386629,1.696131273730633e-08,1.7702861504411552e-14,7.603058159227504e-43,5.492462046691488e-07,3.158724078562586e-15,2.542757172609877e-43,0.0,2.0746301921909435e-15,0.9999994507537852
339,0.9999999995980247,4.019732515467142e-10,0.9949533279589251,1.6410379878631593e-15,0.00504667204107387,3.091142917348119e-07,0.0005793956227750319,2.263760094100559e-19,0.999420295262931,3.0736181012423565e-217,3.370980099922662e-18,7.051899213407078e-07,0.00099113293295523,0.9990081618771216,2.8749316816171126e-08,7.81644216328531e-08,0.9989364071055339,0.0,0.0010634859807254786,8.608168683177577e-20
340,0.6228347858978232,0.3771652141021788,3.2491641477285283e-08,2.800367269537446e-08,0.9999999395046846,1.28234672706168e-07,0.9999998541196895,6.580452706343227e-12,1.7639058546170966e-08,0.0,7.179596536434356e-11,1.1855106178531345e-07,0.9999998700792374,1.1297901769985776e-08,3.585888065314243e-08,1.6212371019306923e-07,1.8193499812681946e-08,0.0,0.9999997838192505,4.65582550146469e-12
341,3.734339583220573e-18,1.0,1.543561872968886e-28,0.9997147475697109,0.0002852524302917671,1.2567827500928093e-10,0.6731087734870643,0.3268912263872607,4.090641954684246e-27,0.0,0.7323936233612874,2.6043264113383503e-11,0.26760637661266734,1.2429245846783701e-27,1.0171270807473586e-10,4.860617976184364e-12,1.0298494336525117e-27,0.0,0.23162682830536097,0.768373171588069
342,0.9999999999993037,6.972892457286831e-13,0.999998298054115,6.409397441838298e-20,1.7019458857608927e-06,4.3487761357866595e-08,4.737644240916033e-10,3.344818738065217e-24,0.9999999560384732,1.4965001599289897e-205,5.985934863214566e-23,1.0545705113176144e-07,8.854559800280069e-10,0.999999893657494,2.610246612878813e-10,6.21402836192242e-07,0.999999378161094,0.0,1.7504597512130083e-10,4.311578184926848e-25
343,7.357118418154898e-21,1.0,3.9878624266045194e-32,0.9999999983498498,1.6501521440564825e-09,1.6572890323530666e-05,9.396578956519197e-12,0.9999834271002738,2.097675553610537e-30,0.0,0.9999979002289924,2.0997692332402866e-06,1.7780043541098143e-12,3.3647025737383278e-31,0.0001310894745862444,4.76846028795579e-12,7.045963470605565e-31,0.0,1.2953392400135032e-12,0.9998689105193534
344,2.5854723435354305e-07,0.9999997414527663,2.4547115239478067e-20,0.03774624706601813,0.962253752933987,0.9993895449972157,0.00042038480121285956,0.00019007019937474255,2.199413266673639e-12,0.0,0.0021537912895985014,0.9973566895888712,0.0004895191197168696,1.8164049224817821e-12,0.017874652383888193,0.9816742011748741,1.5968469879496195e-19,0.0,1.6197257432531035e-12,0.0004511464396144331
345,1.0,5.729408083057822e-17,0.9999999993007211,1.6292289109756358e-26,6.992793545380258e-10,2.6340114721611663e-12,2.243748740333814e-12,1.3342912556806372e-31,0.9999999999951221,6.658187717181184e-161,2.8396199243447834e-30,8.28406715351129e-12,4.727279953680093e-12,0.9999999999869882,2.6619163535685504e-13,4.8830902858335273e-14,0.9999999999954277,0.0,4.257253330886274e-12,1.914628335388049e-32
346,0.9999999986180441,1.3819525777620021e-09,0.9748534492008304,4.96000475352571e-15,0.02514655079916168,4.84501644933856e-07,0.004014485057708304,3.7954222408246724e-19,0.9959850304406439,3.294710654147306e-237,6.943843707365223e-18,8.983492913801369e-07,0.007176861530100114,0.9928222401206092,5.6812987999600574e-08,1.4740160499962512e-07,0.9929581691419984,0.0,0.007041626643408883,1.3524793936285517e-19
347,0.9999933685871094,6.631412894152401e-06,0.0006921852994215997,1.4336092922518817e-11,0.9993078146862447,3.17162007833458e-06,0.9955227973041397,4.187791195973922e-15,0.004474031075779632,4.3180704043156866e-299,2.4407372275498378e-14,2.3775008279464105e-06,0.9980123375421844,0.001985284956965821,3.5810347923362305e-08,2.9548990154188098e-05,0.0015369755180308171,0.0,0.9984334396814655,7.926442635108965e-16
348,0.9999999999999574,4.30602289334041e-14,0.9999999303917153,5.556907669169611e-22,6.960828349246741e-08,7.52877728097283e-09,2.881901454153852e-11,1.1797504880967318e-26,0.9999999924424046,1.262815243433236e-196,2.103939863642363e-25,2.4303310386402523e-08,5.552742607293115e-11,0.9999999756411636,7.74262836576659e-10,1.313473420140746e-10,0.9999999990635402,0.0,3.084881781016519e-11,1.659778124259363e-27
349,0.9999999913654349,8.634561910963975e-09,0.9585655491751187,1.177910422443558e-13,0.04143445082476586,2.5949724165813115e-05,0.0004900536644247267,7.40964832003915e-18,0.9994839966114119,1.0935072828687324e-276,1.245772627570364e-16,5.836786201240161e-05,0.0008609341054452559,0.999080698032539,4.138037099331675e-06,2.2774309672240713e-06,0.9990650148439887,0.0,0.000928569687944219,2.9971416811528845e-18
350,0.999999999999936,6.484411481025916e-14,0.9999999125069154,1.0716895474110287e-21,8.749308514112771e-08,4.7601493942324614e-09,1.803912036263939e-11,2.7613672517334687e-26,0.9999999952218133,1.1328813487050244e-205,5.831652008175536e-25,1.2195452225238109e-08,3.396961686197614e-11,0.999999987770579,6.416131972123442e-11,3.693397271544436e-09,0.9999999962361166,0.0,6.323748753320746e-12,3.938313688024702e-27
351,0.9999297773996186,7.022260037827282e-05,0.012696726503759762,8.26964272171895e-09,0.9873032652265953,0.7759983740819817,7.837766934909478e-12,2.9402905632416485e-11,0.22400162588077785,1.7779404866787038e-271,2.7071469109307833e-10,0.8603799015061646,8.857796449218277e-12,0.13962009821426066,5.267677253178815e-06,0.9979584808395987,0.0020362514829533247,0.0,5.6648366005444725e-14,1.3931726070198995e-13
352,0.9999999989747081,1.0252938913857757e-09,0.9998445883087106,2.651564090715091e-15,0.0001554116912836808,5.356872716075679e-05,4.774194977767462e-08,1.9725919548334277e-19,0.9999463835308907,5.638195180285308e-240,3.2152668787208342e-18,0.00011862163691633002,8.184039302591708e-08,0.9998812965226901,3.1320162571893883e-06,4.387420637793498e-06,0.9999924805631067,0.0,7.481998226423854e-16,4.617593828454308e-20
353,0.9999979263637512,2.073636245794062e-06,0.6228907067191055,1.1264970561682158e-10,0.3771092931682479,0.027262451429265182,0.0012944494061419745,3.067050324912749e-14,0.9714430991645627,7.772404662600081e-266,3.7982557466474505e-13,0.053438908249645735,0.0022165155444431152,0.9443445762055321,0.01622571464422794,4.7601219730902914e-05,0.9818295586560204,0.0,0.0018971254800137706,9.775614203603548e-15
354,0.9999999999585043,4.1494853552328903e-11,0.9999180357477422,3.557409162737835e-17,8.196425225931132e-05,4.222081447178491e-06,1.7481778894226386e-08,2.037799814265991e-21,0.9999957604367736,1.0120688970484655e-241,4.156410529235699e-20,9.94424722347772e-06,3.070737046304997e-08,0.9999900250454077,4.011683590176983e-08,1.2505302908201827e-05,0.9999874545802552,0.0,2.9422083009800613e-16,5.279062760932849e-22
356,0.9999987985228357,1.2014771610282171e-06,0.003570639933090522,7.06651983915205e-13,0.9964293600662036,3.0209092673561195e-07,0.9975577276413726,7.559105814525516e-17,0.0024419702676976435,1.687397727818184e-263,4.879771977046614e-16,3.561914971555731e-07,0.9986757252877901,0.0013239185207121226,1.82882335668047e-08,3.020341182330514e-13,0.0013635769956161406,0.0,0.9986364047158488,1.2281145825318503e-17
357,0.9999999998855884,1.1441175920085938e-10,0.9976137591932025,1.661466830665928e-16,0.0023862408067962864,5.215601363069183e-07,3.791971065153597e-05,3.66814355148928e-21,0.9999615587292096,3.5677469781660294e-229,7.76506001305473e-20,9.93885042559791e-07,6.973090179651272e-05,0.9999292752131604,3.554790010682202e-08,2.0141552327117553e-07,0.9999280506765709,0.0,7.171236000239784e-05,6.127219658310692e-22
358,0.002622396765116268,0.9973776032348867,1.7835667379141762e-09,1.3105306805267556e-05,0.9999868929096263,0.02292841402724663,0.9770708055414999,6.736137116930168e-07,1.0681754005666249e-07,0.0,4.215600182205317e-06,0.02017268297749387,0.9798230340190515,6.740327366326558e-08,0.000421997326020653,0.24867913609835085,6.375604877431222e-08,0.0,0.7508983820899426,4.207296376434663e-07
359,8.341811978799517e-15,0.9999999999999858,1.9640316524165267e-24,0.9999520717905038,4.792820950174626e-05,0.20005547087613193,2.2453860135506744e-24,0.7999445291238743,1.2208953256351048e-28,0.0,0.9819922361845108,0.018007763815494064,4.0421934308956246e-25,1.0732993764694159e-29,6.456695403926179e-14,0.9571262760050827,7.464428061082777e-31,0.0,1.6341087822673e-34,0.042873723994848165
360,0.9999999833039085,1.6696089563410756e-08,0.9665770309963404,1.5332615529466447e-13,0.03342296900350987,0.00014431501626592318,0.00023393544901428187,8.233014839263316e-18,0.9996217495347183,4.22181438275921e-248,1.7825328883968511e-16,0.00026135558592617326,0.00036313603850578766,0.9993755083755671,1.9028475484614835e-05,2.3434153562089527e-05,0.9995782991388159,0.0,0.00037923823213878324,3.494870231687786e-18
361,0.9999999999967599,3.237398667140718e-12,0.9995809137979632,1.2090741125800365e-18,0.00041908620203680465,6.536135734087568e-10,0.00020027694123254773,6.566440980773924e-23,0.9997997224051554,3.328251520480785e-220,1.1906290616262057e-21,1.5376660244351416e-09,0.0003692764023288241,0.9996307220600049,2.6180174695407976e-11,1.8346376380462069e-09,0.9995174077091115,0.0,0.00048259043006801974,1.6146562385359486e-23
366,0.9768576032308559,0.023142396769143134,1.6181143433867024e-05,5.123295972205677e-08,0.9999837676236089,0.8309713020388539,0.1676961122113502,6.506505220264811e-10,0.0013325850991481333,3.62801278308645e-288,5.258950044966571e-09,0.8536117041175941,0.14567877151970213,0.0007095191037533237,0.4603249494049407,0.03757520144788252,0.0031885819770401114,0.0,0.4989112660602852,1.109851441071941e-09
368,2.1550348149811204e-26,1.0,3.8695892544110834e-38,1.0,6.217654011886528e-15,3.470002180195726e-15,2.2995705438243137e-41,1.0,4.0840874195666725e-51,0.0,1.0,3.3547340885963434e-16,4.6755107683440606e-42,4.797372956998661e-52,7.536578030309234e-28,0.0677398079955314,4.523141318403983e-52,0.0,4.766400509910464e-50,0.932260192004466
369,0.9999905014902014,9.498509800219722e-06,0.6339838287869859,5.218207124680966e-09,0.36601616599480863,0.6551325045665973,5.140550762306812e-05,2.813319531803257e-13,0.3448160899254976,6.11292731980412e-255,2.3808198358570455e-12,0.8240848891810973,4.6493429135709644e-05,0.17586861738738455,0.6914343524380887,0.000149147524721067,0.30838075296582707,0.0,3.574707126934988e-05,9.508687436021134e-14
370,8.634263512586677e-10,0.9999999991365769,1.6377278705263674e-17,0.004125821038100901,0.9958741789618925,3.5356889480188655e-11,0.9999997205696154,2.79395030139705e-07,1.9421907585795035e-19,0.0,1.2231798927584662e-06,2.2673258784992483e-11,0.9999987767974352,1.19958330532334e-19,5.1441067756349905e-12,8.703030247836827e-11,6.93479056624412e-20,0.0,0.9999997797189509,2.201888741043356e-07
371,0.9999999997138858,2.861166115206021e-10,0.9993558571844421,9.976832636192852e-16,0.0006441428155570149,2.745316430221984e-06,7.043323464883405e-06,7.889075768470981e-20,0.9999902113601038,8.919106782393213e-230,1.270233117620131e-18,5.84597903957525e-06,1.2059864141473148e-05,0.9999820941568192,5.990154893283965e-07,2.1252863022049582e-07,0.9999912843329244,0.0,7.904122952758068e-06,2.330991487857492e-20
372,0.9999999999987921,1.2093280055109978e-12,0.9999986811397676,1.2652396147431383e-19,1.3188602332822513e-06,3.3000270145880426e-07,6.583594656797982e-10,3.1287816665099063e-24,0.9999996693389384,1.4983763594303397e-173,4.8022927096686066e-23,1.0109043652283137e-06,1.3556494392081397e-09,0.9999989877399863,9.663876947352504e-08,4.703297233950936e-10,0.9999999021425564,0.0,7.48344375195888e-10,5.10885352822624e-25
373,1.7701606435492015e-13,0.9999999999998295,6.324650928239387e-23,0.05935887296119145,0.9406411270388113,2.291418220079938e-13,0.999999382117699,6.178820736862949e-07,2.956670934066739e-25,0.0,4.545892842114329e-06,1.025509261010799e-13,0.9999954541070522,1.9140117609046394e-25,1.3042465341128378e-15,1.217084340685894e-10,7.698476043870868e-26,0.0,0.9999992162463032,7.836319906197722e-07
374,0.0461652857479515,0.9538347142520462,1.2935105436161488e-10,1.1263375608359722e-07,0.9999998872368955,4.3667188177365194e-10,0.9999999995500772,4.578723120604721e-12,8.675423605409087e-12,0.0,3.763002795681516e-11,3.3801020444243926e-10,0.9999999996199094,4.4501965760265225e-12,5.58344158549204e-12,3.38903033407858e-08,2.9173004838233094e-12,0.0,0.9999999660987134,2.484580550502076e-12
375,0.024963666511032667,0.9750363334889672,7.895507988614968e-07,5.2206429920386036e-05,0.9999470040192819,0.9999544407749058,4.545854726431362e-05,1.246442700914138e-09,9.943139063167306e-08,6.661053199253077e-308,9.755986216554215e-09,0.999961769820145,3.816483430062445e-05,5.558956549036248e-08,0.9999983047040305,6.398814067455421e-10,2.9417283856434953e-09,0.0,1.6916758439507515e-06,3.8516840740558477e-11
377,8.51030335163632e-09,0.9999999914897018,7.748446930937318e-33,0.0004619809506345264,0.999538019049359,4.162139949430409e-12,0.9999999548940873,4.5101752386854435e-08,6.894048845638801e-23,0.0,2.1766617637991287e-07,1.372507840526467e-12,0.9999997823324543,2.309987788795662e-24,6.075355419808931e-26,3.218666475321784e-05,6.190634963156031e-35,0.0,0.9999678025435882,1.0791658499719479e-08
378,0.01853939833144396,0.9814606016685545,7.87058354275899e-07,0.0009648638581660303,0.9990343490834784,0.999997908274394,2.0073912082019296e-06,4.54080962734211e-08,3.892630468670543e-08,4.165711991762164e-290,2.698601999635967e-07,0.9999979424455028,1.7661562276116186e-06,2.1538069065342318e-08,0.6259856484556595,0.37401116199348017,2.549877633609874e-07,0.0,2.7013019407683437e-06,2.3326115571516622e-07
379,0.9997767226637891,0.00022327733621084163,0.0007305176009077828,7.705926780872747e-10,0.9992694816285025,0.0002988975089384459,0.9960623233897145,8.526321139968691e-13,0.003638779100495923,5.829214052694107e-293,8.575411068932988e-12,0.00034021403948519016,0.9972855413064351,0.0023742446455053603,6.938682507416692e-05,1.9967408821283603e-05,0.002277945778755729,0.0,0.9976326999870585,2.926107399368325e-13
380,0.9999999963431137,3.6568848351617147e-09,0.9996477023344507,2.0274868635031955e-14,0.0003522976655299896,0.00011410760516996287,2.9260128432365554e-07,1.97207576563641e-18,0.9998855997935483,2.0723361576412e-208,2.4436733718999725e-17,0.0002832044481248381,4.628838958973257e-07,0.9997163326679775,4.054822658044671e-05,6.77449213183389e-07,0.9999585198267563,0.0,2.544974513431713e-07,2.9828622276357375e-19
381,0.9137120281934018,0.08628797180659978,0.0003784624320427949,2.0191158751312655e-06,0.9996195184520786,0.9999020509296788,3.696047515248316e-05,1.0952451853785091e-10,6.09884856436094e-05,1.9605697222759881e-292,5.877585765998768e-10,0.9999452464024197,2.866282135700849e-05,2.6090188462439698e-05,0.9999337208341605,2.806034592855017e-05,2.9042521027265217e-05,0.0,9.176278409093834e-06,2.0474972928999808e-11
382,0.999999999998721,1.280807164365298e-12,0.9999991361121979,7.384356462677053e-20,8.638878023450179e-07,1.3744890268006832e-07,4.265411432724887e-10,2.956012863190749e-24,0.9999998621245563,1.1057448157276538e-214,5.1786906940703114e-23,3.553873543807571e-07,7.441580733370759e-10,0.9999996438684876,5.732911859934235e-09,1.7637361274258906e-08,0.9999999761692567,0.0,4.604701401754996e-10,7.7060422305588025e-25
383,2.8565569422516637e-07,0.9999997143443106,2.1132804466347167e-17,0.9243656678069719,0.0756343321930255,0.9999999646109934,1.1805716001735956e-12,3.5387827863438215e-08,1.7651766367806998e-21,0.0,1.9831662931843996e-07,0.9999998016823693,9.98464769642937e-13,1.0350638258175103e-21,0.9999999801770658,1.775942565310101e-08,1.1387479653898085e-22,0.0,2.0374169377572747e-14,2.0634915618064808e-09
384,4.2938663925554315e-17,1.0,8.107620238545877e-22,0.9968338232851026,0.003166176714904286,0.9999831482504976,1.651054609026669e-10,1.6851584399983624e-05,1.2403176565347517e-23,0.0,8.373821506559908e-05,0.9999162617849352,4.111479858157862e-18,6.22216996761205e-24,0.9999883998644571,4.730548871731157e-06,4.181729352073629e-24,0.0,1.9265712639099782e-11,6.869567407842668e-06
385,5.094960831544541e-07,0.9999994905039192,4.4420897051397366e-11,0.03637823683135925,0.963621763124218,0.9742633441427728,0.025401803081694818,0.0003348525946649599,1.8086582620998334e-10,0.0,0.002468106494356278,0.9748793505209652,0.022652542853578286,1.3110322590903707e-10,0.9990104453874178,3.0503321485770577e-06,1.5351647070075725e-11,0.0,0.0009460545019967744,4.044976308722416e-05
386,2.9231783896058005e-24,1.0,1.633625263913151e-38,0.9999999998379749,1.6202744405126178e-10,5.675812227202439e-11,1.0813087234425098e-11,0.9999999999324274,2.879954575586677e-37,0.0,0.9999999999932356,4.8966880677973086e-12,1.866447027689212e-12,4.679016150529207e-38,2.563342961457253e-13,1.1123482869047576e-09,3.6268038732589124e-38,0.0,3.544648398190299e-21,0.9999999988873967
387,0.9999985631323887,1.4368676093172984e-06,0.753864863133117,1.8813465973010506e-10,0.24613513667874634,0.044773922483331785,0.00017039782366377963,1.3746624896925265e-14,0.9550556796929884,4.1212722359003394e-247,2.9632706427183443e-13,0.08179270253611852,0.0002613282101769376,0.9179459692534089,0.004117561858970837,0.0041668137784739824,0.9916406189767941,0.0,7.50053857522358e-05,5.696716012258396e-15
388,0.0009852030251712822,0.999014796974828,4.6863400081544e-09,4.6808848305920954e-05,0.9999531864653506,0.3654933890583895,0.6345055861948431,8.959952670347938e-07,1.287514997810859e-07,1.2961962728987186e-306,6.361452516681925e-06,0.3707976001087843,0.6291959590850144,7.93536861552144e-08,0.2678334855068201,3.455580545542289e-05,8.244686258663693e-08,0.0,0.7321312041314791,6.721093811015759e-07
389,0.0006579159320027884,0.9993420840679953,2.103535258072255e-08,0.00020725062050763992,0.9997927283441426,0.982304816649625,0.017694834695821823,2.669593480181971e-07,8.169520319253549e-08,0.0,3.211300561272157e-06,0.9806835444265299,0.019313180575565057,6.369734256589775e-08,0.9974380028466031,1.0337153563803288e-06,8.816713765938607e-09,0.0,0.002560907603636216,4.701768790193396e-08
391,0.24030508462202088,0.7596949153779804,1.2045876662218994e-06,2.4909633184864295e-06,0.9999963044490132,0.22476912353740733,0.7751630142003936,1.709467277363208e-08,6.784516752790587e-05,9.28155034302454e-309,1.674697921068409e-07,0.17160256405225327,0.8283549843892173,4.228408873468661e-05,0.41492743687408795,9.777976913839349e-05,5.039716155829154e-05,0.0,0.5849243801158458,6.079370338765249e-09
392,0.9057903700846146,0.09420962991538702,0.0008966897003697653,2.11446573068912e-06,0.9991011958338992,0.9999928255200254,8.407652649146399e-07,2.810086937141052e-12,6.3337118980525124e-06,5.497225009590408e-261,1.552653514074271e-11,0.9999966248301932,5.888001793018785e-07,2.7863541015619792e-06,0.9999998488512077,2.5072869065737586e-16,1.4200431694580968e-07,0.0,9.144440644880584e-09,3.095661197740572e-14
393,0.9057903700846146,0.09420962991538702,0.0008966897003697653,2.11446573068912e-06,0.9991011958338992,0.9999928255200254,8.407652649146399e-07,2.810086937141052e-12,6.3337118980525124e-06,5.497225009590408e-261,1.552653514074271e-11,0.9999966248301932,5.888001793018785e-07,2.7863541015619792e-06,0.9999998488512077,2.5072869065737586e-16,1.4200431694580968e-07,0.0,9.144440644880584e-09,3.095661197740572e-14
394,8.059667699872777e-12,0.9999999999919424,3.179809707758042e-17,0.9997486095163546,0.00025139048364786486,0.9999253360454687,1.1314714168926645e-10,7.466384138571083e-05,1.725652032600374e-18,0.0,0.00034155007327448894,0.9996584498501548,7.657282456576028e-11,8.460000382711922e-19,0.9999995189405146,7.673715844840844e-13,7.43959442362289e-21,0.0,1.7978595453349887e-13,4.810585374130263e-07
395,0.9999999969300788,3.0699184198986887e-09,0.9981592152780583,1.962069927393581e-14,0.0018407847219202081,0.00017611235703400858,1.206542807163247e-06,7.0506438341337245e-19,0.9998226811001565,1.692931066966584e-238,1.385940315446892e-17,0.0004115871416690112,2.0625220635914635e-06,0.9995863503362646,5.1295670602351674e-05,8.34599032349973e-07,0.9999469082888943,0.0,9.61441470311023e-07,1.8988194419549716e-19
396,2.1115369493496803e-09,0.9999999978884659,3.2392524286861684e-14,0.8419343315590704,0.15806566844089642,0.9867350462515398,0.0019238001360434537,0.011341153612167242,2.5028025976671033e-13,0.0,0.0880768913578402,0.9097495365061108,0.002173572135864827,1.8605214614904933e-13,0.9986852185240711,2.9755536165968586e-06,1.432102338644314e-14,0.0,6.709971100311667e-05,0.0012447062112936706
397,1.8535565214343814e-13,0.9999999999998153,8.396849759954605e-21,0.999979597349172,2.0402650828685482e-05,0.9361780752831442,2.5992638436742106e-17,0.06382192471684905,6.562976199348814e-27,0.0,0.37902461600550635,0.6209753839944869,1.2263491589451022e-17,2.841231112325718e-27,1.3728594114097527e-07,0.0009591389317898351,1.4159447580390112e-26,0.0,9.829217694386912e-26,0.9990407237822717
398,1.3757396768219952e-05,0.9999862426032318,2.7649840412729143e-08,0.2040594983747463,0.7959404739754125,0.999999991111693,8.195616778044852e-10,8.066777311756456e-09,1.9646371623556873e-12,1.844706058929e-311,3.9099077667015496e-08,0.9999999604929791,4.0716365433372196e-10,7.800005932616472e-13,0.9999999988128039,7.786831934081094e-10,5.941372830817841e-14,0.0,1.0093327257541605e-11,3.983613227786301e-10
399,0.7134940264339462,0.2865059735660538,3.7388130616768535e-05,9.963242885661663e-07,0.9999616155450937,0.7547410479434493,0.24427727868406676,9.13281771843571e-09,0.00098166423966956,3.7925433540030075e-281,7.135017600496624e-08,0.7570907921220218,0.24230763251840576,0.0006015040093999731,0.6993038899448056,0.0006545733445566319,0.0007794119939334643,0.0,0.29926212157293725,3.1437688842274775e-09
400,0.49135742344302485,0.5086425765569734,1.1270590458803205e-06,6.206335034769091e-07,0.9999982523074489,0.19460369904145725,0.8053305450417443,1.475202926173755e-08,6.574116477047825e-05,3.9916e-319,1.5618982733563798e-07,0.17423812345126546,0.8257221181944377,3.960216446785013e-05,0.005766044675689662,0.2839779064727984,5.2532083927819465e-05,0.0,0.7102035055241497,1.124343406687253e-08
401,0.9999999996855955,3.144057587474291e-10,0.998851597027927,6.103304131562682e-16,0.0011484029720737212,1.2330813661872538e-06,8.710733941363367e-06,2.6725856730495917e-20,0.9999900561846933,2.744371027599815e-230,5.66858728986784e-19,2.599415160524636e-06,1.6038644688661425e-05,0.9999813619401494,6.048104827108265e-08,4.266052312981061e-07,0.9999888234454183,0.0,1.068946830375633e-05,6.7009197011268746e-21
402,6.786283329619985e-09,0.99999999321372,1.3018557750615083e-20,0.5378731308620555,0.4621268691379479,0.9997886542470308,1.0692640896600923e-05,0.00020065311207033334,5.2116757012589785e-21,0.0,0.0015860115518973633,0.9984027475849463,1.124086315704068e-05,3.885441913323699e-21,0.902498637714499,0.09612830325730737,1.3499120516059968e-20,0.0,6.747657208800144e-06,0.001366311370986407
403,9.877429745142923e-07,0.9999990122570257,2.395343925531928e-14,0.0001287077400129053,0.999871292259963,4.1593783798875465e-10,0.9999999977308605,1.853200718664709e-09,3.3805998323479605e-16,0.0,1.0205963920210663e-08,2.9903125821000833e-10,0.9999999894950022,1.9280727893074013e-16,1.2060982199397144e-09,1.825015069109908e-13,9.603498206771392e-17,0.0,0.9999999976097413,1.183977403351437e-09
404,1.6708417161027029e-13,0.9999999999998295,1.449071520847269e-22,0.9981930716749247,0.0018069283250825615,0.0016908700483547919,2.0096980083793823e-12,0.998309129949642,1.0947357424097968e-27,0.0,0.999808905561798,0.00019109443770295287,4.936286394721893e-13,1.1162531589829228e-28,7.9887615491831e-15,0.9048246751134164,4.7228904573353105e-29,0.0,2.7779192601370232e-14,0.09517532488655314
405,0.9655739145779192,0.034426085422079464,0.0009812171605048914,1.3977461093454635e-06,0.9990173850933888,0.9997271629778351,8.501294935408434e-05,3.453391824453976e-11,0.00018782403827921686,2.980186954200374e-308,1.9385374492464058e-10,0.9998611982060078,5.87367303252269e-05,8.006486981232839e-05,0.9999895585202194,1.3052552412772098e-08,8.52828164422601e-06,0.0,1.900144975456612e-06,6.058023793984016e-13
406,5.982629186305149e-07,0.9999994017370795,1.9685812704283434e-13,0.0008752251910778274,0.999124774808722,0.00015063549901005012,0.9998450446884912,4.3198115919627545e-06,9.089605402061373e-13,0.0,3.644949689251557e-05,0.00012403108666392672,0.999839519415842,5.986329316471685e-13,0.00029402836803359367,3.5505764926106402e-06,1.1646404229018936e-12,0.0,0.9996966283627684,5.792691537670209e-06
407,1.7084137690480878e-18,1.0,3.567048309237643e-28,0.9999994870819259,5.129180771660299e-07,2.1839997621429516e-05,1.6278905090963963e-07,0.9999779972133254,2.0757417120694876e-26,0.0,0.999997241647921,2.7351910773477017e-06,2.3161004085527977e-08,2.568928960386167e-27,1.3654391784003741e-05,7.658737819909141e-10,2.993719073622884e-27,0.0,1.4529467492615948e-16,0.9999863448423434
408,5.419260250357409e-13,0.99999999999946,1.2320543734984742e-29,0.14206740622213748,0.8579325937778612,8.649435508706906e-11,0.9999789795339749,2.102037953440413e-05,5.071425406114099e-24,0.0,8.668777562481486e-05,3.1265287215212574e-11,0.9999133121931145,2.40918237223486e-24,1.0284599943258933e-14,2.6295783560372845e-07,1.065576269707563e-31,0.0,0.9999806124297123,1.9124612435199276e-05
409,2.4340778686494926e-09,0.9999999975659222,5.352434117731005e-17,0.0018571496515467714,0.9981428503484512,4.4505582756668853e-10,0.9999998919492997,1.0760564457169362e-07,1.3973062065032504e-18,0.0,9.112356100204717e-07,2.8907712565016113e-10,0.9999990884753094,9.999208745260471e-19,1.0408531905174191e-19,3.5633107553042153e-10,5.165142112400437e-19,0.0,0.9999998941692765,1.0547439001708907e-07
410,0.9999999887149897,1.1285007172738617e-08,0.989803832084178,5.061875761617841e-14,0.010196167915772743,0.00021349807953724626,2.220934199417662e-05,3.566431192138039e-18,0.9997642925784712,2.9187399541227484e-226,5.038150770743161e-17,0.00044435367414880566,3.583874960771657e-05,0.9995198075762454,0.00012421753803594293,9.706770726425484e-13,0.9998436949219672,0.0,3.2087539029049185e-05,8.3453251437633325e-19
411,0.05217159698190044,0.9478284030181036,3.687491845134264e-08,2.7581607253555246e-06,0.999997204964357,0.054397049105550536,0.945595123478186,6.977816798895807e-08,7.757638098411673e-06,0.0,4.937456960778996e-07,0.05047784832593864,0.9495171594801595,4.498448207488973e-06,0.00011303658160713383,0.8259402940772307,3.150356021453928e-06,0.0,0.17394348971186066,2.9273279841056762e-08
412,1.132697395186227e-13,0.9999999999998863,2.517295695680363e-28,0.9976165659613713,0.0023834340386255782,0.0025418083355299576,0.0020789052261810845,0.9953792864382852,2.0142287899424996e-26,0.0,0.9990296550006134,0.0005372964572143207,0.0004330485421729258,3.620390071326889e-27,0.0008041462548782877,1.0713429868001637e-05,5.868543421946015e-27,0.0,0.00034415260214768834,0.9988409877131049
413,2.5659471654565765e-10,0.9999999997434088,3.3416911220908204e-18,0.009130136626544974,0.9908698633734516,7.683212545990912e-10,0.9999994282868698,5.70944806038742e-07,1.0804503644725064e-19,0.0,3.16152762397656e-06,6.289497856231024e-10,0.9999968378434235,6.888430703074942e-20,5.897262639504733e-10,6.809063374907742e-12,2.8315610329953814e-20,0.0,0.9999990120411204,9.873623474586753e-07
415,0.0010578017856395663,0.9989421982143603,1.996891325565337e-09,3.218821381017785e-05,0.9999678097892992,0.0002164680136913002,0.9997834385168186,8.738123521359135e-08,6.088256483492182e-09,0.0,7.861011445209338e-07,0.00019133514373843435,0.9998078742898651,4.465253225244302e-09,0.00017644638614572797,1.3690698690008348e-06,3.3095762746604214e-09,0.0,0.9998221238568139,5.737759333521621e-08
416,1.8666392531655595e-20,1.0,1.2773403741071205e-39,0.9999870771280237,1.2922871978269593e-05,1.2461867531514428e-10,0.006175263046718218,0.9938247368286672,5.893563750209357e-38,0.0,0.9984194542059778,1.8873342466514135e-11,0.001580545775144513,9.978881244812876e-39,7.988846607187719e-11,8.401520681993682e-14,7.364221932370904e-39,0.0,0.001131550339551158,0.9988684495804823
417,8.352835617420835e-09,0.999999991647158,6.718705567746571e-18,0.0004840433506324938,0.9995159566493745,1.120857585619615e-11,0.9999999166361383,8.33526556194726e-08,6.412875008190982e-19,0.0,3.6493948149887843e-07,5.9674775757059e-12,0.9999996350545528,3.644215655797881e-19,5.470927543859229e-16,6.985493416824429e-07,8.10323882891058e-20,0.0,0.9999992754186944,2.603196071172825e-08
418,0.9999999999006448,9.935819101077475e-11,0.9999633606984802,7.993043925323666e-17,3.66393015174984e-05,1.1166508748802914e-06,3.466124215444642e-08,2.956441204828466e-21,0.9999988486878826,5.945712656617087e-200,5.027077614203547e-20,2.173319810769018e-06,5.7668163431899016e-08,0.9999977690120279,3.476422232191884e-07,2.4213230263639872e-08,0.9999995686215974,0.0,5.952294682055962e-08,6.650298912718898e-22
419,3.9664006153852725e-14,0.9999999999999574,4.353766432495974e-21,0.9999314976912151,6.850230878808927e-05,0.9377221621299742,2.370163128727777e-16,0.06227783787002044,6.302822405376708e-19,0.0,0.3674503256172065,0.6325496743827892,1.2748159597596196e-16,3.4976150180883117e-19,0.08843430240915053,0.0010221756742538589,3.3711716889658332e-19,0.0,1.5604543216049512e-24,0.9105435219166008
420,6.122312055469343e-16,1.0,2.7621327512582923e-25,0.9996829369524921,0.00031706304750570144,3.964891673437193e-06,0.00045744248100849103,0.9995385926273158,2.0506272087633702e-23,0.0,0.9999467383319606,3.325092364618186e-07,5.292915880341373e-05,2.0985302594731845e-24,2.0626115799116547e-08,3.427772971525548e-05,2.6339122954355703e-24,0.0,3.144763322222037e-13,0.9999657016438525
421,0.9278296423651234,0.07217035763487495,1.4870578166316113e-06,5.7157596247993444e-08,0.9999984557845906,2.8831916243106507e-05,0.9999696732704932,5.7316621396097533e-11,1.4947559482510734e-06,5.970294615380477e-309,4.2475231819609786e-10,3.526757383098757e-05,0.9999637162178885,1.0157835255148e-06,4.610199657691447e-06,4.3062979066626605e-06,1.0784475375163133e-06,0.0,0.9999900050176781,3.7220754421106694e-11
422,2.254317330673495e-18,1.0,5.363083178524092e-29,0.9999999997058922,2.941130349664471e-10,0.9462971405839865,4.4203063347446867e-35,0.05370285941601834,3.9503602507964025e-35,0.0,0.30779793022863056,0.6922020697713628,3.964701979589695e-35,2.4051677932448978e-35,2.3006259248177846e-09,0.0036587293430654384,9.999705914950285e-35,0.0,2.47817575945079e-43,0.996341268356313
423,7.919298716243117e-15,0.9999999999999929,1.0465522713000234e-23,0.9948745294825754,0.005125470517423854,4.786811977045355e-07,0.501125080679887,0.4988744406389156,5.218064802372194e-22,0.0,0.8657768024770667,8.777305742976974e-08,0.13422310974987295,1.0314167423689917e-22,2.3471956193063597e-08,2.2378023868452423e-06,1.5570888874674985e-22,0.0,0.33198060466841733,0.668017134057242
424,0.9919412841130962,0.0080587158869006,0.0005430160576304638,3.977261509361107e-07,0.9994565862162157,0.9996743455868323,0.0001059149631560678,1.960829072300435e-11,0.00021973943040406676,3.487457638342585e-262,1.197418079611784e-10,0.9998192294813507,8.749382116266621e-05,9.327657774167224e-05,0.9998715633867948,7.36189262247252e-06,8.920873327973318e-05,0.0,3.186598046848908e-05,6.8340316347625615e-12
427,1.0,2.0104009131562577e-16,0.9999999978648084,1.1602949553124732e-25,2.1351923923344146e-09,8.794231744644491e-12,5.214804140686564e-12,1.8831563703485696e-30,0.9999999999859916,1.461070226852745e-160,3.554263009067202e-29,2.6497582734047503e-11,1.0948197055168213e-11,0.9999999999625544,3.421509290888893e-13,1.992764074612894e-12,0.99999999998834,0.0,9.325488200053385e-12,2.141591925085054e-31
428,7.838940319088366e-07,0.9999992161059711,1.1696544462654794e-12,0.002986197938236856,0.9970138020605904,0.00013761403794767456,0.999841285397232,2.1100561588063668e-05,3.2333712314029336e-12,0.0,0.0001545437299791881,0.00012212687601332353,0.9997233293917748,2.2303969246172384e-12,0.0001992992158865373,3.7829274957955275e-06,3.5503416911653255e-12,0.0,0.9997563084853447,4.06093677229804e-05
429,0.012421659782817344,0.9875783402171855,1.848323324328457e-11,3.678848285731001e-08,0.9999999631930343,3.4116020260275854e-10,0.9999999996533049,2.246775124295843e-12,3.2904493427194115e-12,0.0,8.566794943244828e-12,2.3788050853568596e-10,0.9999999997517364,1.816127250372018e-12,9.948519808161525e-13,6.191947034022067e-15,4.760137435522374e-13,0.0,0.9999999999980105,5.11838343473618e-13
430,0.9997061469063439,0.00029385309365384944,9.518783775855996e-05,1.8598678552396042e-10,0.9999048119762559,7.68979662763406e-07,0.9998889199893239,5.275499313743696e-14,0.00011031103096134858,9.447e-321,4.458603130159635e-13,8.407036971250433e-07,0.9999325937465002,6.656554935874964e-05,4.202570935932292e-08,7.0350561894284e-07,3.811004976202581e-05,0.0,0.9999611444188858,2.4834464411545917e-14
431,0.9876776914743416,0.0123223085256618,8.738772209125065e-07,5.280831925145441e-10,0.9999991255946966,3.197494785260743e-08,0.9999996795626716,3.9574483077580415e-14,2.884623383917709e-07,0.0,2.7559307137368457e-13,3.4237053882238784e-08,0.9999997891399,1.7662276769722488e-07,4.68516315662072e-09,4.218730834303435e-09,9.901433704990118e-08,0.0,0.999999892081759,1.2943833239886111e-14
433,0.00011703280257980265,0.9998829671974232,9.255843961234426e-17,0.003831545908023767,0.9961684540919775,0.9999455906286467,5.3365962023740544e-05,1.0434093263534598e-06,5.52837351496145e-17,1.17982361824875e-307,6.03797133894802e-06,0.99994996730772,4.399472093911414e-05,2.966070923673522e-17,0.9960979796397169,0.0037929432409299214,1.1658592670378706e-16,0.0,0.00010501130445876271,4.065814895921633e-06
434,8.182039159852759e-12,0.9999999999918145,3.0990260600461958e-24,0.9942797108166477,0.005720289183355141,0.8860339647870682,5.4920954268859444e-05,0.11391111425866544,7.60115465919225e-23,0.0,0.42014585539992133,0.5798169091946584,3.7235405413214655e-05,4.650112859672703e-23,0.9967207992996715,7.951447791017426e-14,1.3394043199915223e-24,0.0,7.367733056938922e-07,0.0032784639269379102
435,0.9999999999966143,3.386541093080649e-12,0.9999754018967159,6.569421909254518e-19,2.4598103284490448e-05,3.0593989127178664e-09,1.5842149077793323e-06,3.894779166564369e-23,0.9999984127256937,1.6863841419985258e-203,5.7031313076376735e-22,6.42345110606532e-09,2.9257714150644124e-06,0.9999970678051328,8.196470736604016e-10,2.6355085577000063e-10,0.9999968891186448,0.0,3.109798156808438e-06,9.17514234876504e-24
436,0.20892801856111323,0.7910719814388899,4.1682483628896184e-06,6.424098483571586e-06,0.9999894076531552,0.9482384164877538,0.0517348050545634,1.4039848755344264e-08,2.6764417835748755e-05,1.0526832984058771e-287,7.341996093615466e-08,0.9483927707177748,0.05159191431896886,1.5241543296348367e-05,0.998420845636735,5.822872027717359e-08,9.326572012365491e-07,0.0,0.0015781631172888722,3.600556899039686e-10
437,0.9999972716857982,2.728314204922203e-06,5.6722270636486206e-09,3.60761148851202e-10,0.999999993967009,0.15490608712107826,0.0010820192507102432,7.124468267446117e-14,0.8440118936281396,2.071967975642406e-282,1.341253399508104e-12,0.2797902845212756,0.0018255832397918157,0.718384132237589,9.394650859265789e-06,0.9999335387382509,3.036028927817236e-09,0.0,5.706357485361966e-05,4.3476741404292704e-15
438,2.958634902751706e-14,0.9999999999999716,9.760386937119429e-29,0.9999608459733961,3.915402660627098e-05,0.31568333412109634,1.0061556784954121e-08,0.6843166558173492,1.2750302156153659e-26,0.0,0.9359951022453613,0.06400489475123051,3.0034073303158403e-09,2.815964057736493e-27,0.14970971617804243,0.0006717126265270382,4.425515561280288e-27,0.0,1.2339157190458714e-17,0.8496185711954316
439,0.9999999996429523,3.570475596247907e-10,0.9926393569164705,1.0361084220032624e-15,0.007360643083528882,1.3949784858940613e-07,0.0013016769082714237,1.2358242316999638e-19,0.9986981835938787,1.427831953262689e-229,1.6907998691529313e-18,2.7945389899660047e-07,0.002308805073261136,0.9976909154728368,1.4235949831926826e-08,1.1299738549338295e-07,0.9977034006076162,0.0,0.0022964721590454434,3.433379658112811e-20
440,0.9999999966957418,3.3042569227402147e-09,0.9998269613737122,1.4479272552406583e-14,0.0001730386262753749,0.0014588278629280443,3.835322160919082e-09,5.855946918513938e-19,0.9985411683017469,6.259485376511345e-249,1.1401545893406039e-17,0.0035287754078897077,5.9112899917934276e-09,0.9964712186808219,0.00020094588001650206,1.5212698583762224e-05,0.9997838405967596,0.0,8.24641880879802e-10,1.608035168185331e-19
442,0.9999992566349426,7.433650591455867e-07,0.20587652914403315,2.3664374335997117e-11,0.7941234708323054,0.0019559930800078147,0.10620755278659141,8.459089196259428e-15,0.8918364541333891,8.37367294231196e-255,1.2512061030323983e-13,0.0035348508662111262,0.19347198397559662,0.8029931651580668,0.00020941169656828212,8.059683973016443e-05,0.8171250067273493,0.0,0.18258498473634752,2.410574672578399e-15
443,0.9999999999956444,4.355799886364871e-12,0.9998968098042139,1.1544265942486287e-18,0.00010319019578531283,1.9851659729197165e-09,1.0772612211572959e-05,7.366620157451927e-23,0.9999892254026207,5.029916917538204e-212,1.144261027925823e-21,4.543997750896289e-09,2.052045922488468e-05,0.999979474996778,1.1555591995160282e-10,3.898801499077687e-09,0.9999747367879457,0.0,2.5259197696481578e-05,1.5638754067954126e-23
444,0.013033021915015265,0.986966978084987,3.0725540755316506e-07,0.00020934552335272793,0.9997903472212385,0.9999204949242214,7.847299949759143e-05,2.4532022295616985e-07,7.867560567993766e-07,0.0,2.2626919000623486e-06,0.9999111263554795,8.605180775313572e-05,5.591448685743127e-07,0.005301864584615683,0.9946977763790301,2.890527878833056e-07,0.0,1.9346495085864563e-13,6.998337447718989e-08
445,0.9999999999871534,1.2845301734861294e-11,0.9998261107931158,3.5114686088474146e-18,0.0001738892068841736,4.3947700028689444e-08,3.869853542568229e-06,1.9846758634563122e-22,0.9999960861987589,2.2592921053081487e-231,3.56258666095567e-21,1.0259500089811351e-07,6.310411067125024e-06,0.999993586993931,2.4680088226757987e-09,2.0380456361341077e-08,0.9999936987993011,0.0,6.2783522351417e-06,5.963676563385354e-23
446,0.9999999999298126,7.018766366564818e-11,0.9998781919118163,3.1958169219154337e-17,0.00012180808818630935,2.373049069863665e-07,5.199401240834437e-07,8.11510425462709e-22,0.9999992427549695,3.0376201386795117e-210,1.2930595122718127e-20,5.936317193157547e-07,8.223350681419971e-07,0.9999985840332151,1.1168645657872808e-08,4.3785051949170534e-08,0.9999991505510535,0.0,7.944952473545858e-07,2.971818576780084e-22
447,1.820437200062841e-06,0.9999981795628031,1.0774322861099316e-12,0.0011987936687671576,0.9988012063301587,0.558313997072648,0.44154162828946175,0.0001443744383271229,1.9956563833105535e-10,0.0,0.0009843323552164046,0.5341034145944,0.46491225293656613,1.1381911459306144e-10,0.25907233613102276,0.011610022678888736,3.831793750591238e-10,0.0,0.7290572919735472,0.00026034883335912496
448,0.9999999999975522,2.446270419270462e-12,0.9999962458563214,3.2027484481527927e-19,3.75414367801478e-06,8.703215510197968e-09,3.604745096425486e-08,7.617422240100162e-24,0.9999999552493338,4.441144906936496e-213,1.4912064849230588e-22,1.9557822395737027e-08,6.534476344640753e-08,0.9999999150974155,1.8622815285871936e-09,1.6416762140953917e-10,0.9999999515253867,0.0,4.64481627873693e-08,1.6252543737802945e-24
449,4.4074084650140193e-14,0.9999999999999574,5.632401061125094e-22,0.8920310407272749,0.10796895927272503,1.7499940091052236e-09,0.999365358092412,0.0006346401575959897,1.0825941807373805e-22,0.0,0.0037485909519708,1.2115606229565534e-09,0.9962514078364753,7.073319855547765e-23,5.0231889182923775e-09,8.778845651205579e-13,3.0332701398526953e-23,0.0,0.9986006076834046,0.0013993872925222863
450,0.999999999998689,1.3111837028422832e-12,0.9999939656042323,1.0581572017395917e-19,6.034395769331572e-06,3.5483399189712953e-09,5.0981195255565415e-08,3.827188583342566e-24,0.999999945470465,2.6956052239565895e-222,6.362066955219282e-23,8.607377396927883e-09,9.143888557228538e-08,0.9999998999537368,1.770495337070946e-10,6.101392927034912e-09,0.9999999279206396,0.0,6.580091936392133e-08,1.1748385345011478e-24
451,0.9912931245673384,0.008706875432658799,0.010171213882416699,1.2041728410994278e-06,0.9898275819447448,0.9998563554026956,1.1358479157355038e-06,1.186153750517185e-12,0.0001425087482011743,9.456924175757277e-285,8.685272864346079e-12,0.9999357014830531,7.363008468355838e-07,6.356220741741976e-05,0.999995913426447,1.1480574312748388e-09,4.061932502916509e-06,0.0,2.3492971608298717e-08,2.2388956858449113e-14
452,2.903197505851084e-11,0.9999999999709672,1.1207906762297876e-24,0.41106896021665834,0.58893103978334,2.7924631952069326e-06,0.9985262549372312,0.0014709525995711518,6.68788522984029e-25,0.0,0.006551220976257894,1.9789149366680737e-06,0.9934468001088019,4.157894320100044e-25,3.605044347339261e-05,8.123448682167332e-10,5.126079017866585e-25,0.0,0.9968052193979504,0.0031587293462307033
453,1.704265240459124e-14,0.9999999999999858,2.2502043273466086e-23,0.9998176934733509,0.00018230652664402887,0.0001686945498902743,1.1741275582147328e-12,0.9998313054489395,2.286632897143339e-28,0.0,0.9999728038824975,2.7196117245953162e-05,2.574070774145782e-13,3.380199152238257e-29,1.2499876696874647e-13,3.2979578466333364e-05,3.0863951974624273e-29,0.0,1.0874176889676415e-12,0.9999670204203173
454,0.06739514772462629,0.9326048522753793,8.102003387972843e-10,4.6256319517650355e-08,0.9999999529334798,6.938722578785221e-06,0.9999930560184476,8.412376444929869e-11,5.1748503140605445e-09,0.0,4.855317697833138e-10,7.5114798389109025e-06,0.9999924850692994,2.9653272517672843e-09,1.5790674676783238e-06,4.309427223319208e-12,2.3544522947718916e-09,0.0,0.9999984185332309,4.0538161575416737e-11
455,0.999906137287959,9.386271203765416e-05,1.9710639978498353e-05,5.766568007316447e-11,0.999980289302353,2.1761157698324765e-08,0.9999954117003642,2.014240303073063e-15,4.566538473868473e-06,1.4613133576896e-310,1.3307000548434609e-14,2.1660135895528436e-08,0.9999976299795909,2.3483602587132296e-06,3.860204261947073e-09,1.985369808713049e-10,1.5039277409015024e-06,0.0,0.9999984920135178,3.421844822265542e-16
458,0.9999999999999964,1.9746487150266423e-15,0.9999999940681867,5.0160020761881524e-24,5.931813366427238e-09,1.4147460641459565e-10,4.993959078290188e-12,8.052771602911447e-29,0.9999999998535323,5.399358821755617e-189,1.666758543605912e-27,4.1960870245623534e-10,1.0203427305774908e-11,0.9999999995701891,4.649433149955702e-12,3.494813278201997e-11,0.9999999999532747,0.0,7.1275031483630615e-12,1.2473712017224511e-29
459,5.120093181104305e-19,1.0,6.194602068812239e-29,0.9999999384933763,6.150662778873157e-08,0.00017984221798312555,1.2622000076614781e-17,0.9998201577820177,4.5116308789450175e-34,0.0,0.9999620881315127,3.7911868487634595e-05,2.7389976382391884e-18,9.503438238235107e-35,2.9784634198699887e-06,1.6463833614528793e-08,3.918589901983946e-35,0.0,1.8009350730157952e-18,0.9999970050727511
460,0.9999784443990256,2.1555600973785242e-05,0.0001880758688432901,3.4786504580031526e-11,0.9998119240963685,2.3765055401334536e-08,0.9999545119065806,2.5874658422962855e-15,4.5464328359388586e-05,2.2608725445285902e-263,2.258869839088057e-14,2.6686246786366063e-08,0.9999741725318845,2.580078184598522e-05,1.6835360484032092e-09,3.196857083976982e-08,2.415965860971924e-05,0.0,0.9999758066892827,9.20974580559508e-16
461,0.9999999997509477,2.490557817888043e-10,0.9997048146101563,7.271351424863298e-16,0.00029518538984171647,8.974970852133323e-06,1.2435658803391964e-06,3.3596006092025025e-20,0.9999897814632692,6.778314269686563e-241,4.785417729728823e-19,2.3335107378104766e-05,2.299670299187722e-06,0.9999743652223219,5.7771632707437e-06,1.2624785441066827e-08,0.9999927939716503,0.0,1.4162402953681904e-06,6.631156747130684e-21
462,0.006524362037472567,0.9934756379625252,4.338544270656167e-07,0.0004431039950473113,0.9995564621505288,0.9999839184637883,1.6029948387704132e-05,2.3322361567937382e-08,2.826546475998632e-08,6.7603e-320,1.3858950265848243e-07,0.9999873606009104,1.2485305855356782e-05,1.5503733558541323e-08,0.999998209110371,6.001078375581088e-07,2.891712922988015e-09,0.0,1.1850985870377969e-06,2.7914929257441784e-09
463,0.999999999030301,9.697011687476057e-10,4.711749112956574e-07,2.4473565459888223e-16,0.9999995288250902,1.1986043552037573e-13,0.9999996672532901,3.883907219034167e-20,3.3274659029857713e-07,1.71198e-318,3.239946147358859e-19,1.3070133576258442e-13,0.9999997948924385,2.051074274340697e-07,5.905913469021627e-14,4.51451256903626e-16,1.4719464631438676e-07,0.0,0.9999998528052922,2.647672116180105e-20
464,0.006524362037472567,0.9934756379625252,4.338544270656167e-07,0.0004431039950473113,0.9995564621505288,0.9999839184637883,1.6029948387704132e-05,2.3322361567937382e-08,2.826546475998632e-08,6.7603e-320,1.3858950265848243e-07,0.9999873606009104,1.2485305855356782e-05,1.5503733558541323e-08,0.999998209110371,6.001078375581088e-07,2.891712922988015e-09,0.0,1.1850985870377969e-06,2.7914929257441784e-09
465,0.9902348984088987,0.009765101591104868,6.3406104608670705e-06,7.0840878403415826e-09,0.9999936523054515,3.6160099026011064e-05,0.9999509181204902,2.689407791090191e-12,1.2921777792210982e-05,4.70517023045524e-265,2.5074353134635554e-11,3.174343326188074e-05,0.999960951996956,7.304544710000897e-06,8.094029952201334e-06,1.0032122385154199e-06,5.817746603289912e-06,0.0,0.9999850850103597,8.478240554235628e-13
467,3.021270972305704e-27,1.0,4.964371511190139e-57,0.9999999999978684,2.136644342124349e-12,2.6679073924669738e-11,2.4411692774567116e-14,0.9999999999732978,2.9233656568495517e-56,0.0,0.9999999999968594,3.1408236814770197e-12,3.770875986397322e-15,7.111987400771814e-57,3.8239893529235224e-13,1.4801683380000837e-13,4.1587618926684884e-57,0.0,6.81948811850477e-24,0.9999999999994742
468,4.276381568130086e-15,1.0,1.7615663590023707e-31,0.8519747885412917,0.1480252114587016,9.886325275592055e-12,0.999831552444915,0.00016844754520215573,1.4929345568524787e-25,0.0,0.0009880134704927193,5.908816849060412e-12,0.9990119865236021,1.0351843417303436e-25,6.781950946231606e-15,1.3817783542478804e-08,1.433854488835974e-33,0.0,0.9996634058670343,0.00033658031517438193
469,1.2858227529213776e-26,1.0,3.8183147357785093e-45,0.9999992337182939,7.662817047315927e-07,1.4630717604682584e-16,7.68943980533613e-14,0.999999999999929,9.407740885867044e-44,0.0,0.9999999999999574,5.315534688575285e-17,3.9662011407142286e-14,3.795783439589167e-44,2.4501660083133443e-18,4.278025524401096e-24,7.813431525206622e-52,0.0,2.2375644366836152e-14,0.9999999999999716
471,0.9999952233716168,4.776628384571025e-06,0.01520033963986985,4.467110701706714e-11,0.9847996603154608,1.1721655623983799e-05,0.9713337547472699,3.9001210641585264e-14,0.028654523597068524,6.084060218677393e-265,3.0195908663560453e-13,1.358188887544316e-05,0.983012418808591,0.016973999302233485,4.833293600541092e-07,7.251715461026935e-05,0.016555215155064855,0.0,0.9833717843609485,1.323053384831887e-14
472,2.8772552958866233e-19,1.0,5.684799000053888e-32,0.9999998381254318,1.6187456677266454e-07,3.6349444226856366e-07,4.353664920583949e-26,0.9999996365055587,3.5596944502641203e-37,0.0,0.9999999681109278,3.1889074853855644e-08,6.925076954229505e-27,3.4230288188650425e-38,1.1519266599165275e-20,0.02954685206555189,1.525235719210464e-38,0.0,2.985789224285456e-35,0.970453147934454
473,1.7473437515954332e-26,1.0,3.940564481057502e-46,0.9999997837458302,2.162541630074764e-07,3.332221289514864e-07,9.796281904247815e-16,0.9999996667778661,2.2491510304459592e-36,0.0,0.9999999417297419,5.8270257040115796e-08,3.0176672157279746e-16,4.565279850883146e-37,6.579559934370915e-19,0.00012254267586916996,2.6348771186662166e-44,0.0,5.193130842484189e-16,0.9998774573241261
474,3.5232369168121553e-15,1.0,2.0660051599248337e-30,0.9999995608304572,4.391695381461153e-07,0.8876655846890487,1.487341343146239e-11,0.11233441529608397,4.7627334637959963e-29,0.0,0.6134940406610241,0.38650595933329807,5.682724906658526e-12,2.3163002902026425e-29,0.6485798847138317,0.000262608316782311,6.401604172924481e-29,0.0,4.165924939711676e-20,0.3511575069693909
475,0.019034795848701595,0.9809652041512964,6.0016130072006195e-06,0.001120419675079687,0.9988735787119195,0.9999999961560775,8.30128578276612e-11,2.6761258488065413e-10,3.493293801800777e-09,0.0,2.441781532027369e-09,0.9999999951689702,7.817193244838591e-11,2.311076491818524e-09,7.827725271123662e-12,0.999999998814296,1.1294419029797794e-09,0.0,7.819670310379565e-20,4.843795563800462e-11
476,0.969814123469815,0.03018587653018514,0.0004627335160425248,2.2302620397607503e-07,0.9995370434577509,0.9989485442226884,0.0005505942565240836,2.926789488505879e-11,0.000500861491521345,3.409544968087719e-292,3.7402609388366747e-10,0.999302978018806,0.0004196954673613087,0.0002773261398035269,0.995978669671214,0.001819325278913789,0.001403938052784265,0.0,0.0007980669497376533,4.7346973422164764e-11
478,0.9992777096006036,0.0007222903993987309,0.00289849558820326,9.961649415104491e-09,0.997101494450148,0.6672299088525245,0.18833808498692078,8.159363645776567e-11,0.1444320060789602,8.784378037236925e-282,9.79513516220678e-10,0.7141457076292171,0.1883859097028416,0.09746838168842945,0.5742174646564308,0.019963846820936534,0.27482696278124114,0.0,0.13099172563354988,1.0784134804385678e-10
479,1.8871130969431117e-07,0.9999998112886921,9.636994834827868e-13,0.09579104409459847,0.9042089559044373,0.9813288913169763,0.017450244383929097,0.0012208642809658178,1.8132304038623194e-11,0.0,0.009665777634054178,0.968207818856748,0.022126403496111446,1.3084307064269731e-11,0.3340837875374318,0.6072024082491128,5.3184315312269225e-11,0.0,0.052182734196081555,0.006531069964189336
481,3.4471491000961473e-15,1.0,1.3139387199597817e-22,0.9999523389601772,4.766103982369417e-05,0.01565890122526564,3.145056852536862e-05,0.9843096482062093,1.9071051803031543e-20,0.0,0.9983335624042107,0.0016622828255882553,4.154770198512017e-06,1.8496368357012483e-21,0.19186918569029093,9.530081804463721e-09,6.604542239570429e-21,0.0,2.660997561252263e-06,0.8081281437820687
482,3.326127913631987e-26,1.0,6.230605603728802e-55,0.9999999999982805,1.7247044566510122e-12,3.692377304396775e-09,1.0269099334499959e-14,0.9999999963076078,2.040851960429113e-46,0.0,0.9999999994441424,5.558595395695288e-10,2.541212991294628e-15,4.352010918944069e-47,8.043081047151616e-10,6.8961213736725856e-15,8.877771298090971e-55,0.0,4.6959418034252304e-24,0.9999999991956798
483,8.872885792894855e-07,0.9999991127114172,9.481338648518247e-11,0.084906138293919,0.915093861611264,0.9999998823776719,4.378007491423609e-08,7.384204811909724e-08,2.0327547788507936e-13,0.0,5.204456136247497e-07,0.9999994393718347,4.018241774579124e-08,1.3339885366238077e-13,0.9999999950197065,7.675751551681382e-10,7.456101986872429e-15,0.0,9.474079309030259e-10,3.2653017016374628e-09
484,2.167230209274656e-05,0.9999783276979093,2.636267391852276e-10,0.005866883602491794,0.9941331161338849,0.9998930632637533,0.00010019937667767987,6.7370634628194816e-06,2.9610511149239865e-10,0.0,8.171854765798479e-05,0.9997986155677421,0.00011966565770859978,2.2689220435468878e-10,0.007471405209913914,0.9924955208948416,4.1643882544933293e-10,0.0,2.676313636252074e-05,6.310342445917654e-06
485,0.999999999989921,1.0079268836915092e-11,0.9999419185550305,2.3162523830689952e-18,5.80814449697059e-05,2.98833967732062e-08,1.2220383188174118e-06,1.5554552979640202e-22,0.9999987480782856,2.4411306061533668e-230,2.089212627845759e-21,7.918594551205552e-08,2.215859200909085e-06,0.9999977049548552,1.4271571145617764e-09,3.0432587471108683e-08,0.9999985192872833,0.0,1.4488529723840916e-06,3.2528347479102645e-23
486,0.9999999998235012,1.7650068065130138e-10,0.9988345332502513,1.6860293728020448e-16,0.0011654667497460072,6.741034897655287e-07,1.990681622263564e-05,1.1379759824527077e-20,0.9999794190802888,5.10104581481594e-228,1.960224924625518e-19,1.5753771293453628e-06,3.6955835490310346e-05,0.9999614687873827,1.1168016975047455e-07,7.309720898053169e-08,0.9999766898645485,0.0,2.3125358074799913e-05,2.508035941958109e-21
487,2.8479511656756326e-20,1.0,1.4803748860690807e-38,0.9999999606482398,3.935175575773012e-08,8.685934657671684e-07,5.2282317672072535e-09,0.9999991261783076,3.42024148924256e-37,0.0,0.9999998134914169,1.8524567060051424e-07,1.2629065581216851e-09,6.754729160234194e-38,2.919186079780251e-05,1.1835876152751081e-20,4.743363049475868e-38,0.0,4.050988139100267e-10,0.9999708077341054
488,0.99999999930737,6.926309959312315e-10,0.9971755363183353,1.5943040255802902e-15,0.0028244636816654417,1.1672956184002008e-06,8.598112128388975e-05,5.622804591858945e-20,0.9999128515830966,2.0368408710508582e-229,1.336283335896985e-18,2.1847188900666375e-06,0.00015290069711141566,0.9998449145840019,1.5198118180520007e-07,1.4955221321233572e-07,0.9998526397040906,0.0,0.00014705876251369735,2.2800836086638652e-20
490,0.6415331517521573,0.3584668482478415,1.7083033514581386e-07,2.454867907117519e-07,0.9999995836828731,0.020568849746557247,0.9793695294564219,7.676240743160024e-09,6.161312078028789e-05,1.0388247872e-313,4.97851460878412e-08,0.014866717584214088,0.9850960225060869,3.721012455375115e-05,3.9932924297499895e-09,0.9983331996893455,5.578060849814219e-08,0.0,0.001666740530604165,6.145934570621244e-12
491,1.0,5.186808915069724e-22,0.9999999999999964,4.304899625611512e-30,4.762384930192923e-15,1.2540269305869974e-17,8.191256905528767e-17,8.864225102161837e-27,1.0,6.127476073721145e-185,3.8150915562557684e-33,3.3931806581482316e-17,1.6100423516270846e-16,1.0,9.758455047956112e-19,1.775388400809963e-18,1.0,0.0,1.3433037409787313e-16,3.553339526993247e-35
492,3.963398751339955e-14,0.9999999999999574,5.8262562063432e-28,0.9999861995381994,1.3800461793581664e-05,0.9742201723245666,3.0836559315553266e-09,0.025779824591779618,7.86871788728446e-27,0.0,0.18639934085760784,0.8136006567639765,2.378415252051993e-09,5.173174380157531e-27,0.9996521802967698,2.0667652084660443e-12,2.8842954375198616e-29,0.0,5.435902380811761e-12,0.0003478196957258812
494,1.959709650126566e-14,0.9999999999999787,1.4633781955525583e-21,0.9999535561062527,4.6443893746815375e-05,0.6473141635372661,1.0375683282935828e-06,0.35268479889440685,1.3390428510713258e-19,0.0,0.8610143298552749,0.13898543991526105,2.3022946942204629e-07,3.0471641178982154e-20,0.9636797892751304,2.8481163809357442e-09,3.6804122077115296e-21,0.0,2.3046791753451785e-16,0.03632020787675146
496,1.1167381953652166e-15,1.0,2.7101961965374914e-20,0.9999999986591916,1.3408118924371588e-09,0.999999999997101,1.8692641900058782e-16,2.903379949605729e-12,1.0550410817598205e-21,0.0,3.1386907597619115e-11,0.9999999999686082,2.0819936912855618e-16,9.36323635840627e-22,2.3771467808825193e-09,0.9999999976170102,2.3916522578127398e-21,0.0,5.345194821818005e-17,5.837454976265651e-12
499,0.9999908737514356,9.126248561928586e-06,0.862505382112714,1.7194098262389576e-09,0.1374946161678734,0.8609066392493605,1.5400920770781117e-06,2.848391140004021e-14,0.13909182065853595,2.506853573077652e-236,1.950789046104881e-13,0.9406532960419994,1.0139859566149061e-06,0.0593456899718498,0.9058328198087754,1.1971673036870584e-05,0.09415471327967821,0.0,4.952385010408406e-07,8.263979379142966e-15
500,6.111761970987174e-15,1.0,4.5925088905040766e-23,0.9982242953076403,0.001775704692363199,0.0008925151567346934,0.010495684264973566,0.9886118005782925,6.586969877283049e-21,0.0,0.9987518991832699,0.00010857651317457133,0.0011395243035591408,8.095996404876442e-22,0.0005439302302686053,4.295908959992559e-07,1.263941427453703e-21,0.0,0.0011955021064683242,0.9982601380723665
501,4.384019843348426e-07,0.9999995615980135,6.907953804814647e-14,0.0006675799078685037,0.9993324200920607,7.205269302123669e-05,0.9999250219168279,2.92538948406891e-06,6.701060670740625e-13,0.0,2.2262961078956813e-05,4.541666991723425e-05,0.9999323203685709,4.3469687073534234e-13,2.2668693003102487e-07,0.0019842790134126063,2.742204575952346e-13,0.0,0.9980107098086239,4.784490756810671e-06
502,0.9999999992007673,7.992318172916326e-10,0.9966475055875498,1.4700005744231e-15,0.0033524944124489514,2.2061672894556736e-05,2.035386449065322e-05,2.7433489199824994e-20,0.9999575844626166,7.098006849017795e-237,4.0127111270698154e-19,6.227761501571406e-05,4.013361918910012e-05,0.9998975887657982,5.014197666319321e-05,5.442246890123428e-10,0.9999042097374297,0.0,4.56477416822987e-05,8.628626787816233e-21
503,1.3737396634857772e-28,1.0,2.868685324886636e-44,0.9999999999995453,4.58374022054026e-13,2.0837739892947053e-12,4.0768220273608283e-13,0.9999999999975131,5.978741836948115e-43,0.0,0.9999999999996732,2.5996109268541483e-13,6.349855832579391e-14,9.498313910315072e-44,1.7856610191682843e-11,4.771749975403023e-22,1.233084095419997e-44,0.0,7.077452554190411e-15,0.999999999982137
504,5.966947294391285e-09,0.999999994033054,1.7736612019379192e-13,0.8468834894394219,0.15311651056039924,0.9999940804036516,8.312794340529532e-08,5.83646840092264e-06,1.918801995194733e-15,0.0,4.376360893111316e-05,0.9999561671053813,6.92856830764153e-08,1.2152531716741157e-15,0.9999998057866837,1.5696129264398783e-09,3.2917069823130616e-17,0.0,9.124148818732965e-10,1.9173128948930092e-07
505,6.408117058442464e-09,0.9999999935918851,8.146544348047492e-14,0.9887032954712272,0.011296704528688658,0.9999091435121644,3.6732366331408276e-09,9.085281458902535e-05,1.0284979572766358e-14,0.0,0.0008459126990369902,0.999154083142786,4.1581671683019164e-09,8.461977031078015e-15,0.9564267507249342,0.042893855335646,5.161991563071734e-14,0.0,5.475286920009844e-09,0.0006793884640791057
506,0.0006993710238068492,0.999300628976195,3.620953819576427e-08,0.0004908484185282586,0.9995091153719351,0.9996773115558316,0.0003225399814715462,1.3685162490072745e-07,1.161107432539296e-08,5.3736479505489635e-283,1.152586323249221e-06,0.9997199958266314,0.0002788440455967426,7.541449275827176e-09,0.9999849733824275,2.3536148189744788e-07,7.215703959937999e-10,0.0,1.4783718575034696e-05,6.815944523883942e-09
507,6.932614348254598e-15,0.9999999999999929,1.4254185176764865e-23,0.9781070388910447,0.021892961108961398,9.35539880376218e-09,0.9799397913095167,0.020060199335085117,4.604691358362673e-23,0.0,0.105685344752727,5.510580655175409e-09,0.8943146497366902,2.786662081954283e-23,8.744777901464806e-09,7.018743612586657e-10,2.920226876049215e-23,0.0,0.936274772993685,0.06372521755966049
508,1.4883170707022064e-23,1.0,8.319275614895588e-38,0.9999999980624068,1.937587776063727e-09,2.0350316740514103e-11,1.438806933456775e-08,0.9999999855915789,2.0307740368962124e-36,0.0,0.9999999974566762,2.208826728053841e-12,2.5411147462967434e-09,2.7120195491448444e-37,3.19722207015529e-13,6.358442629687513e-14,1.44416516190958e-37,0.0,4.627493424263323e-10,0.9999999995368682
509,4.952899621845844e-21,1.0,7.597742597597553e-41,0.9999999262010589,7.379894356105439e-08,6.467638494196231e-09,1.576111579191388e-08,0.9999999777712392,6.23662977229928e-32,0.0,0.9999999963315531,6.170787995318863e-10,3.051365572375251e-09,1.1859908960789116e-32,5.571093544795993e-13,0.0002137446945417595,7.874916164066058e-40,0.0,9.94291651995129e-10,0.99978625431061
510,0.677672515359851,0.32232748464015243,3.0085909011612948e-06,1.9175967112755563e-07,0.9999967996494287,0.003353767517785857,0.9966121675214639,1.1697139117423068e-09,3.406379103675434e-05,4.568899701510131e-308,9.058295962643709e-09,0.002986467063861897,0.9969913062224883,2.2217655356913347e-05,0.001377596046978834,3.664736935409681e-05,2.0106495007878553e-05,0.0,0.9985656491995027,8.891550035941475e-10
511,1.1649296721536103e-24,1.0,6.329134593676892e-39,0.9999999999472067,5.278905056451456e-11,1.2654143533648662e-10,7.20025199656869e-21,0.9999999998734523,2.942050058415696e-37,0.0,0.9999999999905782,9.41493119932187e-12,1.2656436379622041e-21,4.3468337688852964e-38,1.3791468575452476e-15,6.8471354665933475e-09,1.1586118197473223e-38,0.0,2.785388021942181e-30,0.9999999931528691
512,0.0007927377851090451,0.9992072622148932,2.0470654795790463e-11,1.180044321579492e-06,0.9999988199352075,5.7749853789865625e-09,0.9999999941488156,7.26452165515029e-11,3.5530191553683586e-12,0.0,6.726686669647245e-10,3.3669417568673722e-09,0.999999995958305,2.087756233855632e-12,1.56143478255558e-10,9.963865246367017e-08,1.338643039476155e-12,0.0,0.9999999001618797,4.1986409391815226e-11
514,0.15439862536547655,0.8456013746345235,2.989497540508579e-05,0.0002500807236601645,0.9997200243009327,0.9999998844606064,1.6756322520289632e-17,2.085675822174344e-10,1.1533082257214416e-07,4.905355425810758e-292,1.7270085780145129e-09,0.9999999263608101,1.693353507344313e-17,7.191217972132925e-08,0.00093975382124778,0.9990601249144918,1.2104897964185684e-07,0.0,1.0677348206879406e-25,2.1528127194297987e-10
515,0.8475465310299745,0.15245346897002543,3.053775186971689e-07,2.3195425960961e-08,0.9999996714270523,7.462755662087034e-06,0.999992021764393,1.2211469292825692e-11,5.154677326850112e-07,1.8942e-320,1.3096912979354103e-10,8.097738891073932e-06,0.999991578871958,3.23258178636109e-07,3.978275658479549e-06,8.949746168437292e-08,2.4109119861819133e-07,0.0,0.9999956911302199,5.462604252908116e-12
516,5.015462944350152e-14,0.9999999999999432,1.80988153428868e-20,0.9993106107040206,0.0006893892959829711,0.43806358138684914,0.0008954424122600295,0.5610409762008899,8.146526978035354e-18,0.0,0.9143967973456897,0.08539770673826429,0.00020549591605265388,1.4524054113868943e-18,0.997753904003352,1.298101563936169e-13,6.40781373722104e-21,0.0,8.1104429948603e-07,0.002245284952222204
517,0.9999999991167812,8.832190573042386e-10,0.9995771052412205,2.1115907682938926e-15,0.00042289475877615773,7.294722266374304e-05,4.7479490651240526e-07,7.41380911347523e-20,0.9999265779824276,2.0324353305030384e-220,1.2020433398966292e-18,0.00017227965587276531,8.063414787616009e-07,0.999826914002645,0.00010143512714528517,1.243513233428658e-08,0.9998979325061762,0.0,6.199315425597438e-07,2.2635325467903945e-20
518,0.0021896413836637297,0.9978103586163393,1.1633273550645068e-08,6.275910264188131e-05,0.9999372292640849,0.9729096050311752,0.027089727844447353,4.777235578968349e-07,1.8940081882545935e-07,1.0936464e-317,2.9849636520087398e-06,0.9766113237759597,0.02338557315448377,1.181059078569471e-07,0.9617260732151927,0.008945103214859498,2.277101028863841e-07,0.0,0.029328098969139224,4.968907090398841e-07
519,0.9999999327390392,6.726096179366057e-08,0.890915836840263,1.602062635260024e-12,0.1090841631581337,0.00015457543508033987,0.004015848029304273,1.3854851110837075e-16,0.9958295765356179,7.733631461529972e-219,2.5019995004846755e-15,0.000340768802037869,0.006905223436054392,0.9927540077619025,0.00021808562923651743,2.4998724015798247e-07,0.9933922077236711,0.0,0.006389456659851982,9.181778700829111e-17
520,0.9999999798058286,2.019417476777775e-08,0.9987611335414814,2.7239171590992383e-13,0.0012388664582487444,0.007036062580695141,2.498300114119388e-07,7.232582893842276e-18,0.9929636875892958,3.7249789567578116e-237,1.3143606428253349e-16,0.01760545678303455,4.2848973232021115e-07,0.9823941147272321,0.03770770393713976,3.21058257214974e-08,0.9622920564887559,0.0,2.0746827893482158e-07,1.6954134496229919e-18
521,0.9999992199846575,7.800153430851911e-07,0.9791114062929234,7.046308104200014e-11,0.020888593636612024,0.2216470169620975,7.035340488372564e-08,6.631081563336506e-15,0.7783529126844908,2.753413758773322e-264,7.052504724250449e-14,0.38343398960186953,9.140933137999477e-08,0.6165659189887314,0.00047088767031712886,0.26940219969118145,0.730126912638496,0.0,2.4884835606296423e-16,1.5612417299305483e-15
524,0.9019896533064528,0.09801034669354947,7.74548251045477e-06,8.735485542944844e-08,0.9999921671626337,0.019430402405333926,0.980351659858065,1.1455433572006122e-09,0.00021793659105538165,1.93001508080863e-281,1.00731070247113e-08,0.017335073283446682,0.9825281981540882,0.00013671848935893218,0.0009545307022911194,0.0561586162812935,0.00018862030898260553,0.0,0.9426982322628499,4.445822925549444e-10
525,5.613536221862543e-08,0.9999999438646385,9.84855958936306e-21,0.4677640673083201,0.5322359326916843,0.9979398248365647,3.222134744378927e-14,0.002060175163110826,2.943536573616612e-13,0.0,0.016984999604704065,0.9830150003950537,3.545709683834273e-14,2.08754124755329e-13,3.7272814652309265e-10,0.9999995654474125,7.927053678334289e-25,0.0,1.1442189014116983e-26,4.341798567503109e-07
526,0.0739371008366792,0.9260628991633205,2.723087528001661e-07,1.8685463253674903e-06,0.9999978591449229,0.08426741834831207,0.9157280373500063,1.9094119698588974e-08,4.525207560382897e-06,2.06701e-318,1.594358144932409e-07,0.08270091861766374,0.9172956405738375,3.2813726811511754e-06,0.16329206696041249,3.495298982336193e-05,2.754169631304697e-06,0.0,0.8366702110446914,1.4835441823588397e-08
527,1.5839016174296292e-09,0.9999999984161008,1.9789348266493796e-16,0.02681716771017742,0.9731828322898203,1.2695887988872377e-06,0.9999509294175724,4.7800993628922844e-05,2.6846587549455303e-16,0.0,0.0002975236041895645,7.409975118023629e-07,0.9997017353982989,1.561901287862316e-16,2.001477289080013e-08,1.1558951652139812e-05,2.060511662444888e-16,0.0,0.9999272399026213,6.118113094820364e-05
528,1.4205541504748094e-09,0.9999999985794474,2.1641163383437642e-16,0.09925111633155141,0.9007488836684469,6.717289099707954e-06,0.9997793744408437,0.00021390827005844076,2.562690926730295e-16,0.0,0.0015951163312687149,4.952705719144433e-06,0.9983999309630147,1.6928693573394415e-16,1.735994771708579e-06,7.479398667151984e-07,1.8130638006367268e-16,0.0,0.9996328939057476,0.00036462215961565304
530,6.06013443396046e-07,0.999999393986555,5.461402389047752e-13,0.001674288274313757,0.9983257117251394,0.006715769063670292,0.9932299207222878,5.4310186146942336e-05,2.789683693073664e-11,0.0,0.0004992766971695005,0.004175238765620715,0.9953254845161761,2.1030822365087615e-11,0.00019806014846419332,0.07679873317448815,1.6858564019872393e-11,0.0,0.9229460089330297,5.719772716243032e-05
531,1.0,2.3720782657314788e-17,0.9999999998466915,4.0724162159887985e-27,1.533083473502915e-10,8.803826531436333e-13,4.768843751877312e-13,3.378333756314888e-32,0.9999999999986429,1.0513749417120168e-160,6.9521142363968305e-31,2.633344003120885e-12,9.750477236684247e-13,0.9999999999963922,7.81189626640654e-14,2.7801619743320143e-14,0.9999999999990887,0.0,8.047383551289188e-13,3.48275019065096e-33
532,1.0,2.3720782657314788e-17,0.9999999998466915,4.0724162159887985e-27,1.533083473502915e-10,8.803826531436333e-13,4.768843751877312e-13,3.378333756314888e-32,0.9999999999986429,1.0513749417120168e-160,6.9521142363968305e-31,2.633344003120885e-12,9.750477236684247e-13,0.9999999999963922,7.81189626640654e-14,2.7801619743320143e-14,0.9999999999990887,0.0,8.047383551289188e-13,3.48275019065096e-33
533,1.0,4.615524424956969e-17,0.9999999996192059,1.1489801128128294e-26,3.807933722285761e-10,2.4305691915828118e-12,6.191842711068361e-13,1.037234258385391e-31,0.99999999999695,8.242201001854532e-161,2.1391911709280416e-30,7.595674211283313e-12,1.2552525803744715e-12,0.9999999999911484,1.2310612896230916e-13,2.364084534376573e-13,0.9999999999985771,0.0,1.0632115269001142e-12,1.3661360220558653e-32
534,0.999967680755028,3.2319244972347224e-05,0.004372027176683506,1.5689211994429944e-10,0.995627972666425,7.1231352057224405e-06,0.9957070610499409,2.7870895269443613e-14,0.004285815814823001,2.0854092155025066e-292,2.5261556428698775e-13,5.416271780884146e-06,0.9974009679544296,0.002593615773538219,9.351106441383507e-07,5.045526037270106e-06,0.002141113215760107,0.0,0.9978529061475485,7.346851708326566e-15
535,0.999999978434204,2.156579267957411e-08,0.9510109982577114,7.368598941602295e-13,0.048989001741549076,0.0007345851454382583,9.855361824123637e-06,3.532597882980317e-17,0.9992555594927377,1.065018322818748e-248,8.970459711115474e-16,0.0013759294837659018,1.8999147537650485e-05,0.9986050713686966,1.3503771662465495e-06,0.04862950233852224,0.9513691472842513,0.0,6.151168518288019e-14,1.2117221950968873e-17
536,0.9999999823730407,1.762695802438438e-08,0.10274506703199074,1.268715561839445e-13,0.8972549329678841,9.181447921290502e-10,0.9937614020844303,1.974310779105592e-18,0.006238596997426756,8.908231657987498e-247,1.7180585074933998e-17,1.0976481140590924e-09,0.9963280854701174,0.0036719134322325,2.8856775081080173e-11,9.667901963725114e-09,0.0026277266776847325,0.0,0.9973722636255596,3.614325388383264e-19
537,0.6123510336920917,0.38764896630790974,1.1613585315276334e-06,1.0675945208602763e-06,0.9999977710469466,0.9999999672134129,1.4346907092844124e-10,3.264066652214383e-08,2.4495534529049793e-12,0.0,2.90939718136293e-07,0.999999708867392,1.9100719999348844e-10,1.8822144201806754e-12,4.071462776834791e-07,0.9999995928264885,4.454371841608336e-15,0.0,1.9301704573369624e-21,2.7232703639376688e-11
538,1.0,6.975345486713187e-17,0.999999999641517,2.0174619437087113e-26,3.58483434631823e-10,2.5251570238842364e-12,1.0309185289245582e-12,1.7290295157688775e-31,0.9999999999964437,6.912140656328544e-170,3.666528323474686e-30,7.270849558262781e-12,2.0385153547053036e-12,0.9999999999906901,2.795184038276973e-13,4.7848373169363686e-14,0.999999999998046,0.0,1.6276210360747703e-12,2.1810662420935629e-32
539,1.0,1.453517888378707e-16,0.9999999959077073,1.44096576442999e-25,4.09229295065143e-09,1.968260982338467e-12,2.074716001161273e-11,1.697761015584327e-30,0.999999999977284,6.869158939689952e-169,3.414035546282461e-29,6.381217255162083e-12,4.178929389503886e-11,0.9999999999518288,6.867407892984403e-14,7.666597913246012e-13,0.9999999999588702,0.0,4.029546997298847e-11,2.5740604849784334e-31
540,0.9999968650876352,3.1349123621951276e-06,4.23699822245557e-10,4.593754250651405e-10,0.9999999991169233,0.056206886679772416,3.1126951372986176e-18,8.92767046449298e-12,0.9437931133112996,2.1470487227037042e-288,1.2563457864153616e-10,0.10116236050322014,6.091141428300975e-18,0.8988376393711438,1.0641427863066041e-18,0.9999999999987494,1.2471266086255676e-12,0.0,1.5225666218122373e-30,1.3692929760630738e-16
542,1.4436244506794238e-08,0.9999999855637611,1.5965122893940048e-24,0.005047032261924891,0.9949529677380726,9.78839664466769e-08,0.9999923207747067,7.581341330337793e-06,4.667068938177176e-17,0.0,5.363781300439885e-05,6.452846006837643e-08,0.9999462976585364,2.9114232558679125e-17,1.5066320868410614e-11,0.0011647254715688908,6.265482050120111e-25,0.0,0.9988271950213725,8.079491994922284e-06
544,3.3297992145814164e-19,1.0,9.638083660079845e-25,0.9999114136146452,8.858638534819217e-05,0.9995577104148865,4.057316304814457e-11,0.00044228954453639813,4.718483597642354e-25,0.0,0.0041847595203831954,0.9958152404796141,1.4821968672345454e-18,4.139024480499265e-25,0.9995608642753,5.0850858925789674e-05,1.982370550251639e-25,0.0,1.525538460076231e-19,0.0003882848657726468
545,4.009791971547798e-12,0.9999999999959925,5.050145760907569e-18,0.997478249260984,0.0025217507390161258,0.9371279055506112,1.8861085142943992e-06,0.06287020834086784,1.393460614094567e-16,0.0,0.4192361712347348,0.58076288249097,9.462742895658055e-07,6.951785177798855e-17,0.14099384520734068,0.06792105274987481,4.706138623692855e-16,0.0,1.0167374995736552e-14,0.7910851020427794
546,0.9999999983083683,1.691633359757235e-09,0.9947005779629673,1.0235784214914653e-14,0.005299422037024275,6.000159182370865e-05,1.6447689280553025e-05,1.1396854466280107e-18,0.9999235507188939,2.3554315586217723e-228,1.4713589013894727e-17,0.00014666751990645796,3.426502800751013e-05,0.9998190674520829,1.5647454000470867e-06,2.319823564915768e-05,0.9999546314065811,0.0,2.060561237156229e-05,2.5568153184751623e-19
547,1.9445171681661983e-17,1.0,2.876452609002845e-35,0.9999994620752685,5.379247264120243e-07,0.009082698570081921,2.0676294501047338e-26,0.9909173014299189,3.562155491207103e-33,0.0,0.999282739173424,0.0007172608265824723,2.1570339797468637e-27,3.4286478966652453e-34,1.2042198273935462e-06,0.007526668173533199,2.9277337277194e-41,0.0,1.228490761084021e-35,0.9924721276066412
548,3.127265901923479e-29,1.0,5.05556236036631e-53,1.0,4.1273209947892994e-20,4.8598019432748325e-21,6.913264048205422e-31,1.0,1.1649666371284066e-40,0.0,1.0,9.158256599485805e-22,1.9419697555239945e-31,1.3089778479841124e-42,4.411917314188306e-50,0.9263823421520657,1.0512141953940168e-52,0.0,5.456256507517251e-40,0.07361765784793924
549,0.003953702225899132,0.9960462977741034,2.9002836679910086e-11,8.513744677260156e-15,0.9999999999709885,4.7869619505229e-17,0.999999999932939,6.706226055406261e-11,4.321692908526844e-20,0.0,5.487620081880077e-18,3.828741367539227e-17,1.0,2.721259873526946e-20,4.46689056210638e-19,1.5700344781933753e-14,1.5239371444323975e-20,0.0,0.9999999999999858,2.7047552602068365e-19
550,0.9999996233002476,3.766997553172041e-07,0.13623215817795284,2.1197610510862473e-11,0.8637678418008493,0.00023433681257957053,0.07363094773917236,5.369198773352451e-15,0.9261347154482428,5.319223508834344e-252,7.75256787159778e-14,0.0003939796000280541,0.1464835051197807,0.8531225152801155,1.0764018156568717e-05,0.00041787588819120624,0.8648088957254344,0.0,0.13476246436821376,2.1324086213717444e-15
551,0.9999999988401598,1.1598435242064952e-09,0.9998453323898573,2.8471057544673834e-15,0.00015466761013836004,0.0003481456094763642,4.045352924344769e-08,1.204366042522048e-19,0.9996518139369951,6.096961858454804e-220,1.9392053146507852e-18,0.0009576761428781733,6.62618595409712e-08,0.9990422575952621,0.00019662215074590014,1.4907220676412688e-07,0.9998031953623073,0.0,3.3414740631834435e-08,2.841608584195574e-20
552,0.9999058316650203,9.416833498328044e-05,8.574327759426815e-05,1.50447028247199e-10,0.9999142565719555,7.580584232525094e-07,0.9999227924871595,3.107828519688168e-14,7.644945438639274e-05,5.055096837327197e-292,1.9319381191274492e-13,8.332567489666032e-07,0.9999591044498582,4.006229319697002e-05,1.1025958186817027e-07,1.988473609948978e-08,3.182463269806624e-05,0.0,0.9999680452229754,9.691894859024861e-15
553,0.9999999999999964,4.418062259793396e-15,0.9999999827613523,1.7731730129322442e-23,1.7238648112986076e-08,3.6563560132775897e-10,1.5770772166549098e-11,3.159896929645425e-28,0.9999999996185949,4.80476621440384e-198,6.072460516606438e-27,1.0731211346004375e-09,3.055854519794183e-11,0.9999999988963211,1.27462033451165e-11,1.0737734981995737e-10,0.999999999860627,0.0,1.9250681978774136e-11,5.088696732781169e-29
555,2.161832046023628e-23,1.0,1.5112050176221133e-36,0.9999999906728902,9.327112636248328e-09,7.727458979040383e-12,1.278432620896189e-06,0.9999987215596492,6.279781709666244e-35,0.0,0.9999998097071238,6.193297111882285e-13,1.9029225866100654e-07,8.179212632890572e-36,5.643891047469299e-11,6.346917833325016e-18,3.3552448339326364e-36,0.0,1.1588710492407504e-07,0.9999998840564569
556,0.9999998045634704,1.954365301817971e-07,0.9843590619892238,8.857911053679456e-12,0.015640938001920755,0.0027017780450770187,3.840545574610635e-05,9.052762244062657e-16,0.9972598164991773,6.280313426415414e-247,1.311768722260352e-14,0.005973126479573598,6.367549167257233e-05,0.9939631980287431,0.002162045406770774,3.4284663634854747e-06,0.9978068301318425,0.0,2.769599502189467e-05,1.721437373977531e-16
558,3.777185662424108e-14,0.9999999999999574,6.365187957822771e-29,0.999967096595393,3.290340461375566e-05,0.8746569137399776,1.3121036720735452e-08,0.12534307313898654,2.8610750690446896e-27,0.0,0.551015457189123,0.4489845336445417,9.166331140935422e-09,1.3327212415478011e-27,0.9758521353880705,3.461598430448987e-07,3.883835604730143e-28,0.0,3.677126904462547e-10,0.02414751808437658
559,0.9999999998550138,1.449897623183651e-10,0.9999809794114932,9.570782553027319e-17,1.9020588505893724e-05,1.1770887538794614e-05,2.483040783388454e-09,6.070018885607226e-21,0.9999882266294197,6.7676951400830175e-211,7.639202150313361e-20,3.180094384849931e-05,4.256825806433623e-09,0.9999681947993257,2.4334359950923042e-06,1.258836135709412e-07,0.9999974374699013,0.0,3.2104915051694315e-09,1.2451310309581182e-21
560,0.999999987466289,1.2533708060727049e-08,0.9762264984069381,1.341439599270015e-13,0.023773501592929968,8.929963082215715e-05,0.00022209806592957175,6.850647721542015e-18,0.9996886023032463,8.120291173957272e-267,1.1673247535500676e-16,0.00019486491677846605,0.00037985701004910894,0.9994252780731692,5.501867628000241e-05,1.61965846181441e-07,0.9996724086426074,0.0,0.00027241071526262425,2.744317319754734e-18
561,0.9990104270504719,0.0009895729495246579,0.0008634808279993357,1.908114677598566e-08,0.9991365000908512,0.9903221014377225,0.004804294897840087,1.3503194017856161e-11,0.0048736036509368,1.1861707119946599e-280,1.1644361179150027e-10,0.9945261462073629,0.0033268350119455177,0.0021470186642461044,0.9814182854073576,0.002345594925609369,0.00938785759967741,0.0,0.0068482620508457034,1.650781806733811e-11
562,4.690498040905562e-12,0.9999999999953104,6.220530095620014e-19,0.3850325850761002,0.6149674149239039,2.3635626967720183e-07,0.9994436563343491,0.0005561073093758464,2.1437347018651657e-19,0.0,0.002789838836480354,1.6093718606678507e-07,0.9972100002263301,1.483705093672292e-19,2.0266587172149282e-07,1.1744464200132472e-15,8.856464546761685e-20,0.0,0.999570125676514,0.00042967165761062043
563,0.9999999939265223,6.073481056044046e-09,0.9969808966865292,3.984548607581676e-14,0.0030191033134283956,0.0005524679330537191,2.1481766567909577e-06,2.226244070054891e-18,0.9994453838902897,9.524591790193666e-229,3.118989228328264e-17,0.0013246127439142357,3.3720973293199542e-06,0.9986720151587597,0.00025256121208189425,7.646839180669198e-07,0.9997439354621231,0.0,2.7386418779857173e-06,8.328728093768867e-19
564,8.627778958649704e-22,1.0,3.898564854094545e-50,0.9999999998408811,1.5911877427205548e-10,8.39552841063654e-06,1.3068551393895065e-31,0.9999916044715886,9.00364470933103e-44,0.0,0.999999243745366,7.562546322159195e-07,3.129543898956535e-32,8.33426217362864e-46,5.357094356406313e-23,0.9004404065783267,5.147299020264714e-57,0.0,2.3892788612884963e-41,0.09955959342167865
565,0.9994816062794081,0.0005183937205911892,0.0015178868105980333,2.1551072385133217e-08,0.998482091638327,0.9967971417508807,1.9872673097164772e-13,8.227431099474867e-12,0.0032028582406948697,7.933730335011845e-263,9.17742931045262e-11,0.9980913062103542,2.2125287825768356e-13,0.001908693697648873,7.887227542918467e-07,0.999982513800331,1.669747688393722e-05,0.0,8.336386870681948e-24,3.0164644158342525e-14
566,0.0008232006769152812,0.9991767993230812,1.426364480692519e-11,2.6659342839934084e-06,0.9999973340514581,7.732267211470067e-07,0.9999992256638932,1.094469076346429e-09,1.491428116073608e-11,1.854208e-317,5.3253020889592325e-09,6.104917312372083e-07,0.9999993841747759,8.190383110646581e-12,5.561107665046025e-08,2.3622558309006925e-14,3.128818069893596e-12,0.0,0.9999999440096035,3.761656589486016e-10
567,0.9999961880634737,3.811936526770769e-06,0.0033168175909076927,1.4387587033631725e-11,0.9966831823947063,1.2221125147514976e-08,0.9992866204727927,1.2457934383527258e-15,0.000713367306079043,6.855172264948963e-283,8.379474749609158e-15,1.2952454474079497e-08,0.9995999653858323,0.0004000216617042291,3.4075976785873884e-10,4.5502766473262704e-08,0.0002599563715448172,0.0,0.9997399977849275,3.8044035589179785e-16
568,0.9999867733422202,1.3226657779938636e-05,0.7238710547532012,5.128374792779668e-09,0.27612894011842576,0.6248098402611937,5.0212430815966194e-05,1.9401779333167636e-13,0.37513994730779304,3.9435662704621465e-274,1.5560380181129188e-12,0.7929767354807487,4.147419039943894e-05,0.20698179032729666,0.8645048626387096,4.105110506388725e-06,0.13546964969678532,0.0,2.1382553935108245e-05,6.199595449003719e-14
569,6.484835980842492e-11,0.9999999999351488,1.1663055156438658e-17,0.07997251703829547,0.9200274829617017,3.0742212206657413e-06,0.9998996745342182,9.725124455785434e-05,5.91321623472232e-18,0.0,0.0005849943342713631,2.217265195281514e-06,0.9994127884005328,3.982649234748132e-18,5.275437664504499e-06,2.7262576725612426e-09,2.7199373975316367e-18,0.0,0.9998648055399401,0.00012991629614050548
570,0.9999975788023258,2.4211976769926665e-06,0.022644743568076105,7.606011789959569e-11,0.9773552563558616,0.00018639723972345944,0.8179244241142687,1.173798890503578e-13,0.1818891786458933,8.0382009430966e-275,1.0977446565258308e-12,0.00025587385009651797,0.8957708159725798,0.10397331017622874,8.720910818475068e-06,8.490833437178623e-05,0.10994984171074809,0.0,0.8899565290440213,3.802640865932654e-14
571,0.9999999999624976,3.750324003141027e-11,0.999968013392961,1.2938843007511043e-17,3.1986607037409436e-05,2.1236394282010464e-06,4.730755623376722e-08,3.7725564240333145e-22,0.9999978290530163,3.6039595786517364e-213,7.375002468270378e-21,5.58200819372606e-06,7.905694852920456e-08,0.9999943389348591,9.008965210128924e-07,4.4629980651498975e-09,0.9999990310275142,0.0,6.361296706264643e-08,1.3183217011577004e-22
572,0.9999999993827089,6.172900078459414e-10,0.9997209483678275,2.2811895776038204e-15,0.0002790516321690425,8.376197204921446e-06,4.230412767441243e-08,1.0802304700357749e-19,0.9999915814986703,1.240015598345994e-267,2.2453083800518185e-18,1.551430419243065e-05,6.955506596176701e-08,0.9999844161407389,2.8065576652441956e-08,0.0007219020664981562,0.9992780698679276,0.0,2.4627279713900807e-16,4.346053656755601e-20
573,0.9999999999984048,1.5959101427529516e-12,0.9999984293815778,7.5513154208529e-20,1.5706184214986988e-06,1.1618033579215434e-07,1.9722194916168524e-09,1.1162168184794338e-24,0.9999998818474437,1.3386207863894348e-213,2.2212939177170112e-23,3.296166065638796e-07,3.6759662709846636e-09,0.9999996667074265,1.0473119719714602e-07,1.171645275724015e-11,0.9999998925831108,0.0,2.673974743898697e-09,2.939944910906629e-25
575,9.4015581002433e-06,0.9999905984418964,1.2487505200638008e-11,0.001049355477508323,0.9989506445100067,0.0218448717383473,0.9777963074141377,0.0003588201130982724,7.344152624533484e-10,0.0,0.0019749053684783866,0.01654497013685072,0.981480124000092,4.945799418472459e-10,4.05845169552556e-05,0.9998673225801122,2.3619023719807826e-10,0.0,8.145626052328664e-10,9.209185217967841e-05
576,0.9999999996139266,3.860749432992018e-10,0.9995311933696394,8.441926620051812e-16,0.00046880663035664107,4.175010108157362e-06,6.764152812093159e-07,4.448499085366149e-20,0.999995148574614,7.055773206712e-240,8.671517377464454e-19,9.574599520783754e-06,1.3097811452204308e-06,0.999989115619333,8.340664432011438e-08,6.843552939089281e-06,0.9999923004280953,0.0,7.726123241503768e-07,1.0956234228892013e-20
577,1.260087789369478e-16,1.0,3.1275388570247283e-25,0.9999750225697414,2.497743025510422e-05,0.0003995253861326611,0.00012200598320813689,0.9994784686306611,4.252914331177968e-23,0.0,0.9999162178753102,6.204444475145358e-05,2.1737679939552966e-05,5.9261523406938e-24,0.019163729064788283,3.6668873428585446e-11,1.2038928037355521e-23,0.0,2.766410311146342e-05,0.9808086067954342
578,0.9986904394501495,0.0013095605498514768,0.00024004971082891934,7.616067927816399e-09,0.9997599426731038,0.6373914472750452,0.3206767175415831,1.7138472099264516e-10,0.041931835011988695,3.677351725049693e-288,1.1432528895989626e-09,0.6335901530898493,0.3431892918010321,0.023220553965865365,0.3411498855892815,0.4278141604690339,0.23103588307311398,0.0,7.036401155238582e-08,5.04560561448278e-10
579,0.9999987528162638,1.2471837375795811e-06,0.3188447420066048,1.4459023150240598e-10,0.681155257848806,0.009812526434307986,0.0046822655245016154,9.074903313046944e-15,0.9855052080411831,2.3296674639939612e-243,1.6792333520699687e-13,0.018684158796269893,0.008998003249846903,0.9723178379537126,0.010466980061406136,1.3714956493629454e-05,0.9831737661629806,0.0,0.006345538819118828,3.54603979041639e-15
580,2.109140383213352e-30,1.0,9.034103715639123e-56,0.999999999999801,1.93137730156472e-13,2.521345399960995e-15,4.2812277555860104e-32,1.0,4.893179327522482e-62,0.0,1.0,3.946478620157666e-16,1.6450257976755004e-32,1.4305017212968437e-62,6.863612876648294e-31,1.1409984562883716e-10,1.0147051662650577e-63,0.0,1.301024769963798e-33,0.999999999885901
583,0.9980048016451731,0.0019951983548280737,0.028287911628291338,1.0777203990865253e-06,0.9717110106513112,0.9997980558875031,3.0007768791408425e-08,5.187861254021325e-13,0.00020191410421140877,5.601641348982497e-286,3.945082829647003e-12,0.9999187345419402,2.044638358769723e-08,8.124500772824336e-05,0.9987636973881726,0.0007798262466584911,0.0004564674164839523,0.0,8.94828571237654e-09,3.965328731693068e-13
584,0.004035843463698532,0.9959641565363008,2.8167956002166386e-08,2.014329047011578e-05,0.9999798285415733,0.2555469043626225,0.7444521509577441,2.6253106361873486e-07,6.821485678474327e-07,2.923e-319,2.5160391086898094e-06,0.23791349155373673,0.7620835297327591,4.6267439279317107e-07,0.5357068899590733,4.907896720304137e-05,3.871641363345423e-07,0.0,0.46424349845778595,1.454518045614063e-07
585,1.1016865561167185e-05,0.999988983134442,5.008607205726802e-12,0.00010585201500457763,0.9998941479799853,2.7410598067611223e-05,0.9999724665009501,1.228937018206994e-07,7.281857479162573e-12,0.0,1.145078589349155e-06,3.378177616351641e-05,0.9999650731395335,5.711477110469992e-12,5.5109421312996416e-05,1.0937277367690095e-07,5.447290943184573e-12,0.0,0.9999446080189954,1.7318147136941651e-07
586,0.9999998917333658,1.0826663270154105e-07,0.8189836815429803,8.042844274041978e-12,0.18101631844897342,0.0014034035504192882,0.0008645613445003911,7.226674193759483e-16,0.9977320351050831,4.2951273033547484e-218,1.147678314543611e-14,0.0027779438588427254,0.0016729598452499173,0.9955490962958979,0.00017626474423277722,0.00011199156764312117,0.9983182651964664,0.0,0.0013934784916551533,3.2615466212662097e-16
587,0.9999997796185086,2.2038149008027805e-07,0.758373989151119,7.419917655944966e-12,0.24162601084146074,0.0023478091766581327,0.0011726149120093547,4.868315229267938e-16,0.9964795759113354,2.2136007248002128e-272,7.832771690179266e-15,0.005474115413002703,0.002125231921873135,0.9924006526651186,0.0010536977671568963,4.052702825381055e-06,0.9978101901158252,0.0,0.001132059414193632,1.827253070549461e-16
588,0.9999999999969909,3.010956560723245e-12,0.999998941686203,2.957806333675144e-19,1.0583137964269753e-06,3.566949185030376e-07,6.861075980258698e-10,8.099763750514639e-24,0.9999996426189738,2.164253363467815e-193,1.325122024355204e-22,9.58374432221043e-07,1.132142911179806e-09,0.9999990404934265,2.909078276429556e-07,1.441364350392458e-10,0.9999997082783806,0.0,6.69654963759519e-10,1.2860729299410535e-24
590,0.9999999999989768,1.0240908606686648e-12,0.999990423050769,1.5845836836987559e-19,9.576949231694718e-06,3.5704680421661364e-08,2.0971236063499246e-08,5.0637134370679e-24,0.9999999433240825,6.231300140948198e-242,8.537346239872968e-23,1.0468974207781147e-07,4.127033066847032e-08,0.9999998540399275,1.3504071047421572e-09,9.571057425182796e-09,0.9999999584190329,0.0,3.0659502348252175e-08,1.2517727004570011e-24
591,0.9999999999927418,7.259489406845072e-12,0.9999801476089439,1.5592425969028364e-18,1.9852391056255583e-05,8.137299124458034e-08,9.915710926259094e-08,1.0473934495905308e-22,0.999999819469901,8.13066852104342e-223,1.5328715156849221e-21,2.2638844927982423e-07,1.8519905126274514e-07,0.9999995884124994,1.3515666062041934e-08,5.126456967914457e-09,0.9999998607670432,0.0,1.2059083401332214e-07,1.7641918390936743e-23
592,0.00011262002438995803,0.9998873799756097,4.250186688010633e-11,0.0001346699700662466,0.9998653299874292,0.9999701650779474,7.521977795004318e-10,2.9826478030403875e-05,7.69182597348329e-09,0.0,0.0001930259550996776,0.999806968135171,7.628290994461241e-10,5.146899715774661e-09,0.025676127899832195,0.9742105800700035,9.341285130224848e-09,0.0,2.1167353184035552e-17,0.0001132826888784788
594,0.06685228612846557,0.9331477138715369,1.9964594730932087e-16,2.2513121028055893e-06,0.9999977486878937,0.6109098445762696,0.389084677887027,1.372116117950036e-06,4.105420582348353e-06,0.0,7.259358054196419e-06,0.6368645520558037,0.3631257873805139,2.401205627172564e-06,1.140759128823046e-09,0.9999999987946637,5.029415791526646e-18,0.0,1.7204794105699892e-13,6.440617134246291e-11
595,1.0,3.215904557751186e-16,0.9999999981871888,2.210359926264983e-25,1.8128112385808207e-09,5.694940796549109e-12,1.0725238888416561e-11,2.7494868378512425e-30,0.9999999999835794,1.989429068113563e-178,5.059467916039665e-29,1.6294768592206578e-11,2.1889479999577997e-11,0.9999999999618154,1.050163890025715e-12,8.376493306880239e-14,0.999999999981867,0.0,1.699932209241566e-11,2.641206289438636e-31
596,0.9999999562741176,4.3725881127124944e-08,0.5908793770055878,8.897814315342958e-13,0.4091206229935258,3.3191439530856306e-06,0.2545933187732115,2.267772327286152e-16,0.7454033620828353,6.631887940691128e-256,2.8796233305677773e-15,5.362333717619707e-06,0.38938320187443853,0.6106114357918403,1.5267285736392862e-07,1.4652994451221299e-05,0.657437832564812,0.0,0.34254736176787615,6.413191874717141e-17
597,0.005703541433538203,0.9942964585664598,7.899436625091245e-09,5.131912793681606e-06,0.999994860187769,0.05015098442926747,0.9498487525732048,4.4499610892571824e-08,2.184979170282482e-07,9.4786e-320,4.7211684199186933e-07,0.05019749984469333,0.9498018758715365,1.521669288062548e-07,0.032128425555392574,0.00019185021636955837,1.5634172351888078e-07,0.0,0.9676795032337199,6.465279246626063e-08
599,1.9232504283685873e-05,0.9999807674957208,2.5008261627865616e-17,0.02028282517002492,0.9797171748299714,0.9999996792592557,2.621585591841082e-25,3.207407465230362e-07,5.4690591746453494e-27,0.0,2.0110123945181116e-06,0.9999979889876057,2.8728235112310005e-25,3.7074361035445645e-27,8.373688550847956e-16,0.9999999983087662,2.3300708498188934e-29,0.0,5.147056496585322e-36,1.6912320155724106e-09
600,0.9999999999999822,1.9430189038409833e-14,0.9999999317671874,2.1290132197027164e-22,6.823281352174675e-08,2.165104566329181e-09,1.8216998279097755e-11,5.270054495177802e-27,0.9999999978166798,6.623134941144118e-207,9.808174837459089e-26,5.961651374616133e-09,3.574144097513069e-11,0.9999999940026072,3.672937597886272e-11,2.8290262185775747e-09,0.9999999971263982,0.0,7.844830248015045e-12,7.251936969397347e-28
601,0.9999999999936513,6.34841146072151e-12,0.999948179629181,1.3299207322692143e-18,5.182037081870079e-05,5.223553580482987e-08,6.082294123656621e-07,6.985665147888337e-23,0.9999993395350529,5.194787718912627e-195,1.2694524520893856e-21,1.340063062433987e-07,1.1745938167109604e-06,0.9999986913998775,1.8994436208582994e-09,7.865293086755656e-08,0.999999049630635,0.0,8.698169904175161e-07,1.6610866932247185e-23
603,0.9999999997467484,2.5324894087959053e-10,0.9849920287150441,1.112434341080033e-15,0.015007971284951963,2.1218296341272612e-08,0.01476181244516164,1.4782815785412522e-19,0.9852381663365386,8.65799553834886e-247,1.9830432733856273e-18,4.6183934994245616e-08,0.02569902453419315,0.9743009292818698,2.356234891671926e-09,3.98520088132817e-08,0.9759013125052678,0.0,0.024098645286491267,4.913725614848065e-20
604,0.9999999999999964,4.970635888505495e-15,0.9999999895901652,2.1937228035775148e-23,1.0409833005478131e-08,9.863688677851996e-11,2.580784114318344e-11,4.989213890195463e-28,0.9999999998755555,1.1366208237167425e-187,1.03347832828983e-26,2.6775995364335697e-10,4.902335421870121e-11,0.9999999996832152,8.739179638993165e-12,6.476390194206087e-12,0.9999999999510578,0.0,3.372669536514002e-11,5.971794149644728e-29
605,6.200159370589161e-07,0.9999993799840684,4.125469006580022e-22,0.00024299696963171367,0.9997570030303647,2.1406383547606805e-07,0.9999992165361831,5.693999745672335e-07,7.763383165346796e-15,0.0,3.1116277953663537e-06,1.9579876296495304e-07,0.9999966925734382,5.051049571257297e-15,4.898559231237013e-09,4.514031355334999e-12,2.6319677244112253e-22,0.0,0.999999319625641,6.754712883923902e-07
606,0.9990553514954171,0.000944648504583874,2.2842129444583486e-05,6.64954933809813e-10,0.9999771572056027,1.1867772005475281e-06,0.999985291769762,1.756888396987803e-13,1.3521452862322584e-05,2.769e-320,1.5855052252876299e-12,1.286119693806706e-06,0.9999902789779666,8.434900756842705e-06,6.734395784421235e-08,9.689810467954474e-07,7.630356208547056e-06,0.0,0.9999913333187075,8.248771334377591e-14
607,0.9999423381593798,5.766184061954893e-05,0.39362445052517825,5.086907444689453e-08,0.6063754986057482,0.9999999995202913,7.434266069855398e-17,1.9895846829463555e-13,4.795085015460232e-10,1.3105968052158382e-283,1.575342718039644e-12,0.9999999997600497,6.770460303854091e-17,2.3837433430492897e-10,5.9106655591216036e-06,0.9999940893232123,1.1229020616867311e-11,0.0,1.1092574722468488e-26,1.5097745091251955e-15
608,1.3958303447588001e-05,0.9999860416965545,2.578274277103041e-18,0.0010210269913538451,0.9989789730086491,0.9556863687018378,0.044297662729296444,1.596856886229688e-05,4.33587584537971e-17,2.624372838751833e-306,0.00010891275184253134,0.9545538141085343,0.045337273139624885,2.9466399124783406e-17,0.9834802539353636,2.1775484371580354e-10,1.6342127762300528e-17,0.0,0.016511982038618273,7.763808262354371e-06
609,8.015479500573504e-28,1.0,2.2837974763753445e-38,0.999999998410253,1.5897466263425327e-09,1.1560585189709307e-05,8.120865800167864e-19,0.9999884394148115,5.563156046363047e-37,0.0,0.999998408151948,1.5918480523801263e-06,1.1948856643514306e-19,8.041120793676684e-38,1.013514102454505e-13,1.3074019248999698e-08,2.5661785377215566e-37,0.0,2.4024718313532162e-20,0.9999999869258787
610,0.9999999999982876,1.7095486573513784e-12,0.9993218739937365,4.455282298547735e-19,0.0006781260062611335,8.057566721081826e-10,0.0002456937235169002,3.6917895656636765e-23,0.9997543054707277,1.4966838153302396e-220,5.02397866594778e-22,2.3974959077866825e-09,0.000504778590237621,0.999495219012266,5.84918171335801e-11,1.9770349403666073e-15,0.9993190372862896,0.0,0.0006809626552154985,1.079145380004878e-23
611,0.08704091116303277,0.9129590888369641,5.972385536733417e-08,2.9540175833537882e-06,0.9999969862585597,0.47064800421409925,0.5293422310306675,1.216007142279579e-07,9.64315451624736e-06,1.0396460491951221e-296,8.636434546517932e-07,0.4409397342495863,0.5590533250797574,6.077027202771374e-06,0.006078174092669215,0.5299834687936941,5.902128609946679e-06,0.0,0.4639323930217858,6.196324238000385e-08
612,0.9999999999990088,9.907468254466329e-13,0.9999976075506736,5.97721236136682e-20,2.3924493270830262e-06,8.302645963698573e-08,4.09696754105972e-09,2.0012978905198192e-24,0.9999999128765718,1.678811106706774e-203,3.0855808020134977e-23,2.303920911103394e-07,7.768986432448309e-09,0.9999997618389215,3.8277219215595266e-09,5.087850859285721e-09,0.9999999854675217,0.0,5.61690525007495e-09,3.9099131643190894e-25
613,1.897371746280687e-05,0.9999810262825349,4.546827739876207e-11,0.0005499492495842124,0.9994500507049479,0.043438182811695696,0.9565517873319869,1.0028543277357698e-05,1.3130389978608151e-09,0.0,0.00010904081265963698,0.03953491486152744,0.960356043463738,8.620753244689553e-10,0.18242355331538032,6.817820285845063e-05,1.1070671612118698e-09,0.0,0.8174929382565184,1.532911817677707e-05
614,0.9999926709059247,7.329094075217599e-06,0.6825281219850698,1.8093759480726964e-09,0.3174718762055516,0.18850360553789028,5.5512207906321783e-05,1.630910095098927e-13,0.8114408822540379,1.794613493779079e-263,2.2833376744149803e-12,0.3370842847906945,6.914490732988652e-05,0.662846570299693,0.029197787562661427,0.002317924376188781,0.9684842880600081,0.0,1.0299528579310458e-12,1.1518747814825473e-13
615,0.00039561451108377575,0.9996043854889148,4.683659734503273e-09,0.00025548004668201723,0.9997445152696587,0.9967928475367097,0.00320696185191418,1.831775307740997e-07,7.433848485349918e-09,0.0,1.7197406356418324e-06,0.9973835603153242,0.00261471493116884,5.012871717539629e-09,0.9990324099952731,4.141410588495272e-05,3.790191628943723e-09,0.0,0.0009260698661641879,1.0224248391751395e-07
616,0.0017209122246198388,0.9982790877753799,1.2235602957935565e-07,0.00019513553899354482,0.9998047421049782,0.9993607096859313,0.0006390599508378335,1.4067963246840218e-07,8.96836006914332e-08,0.0,9.068785269852918e-07,0.9994103572895686,0.0005886786729875744,5.7158919850950005e-08,0.9957104049579775,0.0033721100267044904,1.5031672168506715e-07,0.0,0.0009171279029164405,2.0679568219404096e-07
617,0.999999845314155,1.5468584365899994e-07,0.1353201564382345,1.3424026797262021e-11,0.864679843548344,0.0003527199508472672,0.020448664947682077,2.4982504964229365e-15,0.9791986151014668,4.687268389363298e-254,4.4229763302487846e-14,0.0006822822857610099,0.04329747783279093,0.9560202398814023,2.1716194841820573e-07,0.17755175968554246,0.7685596326941199,0.0,0.05388839045838452,1.1098189480423641e-15
618,0.9999999999589093,4.108892632196727e-11,0.9998712898416934,2.1038348594628107e-17,0.0001287101583090982,1.3459016347132459e-06,1.3378166949797767e-07,7.714025016620984e-22,0.9999985203166948,6.243873285977143e-221,1.367368830454083e-20,3.1468413938678727e-06,2.467618996203847e-07,0.9999966063967094,6.728567028646586e-08,1.3097739035280032e-07,0.999999609136486,0.0,1.9260045560966478e-07,1.6182596440121194e-22
619,3.296477006141416e-05,0.9999670352299411,9.283095888989586e-13,7.3676752160004e-06,0.9999926323238585,5.872208120777767e-09,0.99999999322646,9.012859606497597e-10,4.2735697417253967e-14,1.441e-320,6.54201337257922e-09,4.659881114874491e-09,0.9999999887980806,2.6999227445535685e-14,4.977471213715752e-09,2.2692852659147785e-10,1.9370491227554508e-14,0.0,0.9999999943387579,4.568198952322756e-10
620,0.9999999988752748,1.1247260804738316e-09,0.9982887181671262,1.0314675283786329e-14,0.0017112818328633003,5.81155329063075e-05,6.581993368554783e-07,6.098010846290774e-19,0.9999412262677574,2.97635916250731e-240,1.229439376176359e-17,0.00013948767355034691,1.1624628619401313e-06,0.9998593498635875,6.643293839029095e-07,0.00018036647986634021,0.9998188024343334,0.0,1.6675641746321928e-07,1.5100112601685392e-19
621,0.8759639226466244,0.12403607735337477,1.9236893178569895e-12,3.1430509964292087e-06,0.9999968569470792,0.9999999998110596,1.0016857664098488e-14,1.8893204803353073e-10,2.3404652993681175e-20,2.5160894458157558e-282,1.6103206608448685e-09,0.9999999983896686,1.0185707338480498e-14,1.1083061755938769e-20,5.368272668475608e-09,0.9999999944005395,2.21580343147094e-20,0.0,6.616379518149151e-23,2.3118855521176473e-10
624,0.9999999999991189,8.810302777889803e-13,0.9999983414381332,4.96242081029028e-20,1.6585618685491711e-06,5.2777993922390986e-08,1.5099044193056495e-09,9.981610398995765e-25,0.9999999457121028,3.4592769143205883e-224,1.7817362132404977e-23,1.4424357497046854e-07,2.9568446830578043e-09,0.9999998527995795,6.918926966091425e-09,9.299498413417027e-10,0.9999999904099859,0.0,1.7411378317208915e-09,2.41488938719499e-25
625,0.150619104132929,0.8493808958670721,3.7688150431692475e-05,0.0001482405969427585,0.999814071252628,0.9999998690245292,3.214768876948788e-08,1.5133991976187308e-10,9.867644071858696e-08,5.119511993855072e-293,1.007088374761492e-09,0.9999999210532411,2.352837759031657e-08,5.441129310826889e-08,0.9999392013841061,6.0709712408291495e-05,7.267656804993793e-08,0.0,1.6131988936066736e-08,9.492569325792543e-11
626,0.9999999999995133,4.879378083354797e-13,0.999994177254353,2.389850398246447e-20,5.82274564820327e-06,6.845863100894011e-10,2.476596873825284e-07,5.970642619830637e-25,0.9999997516557275,2.2446591558815e-203,1.1805937456722906e-23,1.627759682154911e-09,5.053706080512769e-07,0.999999493001632,6.471645968220418e-11,7.878585123103047e-11,0.9999995364390815,0.0,4.63417417791094e-07,1.209157150924833e-25
627,0.9935940061368873,0.0064059938631128915,0.0006647838287480961,8.489129926938409e-08,0.999335131279951,0.8276615526339053,0.16214166458224466,7.358786585467918e-11,0.010196782710261173,4.318224592375726e-299,7.5151515000223e-10,0.824394425247454,0.1688048361747451,0.006800737826283686,0.9648698448482278,9.780234980013156e-07,0.0018198797781858553,0.0,0.033309297343590644,6.495807271817064e-12
631,0.0024251675049178846,0.9975748324950768,9.548144899015153e-10,3.815218304520854e-05,0.99996184686214,0.9999957426005144,8.657205499741352e-11,4.104862244405186e-06,1.524506737166822e-07,0.0,4.706008514599683e-05,0.9999528263139473,1.164844591328962e-10,1.1348441850346817e-07,1.0695092023475613e-19,0.99999999999023,3.679340112203345e-13,0.0,1.6017843356596221e-24,9.398603967432768e-12
632,0.1698348163287215,0.830165183671277,1.8860739525804994e-06,2.86999345549647e-05,0.9999694139914906,0.999994001657334,5.444293424413833e-06,6.635131345119076e-09,5.474141076459488e-07,0.0,5.123835791635168e-08,0.9999947220618299,4.8805527051634055e-06,3.4614710717037517e-07,0.0012229895251166859,0.9987767838841975,2.236176091045253e-07,0.0,1.096738657102797e-14,2.973067678377159e-09
634,1.5348824643399495e-11,0.9999999999846523,5.001063105506801e-17,0.9997009186208058,0.00029908137919587146,0.9980152767850817,8.24283927233256e-10,0.0019847223906377803,3.331574001835358e-17,0.0,0.01338021853518067,0.9866197809048394,5.599768606149527e-10,2.6973106681521955e-17,0.9996976082095399,2.905994411574474e-07,3.0205550146300575e-18,0.0,2.990773770536449e-12,0.0003021011880299944
635,0.9999999999332871,6.671031608049563e-11,0.9998016129714534,2.914747878815058e-17,0.00019838702854565015,2.2169977593346314e-07,2.2556640846860327e-06,1.9517565436500917e-21,0.9999975226361419,1.0252645712231501e-219,2.6528074105785518e-20,4.731442515429933e-07,4.162369793424504e-06,0.9999953644859552,5.449518150829529e-08,4.5568347565499605e-15,0.9999967494451918,0.0,3.196059618649403e-06,4.247205222687981e-22
636,1.44309115003032e-31,1.0,5.674015317634005e-49,1.0,8.798374694348665e-18,6.103030420752087e-12,2.867973687581643e-23,0.9999999999938964,4.794409995206691e-48,0.0,0.9999999999993818,6.148198033272361e-13,5.67262862869897e-24,9.195501818816187e-49,1.1632289505930696e-12,4.989134737251775e-18,2.3612835793656652e-49,0.0,2.1807700618440196e-33,0.9999999999988347
638,0.999999999994337,5.6621013434514884e-12,0.9998440905014347,2.6854648694187013e-18,0.00015590949856415199,3.591189804712652e-08,2.326481828221891e-06,1.0106743396004074e-22,0.999997637606272,5.346095064472145e-202,1.7683222614671e-21,9.854930562006037e-08,4.565621259481188e-06,0.9999953358294345,1.3975997668191214e-09,3.019404609220132e-08,0.9999956988906099,0.0,4.269517743054015e-06,2.5534561311708845e-23
640,0.7089157608882032,0.2910842391117986,2.4993403883934825e-09,2.0093819111300337e-09,0.9999999954912795,3.586077279004408e-11,0.9999999999222808,3.609868124843652e-14,4.182554660850544e-11,5e-324,3.0142224525158714e-13,3.05821542363696e-11,0.9999999999436398,2.5475783593749236e-11,5.640481620446926e-13,5.345892106777294e-10,1.1920837028430493e-11,0.0,0.9999999994529176,1.0452246193361628e-14
641,0.9999999999999929,8.319163597990393e-15,0.9999999306595828,2.6457804146801138e-23,6.934041620817472e-08,5.586473562808092e-10,1.0144335066575374e-10,6.599781971845727e-28,0.9999999993399094,3.886607384984571e-168,1.2281023958769459e-26,1.6130955253449506e-09,2.0957562430977808e-10,0.99999999817733,5.229856435316526e-11,3.5164210961799024e-17,0.9999999997721538,0.0,1.7554751991843021e-10,8.01888662300305e-29
642,1.0,1.0977741378889636e-15,0.9999999969714501,1.324176062834223e-24,3.0285491111476025e-09,5.922008803202898e-11,2.7882936491965965e-12,1.9154422152200706e-29,0.9999999999379909,5.265692635507457e-169,3.816968032584482e-28,1.8049654281045621e-10,5.3710253483751205e-12,0.9999999998141327,6.22429397063856e-12,1.2691062733657493e-12,0.9999999999882547,0.0,4.251979071061172e-12,2.5198968281037437e-30
643,1.0,1.6469687891732916e-15,0.9999999899735315,3.8487522320933486e-24,1.002646868457793e-08,1.1408541024186683e-10,1.3999707116110482e-11,5.808104248668059e-29,0.999999999871914,4.608385920431925e-199,1.2176377588910548e-27,3.284960871657128e-10,2.685694002118669e-11,0.9999999996446469,4.291069097777552e-12,2.8570477109036252e-11,0.9999999999485993,0.0,1.8538652427426985e-11,1.057543549542146e-29
644,0.014096029494848535,0.9859039705051519,6.040062037601042e-10,9.130294697769792e-07,0.999999086366527,5.115327057166492e-08,0.9999999486692643,7.085766701027882e-11,1.066065126389669e-10,5.93116e-319,5.384368094910485e-10,4.492730810058033e-08,0.9999999544698507,6.440526282614602e-11,2.0425770900057928e-08,5.403852429808632e-10,4.0026234651354423e-11,0.0,0.9999999789603822,3.3436749740276565e-11
645,0.9999999916873037,8.312696369447519e-09,0.9989611565639462,1.2222090629219497e-13,0.0010388434359311447,0.0018619399716757051,1.506085729211376e-08,1.2792010315652124e-17,0.9981380449674698,6.81751171869743e-260,2.271768261436767e-16,0.0038835503474593243,2.3746506773775707e-08,0.9961164259060328,1.5764533008483392e-05,0.004670182706910514,0.9953140527600789,0.0,4.859043595857413e-17,4.543835034345431e-18
646,1.0,4.9116730872941294e-17,0.9999999996538911,1.1198545542653013e-26,3.4611001929302015e-10,7.649634069179296e-13,2.244019030814588e-12,1.2026221516185101e-31,0.9999999999969909,3.570295087818459e-160,2.386487004784271e-30,2.2250552075363847e-12,4.523465067931038e-12,0.9999999999932498,7.643358799504793e-14,3.288288154691826e-14,0.9999999999962235,0.0,3.667416436282489e-12,1.326911132479366e-32
648,4.151305003025149e-05,0.9999584869499725,4.067618155960743e-09,0.013741669558114388,0.9862583263742691,0.9999630774380489,3.190076469867215e-05,5.019209645910813e-06,2.5876100033075804e-09,0.0,4.909904337435621e-05,0.9999185114237303,3.2387546074312423e-05,1.986817490457637e-09,0.006757580729283042,0.9932347387042552,1.325906452552523e-09,0.0,4.792493262302812e-06,2.886747293352763e-06
649,0.9999992819295989,7.180704029041912e-07,0.006309174421629393,3.4142307994028965e-12,0.993690825574953,4.6666989700572756e-07,0.9936507362769407,8.733538610336277e-16,0.0063487970531628,5.0060549355343e-277,8.965944352119939e-15,4.870550598802071e-07,0.9964870320833081,0.0035124808616230473,6.212504639959368e-09,1.559338410291179e-05,0.0038536388830650984,0.0,0.9961307615203301,2.1247920422201798e-16
651,0.6879937337811793,0.31200626621882166,4.517792482951629e-09,1.4961337621493119e-09,0.9999999939860729,6.296472972603762e-11,0.9999999998447109,1.9706976098007953e-14,9.230747936087123e-11,0.0,1.8209293096516872e-13,5.207493017457584e-11,0.9999999998880966,5.964390573715672e-11,9.128475436573581e-12,1.665669094161273e-10,4.741109308308339e-11,0.0,0.9999999997768825,8.170429020598826e-15
652,9.186815652545893e-15,0.9999999999999929,1.7392837311300561e-22,0.9913810097708693,0.008618990229128102,1.5902496445634277e-07,0.910526095792384,0.08947374518265308,7.235943619014151e-22,0.0,0.6781975045194634,7.667917711705745e-08,0.3218024188013584,4.298917526022123e-22,1.219693298298834e-07,1.774839471444082e-08,6.409200916856582e-22,0.0,0.36102278715671415,0.6389770731255554
653,5.236543982141826e-21,1.0,1.884847183019948e-32,0.9999998625222185,1.3747778246353747e-07,2.9759100444864677e-09,3.989887411472637e-06,0.9999960071366792,7.101299283270238e-31,0.0,0.9999995688966129,2.420194354278477e-10,4.308613696107937e-07,7.441293476419533e-32,1.7824205321206731e-09,5.220945178889869e-13,6.835002067963877e-32,0.0,3.211390945016024e-07,0.9999996770779613
654,0.9758033847321892,0.024196615267807385,6.709902636322522e-06,6.619061255778916e-08,0.9999932239067493,0.004036114124975229,0.9958775317486388,3.983428344544191e-10,8.635372804578057e-05,2.9706963e-316,2.063033130863242e-09,0.003081720618285595,0.9968735723845615,4.470493411837665e-05,0.00022682210729794373,0.006514638169921195,6.300198897502153e-05,0.0,0.9931955376157536,1.1805387886694592e-10
656,2.1253833588098923e-09,0.9999999978746175,8.979365879927948e-15,0.7620782103273968,0.23792178967259503,0.9936562927279113,0.00010940173875930988,0.006234305533315246,1.6718673051323236e-14,0.0,0.08350107530936951,0.9163225844917986,0.00017634019881432927,1.9359470724607995e-14,1.1594729466222876e-06,0.9999845889509571,6.580242982653838e-17,0.0,1.661624193105819e-07,1.4085413677263082e-05
657,5.6261783737182644e-33,1.0,1.5869925941310658e-59,1.0,1.0593656286634709e-17,1.0725625437509105e-15,6.406425294695732e-22,1.0,4.317133500049988e-59,0.0,1.0,1.574680576437849e-16,1.557262109525431e-22,1.3803012085431818e-59,4.0018239428374205e-18,5.5320924169117095e-17,3.834343549518066e-60,0.0,1.692877408370495e-24,1.0
658,3.405836352223096e-23,1.0,7.679730743141147e-38,0.9999999996912834,3.0872076978302976e-10,4.005290597251412e-09,1.5990129133945168e-12,0.9999999959931074,2.779649106533222e-36,0.0,0.9999999996938556,3.0587921560010335e-10,2.596745092451504e-13,4.700957914909471e-37,5.615637153987473e-14,8.805625415748304e-07,3.6940722767660462e-37,0.0,1.809397125926792e-14,0.9999991194373803
659,0.9999999751655512,2.4834449365192515e-08,0.9483158619128359,8.095255298395835e-13,0.051684138086352485,5.880909957960863e-05,0.0012149881728375574,1.1061109922033913e-16,0.9987262027275803,1.148508734276548e-227,1.7417632552200375e-15,0.00011762611319438548,0.0022202662181004984,0.9976621076687048,1.0396837727756947e-05,3.4015044351847972e-06,0.9982821854852559,0.0,0.001704016172578,6.514129737449583e-17
660,1.0,4.8533760286571805e-20,0.9999966434798203,6.750389297270867e-27,3.3565201807753006e-06,3.741917339286852e-15,7.279030008997337e-09,2.965960201014703e-31,0.9999999927209657,3.8925263022333075e-202,4.7638921080298165e-30,9.629878648140628e-15,1.3911925194908176e-08,0.9999999860880635,5.085218349835145e-16,6.432646690282486e-17,0.9999999898533645,0.0,1.0146635960653501e-08,5.303821481301384e-32
661,0.9999987575688936,1.242431103547602e-06,0.021234073984746228,9.028330929242718e-12,0.9787659260062266,3.105293997771695e-05,0.9231509859157704,4.857832853101782e-15,0.07681796114424397,7.11250889150611e-274,3.813036297581118e-14,3.3070968403633095e-05,0.9590196921669333,0.04094723686462853,4.895329731668591e-06,3.267071252899804e-06,0.04815096455063823,0.0,0.951840873048376,1.3325325440283814e-15
662,0.9999999999944293,5.568703669258247e-12,0.9999829103805828,7.287987233964144e-19,1.7089619417788036e-05,1.4703845493474925e-07,5.909562612039081e-08,2.243887203139528e-23,0.9999997938659176,3.5794193367529845e-221,4.272951111619436e-22,3.8558348080962677e-07,1.038894109622217e-07,0.9999995105271066,1.456577151866496e-08,5.8526296519567724e-09,0.9999999010282621,0.0,7.855333660424857e-08,5.050156128893168e-24
663,0.9932155668268284,0.006784433173173756,0.006141975081857199,6.287224899861714e-07,0.9938573961956562,0.9993072337371743,3.266061965208033e-05,6.466222827651228e-12,0.0006601056367052327,4.7998320940919735e-253,3.6756391024662825e-11,0.9997033205830167,2.245551335742805e-05,0.00027422386686885993,0.9999630216978533,3.4028931101456396e-08,3.582762612188203e-05,0.0,1.1166468756002862e-06,2.1480158145027023e-13
665,1.5554490566980267e-20,1.0,2.783048157163836e-31,0.9999999962332495,3.766749615303283e-09,0.00015634369123115432,7.425386388747545e-21,0.9998436563087703,2.4933677391683094e-29,0.0,0.9999881096666443,1.1890333359035795e-05,1.1959213567961462e-21,3.1245518982321425e-30,4.231743799451783e-07,1.2330327086476543e-07,2.4345342791858762e-30,0.0,3.821597840685835e-30,0.9999994535223494
666,0.0008567761850569734,0.9991432238149414,7.881241501111883e-10,8.057285987765051e-06,0.9999919419258863,0.0010934426328179526,0.9989065287962161,1.9592346638764465e-08,8.978618294463873e-09,2.6574625e-317,1.1183752726490853e-07,0.0010042778405200408,0.9989956052751434,5.046810560928654e-09,0.0011090871018034553,8.767128560225497e-13,2.451948159248152e-09,0.0,0.9988909020124681,8.432901810871097e-09
667,6.457867053571508e-15,1.0,1.0709451643054437e-31,0.9999963882640368,3.6117359598709546e-06,0.9082676520223475,2.759565869914021e-28,0.09173234797765709,5.6192459403389554e-30,0.0,0.5507919092696154,0.44920809073038465,2.3934935384216086e-28,2.8516605199721346e-30,3.1156549934986996e-10,0.9999184197521428,5.430171078699642e-41,0.0,5.4002997889275704e-40,8.157993629351833e-05
668,0.9999999999689351,3.106330016664222e-11,0.9997685384630167,1.5315606595481748e-17,0.0002314615369829682,1.1835209891941552e-07,5.145008603200767e-06,7.187193995586531e-22,0.9999947366392976,1.1623389347157816e-183,1.3566084643048946e-20,2.7032662744008534e-07,1.0516509651848907e-05,0.9999892131637216,5.7074006384109454e-09,2.626116812972753e-08,0.9999883946310721,0.0,1.1573400360334717e-05,1.680649184853568e-22
669,0.9999999752499281,2.4750070223484682e-08,0.1258942087026569,1.5630194624781634e-13,0.8741057912971901,1.4507556903748433e-08,0.9627321278819155,6.186416741040605e-18,0.03726785761052992,1.2626958691233403e-256,5.694181162057934e-17,1.6981362585050803e-08,0.9782294621160128,0.021770520902623467,2.4020050019047375e-10,2.417120965868421e-08,0.012097992205154087,0.0,0.9879019833834392,9.87234351937393e-19
670,0.9999984395412109,1.5604587897210718e-06,0.6821381446240956,1.9399683539987014e-10,0.3178618551819096,0.06427181548134465,0.00027513871480912614,1.511308563711814e-14,0.9354530458038295,1.6168407101157362e-256,2.949765665483816e-13,0.13777540712102743,0.0004514891818603766,0.8617731036968188,0.015650550401363195,0.00055146821727478,0.9835393230639633,0.0,0.000258658317389139,6.025180311596168e-15
671,2.2509140598345814e-12,0.9999999999977547,4.176194179557649e-26,0.9998655305661381,0.00013446943385667594,0.9975576132379516,3.065026853965427e-10,0.0024423864555423737,5.353521941698434e-26,0.0,0.013279957650719907,0.9867200420389902,3.1029103911147144e-10,4.090216729101064e-26,0.9898901920336495,0.00030806163870780934,1.3670120299537903e-25,0.0,3.7037962314831417e-10,0.009801745957268508
672,1.1082543085805447e-26,1.0,1.2849006944069524e-49,0.9999999999996021,4.0421862099690035e-13,2.0697438578765322e-11,6.459426668619105e-17,0.999999999979309,3.01567029284281e-48,0.0,0.9999999999980389,1.965068655552285e-12,1.2167251948796825e-17,6.108478322295489e-49,1.119903076093897e-15,1.6903634936707075e-10,1.6095036911411613e-49,0.0,2.082372496220079e-26,0.9999999998309619
673,1.0,2.3720782657314788e-17,0.9999999998466915,4.0724162159887985e-27,1.533083473502915e-10,8.803826531436333e-13,4.768843751877312e-13,3.378333756314888e-32,0.9999999999986429,1.0513749417120168e-160,6.9521142363968305e-31,2.633344003120885e-12,9.750477236684247e-13,0.9999999999963922,7.81189626640654e-14,2.7801619743320143e-14,0.9999999999990887,0.0,8.047383551289188e-13,3.48275019065096e-33
674,0.9999999999999929,8.868421218499214e-15,0.9999999768167991,5.629672090535542e-23,2.3183199260277555e-08,4.904685837673028e-10,2.1829735557623543e-11,1.0233775285267574e-27,0.9999999994877022,1.925221873904083e-198,2.1926089823393163e-26,1.3891506249761661e-09,4.3714969095305336e-11,0.9999999985671337,1.7567027686226412e-11,1.6876366723662794e-10,0.9999999997873346,0.0,2.6334803037498e-11,1.243682764740262e-28
675,0.0018535813368531487,0.9981464186631442,5.283723772893503e-09,9.206751963935472e-05,0.9999079271966358,0.01426092004048337,0.9857378819193469,1.109013759667027e-06,8.902640944654851e-08,0.0,1.0059392424087927e-05,0.01596239353956253,0.984027488379554,5.868845830658144e-08,0.015106589579977098,0.00022092576694159244,7.850774580212995e-08,0.0,0.9846711811910355,1.2249542982502274e-06
676,0.9424918194691473,0.05750818053085436,0.00011394738813727346,1.3590238652546432e-06,0.9998846935879967,0.9997879597129986,8.473001515986899e-05,7.522466316307194e-10,0.0001273095195981883,4.988032635782823e-283,5.440809011171895e-09,0.9998483434561803,7.487302303781075e-05,7.677807997200481e-05,0.004634098472012956,0.995312854248374,5.304707921335725e-05,0.0,2.2205925201862812e-13,2.0017521160792415e-10
678,0.999999999993932,6.066603380092499e-12,0.9998120139918597,1.4663667697338763e-18,0.0001879860081399067,2.1383105738349515e-08,5.4556223527999935e-06,4.96460646339974e-23,0.9999945229945404,1.6696573926319318e-201,8.752125697054353e-22,5.211777545000603e-08,1.0523837214443645e-05,0.9999894240450108,2.3627874977056614e-09,3.099013031307401e-09,0.9999899441854061,0.0,1.005035279381226e-05,7.311273236227784e-24
679,9.338917982535078e-07,0.999999066108205,3.832027708555003e-20,0.0035804547923024843,0.9964195452077007,0.010555704704547468,0.9893304535938106,0.00011384168664839771,1.4994752954828027e-11,0.0,0.0006520997373812784,0.009829430865483546,0.9895184693880732,9.063070975871592e-12,0.0017451074179109952,9.767325725711276e-05,3.5875416235966243e-19,0.0,0.9980163028565977,0.00014091646823286905
680,0.37563282573590473,0.6243671742640938,3.3287631375084846e-07,7.254527267338015e-07,0.9999989416709583,0.2365490827757596,0.7634173194882858,5.6303103615847845e-08,3.354143285156449e-05,0.0,4.838124326867066e-07,0.2581244325382922,0.7418560622147846,1.902143449087376e-05,2.580630568483729e-13,0.9633635609501492,4.869746763713444e-06,0.0,0.03663156573558735,3.5672450720856894e-09
681,0.9999606456323817,3.9354367618104106e-05,0.0005770027565120671,1.7455890703052494e-10,0.9994229970689302,3.603300499455066e-05,0.9968113069163446,1.426856516839755e-13,0.0031526600785146833,1.6143810112117384e-294,1.259057229826859e-12,3.644425057792189e-05,0.9983453313912222,0.001618224356941083,1.3450854061968516e-06,4.616867612873304e-05,0.0016542918506125552,0.0,0.9982981943878025,4.9641625733254303e-14
682,2.5466923084448483e-06,0.9999974533076951,8.535579207785017e-16,8.270842770184791e-07,0.9999991729157226,7.372191526591942e-14,0.9999999999975202,2.4087415924720855e-12,1.886066359103451e-18,0.0,1.5802636055743623e-11,4.839797815184284e-14,0.9999999999841478,1.0792242122882166e-18,2.283217523308707e-15,2.6086307423380223e-12,5.289819793095332e-19,0.0,0.9999999999965326,8.598672881837507e-13
683,0.36520187834566126,0.63479812165434,5.4495388715914714e-09,1.6519808426985633e-08,0.9999999780306512,7.340006684679621e-09,0.9999999920173508,1.910054658468215e-12,6.407292777497107e-10,0.0,1.9367516582440356e-11,6.715365952153361e-09,0.9999999928117305,4.5353734163522446e-10,4.292998774793064e-10,4.367795668429363e-08,3.6003173566326906e-10,0.0,0.9999999555315863,1.1260498834257721e-12
684,0.36520187834566126,0.63479812165434,5.4495388715914714e-09,1.6519808426985633e-08,0.9999999780306512,7.340006684679621e-09,0.9999999920173508,1.910054658468215e-12,6.407292777497107e-10,0.0,1.9367516582440356e-11,6.715365952153361e-09,0.9999999928117305,4.5353734163522446e-10,4.292998774793064e-10,4.367795668429363e-08,3.6003173566326906e-10,0.0,0.9999999555315863,1.1260498834257721e-12
685,0.03554010958471927,0.9644598904152807,8.312281125333922e-06,0.00030767817585679145,0.9996840095430204,0.9999994092839128,2.465024791445229e-07,8.454951891081719e-09,3.3575865495210434e-07,0.0,6.666511854272759e-08,0.9999995498721734,1.880085334064138e-07,1.9545417395969208e-07,0.053898422949244525,0.9461009382985808,5.866230480094405e-07,0.0,4.551181091173487e-08,6.6173135775897404e-09
686,5.052501801647164e-06,0.9999949474981972,1.1649565519067608e-17,0.019269702741018073,0.9807302972589811,0.9998160608473993,0.00017407626672827936,9.862885869862414e-06,8.801050032317542e-18,0.0,9.127106150961602e-05,0.9997596249937702,0.00014910394472169393,6.268762184522985e-18,0.9996754206484247,0.0002714344628458543,4.194280959259109e-18,0.0,4.771796417635748e-05,5.426924555488343e-06
687,1.8957549531588676e-37,1.0,9.115254285440611e-60,1.0,1.0854939145269134e-18,1.0429846334726924e-20,5.409136890025683e-28,1.0,1.798942561227149e-66,0.0,1.0,1.0935925054447809e-21,9.208073023631676e-29,5.0261727755576474e-67,1.135080674890507e-24,1.1871297932941417e-20,2.8830651667821472e-68,0.0,6.475322142518668e-30,1.0
689,0.6777011414045233,0.3222988585954759,8.334272614241692e-06,1.279953553381826e-06,0.9999903857738307,0.9959491946663761,0.003928875527147913,1.707146269188683e-08,0.00012191273501577327,0.0,1.7092036124955082e-07,0.9963837031357733,0.003536867003175918,7.925894068595551e-05,1.0440213455770595e-05,0.9999889757367006,5.840009685529049e-07,0.0,7.703716909905546e-14,4.8797478774147834e-11
690,2.315628966125404e-06,0.9999976843710338,4.535113220095152e-14,6.214527886367195e-05,0.9999378547210885,4.231036806773225e-09,0.9999999864932434,9.275718538826643e-09,2.6716866201733952e-15,0.0,6.290546570458724e-08,2.78335334839127e-09,0.9999999343111788,1.565068755407628e-15,1.2738023635771848e-10,9.441943746985225e-09,9.163100408067993e-16,0.0,0.9999999843696444,6.0610274655432135e-09
691,1.7575603353750686e-24,1.0,2.48992845523174e-46,0.9999999999930083,6.9922034398695106e-12,1.3659067475977078e-07,3.1977656844846544e-15,0.9999998634093239,2.0500562377077088e-44,0.0,0.9999999866710283,1.3328972172246951e-08,6.271294872600842e-16,3.799452962912747e-45,4.349605949409664e-11,9.079278529906496e-10,1.1438522233444058e-45,0.0,4.281849965002975e-25,0.9999999990485833
692,0.9520139138411998,0.047986086158798257,7.643607890369227e-07,6.536666343887535e-08,0.9999991702725484,0.0027730619033972176,0.9971875626513658,7.939668829822502e-10,3.937465127326861e-05,0.0,6.9091093156742414e-09,0.0025085851015246748,0.9974687208439179,2.268714544624255e-05,1.698529780423614e-05,0.7167229204118349,4.403199426940945e-05,0.0,0.283216061543109,7.529798764235996e-10
693,2.480882860428857e-21,1.0,5.374282111083917e-41,0.9999999901588978,9.841104585026741e-09,5.129344099781062e-09,6.416804711462461e-12,0.9999999948642397,1.541070710622369e-39,0.0,0.999999999552486,4.461894970954063e-10,1.3252529923529977e-12,2.8133018456842533e-40,9.129528912815183e-23,0.013508504103778397,3.2407395797330002e-40,0.0,1.3470890333764462e-21,0.9864914958962212
695,0.9999861061959475,1.3893804055021165e-05,0.0764070356756766,5.562914428585689e-10,0.9235929637680351,0.0329961483541881,0.0698136788959472,8.273924811677362e-13,0.8971901727490367,8.989340689768958e-285,1.3808513351541089e-11,0.05936544438073459,0.11826557602289711,0.8223689795825593,0.009162337054972538,0.0004812802063815053,0.9034756115884696,0.0,0.08688077114982051,3.5316262100855616e-13
696,0.9999999999999396,5.99503841297586e-14,0.9999997297755076,1.0400226544349131e-21,2.702244935576235e-07,3.3105427656655287e-09,5.301761912386546e-10,2.567776869438178e-26,0.999999996159282,6.858375730281602e-216,4.567088623641837e-25,9.320147754678613e-09,1.0482791511533166e-09,0.9999999896315721,2.4353202966266926e-10,4.598635190386253e-10,0.9999999985927097,0.0,7.03893701711283e-10,3.798277934362097e-27
697,0.9999999934788946,6.521105585287587e-09,0.98731502300217,7.919711503212388e-14,0.01268497699775207,2.3494904143503487e-05,0.0003379331962462305,6.108883840544827e-18,0.9996385718996071,4.902280551648183e-237,8.733839687846464e-17,4.3852359973295414e-05,0.0006481359154220202,0.9993080117246032,1.843356249218225e-05,8.228419995487295e-08,0.9994573912128049,0.0,0.0005240929405018199,9.317731036417198e-19
698,0.0002986010337036591,0.9997013989662937,1.381096674964537e-11,1.0840954027981794e-05,0.9999891590321629,6.394169451215826e-06,0.9999935757488402,3.00339251849504e-08,4.7782460136604064e-11,0.0,1.2498491018043937e-07,5.696036796636919e-06,0.9999941789539649,2.4327195043648503e-11,3.387859833193654e-07,8.09454457497899e-13,1.4775747617859237e-11,0.0,0.9999996443731114,1.682531705078829e-08
699,0.9999999971633073,2.836690205766695e-09,0.9961024989816812,1.0230955835000889e-13,0.0038975010182176776,0.0015299736414369394,1.2621102244128777e-07,1.0267432402929444e-17,0.9984699001475386,3.3501882452129115e-219,1.6639977017251552e-16,0.003611839518353054,2.435482639698481e-07,0.996387916933381,6.100031475858332e-06,0.01095084679877738,0.9890430531697451,0.0,1.9451019936192544e-15,2.1586872729200065e-18
700,1.0,2.497701895506326e-35,1.0,2.6488393081896867e-43,1.2094822467847979e-29,4.197507905884209e-30,1.1885178848583188e-30,5.560197998367834e-22,1.0,2.272101946545679e-176,5.558196885511508e-45,9.977801513671058e-30,2.1536871813249587e-30,1.0,9.143541674285192e-31,9.9322279507023e-40,1.0,0.0,6.315914432635422e-31,2.3504564826909187e-47
701,0.9999981890462435,1.8109537598572693e-06,0.015083666986139367,9.993996217229811e-12,0.9849163330038683,3.476527568360604e-05,0.9410116484960175,5.0778955060448194e-15,0.058953586228292595,5.95516943050268e-283,4.648950838850922e-14,3.260149727328461e-05,0.9681502818969764,0.031817116605704236,5.9683225541016376e-06,3.243372380984808e-07,0.02026499097241597,0.0,0.9797287163677885,7.797336123050396e-16
702,0.6942449051066303,0.30575509489336755,8.1957282486031e-05,3.458257694319296e-06,0.99991458445982,0.9983598652965553,0.0015309152133832877,7.086916331493262e-10,0.0001092187813680992,1.0507292278918189e-291,6.240035492561798e-09,0.9984119575202753,0.0015242842387538935,6.375200093177913e-05,0.9998981404603317,6.694531587979926e-08,6.336779271139787e-06,0.0,9.545579048491244e-05,2.459749965096522e-11
703,0.9642314862791199,0.035768513720878456,0.0010943266534646995,2.6455826488773663e-06,0.9989030277638876,0.9992205504591979,0.0001849697257018628,3.7137237592224787e-10,0.0005944794437292265,8.342847460079694e-273,2.844047698918154e-09,0.99953679615686,0.00015243516456260608,0.0003107658345312917,0.9971140121781366,0.0019229000517176041,0.0008025904778320263,0.0,0.00016049711999732298,1.723171545334319e-10
704,0.9915781135706013,0.0084218864293975,0.0007897479734329235,9.946457202751322e-07,0.9992092573808486,0.9999034722152582,1.9772060848668602e-06,3.830279267324706e-11,9.455054035761032e-05,8.781064250362875e-283,2.3405249418331014e-10,0.9999577584123367,1.5890121490767883e-06,4.065234146357972e-05,0.6948377697002972,0.30430239275222926,0.0008559989635048055,0.0,3.8384232854065394e-06,1.606833937626716e-10
705,0.9999999922861207,7.713879278294162e-09,0.9979661675911972,6.676431264632813e-14,0.0020338324087374377,0.0003573042467334324,3.37834189304798e-06,5.05681333280494e-18,0.9996393174113759,1.1475463211243202e-236,8.566530734812795e-17,0.0008142264923340416,5.378815653477607e-06,0.9991803946920103,8.416339119934165e-05,2.307367830107341e-06,0.999911028325756,0.0,2.500915212501759e-06,1.5734552332791797e-18
706,8.446084110935066e-14,0.9999999999999147,2.549733174754853e-21,0.989226283968065,0.010773716031936498,1.2638471018715858e-06,0.8035049205898154,0.1964938155630859,2.716552388712777e-20,0.0,0.679603238543738,3.7568452435916377e-07,0.3203963857717405,9.692387313886978e-21,2.848758681563196e-06,1.61433022215935e-08,1.3004354134711284e-20,0.0,0.480397393810211,0.5195997412878028
707,8.959343448916635e-09,0.9999999910406601,3.285290887800529e-15,0.008844360981528736,0.991155639018465,0.00024061654249443485,0.9997264540166594,3.2929440822373765e-05,2.038149735997989e-14,0.0,0.00030352870190500906,0.00017009211396034008,0.999526379184123,1.3217314516672526e-14,1.037361244111135e-12,5.878370832378744e-05,3.9824750559431166e-14,0.0,0.9998800691612229,6.1147129374019e-05
710,0.2703056293001,0.7296943706999005,3.0433670226121397e-06,5.258988011161597e-06,0.9999916976449689,0.9972852089493845,0.0027087181002297097,3.1114072126812066e-09,6.0698389798986875e-06,1.7898936306881863e-307,1.993240727986632e-08,0.9972051234295195,0.0027913442607927583,3.5123772814396674e-06,0.9995496436821044,9.051424759978236e-07,8.591485175659709e-07,0.0,0.00044859178343720256,2.434668832500735e-10
713,0.9999999999974882,2.511754283025678e-12,0.9999954405543461,1.8475374655648908e-19,4.559445653801695e-06,7.963860001658712e-09,7.222587981009404e-08,7.203453999734755e-24,0.9999999198102604,3.8014348408401266e-212,1.3380806228954703e-22,1.8974693925578896e-08,1.3399612981982053e-07,0.9999998470291774,1.8516213539167377e-09,1.8863898081309454e-10,0.999999879661683,0.0,1.182980567282425e-07,1.8599251592634354e-24
714,0.9999999999999503,4.867688332135569e-14,0.9999996790922783,4.230757610064895e-22,3.209077210887865e-07,1.6584337912740638e-10,6.956961294593497e-09,7.806992946228572e-27,0.9999999928771963,9.414301757087099e-195,1.5569581783393114e-25,3.906236909695661e-10,1.3283101408851494e-08,0.9999999863262765,3.870056282961951e-11,2.504065009278148e-12,0.9999999862527957,0.0,1.3706000043399796e-08,1.3071592942823488e-27
716,0.9972916301279005,0.0027083698721010103,0.043295210607259514,1.4401784667468124e-06,0.9567033492142715,0.9965204504387553,1.6358671586808156e-06,3.079517527978612e-11,0.003477913663290336,1.4406372593963968e-279,1.7888813894060348e-10,0.9980219555016846,1.4335833806371835e-06,0.001976610736045919,0.6653569758556561,0.3135225236947306,0.021120500310532968,0.0,4.476653920432874e-14,1.3903561021352544e-10
717,1.6864491531007362e-09,0.9999999983135481,1.922842830004145e-15,0.057586187638200684,0.9424138123617961,3.955760133291822e-06,0.9997574151303311,0.00023862910953670826,1.3790413384461033e-15,0.0,0.0013707992048927855,2.7765721088502973e-06,0.9986264242229944,9.77295509032608e-16,3.9189390948825825e-06,6.039765910251623e-07,9.255255955044283e-16,0.0,0.9994437086939962,0.0005517683903143483
718,0.9992398282943967,0.0007601717056008111,0.00010819427980548259,1.8396489809285427e-09,0.999891803880545,0.0007817550177540374,0.9976259027954002,4.7125036009177836e-12,0.001592342182132958,0.0,3.048972018593302e-11,0.0007014476592635071,0.9985280212299266,0.0007705310803214696,0.00010115589730863491,3.159686045180109e-05,0.0008283704606174538,0.0,0.9990388767797038,1.9152258233652073e-12
719,1.8952776463094836e-22,1.0,6.547041131005288e-34,0.9999999864673086,1.3532691204368434e-08,7.441130805932076e-10,2.6224040849162554e-07,0.9999997370154777,6.474644166237825e-33,0.0,0.9999999540549152,1.086018567955462e-10,4.5836480934947657e-08,1.0324372824828054e-33,5.528196406837147e-09,9.358403687766398e-17,8.056945287006537e-34,0.0,1.6203141829793582e-08,0.9999999782686617
720,4.379730762964477e-09,0.9999999956202714,1.1503513917515962e-14,0.04505033997988786,0.9549496600201031,2.5229361164434228e-05,0.9997786533994346,0.00019611723938295342,1.6477305216298367e-14,0.0,0.0009976884438906918,2.413779315839721e-05,0.998978173762941,1.2039624681798049e-14,0.0002543524200494144,1.8153119818938957e-09,8.381856231389061e-15,0.0,0.9994562868365936,0.0002893589280389538
721,0.9973752513514984,0.002624748648504847,0.0003334365757068151,2.1483626021566725e-08,0.9996665419406664,0.0824424520664683,0.9110077447898143,1.0386263766276824e-10,0.006549803039852593,1.0161007421124883e-299,8.787159561065093e-10,0.10138418379762061,0.8943347173552485,0.004281097968416856,0.04652598689083032,0.0011727303533590552,0.008846193413779147,0.0,0.9434550892648172,7.721405822764538e-11
722,0.9997155245147727,0.0002844754852297564,0.003457011475724205,9.384703459243606e-09,0.9965429791395718,0.8136645394176676,0.08293798626449513,6.462231435642066e-11,0.10339747425321624,3.805597708634509e-263,4.1461656833942053e-10,0.880059876111337,0.07233425397677891,0.047605869497269034,0.45671677276175915,0.023620826474478843,0.25049770322606857,0.0,0.26916469746993726,6.775536945424527e-11
723,2.7694492204137185e-28,1.0,1.4751213474339305e-43,0.9999999999997229,2.7823397089518173e-13,7.224385554232144e-11,5.990485282215352e-14,0.9999999999276952,4.441613210619067e-42,0.0,0.999999999992184,7.806446705904335e-12,9.204209662959674e-15,6.19221832451748e-43,6.052045584753869e-10,1.4394003861841173e-19,2.0065879781401314e-43,0.0,1.3516850952907747e-15,0.9999999993947952
724,1.9407088164060216e-10,0.9999999998059295,7.156109658127129e-16,0.8105731136725585,0.18942688632744054,0.2504872040050015,0.4360607439161208,0.3134520520788403,4.070843449270501e-14,0.0,0.7635544997013901,0.08692766839457958,0.14951783190401957,1.054841356608247e-14,0.38561363031280904,0.00020787309215560305,2.901160860603861e-14,0.0,0.15024142545470637,0.463937071140302
725,0.9997629901082492,0.000237009891752799,0.02636079644472586,1.0018511977655754e-08,0.973639193536764,0.9117293381008259,0.0035418903830187415,4.2896646259961775e-12,0.08472877151186663,7.467900226784608e-282,2.1010745173052292e-11,0.9607202964733895,0.002733279297968237,0.03654642420763135,0.9040504121501565,0.00031044376242465876,0.09008764356514883,0.0,0.005551500520032386,2.236160378283503e-12
726,0.9999999999996518,3.468183245988809e-13,0.999998562756704,1.4701232900503596e-20,1.4372432965410617e-06,5.505244638156637e-09,6.988405330704235e-09,1.9839052288966808e-25,0.9999999875063494,1.1467757178205185e-193,3.2603501945414374e-24,1.5404050035930062e-08,1.4239288151819638e-08,0.999999970356662,1.2191268344873535e-09,6.492938062452919e-11,0.9999999851493016,0.0,1.3566642805640219e-08,5.265825806269644e-26
727,1.770418514970694e-05,0.9999822958148493,1.926660659453174e-12,0.00028714005796365234,0.999712859940108,0.00038985837800893295,0.9996068812407135,3.260358896645051e-06,2.2377470239703197e-11,0.0,2.4187844918232673e-05,0.00037548747623086906,0.9996003246652695,1.35829584768439e-11,0.00012811683041401604,6.691074870713605e-05,1.828481232160947e-11,0.0,0.9998022036045568,2.7687980379818836e-06
728,0.999785549187092,0.0002144508129081011,0.04767373220906023,3.0091795254329285e-08,0.9523262376991442,0.967221791474873,0.00012781394783202728,2.6604249969500164e-12,0.032650394574636005,1.2412192661554387e-245,2.3108537581424962e-11,0.9850107870587504,8.654489410669897e-05,0.014902668024033242,0.09162722061782705,0.7697208962242651,0.13834460767020013,0.0,0.0003072754826182467,5.091571592522113e-12
729,0.0005394712679201819,0.9994605287320801,3.2861536872918014e-08,0.0026680163205807673,0.997331950817881,0.9999092615278117,9.045449364058263e-05,2.768191950864594e-07,7.159353215281703e-09,0.0,2.2411802725528472e-06,0.9999156767204066,8.20777903690612e-05,4.308955397276769e-09,0.9999869061195157,4.892070899553899e-06,1.2428422431163453e-09,0.0,8.157547376041845e-06,4.3019364073885685e-08
730,1.3355309638458178e-10,0.9999999998664464,1.9204258751146192e-16,0.8449983180800578,0.15500168191994437,0.09221652342494857,0.2512551920675695,0.6565282845074204,6.019343747569396e-14,0.0,0.9567012484465629,0.008647239170906082,0.0346515123825208,6.829270496424883e-15,0.003470885279833144,0.052210728642470075,1.8727482471415377e-14,0.0,4.74084185748976e-10,0.9443183856035946
731,0.9999774994354915,2.2500564505110714e-05,0.5030335612528066,3.569802201919861e-08,0.4969664030491719,0.972452733443747,3.110182130376822e-07,5.041658385311219e-13,0.027546955537532506,2.3963122061921274e-283,3.4305410063791925e-12,0.9865643761362392,1.8922619312787444e-07,0.01343543463413701,0.13045282393366922,0.7390248423073509,0.1305218999115505,0.0,4.338468130874857e-07,6.148506695861535e-13
732,0.9999999999998153,1.8564373494941576e-13,0.9999990302656426,5.586206513920422e-21,9.69734356952171e-07,3.6336225946312857e-09,2.9579856843460332e-09,1.3107907900037074e-25,0.999999993408391,7.841441013338282e-216,2.8220294989618526e-24,8.713376745971695e-09,5.82852762188376e-09,0.9999999854580963,1.1648627438725625e-10,2.319648331220747e-09,0.9999999928655079,0.0,4.698356546250036e-09,2.737114068826453e-26
734,0.9999999999992788,7.198114623700389e-13,0.9999984036645153,4.915013778577374e-20,1.5963354860403898e-06,4.071431143342357e-08,1.1496090990386522e-09,2.260631845034059e-24,0.9999999581360806,2.318995279007502e-224,3.326900703445268e-23,1.1749650065109785e-07,2.4362306461049663e-09,0.9999998800672679,2.025035542994628e-09,7.584514809851718e-09,0.9999999889076108,0.0,1.4828393075646796e-09,2.6946027999779484e-25
735,2.5991602799508682e-05,0.9999740083971984,4.6527442920756436e-09,0.0034761870490675256,0.9965238082981915,0.999995419467115,4.553926882742722e-06,2.640697132562825e-08,1.990334750899118e-10,0.0,1.384532446158454e-07,0.9999967964320233,3.065027075914115e-06,8.765775570024842e-11,0.9999998530170339,7.092740701750108e-09,1.0135392537946539e-11,0.0,1.3863120382873946e-07,1.2488858575305466e-09
737,5.1966190964766695e-05,0.999948033809036,1.0577613229765657e-08,0.04525456548171161,0.9547454239406754,0.9999969520933668,7.65322398277383e-07,2.2811319518825618e-06,1.4522845747027046e-09,0.0,1.8343386214292125e-05,0.9999809058094935,7.497509245054847e-07,1.0533680020956501e-09,0.0029414490195549792,0.9970578967673239,4.220430427898221e-10,0.0,4.619257064946521e-08,6.07598509714759e-07
738,4.3061176734451926e-29,1.0,1.2763883484802574e-60,1.0,5.580199957871235e-15,3.7152469336293386e-12,5.358254413139066e-20,0.999999999996291,9.753254356754224e-60,0.0,0.9999999999997158,2.797301559887849e-13,6.578771029702169e-21,1.6458066838726573e-60,1.5229894427967196e-15,3.2952402783089763e-11,1.3461502394702158e-60,0.0,5.175832757315798e-30,0.999999999967045
741,1.8456376397672106e-08,0.9999999815436242,1.6948198155330574e-15,0.00538683366332828,0.994613166336668,5.752103593614697e-05,0.9998833194078854,5.91595561556918e-05,1.8705945289246808e-14,0.0,0.000412135912751759,2.3586037914186067e-05,0.9995642780493251,1.1378229333151783e-14,7.298176156235724e-08,0.019710368838053417,2.3409407089336883e-14,0.0,0.9800990303281034,0.0001905278520521196
742,4.208532069890018e-20,1.0,9.712690452723491e-39,0.9999999674721357,3.252786453952173e-08,2.0335806999148273e-05,3.360164437686516e-10,0.9999796638569904,6.853862262603617e-37,0.0,0.9999956163697179,4.3835537497061964e-06,7.653408636352392e-11,1.2446199571258469e-37,6.494146681088941e-06,9.797480392007694e-10,1.4229675006158824e-37,0.0,1.9804459450585317e-11,0.9999935048537669
743,0.9999992297547191,7.702452841568371e-07,0.7262418585058009,3.770066313159202e-11,0.2737581414564968,0.0016691072491004013,0.0016951225564404032,9.757041030171811e-15,0.9966357701944496,4.0977130791138523e-255,1.3591761459142624e-13,0.002976604844608143,0.002699018731038916,0.9943243764242167,0.00011806624221507355,0.0023406924639999068,0.9957338610303518,0.0,0.0018073802634303218,3.542440372237732e-15
744,0.9999999876130161,1.2386984062913348e-08,0.9905577486318546,2.1054643501379816e-13,0.009442251367934834,7.860424706386171e-05,7.432906663311556e-05,1.8572604064245162e-17,0.9998470666863009,4.499095013825273e-287,3.5657254195555407e-16,0.00016560676212728665,0.00011169120727867766,0.9997227020305903,6.959200113842198e-06,1.0894961984684053e-05,0.999931178863983,0.0,5.096697391546037e-05,5.743898866791967e-18
745,0.9999999999729496,2.704708287063832e-11,0.9999558904926422,1.1662982079591916e-17,4.4109507355834226e-05,1.4798290306428996e-07,1.658869843654454e-07,7.335853826101044e-22,0.999999686130113,1.156377802036668e-222,1.057903704019461e-20,3.9016640120583936e-07,3.0753219531971256e-07,0.9999993023014024,1.1759610659073002e-08,2.0119452904333702e-08,0.9999996791104504,0.0,2.8901048724177913e-07,2.4166592695496692e-22
746,0.9999999998494076,1.5059112882162855e-10,0.9943118631261904,2.1853284187411675e-16,0.00568813687381067,3.641604991975943e-07,0.00036808916102989915,1.1593045048331031e-20,0.9996315466784698,1.0616030911754022e-249,2.0411998921934037e-19,9.496876812598344e-07,0.0007124540057756421,0.9992865963065454,5.348007976826581e-08,1.7209148287226748e-08,0.9993474608724012,0.0,0.0006524684383739959,3.472054839284513e-21
747,0.9999999999996838,3.145565183567366e-13,0.9999926767941918,5.452240878489988e-20,7.3232058093885914e-06,1.5468058070642973e-08,4.872520591868817e-08,1.0915441775688256e-24,0.9999999358067363,9.4392473473613e-215,1.9837783340702798e-23,4.097285806957498e-08,1.0399823950277173e-07,0.9999998550289034,1.2279488244268746e-09,8.467228532839012e-10,0.999999897696055,0.0,1.0022927407425307e-07,2.760147035486185e-25
748,0.9993641178506717,0.0006358821493297265,4.107097508563237e-05,4.4233122527871053e-10,0.9999589285825832,4.6594159203636996e-07,0.9999752783848105,7.463107402415925e-14,2.4255673522233707e-05,0.0,6.491323172358026e-13,4.2907356013447205e-07,0.9999848225205598,1.4748405232783398e-05,7.994525966739598e-08,1.0359759517063383e-07,1.0880910502767578e-05,0.0,0.9999889355466234,2.0496282309658808e-14
749,0.9999636788007803,3.632119922050523e-05,0.2474746969407535,1.1891997168208123e-08,0.7525252911672514,0.6568467083734503,0.00021554509531497196,1.9575166822888248e-12,0.3429377465292766,9.222226879970717e-283,1.9717757550203988e-11,0.8164094495703358,0.0001738471861428612,0.18341670322380493,0.19238855158338053,0.008156143118146303,0.7993750120630274,0.0,8.029323358121328e-05,1.8621161931946994e-12
750,9.421196814419478e-14,0.9999999999999076,1.0290701954163933e-20,0.9960794699733727,0.003920530026623852,0.0003123797949369349,0.11244157783412607,0.8872460423709359,1.1034728962096595e-18,0.0,0.9880505539857706,3.3429746312309154e-05,0.011916016267916664,1.0839078378970238e-19,0.0005738011463231586,1.3118591226437655e-07,3.5077340385899883e-19,0.0,0.02421481692401276,0.9752112507437554
751,2.2022752706238938e-20,1.0,7.636202762301951e-38,0.9999999935901798,6.409822950847138e-09,6.178871116566588e-05,5.528350966611741e-12,0.999938211283308,3.369662786596887e-36,0.0,0.9999924512464978,7.5487525617935765e-06,9.37821549285183e-13,5.230139017477837e-37,1.0214543745054927e-05,1.2742764171245883e-09,3.512392608210454e-37,0.0,1.239031299033131e-21,0.9999897841819769
752,0.9998197798287969,0.00018022017120244196,7.989332325773265e-06,5.3142669796920685e-11,0.9999920106145317,4.54526281491026e-09,0.9999987030818386,2.7653003065418954e-15,1.2923728942780498e-06,2.1883997873514e-310,1.8874050959060503e-14,4.465151969417927e-09,0.9999993223864956,6.731483357972173e-07,1.7557698471712893e-10,2.7956610696371635e-08,5.920753671744584e-07,0.0,0.9999993797924422,1.069437836534866e-15
753,0.0003233374010642744,0.9996766625989336,8.78064641396399e-09,0.0019167771126229762,0.998083214106734,0.9999670907212381,3.259698030185826e-05,3.1071107249207027e-07,1.5873842595017373e-09,0.0,1.6794263340444226e-06,0.9999762102561714,2.2109581081599506e-05,7.364138008917388e-10,0.4243666695807548,0.5755530245200559,1.1536867861925644e-08,0.0,7.91577185248443e-05,1.13664379454764e-06
754,1.2048349775516742e-07,0.9999998795165014,1.4314811394185595e-13,0.003711586661559025,0.9962884133382973,0.00029267290226022135,0.9997018484763636,5.4786212099128225e-06,1.6703617801050342e-13,0.0,5.474613740562711e-05,0.00028023740928150454,0.999665016453175,1.36529764233579e-13,0.0025707734236540742,6.004818555585629e-09,8.978284289842716e-14,0.0,0.9974174042359665,1.1816335470626984e-05
755,0.9540331934074264,0.045966806592575335,7.022468306468951e-13,2.538897502736535e-06,0.9999974611017961,0.9999873923941488,7.578861377809866e-22,1.7997431815315836e-09,1.2605806108330097e-05,2.89527e-319,1.4147675385103638e-08,0.9999930464072514,7.96157797541728e-22,6.9394450714211995e-06,7.523722141674478e-17,0.9999999999998721,8.400699997049003e-17,0.0,7.428289998427929e-34,1.2593325672979365e-13
758,1.5870654200327825e-27,1.0,6.426767635108391e-50,0.9999999999931504,6.849696385472024e-12,3.4502238887729696e-13,3.2339788894602163e-13,0.9999999999993321,9.445301954667412e-49,0.0,0.9999999999998579,5.12146801227775e-14,9.348067945585628e-14,2.2979132632817947e-49,6.646322171257276e-14,3.111664085841008e-16,1.4928810221577248e-49,0.0,4.6351664563874475e-22,0.999999999999929
761,1.9787696335539552e-10,0.999999999802121,6.175804651398315e-15,0.9982032724121422,0.0017967275878489303,0.9999632781099832,4.385185571177425e-11,3.67218461640703e-05,1.200647232074414e-16,0.0,0.0002747132778261457,0.9997252866785088,4.3666207640791944e-11,9.543586264177553e-17,0.9999664432642548,1.8452714854500707e-06,4.466281844170987e-17,0.0,3.948048049066056e-20,3.1711464262033435e-05
762,0.9999998469917958,1.530082044446721e-07,0.978262845143273,7.064401947528283e-12,0.021737154849659057,0.027804399886913266,9.649111909393999e-06,3.6092517245262615e-16,0.9721859510011784,3.5768200291838653e-236,5.281122927001787e-15,0.06952076777726164,1.662291750153223e-05,0.9304626093052334,0.11960874085291096,2.2862938463084244e-07,0.8803788549466152,0.0,1.2175571091943509e-05,1.6207546552708566e-16
763,7.415325815809235e-09,0.9999999925846765,3.3343784211180177e-15,0.01561245742217819,0.9843875425778115,1.3988365975366264e-05,0.9999701855770198,1.5826057005042977e-05,1.6242176895126946e-15,0.0,0.00012510205066673918,1.2289676768301163e-05,0.9998626082725603,1.2320263595339921e-15,0.0002384739891464322,5.459011682806977e-10,1.1255915122616149e-15,0.0,0.9997361461636256,2.537930132498959e-05
764,0.9474049130537698,0.052595086946229004,2.532348030639016e-10,6.191008099779187e-06,0.9999938087386678,0.999999609384245,3.9061206619240793e-07,2.742025400447021e-12,9.475936856072653e-13,5.191347423331148e-270,1.7546771940598148e-11,0.9999997193033433,2.806786077726195e-07,4.986588502186058e-13,0.9999999819518167,4.930182019720825e-09,3.7582962317694e-14,0.0,1.311790395164507e-08,5.641287719083453e-14
766,0.9927610765418388,0.007238923458161972,3.226620751789258e-06,7.541820613631759e-09,0.9999967658374306,2.247553907908841e-05,0.999973076491944,7.316218977228277e-12,4.447961659552968e-06,6.507354538050133e-292,5.166780912772107e-11,2.5881037422877587e-05,0.9999714420827505,2.676828159634661e-06,5.713121652122293e-06,1.3099707269283264e-06,2.451596132913171e-06,0.0,0.9999905253090804,2.4068427202078344e-12
767,0.9975977695006107,0.0024022304993916847,8.909554509641713e-05,3.8046323377815425e-09,0.9999109006502716,0.0020014512592409412,0.9953613819275786,1.9115381945672694e-11,0.0026371667940642734,8.617670328022737e-303,1.6128131557359446e-10,0.0016703071266553778,0.9969753533566919,0.0013543393553683482,7.223763900002159e-05,0.0024346702785090104,0.0011988023666080847,0.0,0.9962942897111373,4.746333308614278e-12
768,4.121274758350964e-05,0.9999587872524169,2.7941026209709833e-08,0.04985379531818726,0.9501461767407877,0.9999998572531612,1.2099837870565418e-07,2.1719347545742374e-08,2.910964562972353e-11,6.193e-320,1.2616014483470606e-07,0.9999998002114467,7.361488249555081e-08,1.3528422269555496e-11,0.9999999992657465,2.8821185598071777e-11,2.2051052626386189e-13,0.0,5.033948566008084e-10,2.0181922461545187e-10
769,1.635468659689348e-16,1.0,1.9256027887487475e-34,0.9999904735040154,9.526495981282695e-06,0.0004005245946905581,2.109812576188693e-25,0.9995994754053159,8.596719068862227e-33,0.0,0.9999680146115206,3.198538848325537e-05,3.279228532956082e-26,8.094869943461732e-34,1.9990164398693602e-22,0.9988259291090331,1.6104426325202387e-43,0.0,6.300055306298366e-37,0.0011740708909712821
770,0.03464526941031944,0.9653547305896771,7.98601831484665e-06,0.0011422308709996781,0.9988497831106832,0.9999999917656694,3.25394974521557e-09,1.787885955155398e-10,4.80158888089408e-09,8.59939917676063e-300,6.838214008420203e-10,0.9999999953008114,2.197164195985989e-09,1.818203762821786e-09,0.9999999270935502,7.231032314642403e-08,5.836879731568847e-10,0.0,3.036401030105281e-18,1.2437104483130606e-11
771,2.6591312976989606e-12,0.9999999999973426,6.637722716170618e-21,0.9820557596222228,0.017944240377781837,0.8810290488390589,2.8032244451445245e-20,0.118970951160936,1.556319299879062e-33,0.0,0.6871990581217462,0.31280094187825963,2.0490536066899814e-20,5.67830048777631e-34,1.6624694186157936e-11,0.9798245706769992,5.229887579616351e-35,0.0,1.1995457830504085e-29,0.020175429306379177
772,1.701043705825126e-14,0.9999999999999858,7.521932753581765e-23,0.9987362593693007,0.001263740630701723,0.0019135662150204559,0.03136236549839923,0.9667240682865735,3.90421115124293e-20,0.0,0.9954954390735573,0.00016312083194948857,0.0043414400944873964,4.621206736436495e-21,0.0008918518978670634,6.928048758148633e-07,7.208935415740073e-21,0.0,0.0050481861282765704,0.9940592691689776
773,4.750059234887949e-27,1.0,8.07803022546094e-51,0.9999999999976552,2.3491167669117098e-12,8.135850331222898e-11,4.120835647999022e-40,0.9999999999186429,2.7442169261266165e-60,0.0,0.9999999999964331,3.5628087037909614e-12,5.895920592656533e-41,1.4506601151258152e-62,4.839087611850341e-40,5.956781173900757e-06,3.3315310401489074e-65,0.0,2.226894710065526e-49,0.9999940432188262
775,0.9999999994929496,5.070515392695143e-10,4.01707617096816e-05,2.5760402867800405e-15,0.9999598292382884,2.777816955588556e-10,0.9999999990770334,6.392137532528715e-10,5.970455565143393e-12,1.5059405601603616e-277,4.5993088337134954e-17,2.8191564885211206e-10,0.999999999714646,3.4364187996857906e-12,9.494239987159648e-11,2.73859757708769e-12,3.0662180321541437e-12,0.0,0.9999999998992521,2.10515008038981e-18
776,0.9999918760787682,8.12392123159938e-06,0.6286792173976616,2.955953519043071e-09,0.37132077964638166,0.654017210688213,2.6240368353190038e-05,1.2862898529345613e-13,0.34595654894330724,6.681018095349351e-238,1.3288937964875865e-12,0.8080457098134093,2.130127094920302e-05,0.19193298891431104,0.3882540330349036,0.010766567027936897,0.6009530586060418,0.0,2.6341331016892188e-05,1.0071651206145355e-13
777,0.0051186657329577966,0.9948813342670414,7.644031444509889e-08,0.00017824446075105974,0.9998216790989329,0.9953587707489238,0.004637274984042514,2.561090336128678e-06,1.3931766979020428e-06,0.0,1.531041041128777e-05,0.9956106783498873,0.004373068715384703,9.425243183984504e-07,0.00368982837351557,0.9963086335024073,5.764807407732181e-07,0.0,7.31018189751271e-12,9.61636025545431e-07
778,0.9999999005198582,9.94801439209433e-08,0.9867205779871634,2.933192771847141e-12,0.013279422009899969,0.10383682414030503,1.7806727467287028e-06,8.83872184815685e-17,0.8961613951869505,2.513313801888973e-217,1.1042765355632864e-15,0.23336979212279618,2.653121530646655e-06,0.7666275547556749,0.3001090606976346,3.734148249853387e-07,0.6998883928191635,0.0,2.173068379532438e-06,3.306587040027429e-17
779,0.7828829142014634,0.21711708579853742,1.5831033799230786e-09,2.802826129527e-09,0.9999999956140684,1.519610349758192e-11,0.9999999999471072,2.3697254432418243e-14,3.767363726225778e-11,0.0,1.6923361634344897e-13,1.0466231315810935e-11,0.9999999999690559,2.030885820436874e-11,3.214557441734507e-13,1.0519866530279705e-09,1.4147988654608276e-11,0.0,0.9999999989335322,1.342362665765595e-14
780,0.9981100593062483,0.0018899406937486376,1.1064419618128325e-05,1.845652298747917e-09,0.9999889337347311,1.9612597087329026e-06,0.9999913456634422,4.247675104205243e-13,6.693076425021566e-06,2.185562749819872e-301,2.8485655451218834e-12,2.1395994166822798e-06,0.9999941993903982,3.6610073377161067e-06,2.0612166472847033e-07,3.0529992183950546e-07,2.9766543695510485e-06,0.0,0.9999965119239047,1.40442453737142e-13
782,0.9999979248377786,2.07516221790891e-06,0.006251070279186595,8.988191058678203e-12,0.9937489297118243,5.588628842716371e-07,0.9937993006586525,2.398798436060076e-15,0.006200140478461521,1.8540345648466485e-294,2.156786112009417e-14,5.67562481375811e-07,0.9963320550196192,0.0036673774178813006,4.786131004927252e-08,2.5950141320442463e-07,0.002777457356309782,0.0,0.9972222352809635,6.266258155071523e-16
784,0.99999999999973,2.6951278950038306e-13,0.9999995557102032,1.0197210135957508e-20,4.442897952471476e-07,4.6162931176481726e-08,6.164077491187219e-11,2.9505900303387673e-25,0.9999999537754267,6.292224038250396e-225,5.080765946469274e-24,1.267343042625326e-07,1.1875226728719887e-10,0.9999998731469448,8.456218843585848e-10,3.272214555833367e-08,0.9999999664099702,0.0,2.226142741895922e-11,4.4990254210424255e-26
785,2.1933967046996177e-24,1.0,2.1064235475593275e-38,0.9999999998952092,1.0478606860447434e-10,1.772057384667048e-10,2.9907728833026644e-11,0.999999999792891,7.501711943157734e-37,0.0,0.9999999999733546,2.0579930643559777e-11,6.060385894591174e-12,1.309052825246966e-37,4.494193472488516e-11,1.418048228880746e-14,3.4616538298819577e-38,0.0,1.263306521686189e-12,0.9999999999537792
786,3.5931803273086627e-14,0.9999999999999645,2.0516341644375623e-21,0.9982718524316424,0.0017281475683586776,0.0005368560477451425,0.02752335179504464,0.9719397921572119,1.948507712317667e-19,0.0,0.9957622522465825,5.500617599190514e-05,0.004182741577427568,2.287618851915354e-20,0.001919882997690316,3.63130406518808e-08,3.8153242219228874e-20,0.0,0.004973988035349995,0.9931060926539168
787,0.8284679588477851,0.1715320411522136,1.4516980999610764e-05,5.902448048950172e-07,0.9999848927741958,0.7420528478995263,0.2572303133816442,3.3255864712223278e-09,0.0007168353932455272,0.0,3.12735809112108e-08,0.7376448897666698,0.26192019114654047,0.00043488781320662526,0.7665726953695441,0.0004739523756793138,0.0004538286797018784,0.0,0.23249952211203467,1.4630403679268337e-09
788,0.9999999831298255,1.6870171245996165e-08,0.9929038262628793,2.0819171452117708e-13,0.007096173736911523,0.0010470465185879198,3.3546930228750254e-06,9.621054053501526e-18,0.9989495987883913,4.80718872971999e-249,1.2884832603827606e-16,0.002625377414791993,5.967539282840814e-06,0.9973686550459258,0.00039101613145041636,3.3805484481585003e-06,0.9996005655534385,0.0,5.037766664804727e-06,4.611731231436091e-18
789,8.722925874810422e-05,0.9999127707412536,3.100792209363127e-08,0.02622689132484935,0.9737730776672274,0.9999949863895581,3.438847567431376e-06,1.573907116614346e-06,8.557563596263776e-10,0.0,8.142191703950609e-06,0.9999891117977063,2.74544547315007e-06,5.65115489429774e-10,0.9999891317259963,1.0165192766020987e-05,1.7697933377730223e-10,0.0,3.839033136712672e-07,3.190009443158133e-07
790,0.9999987303749154,1.2696250858207823e-06,0.007044197856557371,2.980346254807287e-12,0.9929558021404614,3.7479371904015294e-07,0.9964469117079867,3.1645959614220767e-16,0.0035527134982937135,1.3928213313777954e-272,1.7210405412748698e-15,4.7070860948882287e-07,0.9981837018544205,0.0018158274369684487,2.0893590331568897e-07,1.551929176808572e-10,0.0011127034733739393,0.0,0.9988870874355328,5.4059192512337786e-17
791,0.987444408886957,0.012555591113039442,2.226370951427703e-07,7.376356753626394e-10,0.9999997766252698,6.579569360702449e-10,0.9999999871997289,1.807694877630652e-14,1.2142297622474285e-08,1.264765878443e-312,1.3548790324298177e-13,5.575010799706639e-10,0.9999999922491867,7.193175792411178e-09,1.0174296282174693e-11,1.8368458433103546e-08,4.6510172394123755e-09,0.0,0.9999999769703438,4.139848384515415e-15
792,0.0007493958277192858,0.9992506041722787,8.181629564537917e-10,0.00010886142347692237,0.9998911377583585,0.6118535449911182,0.38808239322984567,6.358976102346601e-05,4.7201801220131755e-07,0.0,0.0006690674304229436,0.47881840891870436,0.5205121177084591,4.059424166850266e-07,6.782513212178685e-08,0.9999999148421602,1.1072636168662947e-10,0.0,3.4817038800793635e-13,1.7221632762484552e-08
793,3.726024779386016e-08,0.9999999627397507,4.012606619726784e-16,0.00027402418700226425,0.9997259758130004,6.852020912475328e-09,0.9999999570041789,3.614379676357393e-08,4.770928339947843e-17,0.0,1.9874358946329715e-07,5.687892808790705e-09,0.9999997955685198,2.839047043934406e-17,3.1867556971142437e-09,1.7800884324126545e-10,1.5847731371974687e-17,0.0,0.9999999455746448,5.106059321641562e-08
794,3.227662173806716e-14,0.9999999999999716,1.137999982384708e-21,0.9976450228078761,0.0023549771921228474,0.0004905619421507242,0.0319834556004141,0.9675259824574385,9.655123226032047e-20,0.0,0.9921041742346968,0.00012804820673806573,0.007767777558571718,1.7676276172578308e-20,0.014468658320035905,3.3502401086116913e-10,3.6472232252159846e-20,0.0,0.010055635766763804,0.9754757055781696
795,0.9453159983841787,0.05468400161582133,2.3001839505977822e-05,1.7746356139326774e-07,0.9999768206969315,0.10049872110474392,0.8980488557218631,2.816474973428188e-09,0.0014524203569170082,2.4279584942003e-291,2.506821695817233e-08,0.0937978406095302,0.905319008006754,0.0008831263155021777,0.10602504799033735,0.017359189895384586,0.0034060858114003663,0.0,0.8732096726609956,3.641883668660275e-09
796,5.038039502189891e-16,1.0,1.1917812419739759e-31,0.9999960249218128,3.975078191735497e-06,0.019652543788533514,4.216248750661499e-17,0.9803474562114646,8.427557339528872e-30,0.0,0.9962778808868888,0.0037221191131048686,7.039188191425526e-18,1.3358428429483306e-30,0.0005059407295166184,3.4642470834030107e-06,7.092521434721562e-31,0.0,1.5650351899458504e-26,0.9994905950234056
797,0.986809329603476,0.013190670396523827,0.0003400124051042096,1.4127737434990387e-07,0.9996598463175213,0.9930833177214428,0.0029083242918708347,2.158375442894098e-10,0.004008357770848928,2.4737682490124e-311,3.079328084348898e-09,0.9938339534561358,0.0033202903832583123,0.002845753081278089,0.4753151950900289,0.5045414229155943,0.020143381111683543,0.0,9.196348337368965e-11,7.907281165155481e-10
798,0.05448889189559133,0.9455111081044062,1.8039451782436744e-08,2.201260251737386e-07,0.9999997618345232,2.8340075215599367e-05,0.9999716041165757,3.1759877902890305e-10,5.549061254526235e-08,0.0,1.7794521604967612e-09,2.3801242820046637e-05,0.9999761670027134,2.9975015540082e-08,1.2426081909038811e-05,3.778078480451198e-08,1.662499308867043e-08,0.0,0.9999875193811444,1.3116512310287752e-10
799,2.9899815749948305e-31,1.0,1.0590882776045377e-55,0.9999999999999574,4.231800218707044e-14,8.577211602008551e-16,1.5152356865201776e-14,0.9999999999999858,5.104673077797527e-55,0.0,1.0,1.643857999044993e-16,6.286445948811526e-15,1.812510098927938e-55,9.511589183701569e-15,1.2433791434795458e-29,1.3286708943707905e-56,0.0,3.657368758485349e-16,0.9999999999999858
800,0.9999049038096571,9.50961903458782e-05,0.00015175298716518925,1.2585348271158995e-10,0.9998482468869787,4.6864165227264695e-05,0.9988199269556376,1.2597141108383584e-13,0.001133208879011901,1.7705720918e-313,1.3820305370600524e-12,4.401226756555822e-05,0.9992984651609375,0.0006575225701176967,5.083742101089485e-07,0.0004478888530955153,0.0004701693445279015,0.0,0.9990814334281334,3.506385777457252e-14
801,7.176455796467259e-10,0.9999999992823518,3.5655343572123065e-16,0.8572926918116217,0.14270730818838342,0.974752071282552,0.0007368543667151675,0.024511074350709143,2.3144217607387068e-14,0.0,0.3457025141073044,0.6533511365643897,0.0009463493282812228,2.3826149923514413e-14,2.6097909486303228e-08,0.9999779191747655,7.70128336830131e-18,0.0,3.2058713723955023e-15,2.2054727325094062e-05
802,8.419544003175049e-30,1.0,8.10351240879787e-48,0.9999999999999716,3.4975109189053277e-14,1.8328413683662875e-14,3.0764560393993376e-24,0.9999999999999858,1.2480534104738805e-46,0.0,1.0,8.042292207690966e-16,3.2869487851839977e-25,1.8023616512366528e-47,2.5511115576142117e-28,7.64507457020626e-12,4.239399024581324e-48,0.0,2.8178977391005383e-34,0.9999999999923546
803,1.8730572928729848e-06,0.9999981269427058,3.6013983242821776e-11,0.003972034019162438,0.9960279659448236,0.8977128208208384,0.10226385171053637,2.3327220807151042e-05,2.478210819196871e-10,0.0,0.00016739971952638768,0.9140025316693717,0.08583006846197211,1.4913001694931878e-10,0.9963040547132201,1.7059870781038781e-07,1.7877365901075592e-11,0.0,0.003693474054494533,2.3006157003469123e-06
804,0.999999995282046,4.717955609354238e-09,0.9970173279121032,2.4233015106063057e-14,0.0029826720878710386,0.0002752381589499744,2.331233326499729e-06,1.3857729238850941e-18,0.9997224306077256,2.6928946151246766e-248,2.3015223816818392e-17,0.000795039679661567,4.000142355016683e-06,0.9992009601779862,8.052211250047448e-05,4.3502607820424533e-07,0.9999165057711037,0.0,2.537090319595134e-06,3.8042084034224756e-19
805,0.8489990054323521,0.1510009945676482,2.607141509528733e-05,5.274361927777751e-07,0.9999734011487127,0.9675597752339266,0.03223188657055982,5.656060576608853e-10,0.00020833762991009973,2.4837250864246497e-291,4.41070317966493e-09,0.9763628611260838,0.023538957495149372,9.817696806646803e-05,0.9873080093218886,2.113482498094961e-05,8.203313004100274e-05,0.0,0.012588822527878081,1.9521064495114828e-10
806,5.0970006309951836e-08,0.9999999490299927,5.485669383976697e-16,0.0003861575414985225,0.999613842458499,2.2448466271936695e-08,0.99999985601082,1.2154071648320092e-07,2.8033288178469893e-16,0.0,9.542629351137549e-07,1.762213910356211e-08,0.9999990281149242,1.7785029887089662e-16,1.4225242634528092e-10,3.238586251444065e-07,1.314325258870648e-16,0.0,0.999999571216875,1.0478224899713743e-07
807,6.717178883722462e-26,1.0,3.72031054982975e-40,0.9999999999527276,4.726956847629422e-11,1.6961349156714348e-11,2.2805287240622316e-11,0.9999999999602309,5.633971765775565e-39,0.0,0.9999999999928377,2.6104024629941468e-12,4.552625343404238e-12,9.509322861191836e-40,1.7884630392682302e-10,1.5665454693984275e-18,3.912949664706018e-40,0.0,1.2586404412695875e-12,0.9999999998198916
808,0.9999999620345228,3.796547571516548e-08,0.8689212948074879,3.089237629472272e-13,0.13107870519220063,1.2325858195856876e-05,0.04035861366762652,4.661640383597455e-17,0.9596290604741777,7.014019503810298e-215,5.554402613053781e-16,2.3272052716052938e-05,0.07260595754481826,0.9273707704024623,1.4651122975809433e-05,4.2936678335817395e-08,0.9278585803475754,0.0,0.07212672559277149,8.732106071108543e-18
810,7.689675410219704e-08,0.9999999231032491,1.0585711011963231e-14,0.0003748173925153981,0.9996251826074781,8.918838205621849e-09,0.999999968475429,2.260573302944586e-08,2.8926322388818565e-16,0.0,1.5044848250969096e-07,7.157562998466711e-09,0.9999998423939527,2.019696436829719e-16,5.058324154021853e-08,6.001749902681854e-13,8.60372329609614e-17,0.0,0.9999999375668926,1.1849266208569665e-08
811,0.9999999411898148,5.881018278224628e-08,0.07215772054410215,5.567768118956533e-13,0.9278422794553407,4.672615270716514e-07,0.9118802884073108,6.885273714965125e-17,0.08811924433116501,6.18303445266355e-256,6.183804933658072e-16,5.313891082006123e-07,0.9544135066671712,0.04558596194372306,1.8535707529292992e-08,2.2826530123457012e-07,0.03459517836986923,0.0,0.9654045748291203,1.4904477762142297e-17
814,4.153429457058304e-17,1.0,3.304425078062584e-26,0.9999981425520359,1.8574479626662665e-06,4.792206207968865e-05,2.9180802877835282e-08,0.99995204875712,1.4345635608405748e-24,0.0,0.9999895919659345,1.0401544860482537e-05,6.48920750312025e-09,2.610150970306157e-25,1.216464674407362e-05,3.119601918590121e-08,4.0624413998465617e-25,0.0,1.784456098862336e-17,0.9999878041572332
815,0.9999999975451956,2.454807281970238e-09,0.7208980424110727,5.802433695620914e-14,0.2791019575888677,1.5719639072628104e-06,0.07461048230379298,5.175484536312076e-18,0.925387945732302,1.5078546943863608e-254,7.559232790266149e-17,3.763721921884728e-06,0.12949541238219484,0.8705008238958821,1.1302290042832877e-07,1.7294139691327625e-06,0.876016595664049,0.0,0.12398156189908252,1.7203948881443838e-18
816,1.1610080192532864e-16,1.0,3.1721766130235825e-27,0.9905243127803224,0.009475687219679911,1.4101292444207685e-10,0.9751425777002287,0.02485742215875289,2.497194021542341e-26,0.0,0.15505748764211338,6.206213587392513e-11,0.8449425122958267,1.7568305448443427e-26,2.3427120273275065e-13,5.728915742822314e-07,6.0189538800085235e-27,0.0,0.9427875407899281,0.05721188631826864
817,5.74499634614529e-50,1.0,2.1489715977966655e-94,1.0,1.5027607069471538e-17,1.1581728087722808e-19,7.48127999610816e-69,1.0,2.8142570520286877e-90,0.0,1.0,1.1169415341435413e-20,1.8372170998798336e-69,3.322065118373976e-92,1.082573187922152e-68,4.8843305449965725e-15,2.5489795640299154e-110,0.0,3.7140240439715323e-78,1.0
818,1.9358704592742386e-17,1.0,8.297027000944816e-27,0.9999993541323872,6.458676138720872e-07,0.0026740158420600754,5.117964747415487e-09,0.9973259790399764,6.6271140835728755e-25,0.0,0.9997748447609902,0.00022515465627878032,5.827307264221915e-10,6.730129756849689e-26,0.00010578692540931264,2.6669391324295096e-06,1.4452088656493792e-25,0.0,2.1419196113646802e-18,0.9998915461354582
819,2.0018039665099625e-14,0.9999999999999858,1.2144844689086648e-22,0.9607018373588014,0.0392981626411928,4.948084636565336e-10,0.9968976547955087,0.0031023447096762235,9.958536756714341e-23,0.0,0.017696530445195778,2.859312024969756e-10,0.9823034692688731,7.756570110013185e-23,1.7146440261328361e-12,2.932345900836329e-09,2.2578133228371386e-23,0.0,0.9959015509786693,0.004098446087266186
820,7.196036449094668e-28,1.0,2.2526152087134748e-43,0.9999999999992468,7.525043370288836e-13,1.1627347906044606e-13,6.67718719743005e-13,0.9999999999992184,2.7538174141769266e-42,0.0,0.9999999999998153,1.706427422963247e-14,1.6459305045656642e-13,6.529130080362839e-43,7.81074965098249e-13,8.429184861033243e-21,1.2690298878587467e-43,0.0,2.3782283378737788e-14,0.99999999999919
821,8.354783847466577e-14,0.9999999999999147,2.8905684142974802e-21,0.9996931860640095,0.0003068139359849475,0.01140220508875255,0.00036355799267005925,0.988234236918572,1.1896128025623223e-18,0.0,0.9985842279671102,0.0013654002019859459,5.0371830907710925e-05,1.5807123121140667e-19,0.0014731931831856438,3.107309265121208e-05,2.96978779767593e-19,0.0,6.184500859609709e-05,0.9984338887155672
822,5.418060988454697e-34,1.0,6.82450268207671e-61,1.0,1.5249164644507226e-17,8.832611717931412e-16,1.086722230198949e-30,1.0,1.0307954254383865e-60,0.0,1.0,1.2164843862373322e-16,3.313021174117016e-31,2.5563074736511248e-61,2.5627872525457787e-20,2.167519278692572e-16,3.8002720513278294e-62,0.0,3.11644384185307e-33,1.0
825,1.3309897014042316e-24,1.0,1.1941882060984517e-37,0.9999999999914309,8.569334526853394e-12,3.724163799806444e-08,1.2806344771174704e-12,0.9999999627570879,1.892674486404078e-35,0.0,0.9999999957449361,4.254856645883647e-09,2.0613355617280082e-13,3.4366432984090374e-36,1.8140825091263717e-07,1.25079006031204e-15,1.2779272344331952e-36,0.0,8.027205093771701e-14,0.9999998185916703
826,1.0,9.067385589657541e-16,0.9999999818955915,1.926095334631222e-24,1.8104410018481822e-08,1.7187754844272836e-11,1.5954252864219378e-10,2.43422356782225e-29,0.9999999998232703,1.426681832948298e-178,5.196384092193559e-28,4.905922044480201e-11,3.2845087953764174e-10,0.9999999996224886,1.099461819972275e-12,2.933284476348794e-12,0.9999999997235705,0.0,2.723963623589211e-10,3.84087142476951e-30
827,1.757400559496292e-13,0.9999999999998295,4.40757832834552e-20,0.9995320998469693,0.00046790015303122174,0.8280576903886613,3.746257434185206e-06,0.17193856335390995,4.2759525913221995e-18,0.0,0.7646323021987408,0.23536590819623227,1.7896050220954672e-06,1.5507571784972454e-18,0.510360913479011,2.0283120896848283e-05,2.832898669961198e-18,0.0,1.4368930550136973e-14,0.4896188034000738
828,1.0667156613026588e-11,0.9999999999893348,1.272692230250104e-18,0.7089747204439043,0.2910252795560941,2.1847503539127958e-06,0.9945782496599804,0.005419565589668608,2.586211929432835e-18,0.0,0.041902085541469576,1.5257122868797203e-06,0.9580963887462456,2.0028191923985574e-18,2.430404242316853e-06,9.646145572515417e-08,1.4672879671900088e-18,0.0,0.9861355362161887,0.013861936918116102
829,0.9811735504005359,0.018826449599460608,5.6712758192381405e-05,1.2172580633239026e-07,0.9999431655159996,0.0668031738401414,0.9301135708140893,4.925121936820793e-09,0.0030832504206487784,2.4655232249755117e-308,4.356588249721321e-08,0.07794224591441594,0.9200265847133159,0.00203112580638199,0.0018749925634670938,0.11021424258993823,0.004614451200943826,0.0,0.8832963087479191,4.897729191075258e-09
830,0.99999999999892,1.0812385740254986e-12,0.9999923121863715,4.778248418681049e-20,7.687813627869357e-06,2.80515645786274e-09,1.9967124217939432e-07,1.6345208466080566e-24,0.9999997975236027,1.364805802383202e-194,3.5163108541058977e-23,6.409623231317594e-09,3.473614783579406e-07,0.9999996462288991,5.097152827026191e-10,1.4368633773856509e-10,0.9999996720964828,0.0,3.2725011696134774e-07,4.372285625577515e-25
831,1.4444076986368848e-05,0.9999855559230132,2.960455799871852e-09,0.010570678991302035,0.9894293180482412,0.9975354290034621,0.0024574058925752856,7.162884478996337e-06,2.2194842274015253e-09,0.0,3.7973830141977875e-05,0.9977328114725574,0.0022292133413764318,1.355924923798196e-09,0.9999615342370327,6.099476207725278e-15,4.183055092366384e-11,0.0,3.8348982546084715e-05,1.1673858730443122e-07
832,8.963898669063863e-07,0.9999991036101331,4.392558413222402e-13,0.0009605446904900788,0.9990394553090698,7.988959747422401e-08,0.9999995723398873,3.4777044573645795e-07,7.21133881242208e-14,0.0,3.526831033427557e-06,5.334456017119554e-08,0.9999964198243487,5.99207864786363e-14,1.1111132895853028e-08,9.154342098890708e-08,3.985906610960426e-14,0.0,0.999999576393404,3.2095200073003713e-07
833,2.1783495347531258e-35,1.0,8.0049033681856e-58,0.999999999999929,6.995639161127978e-14,7.513836145482011e-13,4.823875983545941e-16,0.9999999999992468,5.451879783114452e-56,0.0,0.9999999999999432,5.275689890354851e-14,2.497234952832985e-24,9.844523247559929e-57,6.365224559221798e-16,4.932441971454161e-12,2.4004362032684203e-57,0.0,9.833354745356347e-26,0.9999999999950688
834,5.162034251794488e-26,1.0,2.0147416780440105e-50,1.0,2.6097859540600014e-16,1.520794504994604e-10,4.5262338896072757e-20,0.9999999998479154,1.919171483356573e-48,0.0,0.9999999999816822,1.8318164581620678e-11,8.518850517718718e-21,2.807204202325069e-49,3.834672486837269e-11,1.179529273333809e-16,2.0738087646621408e-49,0.0,5.0106615039901043e-29,0.9999999999616591
835,0.9574006964583281,0.04259930354167343,2.33677930731956e-05,8.579817049078258e-08,0.999976546408756,0.13934095201497457,0.8593316149637449,1.1139434290530279e-09,0.0013274319073335492,9.956486135442829e-281,1.1551829040788153e-08,0.15078524714043748,0.8484120596746998,0.0008026816330352535,0.05743618288739721,0.00034979170550058754,0.001127057337164054,0.0,0.9410869675227825,5.471528996990705e-10
837,3.418704022555345e-08,0.9999999658129616,1.6642396891966094e-12,0.14687652544119223,0.8531234745571439,0.9938334097779091,0.005643927444982595,0.0005226627739428232,3.165986679283116e-12,0.0,0.004147696655191868,0.9905572224821697,0.005295080860230339,2.4076454699972354e-12,0.9996604726185583,1.0593057078763902e-07,1.4216448054995363e-13,0.0,0.0002788911068271055,6.0530343899491056e-05
838,1.0463564015251511e-14,0.9999999999999929,3.131926862188287e-23,0.9815526237089082,0.01844737629109196,1.1620437908106411e-08,0.9309042818542631,0.06909570652530056,1.9309615936715033e-22,0.0,0.36500437743819464,5.16225420712209e-09,0.6349956173995488,1.145504519659328e-22,4.662138560686773e-11,1.382072111491241e-06,1.0219135268661401e-22,0.0,0.726487419170949,0.2735111987103176
841,0.9999999999937046,6.295081708583053e-12,0.9999262836141332,2.713506873673062e-18,7.371638586527266e-05,3.871186816075015e-07,1.0377982862714844e-07,1.3882136074728818e-22,0.9999995091014885,4.8300503701022505e-223,2.0004608184581755e-21,1.081911749704936e-06,2.0259946805094575e-07,0.9999987154887834,1.3023694172392407e-08,1.0537736475660075e-07,0.9999997123537044,0.0,1.6924523616675314e-07,2.9366542388976294e-23
842,0.4746003719061252,0.5253996280938781,0.00010366730605732627,0.00015780700832469864,0.9997385256856192,0.9999998077885237,2.491426777234385e-09,8.22949536425271e-11,1.8963775288454774e-07,3.634911364864e-311,8.41940988676526e-10,0.999999873680026,1.6460620481102836e-09,1.2383197235703683e-07,0.9785895010779405,0.02140986975177727,6.290196335871924e-07,0.0,8.744459165090208e-18,1.5064572155253858e-10
843,4.514342332394442e-26,1.0,3.412787715073871e-48,0.9999999999851212,1.48720351378207e-11,7.48707733445099e-12,9.125098354602316e-12,0.9999999999833875,8.863441999722112e-47,0.0,0.9999999999973568,9.648747974687688e-13,1.6805188681666066e-12,1.4579922086622055e-47,3.332938819769443e-11,2.1505209475520687e-17,6.685001475109641e-48,0.0,1.7731754210798412e-13,0.9999999999664908
845,9.55376262676879e-19,1.0,1.2698164875098554e-30,0.9992883983897126,0.0007116016102864234,3.4844054675254267e-12,0.8578214032594295,0.14217859673708252,6.171683500260641e-29,0.0,0.4971752892266746,8.455295804929629e-13,0.502824710772482,2.879702553607647e-29,2.6110706766208436e-17,8.483330441498403e-06,8.123746245767377e-30,0.0,0.654606588616153,0.34538492805340576
846,0.9999973925982275,2.6074017740848304e-06,0.9498245651342705,1.5550327883704283e-10,0.050175434710227805,0.10533905840360552,4.4269128530426366e-05,1.0857476660353503e-14,0.894616672467855,3.9515660046002186e-234,1.2524096776467126e-13,0.21738860378507194,6.031899839929877e-05,0.7825510772164055,0.2826618841309516,6.234932294192579e-07,0.717298645529838,0.0,3.884684597912735e-05,4.70661395979347e-15
847,1.3453845604015706e-15,1.0,4.034254706774604e-23,0.9999993756147592,6.243852424432719e-07,0.5568802388176889,7.630166598544123e-10,0.44311976041928797,6.533542123751187e-21,0.0,0.9145591739604959,0.08544082591844525,1.2106446410574836e-10,1.2281457216157492e-21,0.8745343558373325,2.628180108327257e-08,4.626962460385064e-22,0.0,1.002159411896089e-19,0.12546561788086794
849,7.206690261092506e-11,0.9999999999279368,3.6460721187268516e-17,0.9560931628941594,0.04390683710584121,0.9913842338223301,9.173209389975604e-14,0.008615766177575358,9.202747446513724e-16,0.0,0.09701694073510302,0.9029830592647866,1.087419347020261e-13,7.780395544235521e-16,9.828866773114764e-05,0.9986446172126016,3.8037019998130293e-17,0.0,1.7962211883069066e-23,0.0012570941196708072
850,1.0,1.0627141140452982e-15,0.9999999950086007,1.2039799742782881e-24,4.9913996223615414e-09,3.2747737435286926e-11,1.0035571455636814e-11,1.5106861589019158e-29,0.9999999999572182,2.354552388698646e-169,3.4517091749577665e-28,9.20798020282851e-11,1.9754176072630668e-11,0.9999999998881677,1.8971875349292585e-12,2.872906526507868e-12,0.9999999999783462,0.0,1.68821239946667e-11,2.28676668659911e-30
853,0.9999999999955875,4.409843372583578e-12,0.9999790945360465,1.0915536351862234e-18,2.090546395076671e-05,1.1443196390295625e-06,8.354026145506412e-09,7.768383834243556e-23,0.999998847326335,2.81552049606918e-230,1.1346800048562056e-21,2.7047647823466206e-06,1.517918446150416e-08,0.9999972800560328,1.881700858801009e-08,1.2208787259946126e-12,0.9999999811817732,0.0,1.3476237592601863e-16,1.6989458216483705e-23
854,0.9999999999995204,4.797822420354312e-13,0.9999951916843693,5.2885226098870675e-20,4.8083156305745165e-06,1.0801867405474312e-08,3.415939752668489e-08,2.3246626276873216e-24,0.9999999550387361,2.5975016642220087e-204,3.9891025735603813e-23,3.095654949195932e-08,6.463040270001098e-08,0.9999999044130493,8.65294773774471e-10,2.198261682304413e-09,0.9999999542383949,0.0,4.2698049585797784e-08,3.9597539225669535e-25
855,2.0057614270231716e-09,0.9999999979942373,1.1954951414566186e-14,0.22078914908668754,0.7792108509133018,0.9293307286209028,0.06907527604853585,0.0015939953303955848,1.653596600010127e-13,0.0,0.010935179835246164,0.9030671126487232,0.0859977075159019,1.2749664101322836e-13,0.993813113378533,7.199015008561724e-08,8.954491782999809e-15,0.0,0.006024492666353683,0.00016232196495412246
856,0.9999999999975699,2.4302130094389326e-12,0.9999964557171983,2.6986785766905163e-19,3.5442828018971564e-06,1.0271136525787034e-07,1.1861676788873495e-09,5.7091144734689834e-24,0.9999998961024678,2.5127960953642385e-213,1.2964039011011154e-22,2.1178178481400369e-07,2.0859430394707287e-09,0.9999997861322727,3.964938631853995e-10,1.8195008321521571e-07,0.9999998176534237,0.0,1.983465732239037e-17,1.1964934960320786e-24
857,0.9967971689560812,0.0032028310439181315,1.3190219097360437e-05,4.218439497204578e-10,0.9999868093590563,3.35493805720681e-05,0.9999134203004137,2.977071650339586e-13,5.303031871969765e-05,5.865825759774302e-301,2.935255574778106e-12,3.060926427871299e-05,0.9999399636992496,2.9427033535886126e-05,5.408786156534663e-06,1.104722431020847e-06,2.2336048927060382e-05,0.0,0.9999711504423829,9.923901465277176e-14
858,1.101653523388913e-07,0.9999998898346466,1.020103814527129e-12,0.19811739548243007,0.8018826045165502,0.9907620696339547,0.005538847284180658,0.003699083075470308,6.395104674978541e-12,0.0,0.04238292177453073,0.9516247507624633,0.00599232745774421,5.26024567708451e-12,0.003721755289326359,0.9918702714628261,2.9958512545025686e-12,0.0,0.0020341078132372395,0.0023738654316142567
861,0.999999596933161,4.0306683959245475e-07,0.8937504830990779,9.958648950322572e-12,0.10624951689096401,0.023075170277760626,0.00014375549390612208,2.5770289976956584e-16,0.9767810742283319,1.3036054547330692e-255,4.1206142835957705e-15,0.059016818975704474,0.00024449505039494983,0.9407386859738999,0.07323234254847882,3.4143973367432093e-13,0.926616505449519,0.0,0.0001511520016595621,1.029047204953198e-16
863,0.999999999475996,5.240005730025485e-10,0.9998612371592898,1.306635293593053e-15,0.00013876284070916958,7.290086266190141e-06,9.86201786419351e-08,5.843961659974392e-20,0.9999926112935544,1.2995389297814807e-249,9.05633670363957e-19,1.7467714153956702e-05,1.7681164448105403e-07,0.999982355474203,8.939135794886643e-07,4.236144024241277e-07,0.99999857928432,0.0,1.0318769963831963e-07,1.1447908076830498e-20
865,3.0814621085026225e-22,1.0,4.998017364405284e-35,0.9999952042549752,4.7957450274535265e-06,7.902477211889939e-14,0.007002315098921888,0.9929976849009934,1.514782568984756e-33,0.0,0.9976837724779871,1.2763652894600455e-14,0.002316227522000894,4.123615002569044e-34,4.829017523187688e-16,4.240737466722967e-18,8.648921921249727e-35,0.0,0.001800052311288006,0.9981999476887088
866,0.9999532321580169,4.6767841981701525e-05,0.4600391279543638,3.260067142291872e-08,0.5399608394449672,0.9936697365380424,3.5044774004052065e-07,8.821380358679219e-14,0.006329913014132086,1.1113974818650393e-251,4.887199935982586e-13,0.9974799712426028,1.739772144850649e-07,0.002519854779692519,0.9964641941287189,1.3218567320804835e-05,0.0035225236814049638,0.0,6.362254108144259e-08,1.5230317191946505e-14
867,1.732603850258404e-29,1.0,1.661003267386709e-46,1.0,6.019941431077388e-15,4.230981847244775e-13,9.939205583145737e-19,0.9999999999995737,3.603274107702307e-45,0.0,0.9999999999999432,6.091980177159572e-14,2.371081559999007e-19,9.52610407837077e-46,2.0580541677070803e-17,2.5350480035636846e-13,8.564675374793895e-47,0.0,9.6318786102692e-29,0.9999999999997442
868,0.9999999999125748,8.742675388591137e-11,0.9999095873064676,5.972737773540135e-17,9.041269353209863e-05,5.823232990409968e-06,5.1668579090504636e-08,2.5536280323307205e-21,0.9999941250984303,2.862972693179988e-231,4.46410289976859e-20,1.4936347744123152e-05,9.213014091317318e-08,0.999984971522116,5.568087757038247e-07,2.3399624820274197e-07,0.9999991607149359,0.0,4.8480039679966753e-08,6.392034482788548e-22
870,3.2582624670267642e-06,0.9999967417375335,8.263593523776969e-10,0.15050039605000073,0.8494996031236425,0.9999934321602131,1.5514922991872466e-06,5.016302059348655e-06,4.5431705221720975e-11,0.0,4.879242692443728e-05,0.9999496683239965,1.5392159246301827e-06,3.315113274118625e-11,0.9997645705949765,0.00023229283707977138,1.622613532916189e-11,0.0,3.945697149450266e-07,2.7419820019646392e-06
871,0.9999654415835211,3.4558416480971086e-05,0.008615862836679351,4.245644414484113e-10,0.9913841367387554,0.00542064854029756,0.8890635371683919,8.031003698202141e-13,0.10551581429051064,1.1086312230217819e-243,6.818676730952096e-12,0.0057095244978504645,0.9340160788641413,0.06027439663119224,0.0010411773332286993,1.8087199705353493e-05,0.04539831130425373,0.0,0.9535424241626048,2.0557920904801576e-13
872,6.037755365525971e-15,1.0,4.9340496097495335e-23,0.9999998872067472,1.1279325015039408e-07,0.9976412976004725,1.627401192338542e-23,0.0023587023995274236,1.8698269673683797e-30,0.0,0.014975872387793117,0.9850241276122064,1.6147450503562617e-23,1.4137267862814385e-30,1.4340088219478835e-06,0.0019158866903718757,8.557811234355152e-29,0.0,1.933662045553766e-30,0.9980826793008026
873,0.003421430221716649,0.9965785697782854,7.547084215124373e-11,8.0511925453259e-07,0.999999194805274,1.107079082372457e-07,0.9999998891754193,9.533784805379401e-11,2.1332120127817704e-11,0.0,9.114635354825767e-10,1.1806405780302102e-07,0.999999881009721,1.4755566856904956e-11,1.232687933087916e-07,8.272498720142081e-10,9.933202664242561e-12,0.0,0.9999998758181766,7.584934678354203e-11
874,0.9979000839222681,0.002099916077733337,0.01711934658688468,2.0539756690621388e-07,0.9828804480155497,0.9951456048562513,7.115447297102819e-05,6.215583315212778e-12,0.004783240664561372,4.542392571765076e-295,4.608979440355472e-11,0.9977430684125214,5.0017797611898464e-05,0.002206913743780377,0.9930205150080993,0.0006252398386536848,0.006259003106667,0.0,9.524204108625581e-05,5.497103524580292e-12
875,3.0197076402442566e-06,0.9999969802923564,3.640818033256933e-12,0.0002283826352691801,0.9997716173610925,0.015876412703299307,0.9841206958717814,2.8913933128502833e-06,3.160332599663566e-11,0.0,1.8304696031893793e-05,0.01461186080142912,0.9853698344798959,2.264413817995616e-11,0.09632100434528448,3.5131032149805503e-13,9.768069146882108e-12,0.0,0.9036765821589808,2.4134856139097367e-06
876,4.1866357333113274e-16,1.0,4.0431726588886655e-24,0.9999991969524187,8.030475794075842e-07,0.4695313144786383,2.9263371900785536e-10,0.5304686852287259,3.5744175733941784e-22,0.0,0.9159596319083355,0.08404036801583391,7.583338820499654e-11,7.840074872451182e-23,0.8449564846834927,2.2741981841506394e-07,3.67780717643691e-23,0.0,4.086988162411501e-12,0.15504328789260213
877,8.056931241902054e-24,1.0,7.873392012836072e-45,0.9999999999903793,9.620324245437998e-12,6.027753748351333e-08,1.8804151634297816e-23,0.9999999397224588,5.528898942763454e-47,0.0,0.9999999932735477,6.726454765977613e-09,3.2362222443917968e-24,5.834294025449371e-49,6.422542704981662e-20,4.4007625118801507e-07,2.7432055287150847e-51,0.0,8.424501673430191e-33,0.9999995599237481
878,5.0622109171717464e-14,0.9999999999999503,5.205488108339735e-22,0.9997551781186826,0.0002448218813156412,0.024822681760238823,8.306925124722793e-15,0.9751773182397531,3.582167509461649e-20,0.0,0.9974660076815394,0.0025339923184579875,1.1379548459532e-15,3.901051217510528e-21,6.557781135263905e-06,0.04290267019125465,7.35703760010437e-21,0.0,9.087391476028725e-24,0.9570907720276141
879,0.9999999999999645,3.6425574737513e-14,0.9999997244043672,4.902268501860926e-22,2.755956329030613e-07,2.2159768936413723e-09,3.901652667060712e-10,1.8016367778740378e-26,0.9999999973938571,6.845124609448151e-207,3.14065584906457e-25,6.084710707566132e-09,7.232583499380053e-10,0.9999999931920307,5.7155090135299285e-11,2.3057461531365967e-09,0.9999999971259363,0.0,5.11161426823788e-10,3.102842102100502e-27
880,2.9482919207438224e-23,1.0,6.835800912478415e-43,0.9999999999994174,5.845159762008782e-13,0.000279130094128103,3.321212073569367e-19,0.9997208699058739,2.8091059730675265e-41,0.0,0.9999608757386639,3.912426133864192e-05,5.2301272408779935e-20,3.860215055886316e-42,6.959880991390571e-05,3.909604544988204e-10,5.012618899305795e-42,0.0,2.8607565999272775e-29,0.9999304007991259
882,0.9999999999999964,4.6918572824374415e-15,0.9999999813160978,2.4785389967471847e-23,1.868390212918805e-08,2.1000576306890386e-10,3.3499152106819095e-11,4.657642597685156e-28,0.9999999997564935,3.400273423867619e-178,8.817347163359731e-27,6.147285760537254e-10,6.56371661684869e-11,0.999999999319634,9.698675034896156e-12,5.115844141982518e-11,0.9999999998935145,0.0,4.5629199678185595e-11,9.203914511147257e-29
883,0.9999990141061686,9.858938316269148e-07,0.8907942589091928,9.392552543330393e-11,0.10920574099687921,0.08179669940028489,0.00012144473754793253,2.0165846318490865e-15,0.9180818558621678,1.1751182284006785e-233,2.5910932020711723e-14,0.17392010839616895,0.00018173315745848167,0.8258981584463502,0.8481835721163987,9.484065601238134e-10,0.15177264349418124,0.0,4.378344101026179e-05,2.4243695142043045e-16
884,0.9999784853409593,2.1514659040634986e-05,0.000662069018222729,8.241935972692282e-11,0.9993379308993611,0.0010438905641116539,0.9814232144659331,1.3030912565542434e-13,0.01753289496982217,1.2612356965818605e-290,1.2369913209895387e-12,0.0008388019841243409,0.9909451854768543,0.008216012537785826,5.291025895610276e-06,0.003488427690981589,0.006684785524473936,0.0,0.9898214957586114,3.844698682572486e-14
886,0.9976376912941688,0.0023623087058302662,7.486290604142947e-06,5.530452020965021e-09,0.9999925081789459,0.013920491184656129,0.9852679633855783,5.2773134572066055e-11,0.0008115453769908378,0.0,4.6255640568545574e-10,0.012922658467603472,0.9866486780390339,0.0004286630308087548,1.3033097778870887e-05,0.7298855880045417,0.00021290438718246153,0.0,0.2698884744963531,1.4147133482211265e-11
887,0.019092534805359846,0.9809074651946402,1.1885436806527985e-07,3.9209905320501484e-05,0.999960671240315,0.8134643547366148,0.18653196703557054,6.217108601092549e-07,3.0565169533519793e-06,0.0,4.182444812749836e-06,0.8225954460077464,0.17739868416210414,1.6873853399623213e-06,0.957634065086431,0.00027631323295737245,8.707080802863125e-07,0.0,0.04208857331314248,1.776593913833928e-07
888,0.9999999999998472,1.5356440941656845e-13,0.9999998055439339,3.535590076826598e-21,1.944560650952079e-07,3.5915041684189597e-09,4.303713231022904e-10,4.696953481992013e-26,0.9999999959781256,7.864435779767768e-205,9.564264650680472e-25,9.19540531816688e-09,8.45248588151601e-10,0.9999999899593455,1.1532567668948511e-09,9.607134002007585e-12,0.9999999982138945,0.0,6.232433455278443e-10,5.316555785706779e-27
889,0.9998222084075306,0.00017779159246817178,0.0005742690719332796,1.9295926741240668e-10,0.9994257307351044,1.1727145393069208e-06,0.9997006902486912,2.6161671831023442e-14,0.0002981370367404937,2.8737528885410764e-284,3.8801571122656867e-13,1.0488851092173039e-06,0.9997915140232106,0.00020743709128873461,2.0629063839866867e-07,2.964741653182607e-07,0.0001611413537335893,0.0,0.9998383558814544,1.0775208264198479e-14
890,0.9999990254559196,9.745440789737067e-07,0.16520989919448728,3.843546414126776e-11,0.8347901007670789,0.00047603909030392177,0.19411724815626366,3.970062099958305e-14,0.8054067127533894,3.863602611799832e-237,5.858108113168641e-13,0.0007271289498953022,0.3049696241154347,0.6943032469340829,2.0140963920967927e-05,0.003510827896218858,0.7544419009440486,0.0,0.24202713019579575,1.5479590521280844e-14
891,0.9999999992840856,7.159145673739979e-10,0.9998928646490552,9.33946252816982e-16,0.00010713535094091704,0.00031458134043269714,1.134085055647051e-08,3.770881613919341e-20,0.9996854073187144,9.95333792755279e-250,5.349267042655496e-19,0.0008484025352203621,1.980186065106559e-08,0.9991515776629157,0.0001986944407862104,1.1195932844859294e-07,0.9998011851292496,0.0,8.470639036771442e-09,7.398008694170328e-21
892,0.9999999999996483,3.502750893411424e-13,0.999996660092936,8.599225309217251e-21,3.3399070630543104e-06,5.7102044001200174e-09,2.1504821742619284e-08,1.698414204509642e-25,0.9999999727849737,3.7519391623990114e-204,3.23255226375677e-24,1.467521364658405e-08,4.344163359895924e-08,0.9999999418831517,9.754568092949287e-10,1.4378802882678103e-10,0.9999999596742492,0.0,3.920650564101416e-08,3.247388247581398e-26
893,1.8786587181189922e-23,1.0,8.401697568917363e-36,0.9999999999799556,2.0045243404291185e-11,3.224850604825566e-07,3.826593655153688e-13,0.9999996775145541,2.685630574335904e-34,0.0,0.9999999516262447,4.837368958214592e-08,6.933141459107024e-14,4.918439105861219e-35,4.3467539739593015e-06,1.9954217135964147e-14,2.8439859378842775e-35,0.0,7.504699707359917e-15,0.9999956532460001
895,0.00012114789729544716,0.9998788521027061,2.3122480887906543e-10,0.00018533003207449488,0.999814669736704,0.8587341346606094,0.1412599467074894,5.911764225784804e-06,6.8676731193333896e-09,0.0,5.625982163049914e-05,0.8545915493429564,0.1453521863663445,4.469069499261196e-09,0.003379763116486395,0.9550017247496427,4.28316251350078e-09,0.0,0.04161591535701945,2.5924936903441003e-06
896,1.10836688631512e-22,1.0,2.845527435928563e-34,0.9999999999637197,3.62777985825173e-11,3.0712927412491386e-06,8.047138400239212e-14,0.9999969287071748,3.3312084532477423e-33,0.0,0.9999992465889984,7.534109789006693e-07,1.6257444624683878e-14,8.529144878301234e-34,0.0004844432057581563,1.7690427349118755e-21,1.0413463655259417e-33,0.0,3.485786411869595e-15,0.9995155567942339
897,0.9999999999304237,6.957555734599203e-11,0.9990499238964651,1.2194037370676191e-16,0.0009500761035327695,7.019229920490256e-07,6.543500586437493e-06,5.876213882954025e-21,0.9999927545764188,4.670270460137736e-230,8.973995158215274e-20,1.8729112603819817e-06,1.3225151440392319e-05,0.9999849019373018,5.425535487734527e-08,3.552216531344386e-07,0.9999897942150008,0.0,9.796307991153132e-06,1.1202055356397791e-21
898,1.8974127579927417e-06,0.999998102587244,3.07594311978572e-12,0.0024167315013648295,0.9975832684955573,0.05071871265467649,0.9492463142923876,3.497301376158665e-05,3.9176046420838385e-11,5e-324,0.0002385770081360392,0.05824008482093452,0.9415213381480987,2.2829067926842546e-11,0.05396071519090534,4.543381016922023e-06,2.92958675240533e-11,0.0,0.9459814143878111,5.33270109740407e-05
900,6.716246226589451e-07,0.9999993283753791,1.675217660677781e-12,0.008062351568880414,0.9919376484294454,0.007329377057515512,0.9894172938337215,0.00325332888788056,2.208886128854678e-10,0.0,0.02786662297878337,0.006839201166016771,0.9652941756740342,1.8117135210074526e-10,1.0922932940820804e-08,0.9999872088839177,4.9667064101073e-13,0.0,6.014814638781398e-12,1.2780186634910215e-05
901,0.9999999981363388,1.8636644772386695e-09,0.9972645955263609,3.4053920391461286e-14,0.002735404473603163,0.0002767051294900811,7.040159692839761e-07,1.948247429004958e-18,0.9997225908545396,6.3362628941401e-248,2.957013739833647e-17,0.0007596120700170364,1.4731052799504249e-06,0.9992389148247014,1.3120041500760126e-05,3.4074293670546654e-05,0.9999520411815914,0.0,7.644832371525959e-07,6.1503744604159745e-19
902,0.9999999956367347,4.363267182021622e-09,0.9763767987859029,1.0438330956542288e-13,0.02362320121399345,9.3708093060341e-05,4.9114204690521346e-05,2.4851019831368064e-18,0.9998571777022464,1.0895846080863202e-248,4.207390615875087e-17,0.0002554799873061237,0.0001033512245182766,0.9996411687881748,1.790417025940122e-05,8.234013660880353e-07,0.9998819290786597,0.0,9.934334971166726e-05,1.045249071285797e-18
903,0.9999999999994422,5.566514635931759e-13,0.999999450021422,4.29882791561401e-20,5.499785788927466e-07,6.932149484293672e-08,1.8595787455654286e-10,9.571854299313753e-25,0.9999999304925484,4.1480803524834936e-206,1.6454733466219995e-23,1.9439293215943892e-07,3.5735907090630477e-10,0.9999998052497089,6.246196774339194e-09,1.9594858698299877e-09,0.9999999916011255,0.0,1.931911485472217e-10,2.151811323908601e-25
904,8.56826737078566e-21,1.0,2.796249773294979e-44,0.9999999999999432,5.18455602780317e-14,0.9999999998577636,1.8189344388391865e-38,1.4223112916918243e-10,5.589453866583756e-40,0.0,1.1451325160008708e-09,0.9999999988548609,2.3221197153295909e-38,2.76593154687964e-41,7.83471207438442e-26,0.9999999999998579,6.812481239577237e-55,0.0,3.3158366278198724e-50,1.4179045286549816e-13
905,0.9999999999986997,1.3000179702666005e-12,0.9999990012189436,9.023271600670848e-20,9.98781058211015e-07,1.9069022019134599e-07,3.882446291601449e-10,3.524708213035173e-24,0.9999998089215336,9.013266733135058e-214,6.481074573081075e-23,5.331508525282241e-07,7.174270223572109e-10,0.9999994661317193,1.8189921575555944e-08,5.420006245122629e-09,0.9999999760733548,0.0,3.1671792805311137e-10,4.316169420425827e-25
907,0.8731809650655018,0.126819034934496,0.00018054928814549808,6.649296946013038e-06,0.9998128014149084,0.9999878978754949,1.8964056158575445e-06,6.487363479618642e-11,1.0205654019180552e-05,2.896219885482825e-302,5.476263748978228e-10,0.999992708028129,1.6763454796118706e-06,5.615078767368092e-06,0.7400331424198726,0.259898089403584,6.737341191085279e-05,0.0,1.3946270548541286e-06,1.375773585555761e-10
909,3.4596115172115414e-05,0.9999654038848268,7.735693277810695e-11,0.0016129158829735356,0.9983870840396705,0.2990829342768824,0.7008180229349018,9.902474403271987e-05,1.8044179786193896e-08,0.0,0.0005979662492665192,0.19173485089561335,0.807667171661396,1.1193729496210595e-08,0.007709620276083448,0.5446452840895909,1.6183594049276917e-08,0.0,0.4475275250120666,0.000117554438668012
912,2.5622122693452502e-11,0.9999999999743778,1.7372087200847527e-16,0.9739287851106816,0.026071214889319343,0.981606594618496,0.0026177569020259853,0.015775648479476715,2.911728371938132e-15,0.0,0.12061181260060551,0.876756745361317,0.002631442038078349,2.2567597387882265e-15,0.9999240587897009,1.0555085095063331e-11,4.9034697777726485e-18,0.0,4.952436862976115e-06,7.098876287990804e-05
913,0.0004511117383254872,0.999548888261673,4.3353648064629937e-07,0.026991869287276513,0.9730076971762436,0.9999999773580515,3.1855659627796354e-09,1.9158709512822542e-08,2.9767521748241553e-10,0.0,1.6653962000632403e-07,0.9999998313692373,1.9033933009860735e-09,1.8774956548171302e-10,0.9963160970246965,0.0036838811375696726,6.52260511673546e-10,0.0,1.7721340606537632e-17,2.1185473395253025e-08
914,5.891835105887759e-05,0.9999410816489394,5.941827976055686e-10,0.02435661762239356,0.9756433817834254,0.9999982002813604,5.694937502175576e-16,1.7996546324215967e-06,6.400583041345267e-11,0.0,1.5523325209912917e-05,0.9999844766323795,7.50923270911586e-16,4.241126476680056e-11,4.3391656333593224e-07,0.999999558867747,1.3473470388094356e-13,0.0,1.0548573689199002e-26,7.21555444591812e-09
915,0.9999999999990798,9.21469169795215e-13,0.9999987584489032,5.3595015980983925e-20,1.2415510969246433e-06,1.3883908700706607e-07,7.533027482266335e-10,1.0486207576741196e-24,0.9999998604076117,8.539840033428757e-225,1.98804565566442e-23,3.865940082982019e-07,1.3681103435682977e-09,0.9999996120378796,9.329837513404323e-08,5.407020456608984e-11,0.9999999057352804,0.0,9.122751827813729e-10,1.9893740923281542e-25
916,0.9999999930873997,6.912598291578798e-09,0.9996191381834305,6.154837361296578e-14,0.000380861816511305,0.0022538345657387273,1.2077107926567068e-09,6.608030557328707e-18,0.9977461642265485,2.4873250916585437e-256,7.755205093937066e-17,0.005358707906716955,2.1892686726153816e-09,0.9946412899040137,3.1391092816130444e-05,0.003466955350794471,0.9965016535563882,0.0,4.544444148432804e-18,1.0300794528982075e-18
917,0.004178264337784549,0.9958217356622165,1.0066674632129108e-08,4.806146596764238e-05,0.9999519284673567,0.999783566409213,0.0002163567426394929,5.824697450322468e-08,1.8601171227460974e-08,0.0,4.054627730692705e-07,0.9997797260472735,0.00021985728210188602,1.1207851943037707e-08,0.0019696104365534315,0.9980303766625815,5.695369265622622e-09,0.0,7.861536290602568e-13,7.204708129374841e-09
919,0.9999999999997797,2.2205384527461832e-13,0.9999987141830775,1.673640951731315e-20,1.2858169225847797e-06,2.161332348062608e-08,7.941552232642988e-10,3.9702106894310816e-25,0.9999999775925199,1.02041615679548e-223,7.322651764851845e-24,6.316693762248108e-08,1.4631894778137016e-09,0.9999999353698733,5.633976574359016e-10,8.947127137569999e-09,0.9999999895676659,0.0,9.218105097300757e-10,8.434440756382707e-26
920,1.1437669749903774e-14,0.9999999999999858,3.624160733523385e-21,0.03691542776546706,0.9630845722345308,0.9951454191815391,1.3890301515904526e-17,0.0048545808184552825,4.941702862414513e-19,0.0,0.02517822815393668,0.974821771846058,1.4159405334097974e-17,3.128472298020287e-19,4.246444737506571e-20,0.9999999868074525,7.465637203400898e-25,0.0,5.2348619585094177e-23,1.3192551913814555e-08
924,0.9999999985428545,1.4571433970020758e-09,0.9843353759442888,1.0820510027715234e-14,0.015664624055698538,1.193992543668446e-05,7.881593802748161e-05,4.2572213152710707e-19,0.9999092441365331,6.021499263900898e-240,8.011028933727724e-18,2.6466633618141733e-05,0.00013326892043656645,0.9998402644459446,1.3064631059530442e-07,0.00011318951368787853,0.9997489834964198,0.0,0.0001376963435835838,1.3526382741280358e-19
925,0.9977254960543706,0.002274503945626279,3.8269294140662845e-06,7.004600422312181e-10,0.9999961723701244,1.2121283085608665e-05,0.999966571756965,7.073355363492533e-13,2.1306959239145423e-05,2.3921359511545e-311,5.173006812188997e-12,1.1005470638487303e-05,0.9999778578240822,1.113670010353174e-05,3.796985715342622e-07,4.9848440218615034e-05,9.681309515808463e-06,0.0,0.9999400905514939,1.9696011005955995e-13
926,5.640978802172487e-06,0.9999943590211955,2.7929208493414345e-10,0.018414436350985188,0.9815855633697208,0.99708524659163,0.0028699334397834296,4.481882985331674e-05,1.1387306796646918e-09,0.0,0.0003678952807727158,0.9967091569281817,0.0029229469738966986,8.171459586299725e-10,0.9990541359844262,0.00013126071413872812,3.6261844851163294e-10,0.0,0.0007997638137836218,1.4839125033379898e-05
927,0.9999999838305734,1.616942490998093e-08,0.98465912567742,1.9527660912771648e-13,0.015340874322386537,0.000157587292870947,4.290198492235263e-05,2.7662713460429303e-17,0.9997995107222101,1.7768458002281712e-240,4.790513635629506e-16,0.00029856067158338706,7.049009014455612e-05,0.9996309492382707,8.678246244574365e-06,5.4625203186840935e-05,0.9998862426242264,0.0,5.045392634153973e-05,8.973297828014489e-18
928,3.538714354749166e-10,0.9999999996461284,1.7422847006042285e-14,0.9837388569161196,0.01626114308386631,0.9999340261219283,8.367416457333507e-08,6.589020390712063e-05,2.2423059366159712e-15,0.0,0.00048306663134663295,0.99951685723328,7.613536984333607e-08,1.5431024813936698e-15,0.9999988794778812,1.13985959995187e-11,1.0244689913498109e-17,0.0,2.799493949470557e-10,1.120230771135322e-06
930,0.043083655405933736,0.9569163445940683,1.1561392241935032e-06,1.8714177310167427e-05,0.9999801296834648,0.9997527700138654,0.0002458551058779641,7.53426224608796e-09,1.3673459913859483e-06,0.0,3.514888589955316e-08,0.9998249410859098,0.0001742952039465344,7.285612558339405e-07,0.9993270911943117,0.0002697124093465097,1.33489073914507e-06,0.0,0.00040184934449300755,1.2161111314365526e-08
931,0.8817621703331032,0.11823782966689474,3.281845408040336e-06,4.381209124616115e-07,0.9999962800336759,0.10326943904701993,0.8963141159257513,2.037011645265297e-08,0.00041642465711344074,0.0,1.9693018169590046e-07,0.08765118369333644,0.9121003129498472,0.0002483064266344577,0.0017254934688738252,0.5767167837270748,0.00019649257300562842,0.0,0.4213612231615046,7.069542792339214e-09
932,3.6204675518401e-06,0.9999963795324502,1.2399876609461525e-11,0.002581362173763222,0.9974186378138397,0.41395136566474083,0.5857023933750652,0.0003462394485859928,1.5116101552892964e-09,0.0,0.0038168759376501164,0.33436648984203166,0.6618166330553309,1.164988698760174e-09,0.0009900832573250347,0.9085126859619248,2.944825058280657e-10,0.0,0.09042593348383669,7.129700242834299e-05
934,0.03217832435375478,0.9678216756462449,9.747437881281843e-09,6.746179097648219e-06,0.9999932440734641,0.3102037587763598,0.6897931986479987,8.232263493208483e-07,2.2193492913992967e-06,5.74899053e-315,5.391565377871078e-06,0.31973873384055157,0.6802543328901587,1.5417039141560474e-06,4.691406866235449e-05,0.99995296982138,7.53045486917861e-08,0.0,7.753855042054771e-10,4.003002067962218e-08
935,0.9981532505055449,0.0018467494944585552,0.00024752944330351057,4.538783672651116e-09,0.9997524660179153,0.0066166360552527,0.9891612800643355,1.4182691835937572e-11,0.004222083866227349,1.1372746990122735e-301,1.1161809757652605e-10,0.0063670719127245905,0.9913428043420134,0.002290123633642736,0.0012433099204959067,5.6258368799011555e-05,0.0021455407896976116,0.0,0.9965548909170656,3.9399868384849005e-12
937,0.0011320463697134912,0.9988679536302835,4.106709737311323e-17,4.038868079503489e-05,0.9999596113192041,0.8448349170016364,0.15515835471822173,6.728280134526305e-06,9.026675922121292e-15,2.331194e-318,6.493284185784793e-05,0.8108945412329799,0.18904052592515494,6.094040735916852e-15,0.001782465618117836,0.9932278555224459,1.0135323418052114e-15,0.0,0.004988649071768136,1.0297876652056572e-06
939,0.9999999999999858,1.3805768268572627e-14,0.9999998681026214,9.801105250482483e-23,1.3189737803678323e-07,4.780253674015312e-10,4.1582896018598615e-10,1.2795158525048628e-27,0.9999999991061443,1.62863572916729e-176,2.402295813974528e-26,1.4404406711293062e-09,8.850591159587069e-10,0.9999999976745002,7.160889675389852e-11,1.7756981661123333e-11,0.9999999992326991,0.0,6.779356776356501e-10,2.3925931914556784e-28
940,4.247356241281225e-22,1.0,3.049940340414912e-42,0.9999999999346585,6.534102314287674e-11,0.00013195127494445026,1.996516367663429e-24,0.9998680487250607,1.3558476871215646e-40,0.0,0.9999817521633355,1.82478366628788e-05,4.279851349010019e-25,2.0224389794181254e-41,1.7221288121206606e-06,8.54344114812065e-09,1.2935039756354957e-41,0.0,5.119525715823092e-34,0.9999982693277528
941,7.4465254226398305e-09,0.9999999925534766,2.0440020358568662e-16,0.004368200717496493,0.9956317992825056,1.5019354707248326e-07,0.9999903980379292,9.451768520418966e-06,1.2207660817514594e-16,0.0,5.770062582170715e-05,8.531463977706899e-08,0.99994221405954,8.261884301907235e-17,5.541368642993742e-10,0.00046552629056800885,8.170143661347923e-17,0.0,0.999526604854039,7.868301253511345e-06
942,4.240638071449539e-13,0.9999999999995737,1.2815197117432758e-19,9.110576953157521e-12,0.9999999999908908,2.4200406155583753e-12,0.999999999997577,6.467445939302726e-15,8.497678290743851e-20,0.0,4.939168336242693e-14,2.0423058311593836e-12,0.999999999997911,4.8211134354566605e-20,2.4149331452001083e-12,4.2629673657661907e-16,3.667255981399345e-20,0.0,0.9999999999975842,3.920807647851531e-15
943,5.619917315770759e-11,0.9999999999438032,5.974238605145654e-18,0.23542166142895235,0.7645783385710488,1.704572691639371e-07,0.9997251875004792,0.00027464204225176726,3.428389937113447e-18,0.0,0.001989281474616614,8.842149468301279e-08,0.9980106301038882,2.1712523810260596e-18,1.6032376150114373e-08,3.463280615743961e-07,2.1370300681567166e-18,0.0,0.9996171369160897,0.0003825007234697846
944,0.9999999996219415,3.78060726360904e-10,0.9994250869938809,7.24613917706163e-16,0.0005749130061184667,3.5219337589640077e-06,2.40870744211257e-06,3.9008752567799726e-20,0.9999940693587992,1.6679713204166281e-211,7.040943379350271e-19,7.76898582211251e-06,4.528455748859954e-06,0.9999877025584265,8.247105143795565e-07,2.3058919960998073e-07,0.9999959835225681,0.0,2.961177715947949e-06,9.555468503227488e-21
945,0.0025647459336879726,0.9974352540663155,2.0973410008583893e-09,8.622024103921404e-06,0.9999913758785562,0.00037774801963350084,0.9996222236962194,1.7879725786959313e-08,1.0404421343246172e-08,0.0,1.7694023692807855e-07,0.00026173700838000584,0.9997380799120991,6.139284799819529e-09,4.8094093474986734e-05,2.703922054481979e-05,9.639656494694772e-09,0.0,0.9999248392175633,1.7828757018561333e-08
946,0.9831677119078224,0.016832288092177038,0.00044114043867533284,1.2682388043044368e-07,0.9995587327374453,0.9931839037524361,0.005122600335231338,9.588849275950762e-11,0.001693495816445758,6.2733413600631e-264,6.905399387238762e-10,0.9941944576136231,0.004848875744032493,0.0009566659518015033,0.9979483856355886,1.2242945464307052e-11,0.00039504729852232057,0.0,0.001656567042285716,1.136033966487517e-11
947,0.9997875739190581,0.00021242608094027522,0.08700110216541908,4.927537788189122e-08,0.9129988485591998,0.9762143609887126,1.048825934078542e-05,3.1337094307534193e-12,0.023775150748814974,1.4360845881025608e-262,1.867615630935122e-11,0.9875212228573794,9.398794853672634e-06,0.012469378329092753,0.9613851174602465,6.189417690762391e-09,0.03860085367884192,0.0,1.4022670172063507e-05,1.3194432758411061e-12
948,0.9999998750786012,1.2492140083639485e-07,0.5226161603409084,2.9503200207337933e-12,0.4773838396561425,0.00013215223570352806,0.0358950291659235,9.775860053334339e-16,0.963972818598373,5.7889882510589065e-267,1.672628439136631e-14,0.00022527258563502989,0.0598358587933884,0.9399388686209587,6.989012298435738e-06,0.0007711082035558796,0.9509879589875461,0.0,0.048233943796597,2.481237274235431e-16
950,0.9999999999952998,4.701527928998765e-12,0.9999984501796925,1.0824276544238324e-18,1.5498203059321577e-06,1.0664407417287579e-06,7.894402587217772e-11,4.6325813937690836e-23,0.9999989334803135,1.1569156325713138e-213,6.572987111816696e-22,2.970429007277988e-06,1.479769209937511e-10,0.999997029423017,7.901493307050429e-08,8.418222608306347e-08,0.9999998367060341,0.0,9.68051393301564e-11,7.922000100773535e-24
951,2.374349922119567e-05,0.9999762565007818,7.077140146058248e-10,0.002503270845068754,0.9974967284472183,0.9991578612953389,0.0008416032079434617,5.350375107346045e-07,4.5920574350660293e-10,0.0,4.5079783468444375e-06,0.999241255285922,0.0007542364901747054,2.45557190397587e-10,0.999957668071913,3.3463126034539106e-08,2.559144711942546e-11,0.0,4.225436408276258e-05,4.4075287821350774e-08
952,0.9999850617316147,1.4938268383861122e-05,2.295790954512853e-09,1.3242464512595752e-09,0.9999999963799624,0.9987521419406037,0.0010533207087554664,3.106690728856004e-12,0.0001945373475321423,1.2474337112193942e-278,2.7700295541898434e-11,0.9986793349868842,0.0013135404896305685,7.124495785581549e-06,1.5741347366451807e-23,0.9999968306394453,5.170086444217057e-11,0.0,3.1693088507685575e-06,1.321684629130427e-15
954,7.789625371977713e-19,1.0,8.654699891683214e-31,0.9999938419158989,6.158084107230376e-06,1.6507464135253896e-07,4.572307232886109e-24,0.999999834925361,2.5838308555083877e-36,0.0,0.9999999872658805,1.2734118750898157e-08,9.897848574055166e-25,3.6546094514575586e-37,2.348046333667512e-17,0.9876877825408993,3.565646904105382e-39,0.0,1.3111936748500083e-34,0.012312217459098957
956,0.2353749143658758,0.7646250856341225,6.2552787969816245e-09,1.3218585960522196e-07,0.9999998615588648,2.2934143279313663e-07,0.9999997686253207,1.9571733814449274e-11,2.013673409069435e-09,0.0,1.2003029581480847e-10,2.352042462501136e-07,0.999999763603213,1.0725135786067082e-09,1.9648381745857196e-07,3.0967442351159663e-10,9.522333669988333e-10,0.0,0.999999802243698,1.0577260309451746e-11
957,5.12833064221496e-47,1.0,1.456629827295837e-83,1.0,2.3510807427783317e-22,7.37478293800343e-17,1.2386729686455067e-37,1.0,2.6975377310166718e-79,0.0,1.0,5.7359589463860555e-18,1.0207788239402752e-45,3.727635866284027e-81,1.653793928358705e-36,6.909202649761925e-20,1.0131492782710749e-84,0.0,7.934635659032934e-48,1.0
959,0.9999999958215895,4.1784083054594836e-09,0.9971939214855818,2.032003502687031e-14,0.002806078514395762,0.0002511773563753165,3.5675108739535686e-06,7.492811610038706e-19,0.9997452551327487,1.6272590877413144e-267,1.1469616002055765e-17,0.0006097660711105796,7.1586982716362276e-06,0.9993830752306161,0.00027666876721028005,3.3957840853192856e-08,0.9997184177969869,0.0,4.8794779609806966e-06,2.5272083854447434e-19
960,9.096742268034537e-15,0.9999999999999858,4.139550578312988e-30,0.9999976113577098,2.3886422860651438e-06,0.9795798785664259,2.6450716779309e-28,0.020420121433570176,8.352644556833662e-37,0.0,0.1657468598123442,0.8342531401876572,2.858861072057854e-28,6.632734125863085e-37,9.873292733174417e-08,0.005940481813914903,3.6658753522648275e-36,0.0,4.6220173012375226e-36,0.9940594194531613
961,0.9999999785618956,2.1438104528830197e-08,0.9579554406724903,2.2386548281177453e-13,0.04204455932728469,8.786580946561109e-05,0.0021757069897905576,4.548997522568963e-17,0.9977364272007452,1.367290825505013e-214,5.60202233352655e-16,0.00015839924540231299,0.003783798357542301,0.9960578023970548,1.9120894549384694e-05,9.514898428077472e-07,0.9947311955842594,0.0,0.005248732031349545,6.46337120090299e-18
962,0.2730269134683882,0.7269730865316154,4.503468767992526e-06,7.899908780882517e-12,0.9999954965233341,0.9999999922031364,2.630946538991107e-23,7.796861033897528e-09,1.93481516257103e-15,0.0,5.563688207884303e-16,1.0,2.2317561687539254e-23,1.1986932575500354e-15,3.748318446174572e-14,0.9999999999999645,1.0252757676070867e-17,0.0,2.2640944864816583e-33,4.918713036684087e-19
963,0.0028213385100404787,0.9971786614899588,3.727097546548245e-08,0.0003831533198124225,0.9996168094092106,0.9999994619233972,1.4865560063411715e-13,5.380764555393607e-07,9.431839460779835e-16,0.0,4.080242166173995e-06,0.9999959197576767,1.568370255012146e-13,7.100582139387734e-16,1.5910784326597095e-06,0.9999984061950666,6.168646852260181e-18,0.0,5.879777218962092e-24,2.7264987663128856e-09
964,3.655869822267742e-18,1.0,9.797709550684987e-36,0.9999995602978488,4.397021506755389e-07,9.630908957380852e-05,1.4352958560567872e-09,0.9999036894751362,2.4720839700602625e-33,0.0,0.999974887122514,2.5112422122860442e-05,4.553693173649307e-10,5.82087638303398e-34,2.0170770063024772e-07,9.673623717808003e-07,1.7804033877795831e-34,0.0,3.486622904938401e-18,0.9999988309299267
965,0.9817219014472989,0.018278098552700264,0.00014075439265065566,3.864190031919748e-07,0.9998588591883474,0.999685400492348,0.00016551986611235402,2.600609597686518e-10,0.0001490793814789606,1.0409160148437632e-301,1.80621976640951e-09,0.9998022942871096,0.00012495464611331344,7.274926055792948e-05,0.0036521910514341126,0.9962844311757616,5.474317151532865e-05,0.0,8.634566924816471e-06,3.4367008995346694e-11
966,0.9878430780532295,0.012156921946768188,3.346694799209874e-05,5.95615279625519e-08,0.9999664734904821,0.2963643972512995,0.6998372307014441,3.1397025520184938e-09,0.00379836890755448,2.380724920196866e-273,3.4291995739277104e-08,0.31703878049306294,0.6806573116507074,0.002303873564235156,0.012611348769184924,0.2880503853911572,0.0036499648523267013,0.0,0.6956882986588835,2.3284506548955596e-09
967,4.3293802938986406e-11,0.9999999999567066,7.736537471066819e-17,0.9986358549070646,0.0013641450929360458,0.9993920124586737,8.712926039967121e-19,0.0006079875413241536,2.6931051917445693e-17,0.0,0.004953659333189921,0.9950463406668133,8.409485876154986e-19,2.1026588161308313e-17,0.5337557978611626,0.44212857510641485,2.312904675329077e-16,0.0,3.418563259895423e-26,0.02411562703241921
968,0.999999992397882,7.602117577244918e-09,0.9857343780474119,5.825656923630483e-14,0.014265621952532993,0.00010614052236598929,3.78043391362784e-05,2.7352603625570287e-18,0.9998560551385011,7.534605265601333e-277,5.336685274861634e-17,0.00022053971687586326,6.465140382351365e-05,0.9997148088792976,6.617222652968855e-06,1.8477922202419222e-05,0.9999272758551807,0.0,4.762899996399561e-05,1.1580854628169362e-18
971,8.077175104141143e-18,1.0,1.294084325468203e-27,0.99999189718966,8.102810338993907e-06,9.075713289991881e-06,1.903221434013458e-05,0.9999718920723685,1.399634890687214e-25,0.0,0.9999939003987357,1.4931059216903762e-06,4.6064953379009654e-06,2.2102295824703116e-26,1.8914855609067363e-05,1.3572412080636853e-11,1.4828764437281014e-26,0.0,3.037710076410157e-06,0.9999780474207419
974,1.252230505237331e-18,1.0,6.98809598101205e-28,0.9999999959376851,4.062316174250727e-09,0.09459394961689893,2.2936799663275064e-12,0.9054060503808067,4.650747573383169e-26,0.0,0.984499628280443,0.015500371719278495,2.808281182628334e-13,6.527660497272377e-27,0.5163655200977374,3.4575488577474937e-10,1.0104690201456894e-26,0.0,4.6341854349437665e-14,0.48363447955645944
975,9.881808567894433e-12,0.9999999999901164,1.439142469235274e-17,0.9995637579309331,0.00043624206906976124,0.9978603880696573,3.2248897263044934e-08,0.0021395796814455597,2.1114923895730867e-17,0.0,0.013573962046599101,0.9864260121652847,2.578811554958538e-08,1.412270658307865e-17,0.9999418109830963,1.7333667301539889e-09,3.190540756430139e-19,0.0,2.758932881001583e-10,5.818700764579348e-05
976,2.5827807505749355e-09,0.9999999974172198,4.1210088788745295e-14,0.9127344292457001,0.0872655707542639,0.9987729206562529,2.9999269928701793e-06,0.0012240794166908677,6.584131650736472e-14,0.0,0.009995926701595595,0.9900008478875612,3.2254107931554582e-06,5.318355616924657e-14,0.994599920746725,0.0017033077968384186,6.745890771713763e-14,0.0,6.311043161182444e-14,0.003696771456308513
977,1.6050272882232043e-35,1.0,9.297233777116406e-53,0.9999999999993605,6.370876977851703e-13,5.732156856872071e-13,2.2499697517079654e-23,0.9999999999994316,7.378253635417932e-52,0.0,0.9999999999999005,1.0143754087596456e-13,5.3714402444876965e-24,1.7210167082673623e-52,4.488233021132444e-35,5.135913888560275e-08,6.313213338642247e-53,0.0,2.4017763653643013e-32,0.999999948640864
978,0.9999999074797586,9.252024228495696e-08,0.0038006972030720588,4.244434354636112e-13,0.9961993027965058,4.7963169687242394e-08,0.9921566678624606,5.332360652115138e-17,0.00784328417437056,1.322642968081646e-262,3.3220266467512575e-16,4.138146931579616e-08,0.9965319416650755,0.003468016953451456,2.6772581037458488e-11,9.900040692874914e-05,0.0023182589047878767,0.0,0.9975827406615109,6.977231619103103e-18
981,2.2964785731671258e-14,0.9999999999999716,6.933920375554766e-22,0.9998344697641571,0.00016553023584547436,0.01644119987855212,5.441685203962853e-05,0.9835043832694065,1.948194879643708e-19,0.0,0.9983036722742521,0.0016886319345357952,7.69579120788846e-06,2.8294356797356503e-20,0.0004449561763225965,0.00026926506751396017,5.43593468903192e-20,0.0,7.861873229639774e-06,0.9992779168829361
982,0.06246083231993678,0.9375391676800615,1.9915680347217034e-06,9.253897126112788e-05,0.9999054694607021,0.9999995344351564,2.7922124906770886e-07,6.374166834124757e-09,1.7996942696872908e-07,0.0,6.039697101072395e-08,0.999999489752677,2.9662877351462305e-07,1.5322157602383134e-07,7.922019293453265e-06,0.9999920768235636,1.1353198751867335e-09,0.0,4.873261522784063e-18,2.182462205268818e-11
983,9.727745504036009e-07,0.9999990272254464,2.172644122326835e-17,0.12864591427564856,0.8713540857243497,0.9999808016310017,8.476230606857487e-07,1.835074594001664e-05,1.066082753151514e-18,0.0,0.00011483463225040857,0.9998843190457835,8.463219677666957e-07,8.26526688167229e-19,0.13953397860019795,0.8604155179839824,3.921055698974987e-18,0.0,2.9843424192960906e-07,5.020498157834556e-05
984,0.0036288078327419595,0.9963711921672551,2.550400849511796e-09,2.5402092633175248e-05,0.9999745953569634,0.01897703562860555,0.9810222605912308,6.349631240944152e-07,6.881704062873097e-08,0.0,4.999693459914893e-06,0.014490292927940612,0.9855046622171245,4.516147374023637e-08,2.4817779591917885e-06,0.9162214698928267,1.1665871910146911e-08,0.0,0.08377597324613777,6.341720731889475e-08
985,0.9999998750991288,1.2490087011191933e-07,0.5251430556592754,1.0343703108704755e-18,0.47485694434072506,0.009781142018513635,1.9806859007304858e-11,1.3678172863728873e-22,0.9902188579616764,1.1405544352947288e-301,1.892119082144672e-21,0.023612040026582563,3.3099981280122966e-11,0.9763879599403156,0.0004023766919581155,4.434631901591171e-10,0.9995976228503771,0.0,1.4198727008076219e-11,3.098295854394372e-23
986,0.0003478135648442615,0.9996521864351585,2.0032947821619564e-16,0.0007431411580437467,0.9992568588419586,0.9999096435027532,8.948464101621278e-05,8.718562311749058e-07,3.6363683873134995e-16,5.7809456e-316,9.324097695715249e-06,0.9998857182811473,0.00010495762115438904,3.078282504903413e-16,4.928670987018137e-06,0.9999950692995497,1.4940309328894228e-18,0.0,5.3462202162285454e-15,2.029457560342329e-09
987,6.310848160876321e-31,1.0,3.5635860769718245e-44,0.9999999999275389,7.24659343848026e-11,4.4331533610263126e-09,7.548865451545931e-21,0.9999999955668528,1.9583036286221277e-42,0.0,0.9999999992609219,7.390763282747976e-10,2.329308418170277e-21,5.55641187727381e-43,8.626363685068297e-11,1.3693382741777874e-18,1.246526334012592e-43,0.0,1.1299535521115706e-29,0.9999999999137401
988,0.9999978344595064,2.1655404950299184e-06,0.20256059084885336,1.3542212408437461e-10,0.7974394090157276,0.005402211140812871,0.02586503637369629,4.260206138267702e-14,0.9687327524854464,1.4612000533549353e-274,8.454944818909319e-13,0.009899141415222265,0.04659087884166682,0.943509979742264,0.00035872967016101513,0.001083388983688748,0.9858781699893782,0.0,0.012679711356740873,2.799705755491736e-14
989,0.9999998429112916,1.5708870983105228e-07,0.9361332502662429,3.2285795145032635e-12,0.06386674973052944,0.003497400931214686,0.0002290415212104131,1.5697352174047836e-16,0.9962735575475751,4.12785463586091e-265,2.174304847570491e-15,0.007785843822150197,0.0003997135507684908,0.9918144426270796,0.009367978540446496,7.148234348809182e-08,0.9902853857365789,0.0,0.00034656424063124534,5.942683746856977e-17
990,3.6855995358107444e-09,0.9999999963144006,2.5576684753886117e-15,0.015924383523484395,0.9840756164765112,8.474450454425829e-05,0.99988274294528,3.251255016947554e-05,4.109097009076565e-15,0.0,0.00023431410828440535,6.541609445038149e-05,0.999700269797262,2.639384623529697e-15,0.0001566584580219437,2.363882437982747e-08,1.807005331204663e-15,0.0,0.9997983079751794,4.500992797155313e-05
991,0.9999999923066198,7.693378986330536e-09,0.6016131846442666,1.0844021373980548e-13,0.39838681535562825,3.297999208366058e-08,0.7988753957231569,5.8558173495457495e-18,0.20112457129684805,4.491705615555602e-236,5.696946809071008e-17,4.57540938949967e-08,0.8732739710496502,0.12672598319625358,6.221127322233095e-09,2.614542052867601e-09,0.10715359876297863,0.0,0.8928463924013519,1.393260638748408e-18
992,0.025615982858978256,0.9743840171410248,7.803205789314156e-14,7.030983602766945e-05,0.9999296901638978,0.9998057038966472,0.00019424271191554733,5.3391299025635046e-08,1.41629917256739e-13,4e-323,2.4300371776898053e-07,0.9998086558103005,0.00019110118590435322,7.70769162619144e-14,0.9998075920148659,8.408669703183453e-05,7.755363008871248e-14,0.0,0.0001083004191519405,2.086887625896119e-08
993,0.9999999798742183,2.0125780373546255e-08,0.6536454944706497,2.4816329219257744e-13,0.34635450552909886,2.819816647545963e-05,0.0325557374711324,3.308500584549072e-17,0.9674160643623926,7.054085736871102e-256,5.358813163691673e-16,5.548897044780852e-05,0.05940484259668403,0.9405396684328653,1.968241812845703e-06,6.823336547823856e-06,0.9416092720421436,0.0,0.05838193637949555,1.1976828504755688e-17
994,3.956814821976269e-16,1.0,2.3533449628549713e-25,0.9696664970113718,0.03033350298862437,4.2126871300276505e-11,0.9963799575010494,0.003620042456820186,1.032251746233419e-25,0.0,0.019239325938295967,2.157127877283978e-11,0.9807606740401328,7.31608482399076e-26,6.193153275446167e-13,1.3491458929901877e-09,5.785143004550507e-26,0.0,0.9886524924593662,0.011347506190871774
995,0.9999822994844534,1.7700515543861545e-05,0.01826990296173537,7.501601355674432e-09,0.9817300895366639,0.9999999997281108,5.110601807316197e-24,2.632948293084294e-13,2.71626208157571e-10,2.8465346002102662e-279,2.3122117744592486e-12,0.9999999998750795,5.287629760793195e-24,1.226090574753936e-10,1.9001633729303752e-26,1.0,1.4248797661116388e-15,0.0,4.610287821556801e-37,1.208731354002932e-18
996,3.456238745571104e-18,1.0,3.3895299100885044e-28,0.9999937481872038,6.251812795387062e-06,1.5379689721414524e-07,0.00047721332061528436,0.999522632882487,3.451707014929328e-26,0.0,0.9999371926419495,1.3454130134365236e-08,6.279390392357714e-05,3.9016665958370264e-27,7.964410195139471e-07,4.99252643858972e-13,3.490729229287185e-27,0.0,4.754582188491573e-05,0.999951657736597
997,9.924299614851388e-16,1.0,6.1506960492138364e-24,0.9999506212166142,4.9378783389039064e-05,0.002678051040555393,4.8280760508907895e-05,0.9972736681989379,5.800582308190288e-22,0.0,0.9997244275451528,0.00026923147506228095,6.340979783898866e-06,5.879764214893981e-23,0.014917467325949481,1.1048532523506996e-08,1.6043707925902004e-22,0.0,9.020136596326067e-06,0.9850735014889203
998,0.9999805422547554,1.9457745246779527e-05,0.006573194546857579,1.3057399535775784e-10,0.9934268053225688,0.000108699904623544,0.9647242515067662,1.137997401556118e-13,0.03516704858849319,1.1355591629410355e-273,1.126776709979509e-12,0.00010249160974937484,0.981031469441373,0.018866038947753,1.3994094260176326e-05,2.1865476100745855e-05,0.02151519560839117,0.0,0.9784489448212103,3.4171816901475e-14
999,4.159107032939355e-09,0.9999999958408949,3.3961737320930323e-13,0.708969353315161,0.2910306466844983,0.9984888025411359,0.0002091717061083984,0.0013020257523592847,3.947057826218284e-13,0.0,0.011961197908138871,0.9877506604930608,0.00028814159846478414,3.3326266908571917e-13,0.9999016589735472,2.0018498746772981e-07,1.9002552598157166e-14,0.0,7.305919936289855e-06,9.083492150740083e-05
1000,3.5992964722709726e-12,0.9999999999963975,8.1979155265162e-18,0.9997004514854471,0.000299548514553736,0.9986229817809185,7.251495007793333e-09,0.001377010967583706,5.689711146790435e-18,0.0,0.010765689221452511,0.9892343034203588,7.358189058642669e-09,5.481271844594105e-18,0.9998694923249727,1.0677907964839499e-08,2.0148129859920417e-19,0.0,8.938136565368682e-11,0.00013049690774091682
1001,0.3679023645309969,0.6320976354690001,2.550849572755547e-07,1.708328997443796e-06,0.9999980365860442,0.48226969164679007,0.5176964867909808,6.885251097998067e-08,3.375270971806003e-05,4.994403227774417e-301,6.814637182761976e-07,0.44315866883011773,0.556821633855736,1.9015850426239185e-05,0.08654610001805815,0.05790036112092026,3.591929261990891e-05,0.0,0.8555175303377057,8.923069659767855e-08
1002,0.9999999999475335,5.246827287743928e-11,0.9998591318866283,3.88124460181498e-17,0.00014086811337325796,4.365273460902708e-06,1.4024186510131708e-07,1.5484877851942368e-21,0.9999954944846754,1.5580499504994834e-240,2.3170814792388693e-20,1.1645374884641662e-05,2.7137259352313333e-07,0.9999880832525219,5.91270296339463e-07,1.1468714643802126e-07,0.9999991197838726,0.0,1.7425868368640293e-07,4.522844505081637e-22
1003,0.9999999998154152,1.8458589171583798e-10,0.9998836780911752,6.792554513378525e-16,0.00011632190882108939,2.3494563552060204e-05,3.3052966188069466e-08,1.104128429832444e-20,0.9999764723834811,8.413737156870653e-241,1.9920056541935317e-19,5.662003857083268e-05,5.584397563648924e-08,0.9999433241174522,2.445101377650201e-06,1.8611817511700704e-07,0.9999973154049056,0.0,5.337554171182762e-08,6.006926935378933e-21
1005,0.01606409687986045,0.9839359031201406,2.334259441869007e-06,0.00046196628721430227,0.999535699453347,0.9999999541512149,2.7081451743921728e-08,7.240308074191292e-10,1.8043299480536684e-08,0.0,5.7354048769610825e-09,0.9999999641277888,2.0090087894244457e-08,1.0046716101383323e-08,0.9977937871060402,0.002206152327275219,5.804818478470909e-08,0.0,2.5820645976559635e-16,2.518497366306956e-09
1006,0.9999999999966072,3.3925235086500762e-12,0.9999509760903451,5.257601132464559e-19,4.902390965635853e-05,1.5369160473913725e-08,9.365358389376958e-07,2.5656407831826816e-23,0.9999990480950008,1.1027670213952228e-232,5.05058547024061e-22,3.409890959433343e-08,1.723387719509814e-06,0.9999982425133699,5.838525868439899e-10,3.3706268460030115e-08,0.9999984295393428,0.0,1.5361705358735522e-06,6.961330257309413e-24
1007,1.7148046750491831e-12,0.9999999999982876,1.467809042950389e-20,0.3508268443573415,0.6491731556426538,2.795451827045552e-10,0.999881876483862,0.00011812323659213813,8.686218216791093e-22,0.0,0.0009307259379670279,1.713714905204286e-10,0.9990692738906592,6.167468930117975e-22,4.317888514168341e-12,7.524725770147938e-08,6.143542753347121e-22,0.0,0.9996065825327486,0.00039334221567260025
1011,0.9999782035152744,2.1796484726944658e-05,0.002833954681415348,2.956756960307379e-10,0.9971660450229114,0.015406834853589749,0.744631412831228,2.093545357160283e-12,0.23996175231308792,1.1388601840997693e-273,1.8593271384008313e-11,0.017312703249275516,0.8535535471136294,0.12913374961850044,0.0003450452699302609,0.035284841698634856,0.12332074957251923,0.0,0.8410493634583113,6.027562781199136e-13
1013,0.00016983026826961054,0.9998301697317278,3.0976476011876037e-10,0.00017320350526131892,0.9998267961849711,0.4661206678481069,0.5338739936067467,5.326554618557996e-06,1.1990531034755658e-08,0.0,4.524906213360567e-05,0.47055750201550667,0.5293972412564764,7.665880431306985e-09,0.781491819532701,0.002379347289834887,2.4197788964095003e-08,0.0,0.21611504708150922,1.3761898169127666e-05
1014,2.105335443826915e-10,0.9999999997894662,2.340842348898407e-17,0.04319861349158946,0.9568013865084116,4.870057479301528e-07,0.9999652886438052,3.4224350449396664e-05,4.527012630134813e-18,0.0,0.0002971771430025441,2.967636763201142e-07,0.9997025260933184,2.7981251364978865e-18,8.207714942921317e-07,6.563778834249098e-09,3.4464682118107785e-18,0.0,0.99995599643627,4.317622845922849e-05
1016,0.05936340174006536,0.9406365982599328,1.512780465705679e-07,7.281336383586104e-06,0.9999925673855717,0.9698336469038434,0.030165102042220174,9.157738910855273e-09,1.241896199581835e-06,2.4997608403e-314,6.823625888678115e-08,0.9718705417857425,0.028128663768893003,7.262091067290674e-07,0.9983846715135243,6.866689558156814e-07,1.0028857551790288e-07,0.0,0.0016145411775911516,3.513539770441239e-10
1017,0.9999698495780069,3.0150421993226524e-05,0.0005486239028794434,7.541165521741447e-11,0.9994513760217058,0.0004198665843375836,0.9861352348994985,1.7263553187841314e-13,0.0134448985159892,2.0832039637965745e-233,1.1182998777003684e-12,0.0003972349861976115,0.9926888579808673,0.006913907031819989,5.289081631331074e-07,0.0006067812659735826,0.0030030840144516366,0.0,0.9963896058113774,3.0708256356142465e-14
1018,6.963009078825391e-08,0.9999999303699123,3.2908080422931586e-13,0.02228886652285772,0.9777111334768138,0.02585100561561882,0.9739617152220723,0.0001872791605961846,1.7071434522927751e-12,0.0,0.0019375447265888082,0.026137170662759217,0.971925284609161,1.4845825912785578e-12,0.051098926512869305,3.837371115544273e-05,1.9769585430673525e-12,0.0,0.9484611363722428,0.00040156340175743745
1019,1.647235508431942e-20,1.0,3.2439974139826044e-32,0.9999999798996131,2.0100381952933685e-08,7.57036539974766e-05,5.0401770780524636e-11,0.9999242962955975,8.491731394131645e-30,0.0,0.9999949526369443,5.047357029055227e-06,6.019976477616325e-12,9.587282796398705e-31,1.3228215345248975e-16,0.0001755688346828143,1.3842850982938494e-30,0.0,5.766264328552566e-20,0.9998244311653177
1020,3.0505915061325243e-05,0.9999694940849455,1.880613869671843e-11,0.0016414753422581655,0.9983585246389308,0.9999711573931662,5.0268989358344744e-20,2.884260682825404e-05,2.4916513532795798e-17,0.0,0.00021864312929255548,0.9997813568707089,6.770311598006559e-20,1.5917273836159332e-17,6.49887282588607e-15,0.9999999888099254,4.0911772049259105e-21,0.0,1.394885624082315e-31,1.119006730622838e-08
1021,1.7137648680333844e-11,0.9999999999828617,2.8503944838134234e-17,0.9940641854897349,0.005935814510259844,0.9954764366602932,2.8806282806651607e-06,0.004520682711419293,1.5588765671964048e-16,0.0,0.06916989032994511,0.9308273230191287,2.7866509247009187e-06,1.5496477047852023e-16,0.9958411906632164,0.00016311340296571494,7.109311481261927e-17,0.0,1.3877148031035768e-07,0.003995557162338946
1023,0.999999999994369,5.629494045832048e-12,0.9999968502576175,6.937527486922267e-19,3.1497423819178754e-06,6.92213722765849e-07,1.0831732906405443e-09,2.3597758397393565e-23,0.9999993067031051,1.7695561589974484e-223,3.831794989267504e-22,1.888398826048661e-06,1.9276229587927543e-09,0.9999981096735514,4.611640963207328e-08,5.7500724533931345e-08,0.999999895244935,0.0,1.1379301789588091e-09,5.468153380463523e-24
1024,7.760957491215353e-21,1.0,1.894645388720824e-33,0.9999999173376642,8.266233454006636e-08,1.847741404635507e-10,6.197323205198989e-07,0.9999993800829049,7.234221152082408e-32,0.0,0.9999998950736908,2.0554490875566106e-11,1.0490575221561856e-07,1.050572619885466e-32,4.382025177676254e-12,3.772558889300855e-12,6.685846005758729e-33,0.0,3.0276927061503704e-08,0.9999999697149211
1025,0.00047438281169177,0.999525617188307,2.6025883966726736e-11,7.324376964766122e-06,0.9999926755970071,2.43363675315451e-06,0.9999975613692235,4.9759065712866545e-09,1.811758849663886e-11,0.0,2.8369470237298323e-08,2.0759913344827074e-06,0.9999978956286784,1.0516579582470082e-11,3.652575352547201e-06,2.0535815634415525e-09,7.660232511035775e-12,0.0,0.9999963409705624,4.392843368426804e-09
1026,0.9542921832712751,0.045707816728721644,0.00011379978427988295,9.227148211618659e-07,0.9998852775008984,0.9999704559948088,6.001445223967416e-06,5.224412672878935e-11,2.3542507719725294e-05,2.890990213582739e-282,3.464624296127548e-10,0.9999859783479728,3.6124962389655907e-06,1.0408809328343425e-05,0.019848372397325658,0.9801245200971594,2.7107473019735292e-05,0.0,1.7744751888371012e-14,3.247606979541629e-11
1027,0.6043016624082315,0.3956983375917701,3.4912573087297134e-05,2.5754381577179506e-05,0.9999393330453343,0.9999975575083212,1.8897489551013345e-07,6.258473466341157e-10,2.2528909354693667e-06,0.0,5.163229468841133e-09,0.9999985822893112,1.6449793090207548e-07,1.2480495280909718e-06,0.004276590854553373,0.995722311017923,1.0978860899196465e-06,0.0,9.627106899599841e-16,2.414313594591875e-10
1028,0.9557648097114495,0.04423519028854857,1.8189957391127302e-05,2.852845874987246e-07,0.9999815247580243,0.9984247573792748,0.0014569961658499827,8.699314759874165e-10,0.00011824558494046166,1.4249496817804918e-289,6.7310692329743794e-09,0.998546836508789,0.0013769085858277574,7.624817431666836e-05,0.0009204423204208898,0.9990614066679936,1.8150931080651442e-05,0.0,8.931645692506324e-13,7.96083063172636e-11
1029,2.4675716786071175e-19,1.0,4.939964830571851e-38,0.9999999061229277,9.387707151750179e-08,1.0216925353248331e-06,6.073468213122063e-10,0.9999989777001129,3.862640029172392e-36,0.0,0.999999881573224,1.1830022598608208e-07,1.2654510634610136e-10,6.474439873943854e-37,3.3890915333953526e-09,3.480175299759261e-06,7.0488442807218156e-37,0.0,2.3142885548926637e-11,0.9999965164124657
1030,1.1037019048162096e-17,1.0,7.641336302223231e-28,0.9999997216477073,2.7835229396570545e-07,5.154513302864956e-05,3.819877284603569e-10,0.9999484544849861,2.0157933175453295e-26,0.0,0.9999919769699133,8.022944597399815e-06,8.54909949609281e-11,3.9712122403528904e-27,7.422691161808802e-08,0.00010608649259026048,4.784440160426843e-27,0.0,2.225380458459735e-19,0.9998938392805016
1032,0.05003298265967492,0.949967017340325,2.3375409034573897e-08,1.364059166557384e-06,0.9999986125654236,1.1399012066163914e-05,0.9999885856269534,4.266511648874968e-10,1.493432589485957e-08,0.0,2.53254609915515e-09,9.773706517280301e-06,0.9999902155895113,8.171424441612405e-09,9.752854052372221e-05,5.663996433253783e-10,8.076281982231114e-09,0.0,0.999902462619477,1.9731885336432573e-10
1033,1.8884871676293186e-20,1.0,2.6101002319433875e-54,0.999999990722273,9.277721065888108e-09,1.9853308443605083e-05,7.97407577741041e-22,0.9999801466915591,4.812395458772673e-41,0.0,0.9999976179529091,2.38204708600551e-06,1.6345074130129674e-22,4.624825530933136e-43,8.29028566404524e-19,0.05731939355226156,2.597549282026838e-53,0.0,6.147736907321889e-31,0.9426806064477421
1034,4.0252783859008376e-29,1.0,3.8548102042039506e-47,0.9999999999972857,2.718847255271036e-12,1.4214635661268072e-16,2.271260428929476e-11,0.999999999977291,2.4775946341157123e-46,0.0,0.9999999999942304,1.1124047947999588e-17,5.762863540648045e-12,4.848383070774987e-47,2.186094017832663e-20,7.658436582977405e-15,1.566156313729217e-47,0.0,6.864362226648575e-13,0.9999999999993037
1036,1.8535145713212304e-11,0.9999999999814619,2.3359446381313244e-17,0.9830340096154859,0.01696599038451525,0.7410558020572893,0.017883670529985088,0.24106052741272604,3.0607326766359664e-15,0.0,0.7917458082218051,0.19987645346815866,0.008377738310034325,9.303848582449737e-16,0.9894322665970364,1.0148177597062614e-07,9.85142746717698e-17,0.0,0.00041414679512445635,0.010153485126065717
1037,0.9346652868458397,0.0653347131541593,1.6242693661751149e-07,3.740667024772213e-09,0.9999998338323972,5.343629903257972e-09,0.9999999740391491,2.888884847077124e-13,2.0616934225182353e-08,0.0,2.9999299595756073e-12,4.235903571983234e-09,0.9999999821492268,1.3611868604609122e-08,2.887920996127855e-10,1.16631543719289e-07,1.2209609367325806e-08,0.0,0.9999998708699079,1.5005399593354837e-13
1038,8.371156338915669e-07,0.9999991628843667,9.99558455545517e-12,0.0036764510780120606,0.996323548911991,0.012237274533790251,0.987729823837871,3.290153191489332e-05,9.642424177027623e-11,0.0,0.00022292588760019675,0.01058099272967745,0.9891960813180434,6.467715892957475e-11,0.049964976055725564,2.0134016765345818e-06,5.1656484418791e-11,0.0,0.9500047767655945,2.8233725345024846e-05
1039,2.280151663692362e-14,0.9999999999999787,1.1395498486461613e-22,0.9990418873862472,0.0009581126137555831,0.003096328322741381,0.00125495962100731,0.9956487120562479,2.283075887682923e-20,0.0,0.9996772523414474,0.00019713321390629827,0.00012561444464731337,1.8862651054139674e-21,4.395184745638825e-05,0.00018197630829768272,4.284181721577884e-21,0.0,2.6270554072558842e-12,0.9997740718416167
1040,0.010005445974706314,0.9899945540252939,3.0929573062329444e-06,0.00029418726409806607,0.9997027197785957,0.9999924364346501,7.4804490513286985e-06,4.580104011296612e-09,7.853619700123189e-08,3.05740169015152e-303,3.0600718669510955e-08,0.9999947935939166,5.137399666307104e-06,3.840569597067263e-08,0.9997378635073382,0.00025795002127433853,1.0146673485128196e-07,0.0,4.079879537518046e-06,5.125116046396965e-09
1041,0.9974472105160768,0.0025527894839205666,1.7381379057502412e-05,1.1233293271742224e-09,0.9999826174976097,2.7197848236926795e-05,0.9999331967292233,4.3962598689147035e-13,3.960542210306237e-05,3.800414847653869e-300,2.4568128837884935e-12,2.806180781690836e-05,0.9999502331584208,2.170503130831909e-05,1.0435810002312698e-05,1.2151880287536243e-07,2.0532119542277118e-05,0.0,0.9999689105515273,1.2740643416726528e-13
1042,2.2181262289398642e-10,0.9999999997781828,1.5750383035554278e-17,0.8961661439717504,0.1038338560282435,0.2601378139398542,1.0020971164026963e-11,0.7398621860501141,1.1718362266766275e-14,0.0,0.9676218724285125,0.03237812756964853,1.8378416134428145e-12,1.4789272148313877e-15,7.652804771568853e-12,0.9999747537827075,7.269145934879225e-20,0.0,3.5105801840707417e-16,2.5246209638819164e-05
1043,0.9996527059257487,0.00034729407424816637,0.0003526284645299775,2.544531040713982e-09,0.9996473689909383,0.007013196511979263,0.9615119359399419,1.1342832274483422e-10,0.03147486743465227,1.9063e-319,1.2868828904370974e-09,0.005891864040308336,0.9740653463290044,0.02004278834380142,6.586739254400132e-09,0.9998598340724657,0.00014015929386804784,0.0,4.66658841507157e-11,2.6330737820744434e-13
1044,0.9999999688741998,3.112579870673882e-08,0.7859887197804415,5.348906101904467e-13,0.2140112802190231,4.39944487273653e-06,0.12338287529603327,9.270341229776948e-17,0.8766127252590923,3.267934254648458e-236,1.1268780423875913e-15,7.688800358729597e-06,0.2126367455277215,0.7873555656719214,1.0185933593601303e-06,9.211317825790196e-07,0.7898814197251983,0.0,0.2101166405496582,3.1348380054303394e-17
1046,0.9999433565210474,5.664347895453121e-05,0.061499054675915876,3.1994960928797426e-09,0.9385009421245861,0.9270399339784686,0.0008171153050444589,3.700346484895974e-13,0.07214295071611916,4.645958422887574e-253,2.3575744343662054e-12,0.9678105199399607,0.0005576193776330687,0.031631860680046524,0.9546908635675075,2.9099433789158657e-05,0.04476011303513587,0.0,0.0005199239634670037,9.729287666091722e-14
1047,0.9999999342786857,6.572131072712643e-08,0.919927483212131,9.062529675041489e-13,0.08007251678696357,0.0002204170852858452,0.0008079370959545052,7.963643469122859e-17,0.9989716458187604,3.0711723581845385e-266,1.2322930830069463e-15,0.00043775733287342695,0.0014626641777683975,0.99809957848936,2.685303561524189e-05,1.2675740508676898e-05,0.9982597609434124,0.0,0.001700710280466726,2.709339182011345e-17
1048,0.9999999081779591,9.182204415392583e-08,0.8182492409222812,3.9599538792162795e-12,0.18175075907375818,0.00022424294638849005,0.0023426121960868278,6.002757164970411e-16,0.9974331448575269,1.7803745991616513e-257,9.32299844890639e-15,0.0004937613493195049,0.0043478021650960276,0.9951584364855778,3.683985996718547e-05,1.9250321679784383e-05,0.9973523398621795,0.0,0.002591569956171445,1.976451287244884e-16
1050,4.407571899552119e-20,1.0,2.207092586220384e-47,0.9999999893657474,1.0634256408862848e-08,6.735191686658231e-07,1.1816276875581843e-36,0.9999993264808319,2.9010817549062897e-49,0.0,0.999999950906003,4.909399925949184e-08,2.218293622195591e-37,1.774252286880174e-51,4.3583827994634735e-29,0.6474934919113966,9.398419690440873e-62,0.0,9.690143062107812e-46,0.3525065080886017
1052,0.9999999999975842,2.4170053180628516e-12,0.9999776166461863,5.297119469960481e-19,2.238335381324598e-05,5.201032865913801e-08,6.325893327048768e-08,1.0357780532782361e-23,0.999999884730737,4.54580645382257e-232,1.7966535039770764e-22,1.3060216876952064e-07,1.3528679375273685e-07,0.9999997341110392,2.802927396158935e-09,1.4181171580250995e-08,0.999999875573949,0.0,1.0744195353129908e-07,2.7935828497343383e-24
1053,1.7739727040467098e-16,1.0,2.6106198755469536e-34,0.9999714256668614,2.8574333137495584e-05,0.0006225148100618634,5.904166793055082e-08,0.9993774261482735,1.2608068219030156e-31,0.0,0.9999189477382535,8.103536932260188e-05,1.6892417077061225e-08,1.9728335294889425e-32,7.346763086021883e-09,0.04522465420394429,1.612343379904643e-32,0.0,2.3270049040913115e-16,0.9547753384492942
1054,3.233918247460593e-31,1.0,4.86932262732401e-56,1.0,1.0326518552712918e-15,1.0587808228863211e-14,9.462785161042122e-34,0.9999999999999858,3.8605979457483705e-62,0.0,1.0,1.3016511746205192e-15,2.4572992349748425e-34,1.1692103622251434e-62,1.2548906650275363e-26,3.153480480298749e-14,9.110692684145276e-64,0.0,1.8984700234162826e-43,0.9999999999999716
1055,0.9999739581242754,2.6041875722611455e-05,0.0029523058922302486,1.4868833118110763e-10,0.9970476939590781,9.042408383341088e-06,0.9972156916832081,4.202719007798444e-14,0.0027752659083658897,1.1142811260515098e-292,3.3465070311004233e-13,1.045994633940721e-05,0.9983757464765792,0.001613793576748977,1.7185259611764103e-06,2.8043062070815687e-07,0.0013522114427719687,0.0,0.9986457896006244,1.9373503031843577e-14
1056,6.398958031281011e-09,0.9999999936010369,1.4668444582062011e-16,0.018860348386024052,0.9811396516139748,0.00034192921233735076,0.9970430520598612,0.0026150187277845403,1.7440717728783022e-14,0.0,0.017075378963816838,0.00017988696387667886,0.9827447340722917,1.2523203499438198e-14,6.318482351256599e-12,0.9999942540107251,1.4754377917400985e-17,0.0,2.2589483122575548e-11,5.7459603699852715e-06
1058,0.9999977789204674,2.2210795317368816e-06,0.021925325911114478,7.655749537434603e-11,0.9780746740123293,0.0009222511878689783,0.407444779191344,2.1152425393973322e-13,0.5916329696205743,1.638610371427573e-264,2.872801779122228e-12,0.0012309169943271418,0.5865856152921535,0.4121834677106496,4.115575542094072e-06,0.10125831718386957,0.3861343899954502,0.0,0.5126031772450484,8.965209436862124e-14
1059,0.9999998897764176,1.1022358224034594e-07,0.9913416022286619,3.951271574994925e-12,0.008658397767386913,0.037504320248142216,7.710479793217334e-07,2.8287805683335853e-16,0.9624949087038757,9.157340932462131e-248,5.198462042615386e-15,0.08505605023672567,1.0764057698392513e-06,0.9149428733575014,0.005765333378339828,0.0005986396773802526,0.9936355099156267,0.0,5.17028650740762e-07,1.0020716147512982e-16
1061,0.999999987042699,1.29572986053959e-08,0.9942960642177171,2.3778526159638266e-13,0.005703935782046907,0.0015873099009239265,9.271385805878749e-07,1.740500582447947e-17,0.9984117629604965,1.431098372448148e-249,2.681590516056414e-16,0.003663986905879907,1.7731148613472738e-06,0.9963342399792596,7.650517552682733e-05,0.0002218459404836922,0.9997012924718929,0.0,3.5641209692084883e-07,5.017354426631717e-18
1062,0.005192903087083855,0.9948070969129184,8.456671551715666e-10,2.6782608022814224e-13,0.9999999991540633,4.810746011845566e-13,0.9999999952569141,4.74260236583143e-09,2.3279242754408043e-17,0.0,4.442951923680058e-16,3.119967103195411e-13,0.9999999999996874,1.2649145680874626e-17,6.255946911113998e-13,6.415700512083065e-16,1.7752938690192548e-10,0.0,0.9999999998218456,2.6326187657436086e-17
1063,1.0,1.7653982056116005e-15,0.9999999807521507,2.8339585907101627e-24,1.9247850482531932e-08,1.8815706404043594e-11,1.521496057404912e-10,4.6788024809099865e-29,0.9999999998290363,3.436225756963075e-168,9.436277234106215e-28,4.918788587737209e-11,2.903267976076178e-10,0.9999999996604849,1.570493384059185e-12,2.652118479819905e-12,0.9999999997098286,0.0,2.8594892428795895e-10,7.480193755732953e-30
1064,0.9993377483507297,0.0006622516492730931,0.0023675075273691983,2.612018561263618e-09,0.9976324898606116,0.003976033580500923,0.9686819000970461,1.0812483949911941e-11,0.027342066311643383,6.282224324533463e-292,8.580572803459046e-11,0.003872486542354665,0.9791597174423061,0.016967795929537205,0.000890205033508334,3.8652877598066675e-05,0.01563845009195601,0.0,0.9834326919928679,4.0693201106345356e-12
1065,0.9999998453308314,1.546691712778e-07,0.875172385140325,9.108717772879738e-12,0.12482761485056548,0.0011945075121681753,0.0007043374272400065,5.902594118536117e-16,0.9981011550605897,1.0166963002812334e-245,1.0558185962766726e-14,0.0022942493433197203,0.0011961888539935358,0.9965095618026747,0.00024520091409369906,4.74581287581057e-05,0.9989491544374229,0.0,0.000758186519724451,2.474514561847124e-16
1066,0.9760750093136344,0.023924990686362273,6.172153922907367e-07,1.2858938355970248e-08,0.9999993699256673,0.0013930823070223992,0.998542232039441,1.9561650374109068e-10,6.468545792179702e-05,0.0,1.7913935090570251e-09,0.0008790667758186446,0.9990861100199929,3.482141279240204e-05,6.10867697267401e-06,0.5923111203922634,4.913513098282159e-05,0.0,0.40763363568177785,1.180009467098109e-10
1067,0.9998300733086819,0.00016992669131680966,0.005465600670436346,1.6294457751359013e-09,0.9945343977001145,0.10209739789741581,0.6308695674639464,9.781900983270955e-12,0.2670330346288578,7.635901139100386e-309,1.1911809383239172e-10,0.11495842061002312,0.6909241967215389,0.19411738254931934,0.02169138469547091,0.01080563007150034,0.20784402237277275,0.0,0.7596589628569499,3.305423212276707e-12
1068,0.9999999860481381,1.3951858988861159e-08,0.9956797004338586,1.4940660862747614e-13,0.0043202995659927905,0.001711113585764564,3.5631174057806948e-06,7.434993913858294e-18,0.9982853232968288,2.890974245377618e-218,9.837638548324145e-17,0.004856014986526893,6.427775833823575e-06,0.9951375572376367,0.002513696380695166,1.5639008651225208e-07,0.9974819370356055,0.0,4.210193611403026e-06,2.7949680415841347e-18
1069,0.058905100812967015,0.9410948991870355,3.2715848327636486e-07,1.4279747219937738e-05,0.9999853930943,0.31181869092943815,0.6881706320235395,1.8180735084052345e-07,1.0495239670806366e-05,2.73636674e-315,1.2008769425834003e-06,0.3190892358373312,0.6809036337400781,5.929545644486084e-06,0.6240515710072891,0.00015266028050992653,6.281813297115595e-06,0.0,0.3757894182628173,6.863608871047002e-08
1071,1.0858382746032032e-05,0.9999891416172548,7.155232546456083e-12,0.000247756902582846,0.9997522430902595,0.009777641071160328,0.990220465103859,1.8937136637344041e-06,1.1131574390295425e-10,0.0,1.7673918239342494e-05,0.010264741775109162,0.9897175842378227,6.882840697657002e-11,0.0011787874869196616,0.0010574179960585277,6.774878252553555e-11,0.0,0.9977614612667559,2.3331825183812197e-06
1072,0.999999993386993,6.613004862414367e-09,0.9989159441417084,9.879339030713972e-14,0.0010840558581906219,0.000633242361461356,1.1588973063365794e-07,6.247699596390974e-18,0.9993666417488059,3.968724604463743e-248,1.0890235114570893e-16,0.001311237650472841,1.832890001365263e-07,0.9986885790605295,7.949128103327376e-05,1.5854502470801886e-05,0.999904625480801,0.0,2.87356976733232e-08,1.884241663931025e-18
1073,0.9999999999673932,3.260463940690584e-11,0.9999893118928304,2.1186692059390218e-17,1.0688107166212255e-05,2.2740239404544406e-05,1.3523801195713597e-10,4.534324959170857e-22,0.9999772596253604,6.163422679353384e-212,8.453882120403511e-21,6.105644530908509e-05,2.5037861634907275e-10,0.999938943304313,4.77271256990042e-07,6.112866654087129e-06,0.9999934097906631,0.0,7.142384837528764e-11,1.540138582778108e-22
1074,0.9999999999999964,4.431248300284266e-15,0.9999999890110267,1.4460903954908863e-23,1.098897417747279e-08,2.7258405312643537e-10,1.1256023430926755e-11,2.448850329358171e-28,0.9999999997161595,2.4725495630148317e-188,4.500411066152062e-27,8.38462767234249e-10,2.2751787656527255e-11,0.9999999991387867,2.7170093572708747e-11,6.44946724765251e-12,0.9999999999510045,0.0,1.5376498688820035e-11,3.894730966999994e-29
1075,0.4799224269081157,0.5200775730918858,6.576878869654244e-09,1.7487463001868384e-08,0.9999999759356587,4.5619084781296097e-08,0.9999999525727088,3.2169408412293106e-12,1.8049893673700238e-09,0.0,2.345225649599695e-11,2.902628640884748e-08,0.9999999698361965,1.1140650999499696e-09,5.009181214924542e-09,1.1491901133070355e-07,9.113990591373371e-10,0.0,0.9999998791593969,1.014502722820807e-12
1076,1.7563919935908857e-10,0.9999999998243538,2.975445727158013e-23,0.9985877287179289,0.0014122712820771514,0.9993481402088018,2.192723426650871e-27,0.0006518597911990337,5.833323915410465e-24,0.0,0.005622895996210892,0.9943771040037868,1.9606678860555268e-27,4.704126361235618e-24,2.1224045151488328e-06,0.9999398911443486,1.1192888474097351e-32,0.0,2.5955617890563745e-37,5.7986451138573605e-05
1077,9.145439707120055e-07,0.9999990854560313,6.843615204437975e-11,0.06126386462673217,0.9387361353048346,0.9999950569722625,4.174415451084461e-06,7.686108888996485e-07,1.3940600951510403e-12,0.0,6.5229719577196535e-06,0.9999901961781286,3.2808491358787116e-06,7.791423358603244e-13,0.9999998587354171,1.3420828856685554e-08,7.355676739594604e-14,0.0,8.963053526176623e-08,3.8213145738339115e-08
1078,4.774082956619006e-13,0.9999999999995168,8.92781588832186e-20,2.8393366282079704e-26,1.0,2.676229391546241e-30,0.9999999999999929,4.8879468174707595e-15,2.406325266711543e-36,0.0,1.1863399047677736e-29,2.0820958166555094e-30,1.0,1.6877802299375716e-36,3.7011199808776974e-31,1.3032498389371716e-30,1.1310654148294066e-36,0.0,1.0,1.4306892134882365e-30
1079,2.4772881068608603e-13,0.9999999999997584,1.3530710410662579e-20,0.999937888322265,6.21116777408792e-05,0.5687358104017034,4.294005712216567e-17,0.4312641895982995,2.799736525555288e-19,0.0,0.9133052891562636,0.08669471084373044,6.500904901505681e-18,5.3972455984893826e-20,2.606976707169293e-15,0.9947997960023097,1.8076855017655105e-21,0.0,3.270170923944511e-28,0.005200203997689813
1080,4.3125700506426104e-10,0.9999999995687432,1.3793480672980894e-15,0.9946879203309268,0.0053120796690738796,0.9999761037382583,7.08215633001415e-11,2.3896190922436738e-05,7.455256115891371e-17,0.0,0.00019637014588723262,0.999803629753655,1.0045384544304204e-10,7.135787226931494e-17,0.999159347127913,0.000675270432712832,2.794128775599558e-16,0.0,6.388464107582845e-19,0.00016538243937752462
1081,0.9999999999995026,4.958179840640136e-13,0.9999990600279757,1.6039521841094188e-20,9.399720255117345e-07,1.1356154305447605e-08,3.763068308859558e-09,3.973567720024608e-25,0.9999999848807769,6.0597759350272594e-176,6.45913399229901e-24,3.038183450494059e-08,7.293736620600306e-09,0.9999999623244278,5.467233447398769e-09,1.701024522850247e-11,0.9999999884103303,0.0,6.105424772807944e-09,1.0885988688445127e-25
1082,0.9999997939255038,2.060744983186724e-07,0.9501970081976772,1.206320843667797e-11,0.049802991790257815,0.01602639939513854,7.949269115606293e-06,2.126792644930451e-15,0.9839656513357434,1.3687598257940744e-266,3.290744249009706e-14,0.032602917381162395,1.304404508179853e-05,0.9673840385737247,0.0002622648598076353,0.015874112320425102,0.9838636228197319,0.0,3.304653721740867e-14,4.384036199021823e-16
1083,0.9999999980584278,1.941574759450291e-09,0.9997774148481897,5.3085585676452225e-15,0.00022258515180806137,0.00030090381298640556,9.268007748350717e-09,7.677582994689565e-20,0.9996990869190057,1.1096582113941385e-248,1.6219457785423923e-18,0.0006939577647173362,1.723011287244093e-08,0.9993060250051715,4.439722713240564e-05,1.4602770270376377e-06,0.9999541319557945,0.0,1.0540046529847013e-08,2.4283753166151846e-20
1085,6.717665692671579e-16,1.0,9.315825961151951e-24,0.9999973171484022,2.682851599435897e-06,0.38671526172754783,3.2432840533619704e-08,0.6132847058396124,1.5278585556583935e-21,0.0,0.940110006330828,0.059889987843043904,5.8261259779250715e-09,2.0511902305205545e-22,0.7830543098480289,3.8852316766087896e-08,1.8219965391919825e-22,0.0,2.3089731684067885e-09,0.2169456489906831
1087,0.004023210922620467,0.9959767890773779,9.094830669143366e-12,1.71309096825335e-07,0.9999998286818088,3.1933705432403903e-10,0.9999999996683613,1.1897412281245377e-11,4.040377106647369e-13,0.0,8.06703727672184e-11,2.5222455205125974e-10,0.9999999996668834,2.240549021138702e-13,7.440416819152715e-12,1.402202623394928e-09,1.115421963771542e-13,0.0,0.99999999858575,4.498545118151262e-12
1088,5.945599055117994e-14,0.9999999999999432,1.6849130550352269e-21,0.9778826374264511,0.022117362573549505,1.992993518871866e-05,0.8651352037573425,0.1348448663074663,2.0831501078543956e-20,0.0,0.5346758492236234,1.0507302877426853e-05,0.4653136434734965,8.827834263606135e-21,0.00016176919958211698,1.5465277316390024e-09,1.5301047184578288e-20,0.0,0.625993048154278,0.3738451810996157
1089,6.754815383575173e-06,0.9999932451846175,1.3787588217131013e-19,4.56864406105853e-05,0.9999543135593831,2.593732785982284e-06,0.9999973817346046,2.453079683028716e-08,1.8139610475265602e-12,0.0,1.5218202934544783e-07,2.01178427163456e-06,0.9999978360324172,1.274709784450703e-12,1.354513140065562e-07,7.43937578363217e-14,3.538484521189734e-20,0.0,0.9999998451042535,1.9444356018163566e-08
1090,0.07731579693275563,0.9226842030672462,4.255007398376278e-09,1.5640195774062473e-07,0.9999998393430318,9.48616099023457e-07,0.9999990479509988,1.5387565822055794e-10,3.27902649885565e-09,0.0,1.295337556458658e-09,7.804669874560013e-07,0.9999992161561141,2.0815584258228324e-09,1.4630522223341972e-08,9.32042806210427e-06,2.277424557823268e-09,0.0,0.9999906625934422,7.054699280658459e-11
1091,4.3069722147707496e-10,0.9999999995693045,5.779881902511256e-16,0.9706105035487532,0.029389496451242655,0.9995471681172038,8.766161018671173e-25,0.00045283188279311525,8.149207884766909e-24,0.0,0.004320327436721568,0.9956796725632793,9.611093340452514e-25,5.026258581559712e-24,4.106322985345831e-11,0.9997978170320534,1.3581529457152809e-24,0.0,7.243163768299779e-34,0.0002021829268838076
1092,1.4722037469707092e-10,0.9999999998527755,7.968392955186533e-16,0.9971513902052718,0.002848609794728171,0.9999476766289895,5.786024894057954e-10,5.2322792406729966e-05,1.4098893908501236e-16,0.0,0.0003030499378563991,0.9996969496685643,3.9357813273114916e-10,7.652962453065476e-17,0.999955694432435,1.075018647834652e-06,3.5061601464935185e-17,0.0,2.8895552171118704e-11,4.32305200257314e-05
1093,8.19377554057285e-24,1.0,5.677154391636129e-38,0.9999999994471693,5.528336311917034e-10,8.198139761263317e-11,4.694481218046372e-20,0.9999999999180176,1.956551400326534e-36,0.0,0.9999999999933209,6.674332431796141e-12,5.0348406202490316e-21,2.8016679957055514e-37,6.892272820377086e-24,1.1308704654952972e-08,4.2823201735650124e-38,0.0,7.241877989919156e-30,0.9999999886913002
1095,0.23057780538019565,0.7694221946198064,2.612871140803658e-09,1.801620419412106e-08,0.9999999793709267,5.374543700307625e-10,0.9999999993315996,5.223127896169899e-13,1.3042079719202327e-10,9.875294784e-314,5.76625116338551e-12,3.9243900109608957e-10,0.9999999995220605,7.97374205520199e-11,1.7501131174307222e-11,1.0488305694777259e-08,4.451804373505626e-11,0.0,0.9999999894494636,2.1106572174166535e-13
1096,0.00990271430184845,0.990097285698155,1.648747166021718e-07,0.00010317308950078218,0.9998966620357801,0.9998606828658964,0.00013874226810410277,9.525628024457886e-08,4.796097170913019e-07,0.0,1.0123062479572825e-06,0.9998601131838685,0.0001385519149701831,3.2259491290348527e-07,0.016555040568383365,0.9833046071465155,3.905634274777751e-07,0.0,0.00013986810675294643,9.361492241120162e-08
1097,1.0,1.2476975370425388e-15,0.9999999929199817,1.7160976472090833e-24,7.080017637730692e-09,5.2040344932503116e-11,1.097079578533952e-11,3.023397257434103e-29,0.9999999999369891,3.668374093980731e-169,5.454672542454778e-28,1.5355364243629414e-10,2.261272498167725e-11,0.9999999998238351,1.825871837209983e-12,1.193761377068534e-11,0.9999999999663451,0.0,1.9890287021081008e-11,3.86325722273388e-30
1098,0.9999997589133975,2.410866032797967e-07,0.9928428456536139,1.563759984274764e-11,0.007157154330748207,0.06942650961799017,3.565892895192915e-07,7.946343473781034e-16,0.9305731337927188,1.577038245277807e-254,1.0871949876466155e-14,0.15669638164484395,5.637378331960161e-07,0.8433030546173135,0.0017796364345792509,0.008259734174811495,0.9899604215239727,0.0,2.0786663908333235e-07,1.6813603922435575e-16
1099,7.179846919856173e-16,1.0,7.0620027710965846e-40,0.9999987990637286,1.2009362664082018e-06,0.16344012508670436,4.758033448944156e-20,0.8365598749133013,6.939586887124142e-38,0.0,0.9714503378177524,0.028549662182240833,1.4003311568745323e-20,1.3714656129953845e-38,1.5423598160164885e-08,0.990858784786134,2.1493047374832905e-40,0.0,1.051590470166168e-30,0.009141199790264195
1100,0.9999958913614854,4.108638513082726e-06,0.185625426270318,5.285817368787367e-10,0.814374573201098,0.07253982654838668,0.03581750068363494,3.163131864326852e-13,0.8916426727676618,7.428878143530212e-264,4.4581252887423855e-12,0.15627199808741238,0.050253412961991296,0.793474588946138,0.04784069025538816,0.0003027231753377343,0.9159529782631708,0.0,0.03590360830595496,1.5094177695255832e-13
1101,5.795541074756894e-09,0.9999999942044582,2.6854390506742377e-14,0.2049530033934262,0.795046996606547,0.5742149569851818,0.40653020603703766,0.019254836977134163,6.470665306695299e-13,0.0,0.1032129762821405,0.5232545552020477,0.3735324685154372,3.7105383922767577e-13,0.3737139791690981,0.022341761994343453,1.1083994098628804e-12,0.0,0.5657805264406911,0.03816373239476194
1103,0.9999999999986606,1.3408852435454199e-12,0.9999975658228589,1.833335919116953e-19,2.434177140159214e-06,4.162211693469053e-08,5.232608865009112e-10,9.330246053200394e-24,0.9999999578546204,1.7569100496850875e-213,1.762455226286771e-22,9.440354359282328e-08,9.41127024046269e-10,0.9999999046553302,1.907995555850478e-10,1.128546284038288e-06,0.9999988712629151,0.0,3.6036416106719584e-18,2.105145805472803e-24
1104,0.9999999999999893,9.794549398027362e-15,0.9999999757650183,7.61412140701001e-23,2.4234980899876916e-08,2.7468614590782078e-09,3.225016087306808e-12,1.2586259646096625e-27,0.9999999972499154,3.623504840562313e-188,2.5831870401403945e-26,7.711433230819219e-09,6.278284594959e-12,0.9999999922822873,3.811455963619598e-11,2.5317618654535124e-09,0.999999997428823,0.0,1.3014891782561059e-12,1.9919054452099863e-28
1105,0.999999816886297,1.8311370080144085e-07,0.7413108077634915,9.831082663615197e-12,0.2586891922266761,0.0005218155856974582,0.0054439866284447394,7.504378614974547e-16,0.9940341977858576,1.0711377198141184e-272,1.3996328260208498e-14,0.0009071034067533452,0.008935072106590107,0.9901578244866401,0.00015081788210568768,1.317348398578643e-05,0.9930000686172002,0.0,0.006835940016707747,2.61343180024968e-16
1106,3.759795812534147e-44,1.0,4.338448500160762e-80,1.0,5.8366812887552514e-30,1.891095620082516e-21,3.521588470842724e-64,1.0,9.264472462177328e-91,0.0,1.0,2.7320795095341887e-22,8.843236479871512e-65,1.709724281563368e-92,2.478827779296952e-49,1.521513013976124e-14,6.756215663394499e-96,0.0,3.701456298594239e-74,0.9999999999999858
1107,9.438982924742007e-07,0.9999990561017049,6.061371874707371e-12,0.0073085232338959815,0.9926914767600419,0.6034654890777164,0.39608693783048404,0.0004475729177369427,1.7406080541227443e-10,0.0,0.003154258308664108,0.632873347701393,0.36397239387025754,1.196831081584077e-10,0.6149736052938077,0.00502303304519912,2.5223328715989836e-10,0.0,0.3785078659987172,0.0014954954100415182
1108,0.9779733415438316,0.022026658456167483,1.4205408632949605e-05,1.3790184894802157e-08,0.9999857808011803,0.00020241310134394105,0.9997600848871918,1.4423095457835163e-11,3.7501997043638954e-05,9.719292641008053e-299,1.0000324872308853e-10,0.0002362556594974063,0.9997384302364454,2.5314004057285946e-05,0.000812826056338085,1.4720608003674506e-08,2.4119717533435643e-05,0.0,0.9991630394981202,7.39954886215666e-12
1109,0.9999997773953061,2.226046964503205e-07,0.6067240734361029,7.989152643350327e-12,0.39327592655591087,0.0001911643031701267,0.028890131131309386,1.2418301800961044e-15,0.970918704565518,5.037670041681325e-263,1.7243744690693778e-14,0.0004417877458652317,0.04593148268080967,0.953626729573306,0.0003327759247909624,1.9738921321906345e-07,0.9610948834677636,0.0,0.038572143218231235,6.574968940904977e-16
1110,2.1217136827783502e-07,0.9999997878286292,8.622812852998459e-13,0.006957059235366574,0.9930429407637676,0.00042266242676785855,0.9995658536562391,1.148391508598924e-05,1.905946693481417e-12,0.0,0.00011250449356617532,0.0004687705130737634,0.9994187249919809,1.3822219492519206e-12,0.0007543296439587149,2.5095582114519076e-07,2.2357034414683285e-12,0.0,0.9992019874280347,4.3431969948534e-05
1111,0.999943718561599,5.6281438402758776e-05,0.0006846426954678207,5.810963363902467e-11,0.9993153572464258,5.319081974887916e-06,0.9992239761391083,1.87523710998592e-14,0.0007707047788946238,2.335165707125267e-291,1.5121298797081476e-13,6.28053253381812e-06,0.9995046946196949,0.0004890248476223588,9.542941796209953e-07,5.027935948207626e-08,0.0003891811704127885,0.0,0.9996098142560403,6.198517412837333e-15
1112,0.9980137213448694,0.001986278655132223,0.0015081772979527962,8.447478306968837e-08,0.9984917382272644,0.9990241340928444,0.00014281171625907436,8.32085385704399e-12,0.0008330541825787055,4.920654857077543e-253,5.1496143929567445e-11,0.9995350367334566,9.482539590889936e-05,0.00037013781914159135,0.9586031605376841,0.03543415121101016,0.005376163725618103,0.0,0.0005865244922830654,3.3404070381626076e-11
1113,0.9985130633736752,0.0014869366263281943,0.012125583129859752,6.897207557804388e-08,0.9878743478980643,0.993819029293278,0.0004676391365029716,4.058949967995022e-12,0.005713331566156285,2.9523735595582327e-291,1.7157204300256016e-11,0.9972996852577204,0.0003297204353480906,0.0023705942897763706,0.9986814328742781,1.0909375446513936e-06,0.0012211408110160149,0.0,9.63353765049363e-05,6.580737460849196e-13
1116,1.5170345908889162e-05,0.9999848296540945,4.353885469727938e-11,0.0011037461920780952,0.998896253764381,0.07290121424851623,0.9269881994133363,0.0001105846846910663,1.6534562384706435e-09,0.0,0.0009174159547168389,0.06282528112763448,0.9362573018065864,1.1110604738191749e-09,0.004004911436955244,0.42185731649712793,1.3546132758617784e-09,0.0,0.5740677438664705,7.002684483327555e-05
1117,0.999869284145595,0.00013071585440614333,0.0017512286013093615,8.854758613249671e-10,0.9982487705132129,0.0036266422642484996,0.9767656037505594,2.5910870586181463e-12,0.01960775398259767,7.15847859426609e-283,1.824564221357455e-11,0.0035693274267598043,0.9858710332254228,0.010559639329572757,0.0009476048267251908,0.0006329385164672436,0.019641581734498696,0.0,0.9787778749215557,7.521060626783045e-13
1121,0.9999999999848406,1.516054818767744e-11,0.9997048591822421,9.819473133002542e-18,0.0002951408177568473,1.747671389520221e-07,4.615462126808046e-06,5.323045722270678e-22,0.9999952097707357,5.980554082912018e-223,9.750266352620778e-21,4.416460451505899e-07,7.801587185255014e-06,0.999991756766769,2.6628301820069804e-09,8.067056593332863e-07,0.9999933349324338,0.0,5.8556990772931975e-06,1.2776392540275314e-22
1122,1.4273950957975084e-07,0.9999998572604869,1.5596517269665687e-11,0.09666531922883631,0.9033346807555723,0.9840426681081291,0.015617207149690672,0.0003401246857153897,5.646613206530806e-11,0.0,0.002228978730844151,0.9785532327282241,0.019217788498579254,4.235519725824087e-11,0.9992171818286628,2.1581916919645686e-07,3.154544276269478e-12,0.0,0.0007655252881470204,1.7077060868430575e-05
1123,2.057498317315371e-10,0.9999999997942552,2.995343807218022e-16,0.9880665396887396,0.011933460311253918,0.9665873116215167,2.7579964690498025e-22,0.033412688378480264,2.4979834978705675e-30,0.0,0.19372078681720106,0.8062792131827966,2.2741708248438925e-22,1.2743395414146987e-30,1.9501818326793285e-10,0.9852305729228967,5.357456864174563e-31,0.0,3.101664695050941e-31,0.014769426882082317
1125,0.9999999971003248,2.899672765465309e-09,0.9845723627512895,1.4233494912402492e-14,0.015427637248697841,4.596615129893926e-06,0.0006216665004401962,8.7935463789537e-19,0.9993737368844295,3.089257168614498e-229,1.65779547507484e-17,8.790830888325466e-06,0.00114692218335642,0.9988442869857577,2.038432751010997e-06,8.237174763759407e-08,0.9988762742593225,0.0,0.0011216049361801024,2.2768980547720134e-19
1126,0.9999287896454009,7.121035459620983e-05,0.007176781899164482,6.8258817291519174e-09,0.992823211274953,0.9717952138998533,0.00017914803019271442,7.579294058134107e-12,0.028025638062372765,6.998038102207376e-289,5.0520882460080664e-11,0.9833442753332153,0.0001731577105140384,0.016482566905746496,1.7016121739021828e-08,0.9999917369383174,8.246045558536141e-06,0.0,1.3784948025901248e-16,6.16264860672539e-16
1127,0.0031777500540434355,0.9968222499459558,2.1016675269534438e-08,8.518581523501046e-05,0.9999147931680914,0.8527793366410031,0.1472161239126646,3.6790429840517392e-06,8.60403345653024e-07,5e-324,3.143543926938868e-05,0.8457294492763358,0.1542385034019977,6.118823953368809e-07,0.0047148740417582635,0.9464872259631699,5.35517596567836e-07,0.0,0.04879583338300004,1.5310944740501614e-06
1129,0.9999999105935697,8.94064315635642e-08,0.9361435395298023,2.5504703204531024e-12,0.06385646046765008,0.005462546410687843,0.00011104924749604811,2.4774572724395435e-16,0.9944264043418155,6.175592401375346e-226,4.074179911885885e-15,0.011468729085252182,0.00016839677843622327,0.9883628741363105,0.000942563432213995,4.5081506456425975e-05,0.9989047642642849,0.0,0.00010759079704286075,7.289525567008418e-17
1130,8.966755962142154e-07,0.9999991033244028,1.533330000911625e-14,0.00029236187882629243,0.999707638121158,1.758764604910897e-05,0.9999819806580686,4.316958598665926e-07,2.4987671989834318e-14,0.0,1.6368199976102048e-06,1.6051190922948528e-05,0.9999823119890666,1.2053644288814273e-14,1.0094412886263687e-05,1.6305973954651245e-08,9.419524146533355e-15,0.0,0.9999895843282551,3.0495287868891344e-07
1131,4.254325494364553e-30,1.0,9.957524189852252e-71,1.0,7.767527083736912e-16,2.5867561859268678e-11,6.949430533886921e-39,0.9999999999741362,3.085382605683518e-65,0.0,0.9999999999971578,2.8491229215432073e-12,2.3857667944302018e-39,3.883321146195277e-67,9.518406340233014e-35,3.191303518775177e-05,5.490624562127377e-78,0.0,2.059955703309138e-48,0.9999680869648131
1132,6.764216433046951e-16,1.0,8.308810837494743e-25,0.9967533509100702,0.0032466490899272643,6.851495797389682e-07,0.4669735121977939,0.5330258026526301,6.293527363416215e-23,0.0,0.9232476703497022,8.900010153377645e-08,0.07675224065019462,9.161186402349182e-24,7.262792538040305e-09,7.361095052495898e-07,1.544676246365913e-23,0.0,0.1751416720944134,0.8248575845332938
1134,0.0010523218559942986,0.9989476781440055,1.4998789486085697e-10,3.6561553153606175e-06,0.9999963436946951,0.005928039025657181,0.9940719296228586,2.7314768320236144e-08,4.036715380603709e-09,0.0,1.93338462707124e-07,0.004256138417249045,0.9957436658878352,2.3564538127939376e-09,0.0026968318444851366,4.701631622389969e-05,2.8424823001318437e-09,0.0,0.9972561402802664,8.716544360208091e-09
1135,2.2675199252276787e-14,0.9999999999999716,3.7181521491530706e-17,0.7147633384050844,0.28523666159491584,0.9999980854435928,3.298499454193249e-08,1.8815714151693853e-06,2.633766176165941e-19,0.0,1.4821387782463417e-05,0.9999851786122228,9.015823005873674e-16,1.9679256882205709e-19,0.999992843949965,6.7782697117659625e-06,5.654091413453264e-20,0.0,2.0857318176627257e-09,3.7569459609038333e-07
1137,1.0,1.3782111209346946e-15,0.9999999925725156,2.0274511366205464e-24,7.427485318225129e-09,4.09949414896873e-11,2.8556358847297e-11,1.8237637591006862e-29,0.9999999999304485,3.926121647810684e-178,3.5973920066672267e-28,1.2728345056287708e-10,5.741951864329729e-11,0.999999999815298,1.4786105995693678e-11,5.975943396054706e-14,0.9999999999247322,0.0,6.042163484345602e-11,3.614193996269777e-30
1138,2.1874164790834148e-08,0.9999999781258355,3.3374288997881816e-12,0.5613105187528649,0.43868948124379514,0.9999727310846162,5.41011383752533e-06,2.1858801385437976e-05,1.6019788082314638e-13,0.0,0.00013402325319309191,0.9998602968195357,5.679927166900008e-06,1.0734427679469551e-13,0.9999984772111586,4.109147211274282e-15,5.2868956281201405e-15,0.0,1.13445636020668e-07,1.4093431922877618e-06
1139,5.120346445619113e-15,1.0,3.347157570811856e-24,0.996267127824864,0.0037328721751292977,3.723192227089634e-06,0.1427143692129215,0.8572819075948522,8.2184005808722355e-22,0.0,0.9730064698891757,6.463671267780098e-07,0.026992883743692242,1.555446519861647e-22,7.761364740659767e-10,0.0002611432651179504,1.1514583218715078e-22,0.0,0.019900539459684292,0.9798383164990613
1142,0.9063804514852114,0.09361954851479014,1.5896120868683048e-05,9.72325154389223e-07,0.999983131553977,0.9916017117883702,0.008259000910092759,3.14612705624703e-09,0.00013928415541185864,0.0,2.37539943325622e-08,0.9938926372826953,0.006039537069723571,6.780189358347865e-05,0.6378746630016465,0.34924355054870754,0.0005390650303540471,0.0,0.012342717588688247,3.83060370589745e-09
1143,0.9999999999690772,3.092458036076421e-11,0.9999954396521421,1.1875291952738797e-17,4.560347856478513e-06,3.844616793776963e-06,1.6404195897844795e-10,6.318501987806544e-22,0.999996155219163,4.044482890044033e-251,9.646441698399976e-21,9.930686561784537e-06,2.9010607464604594e-10,0.9999900690233304,9.350810807957137e-08,1.4833759998833564e-06,0.9999984230792548,0.0,3.663637706291178e-11,8.713624655400977e-23
1144,3.9729660361029425e-29,1.0,3.254396736477162e-45,0.9999999999995879,4.1864577568112515e-13,1.2335798098822939e-14,2.923753132256872e-13,0.9999999999997016,1.489009755330104e-44,0.0,0.999999999999929,2.014456436033815e-15,7.29632905945811e-14,3.51821055462428e-45,7.122082739134585e-14,1.6985864009369016e-20,1.674288283943959e-45,0.0,2.233548644114895e-14,0.9999999999999005
1146,0.9999999940918514,5.908149725327166e-09,0.9917650823411865,8.051869327709523e-14,0.008234917658730686,0.00012222446845955382,1.880559885665006e-05,4.889050703711612e-18,0.9998589699326837,1.511952540864058e-237,9.070680261236099e-17,0.0002521364973251701,3.242250660597776e-05,0.9997154409960677,6.697648831152791e-07,0.0003099793412414334,0.9996726071256141,0.0,1.6743768259739238e-05,9.588748089493047e-19
1148,0.99999999999973,2.6951184157092963e-13,0.9999950531634064,1.2875977310239163e-20,4.9468365935079494e-06,3.0132524827575017e-09,8.42230519672806e-08,2.704724738417305e-25,0.9999999127636949,4.361359932579539e-205,5.268498402993751e-24,7.428751280608783e-09,1.5605874828208163e-07,0.9999998365125,6.270256378674499e-10,6.528353979988971e-11,0.9999998399644013,0.0,1.59343289823328e-07,7.719556669615845e-26
1149,0.9977457915465826,0.002254208453417175,0.011519861012270902,1.557790098097131e-07,0.9884799832087222,0.9973320678203572,1.587333174715764e-05,4.5801921188376665e-12,0.002652058843316202,2.129427566214954e-309,3.134183041663498e-11,0.9986321464030624,1.3411612942715009e-05,0.0013544419526503666,0.9982150428985246,1.2465457314346099e-05,0.001772491641343467,0.0,5.869581019772438e-14,2.7557202783717773e-12
1150,1.304921269511882e-14,0.9999999999999858,1.2168532062390419e-24,0.7992857901746435,0.2007142098253556,1.3652967400126455e-11,0.9994849554793541,0.0005150445069953046,2.8760235333165797e-25,0.0,0.003970743187987452,5.4403154022285285e-12,0.9960292568065671,2.2334948434493814e-25,4.231651659697476e-16,6.55548289472296e-06,7.825743167093209e-26,0.0,0.9992079536105977,0.0007854909065044294
1153,0.001195034913488539,0.9988049650865088,9.312699502328119e-09,9.305826209966191e-05,0.9999069324252039,0.9550261121483516,0.044973173127181125,6.390992314162513e-07,7.562523823375343e-08,0.0,4.804611061871107e-06,0.9574621215899404,0.042533019452559925,5.434643605180113e-08,0.9305330442718663,0.005185643193368673,1.1160500998884028e-07,0.0,0.06428003600089718,1.1649288576871297e-06
1155,7.777275296194026e-13,0.9999999999992255,9.785745450475552e-19,0.9996546648690149,0.0003453351309826942,0.9936486265174078,1.444005972141416e-06,0.006349929476621079,7.550273742672742e-18,0.0,0.04812834974661014,0.9518703991485209,1.251104864495034e-06,5.510923825075125e-18,0.9999800952367042,1.5387005054493432e-13,6.116008956923849e-21,0.0,7.083915307005443e-10,1.9904054752770915e-05
1156,1.3082843659794174e-13,0.9999999999998721,6.661232910830235e-22,0.5584565450928235,0.4415434549071768,3.8394692711645953e-10,0.999922842549721,7.715706633220047e-05,8.88963763428853e-23,0.0,0.0003662342010698168,2.0360218813613575e-10,0.9996337655953241,5.865178500478465e-23,2.630688087972624e-11,1.0724031569081451e-11,1.1515571567446591e-23,0.0,0.9998551217079017,0.00014487825507287792
1157,0.031842496799407094,0.9681575032005966,1.0083850091876472e-09,1.257522739794747e-06,0.9999987414688821,0.00701121469737595,0.9929885186127372,8.836977841678925e-08,1.7832011185243999e-07,0.0,4.472817400621329e-07,0.00499391394576833,0.9950055378982988,1.0087418686501713e-07,2.890522763842834e-06,0.9999970665185994,3.231317629354171e-08,0.0,6.481943307797014e-10,9.997269418577896e-09
1158,4.0209234332210396e-16,1.0,1.8659079250328428e-24,0.9999947293685438,5.270631462658633e-06,0.14734225720146618,2.510265968553975e-16,0.8526577427985302,2.434063025552096e-22,0.0,0.9733733916245487,0.026626608375457505,4.551400675021474e-17,3.5397877039536875e-23,0.003928236364499862,3.807148936655226e-07,3.119722330501476e-23,0.0,1.5342125684166607e-17,0.9960713829206134
1160,0.0001400207742519754,0.9998599792257503,1.378335401510906e-11,3.177973181157798e-05,0.9999682202544063,1.364194329182845e-05,0.9999862352471338,1.2274528905164304e-07,6.428300019548136e-11,0.0,7.971562646023499e-07,8.824739158488308e-06,0.9999903780619797,4.2598320252513606e-11,1.3389351282226157e-07,0.0004905052525399613,2.211041929311914e-11,0.0,0.9995092669707052,9.386113209617864e-08
1161,0.0006241394128092165,0.999375860587194,2.226748441603247e-10,1.8470719637307597e-05,0.9999815290576877,4.3928293851638e-05,0.999956009858791,6.074351654972156e-08,1.1038443436954907e-09,0.0,4.2132972334461274e-07,3.050899322162066e-05,0.9999690690280895,6.489686283980963e-10,6.953113468790438e-06,8.175014519475323e-05,5.841599714125133e-10,0.0,0.9999112704462706,2.5710904107067704e-08
1162,0.000136875981011024,0.9998631240189947,3.250476405434957e-10,0.0008224964442361019,0.9991775032307147,0.9996661826807578,0.0003326462737498641,1.1705819896513847e-06,4.6350206701426585e-10,9.332833813304749e-297,1.1108868499777439e-05,0.9996314216914355,0.0003574690994809754,3.405804318347827e-10,0.9930291145611599,5.0050516495234935e-06,1.1952623855436932e-08,0.0,0.006942360534549451,2.350790001822084e-05
1163,0.9999985096676433,1.4903323533482323e-06,0.6566674787089318,2.2702221287355917e-10,0.34333252106404405,0.0179270466306379,0.003986026371692801,3.013180405049519e-14,0.9780869269976415,1.1844326523104925e-244,3.818807479490797e-13,0.04251830134787967,0.007184253535987749,0.9502974451157539,0.046248240206801974,3.828932056249386e-06,0.9487524314149255,0.0,0.004995499446204448,1.215116386308554e-14
1164,0.009783040026488879,0.9902169599735083,2.1172751148977707e-08,3.257327571873153e-06,0.9999967214996798,0.010184600530116878,0.989815174326248,1.1256038055032433e-08,2.138875998567664e-07,3.200823e-317,1.4269356946153422e-07,0.009843392347714386,0.9901563190783118,1.4588040662102796e-07,8.688766008140772e-11,1.3627454929109988e-05,3.533828383043922e-07,0.0,0.9999860045123193,1.456302302598986e-08
1165,0.07185520229835145,0.9281447977016489,2.7248556283220506e-08,2.4098073415954905e-06,0.999997562944102,0.7671678291978434,0.23282943789335653,2.3252533382501146e-08,2.709656268315187e-06,5e-324,1.4860916135463788e-07,0.7704229731277118,0.22957548202640407,1.3962367209506158e-06,0.03848275025535646,0.03816083804633473,5.156325675723257e-06,0.0,0.9233512271527698,2.821985661017859e-08
1166,1.7228764498853676e-13,0.9999999999998295,4.9872461926077776e-20,0.9999930920732962,6.907926710378871e-06,0.9887514879622653,1.4299121578454945e-09,0.011248510607825505,1.754685923490968e-19,0.0,0.12012284379333327,0.8798771553187487,8.879174004262716e-10,1.6904493630128097e-19,0.9996020029232626,3.041374101190938e-10,3.3812828198051422e-21,0.0,3.4623594497957004e-12,0.00039799676913642145
1167,0.17967909182589342,0.8203209081741033,7.59910377767215e-05,0.0014151455382956468,0.9985088634239307,0.9999999676846661,1.4324240272872024e-10,4.1794405432856594e-10,3.175414485782383e-08,6.47295e-318,2.7864304638346818e-09,0.999999976449381,8.177968220156715e-11,2.0682411836921804e-08,3.550406424597113e-05,0.9999644942119746,1.7136334294328837e-09,0.0,4.1786275199080934e-13,9.724646770672834e-12
1168,0.9999999999831317,1.6867446882599676e-11,0.9995438471728583,8.770511684846443e-18,0.00045615282714313554,1.2443459627747297e-08,3.79961350990268e-05,3.527583165288378e-22,0.9999619914214429,4.748082721124469e-211,7.879257543542135e-21,2.6699940103766607e-08,6.678961022961987e-05,0.9999331836898305,2.034467182466843e-09,1.0937071113821182e-09,0.9999241923734791,0.0,7.580449834816077e-05,9.4023981375519e-23
1169,0.9999999962375696,3.762428176184634e-09,0.9502617809437053,3.994560267008346e-14,0.049738219056257076,2.8058237976823383e-07,0.021563000204078125,3.9224769060058806e-18,0.9784367192135435,1.2455841525304489e-226,6.845323832079123e-17,5.107333370217701e-07,0.035694955586490856,0.9643045336801706,3.4525087138976214e-08,8.140238724570535e-07,0.9642555452909067,0.0,0.03574360616013635,1.6191730924585282e-18
1170,1.2876783654834984e-10,0.9999999998712354,1.4379768794925894e-17,0.2837128155229299,0.7162871844770696,0.00014163501950461327,0.9411529615074139,0.05870540347308513,1.757495640234355e-16,0.0,0.40477328996768014,8.592341224057078e-05,0.5951407866200863,1.2704754366619128e-16,3.7894452645662375e-09,0.9945948746507302,7.030090519102689e-18,0.0,1.0892874768326371e-10,0.005405121450899064
1171,2.029257716173522e-09,0.9999999979707397,2.7633345164618893e-15,0.3470893381738638,0.652910661826136,0.1322430469350507,0.652317529810496,0.21543942325399534,4.615842335899049e-13,0.0,0.7413368517314868,0.039720009669238936,0.21894313859916756,1.1252797906356185e-13,3.2874047513728417e-15,0.9944685397403729,3.549296140165882e-15,0.0,0.002652920797092807,0.0028785394625204025
1172,3.0825349080261885e-21,1.0,1.5004735082837033e-33,0.9999999228796413,7.71203588889754e-08,7.834821147643528e-09,1.7450185791425017e-07,0.999999817663318,5.58367294143959e-32,0.0,0.9999999722071639,9.603653304982472e-10,2.683247283086887e-08,7.415045736770933e-33,1.7636665668484958e-09,6.139599943639111e-12,1.1673193607468875e-32,0.0,1.3749886930582134e-08,0.9999999844803044
1173,1.9555001330623828e-10,0.9999999998044515,2.8252831154619367e-15,0.7475606746415695,0.25243932535842467,0.9789198804280318,0.0007951129344361083,0.020285006637512367,1.8526810408438853e-14,0.0,0.11338289795283871,0.8857737223755976,0.0008433796715495687,1.42457842785021e-14,0.9262530812662425,0.0034309204631545348,2.0865502151978988e-14,0.0,5.892484378267055e-12,0.07031599826469315
1175,0.9999999999991971,8.046581547252674e-13,0.9999772750975813,3.8387909571510017e-19,2.272490241774185e-05,5.251134356233534e-08,3.353491423271824e-17,5.369588763771513e-24,0.999999947488655,6.393962943215486e-222,1.1377391492170443e-22,1.421944813474368e-07,7.36390686167471e-17,0.9999998578055193,3.7132004829181316e-11,6.283255075057577e-06,0.9999937167077928,0.0,3.830761407003132e-17,1.9338518409824246e-24
1176,0.9999851179605918,1.4882039407042588e-05,0.6942165612081179,2.31859896317166e-08,0.30578341560589234,0.9999999997017568,1.5388114341981915e-17,3.956990037107452e-14,2.9820030231338905e-10,2.2527014952423862e-302,2.79452746141324e-13,0.9999999998691536,1.1282096145414336e-17,1.305640439784978e-10,0.00013811468943319781,0.9998618852607304,4.983230020352164e-11,0.0,9.889376137176415e-27,2.3386863754609145e-15
1177,0.3534271530585791,0.6465728469414214,2.1641241805576576e-09,2.427685588798094e-08,0.9999999735590211,2.1604841881471798e-09,0.9999999976046965,2.6510661692086934e-12,2.321676283090572e-10,0.0,1.9581206743821893e-11,1.773622714016607e-09,0.999999998074081,1.327185068674764e-10,4.4780779736159684e-11,2.0182437565493252e-07,9.916146606068471e-11,0.0,0.9999997980307702,9.110004145055245e-13
1178,1.4933519714066917e-28,1.0,1.8448533640980652e-52,1.0,6.786469663870994e-15,2.633275038972788e-10,6.002805768648228e-36,0.9999999997366729,8.185203107988923e-51,0.0,0.9999999999750884,2.4911561634237608e-11,1.3957497086509488e-36,1.0994836315005987e-51,2.1987684558735998e-30,7.767551244271633e-11,1.1841859907558094e-59,0.0,2.290258918027625e-45,0.9999999999223235
1179,0.9999917245913327,8.275408664416754e-06,0.05819413087137625,2.4890008526236453e-10,0.9418058688797235,0.061302812979967244,0.015166989747476496,6.23286461806344e-13,0.9235301972719356,1.15052993524447e-300,1.049513217071712e-11,0.09418962342801654,0.022763143455384417,0.883047233106101,2.0398540318053983e-06,0.9516020442594749,0.048395915867817975,0.0,1.8657109616919093e-11,2.0770226142462082e-14
1180,1.973449527326253e-18,1.0,1.717998250082513e-28,0.9999960791011717,3.920898829587899e-06,5.198721545572387e-07,0.00010820186040207136,0.9998912782674414,2.0475844239685216e-26,0.0,0.9999759150818291,5.8030866892613936e-08,2.402688730653378e-05,2.813421906114663e-27,2.9329126729375394e-06,1.2456096119471574e-12,2.6051426784481462e-27,0.0,1.6736989639803757e-05,0.9999803300964444
1181,0.9999999990325819,9.67418684718161e-10,0.9990346920000057,3.1878884602085757e-15,0.0009653079999928719,7.464435846856714e-05,5.240123492572188e-07,1.0481230081919091e-19,0.999924831629182,6.080922752140154e-223,2.3757463627113816e-18,0.00017277996981421417,1.0111403687097146e-06,0.9998262088898187,8.357434536474689e-06,3.2949170135959476e-06,0.9999878516143804,0.0,4.960340710529855e-07,2.6867753604384814e-20
1184,2.8090886022809315e-24,1.0,1.7763304692191207e-44,0.9999999999995026,5.008527205281327e-13,1.8917526593355186e-05,5.804236760876864e-18,0.9999810824734068,3.6322775414240165e-43,0.0,0.9999968131410858,3.186858911043988e-06,7.999206730004617e-19,6.910300890874257e-44,2.2662073250956195e-05,1.6440578662819824e-12,6.340679942378383e-44,0.0,5.462826089892562e-20,0.999977337925101
1185,0.5872903852231054,0.4127096147768952,1.1551169631395098e-07,6.357363377420365e-08,0.9999998209146685,9.088339074555086e-05,0.9999088295142371,4.701415159136481e-11,2.870480036429887e-07,0.0,3.7033430128054784e-10,0.00010623048721081248,0.9998936028041161,1.6633833843092454e-07,0.0003026132874334818,5.324935095502322e-09,1.4090910257877627e-07,0.0,0.9996972404539302,2.4597027560283505e-11
1186,1.0,1.7789648078845147e-150,1.0,6.168995426958102e-177,6.466580316248478e-149,1.819354516751718e-145,3.711690545875662e-131,1.0,7.339614503535789e-114,1.0,2.7056770610629865e-195,5.932414410789798e-180,8.549372126916032e-166,9.569208785734081e-149,5.676616951066913e-158,1.1732491618827439e-158,1.0,0.0,1.2346099035607696e-142,5.7915423465539455e-174
1187,0.9998117863599174,0.0001882136400856165,4.1567451209305307e-16,5.7495909334889234e-08,0.9999999425040914,0.9999976908543446,2.309144927021689e-06,7.261010131708624e-13,3.6447432919607996e-17,3.148532214024456e-224,4.256873200064479e-12,0.9999982029615087,1.7970342342714736e-06,1.777612270876618e-17,0.9965614716515832,0.0034349156223655655,7.705062486306806e-17,0.0,3.6127254419562244e-06,6.085410642332526e-13
1188,0.010380215427920765,0.9896197845720771,2.0736786163474702e-08,5.423324083088044e-06,0.9999945559391291,0.49360529160574224,0.5063921519535515,2.0045299277823002e-07,2.3559877143840774e-06,3.59235912e-315,1.5508324635571668e-06,0.47665415184627685,0.5233423539393077,1.943381951216973e-06,0.0033394598266181224,0.13302999331758736,1.7678997289867888e-06,0.0,0.8636286243613288,1.5459474236016167e-07
1190,9.331897542364285e-22,1.0,1.0825972697845475e-35,0.9999999157477824,8.425221656022237e-08,1.0066677759059911e-11,1.2643065519058222e-07,0.9999998735592834,2.487702367246415e-34,0.0,0.9999999786461731,1.1541383494828607e-12,2.1352669543830433e-08,4.860468864407346e-35,1.7458349588427167e-15,4.166615946716729e-08,4.800989517731894e-35,0.0,3.78967969783526e-09,0.9999999545441521
1191,2.5564668066804806e-10,0.9999999997443538,1.4671269624367976e-15,0.9529317402887617,0.04706825971123595,0.9962646821818659,4.176928085313658e-05,0.003693548537275688,4.144999865510008e-15,0.0,0.04621504989357541,0.9537438724833502,4.107762306889467e-05,3.656560769680218e-15,0.9402120115749923,0.03732786415682965,1.3041994372429587e-14,0.0,4.3532785644434975e-05,0.022416591482519347
1192,0.00522021372436035,0.9947797862756419,8.406310638756979e-08,5.233608268405457e-05,0.9999475798542081,0.9882948008043722,0.011704901221849199,3.17226290386054e-08,2.662511516397987e-07,0.0,2.227425304152449e-07,0.9894091545907326,0.010590460309190282,1.623575445942604e-07,0.9994188798612568,9.312328745269424e-09,7.304976516568291e-09,0.0,0.000581102484005918,1.0374296950324151e-09
1193,1.8147044116785917e-18,1.0,1.6804182847713529e-29,0.9999982402445646,1.7597554388250819e-06,1.5523107081904432e-07,1.5307861271238872e-06,0.9999983139828006,1.5290411026628282e-27,0.0,0.9999996107694404,1.6834839411189715e-08,3.723957217704388e-07,3.1845687562205496e-28,5.016866960396163e-12,0.0002359911931804937,2.506370754443464e-28,0.0,2.504404037746093e-07,0.9997637583613973
1194,0.9998199598782636,0.000180040121735203,0.0009377980660080934,1.117722797378929e-09,0.9990622008162692,0.005582846568801717,0.980551942137707,2.02426478057109e-12,0.013865211291466251,7.4174699154092e-293,1.9413315422215782e-11,0.004743865529642372,0.9880358642579444,0.007220270192997017,0.001215618432466568,7.944678030243169e-05,0.009603412177840163,0.0,0.9891015226084984,8.941378080476041e-13
1195,0.3554882978227339,0.6445117021772662,3.4284672558089977e-09,1.0843007968395076e-08,0.9999999857285218,8.942960827719232e-10,0.9999999988172874,5.940718913217652e-13,2.87825974241168e-10,1.46757e-319,4.28335631804109e-12,5.940470789452198e-10,0.9999999992230428,1.7862422633243763e-10,4.540276629819637e-12,3.68434741079825e-07,1.119826778697454e-10,0.0,0.9999996314485498,1.8501620274197545e-13
1196,0.9999993234745063,6.765254946710223e-07,0.9614168404231004,9.351135016945827e-11,0.038583159483384734,0.10362767247029903,2.1345086889116724e-06,2.2161159322121064e-14,0.8963701930209879,7.24401089013604e-263,2.924216328806085e-13,0.18761908442352365,3.2635350077902286e-06,0.8123776520411781,1.02260968342706e-11,0.07994073496885427,0.9200592650209104,0.0,5.2918052744221834e-15,3.5122481300779826e-15
1197,1.220799659657218e-12,0.9999999999987779,2.7311485909715067e-19,0.9999676549954537,3.234500454586116e-05,0.9999469563547797,1.5155760878216581e-21,5.304364521745085e-05,6.7885335711947525e-28,0.0,0.0002920798145446954,0.9997079201854593,1.2157237859265566e-21,3.90309165783338e-28,0.9997773319000383,4.973493249748367e-05,1.4385294613308702e-27,0.0,5.681119370814115e-30,0.00017293316746834516
1198,0.9999975673523765,2.432647620869466e-06,0.25490574668529237,2.840909642210933e-10,0.745094253030614,0.033641465998121935,0.0022093919916318606,4.651103897510205e-14,0.9641491420102023,4.421855380987564e-262,6.277888747633751e-13,0.07076349775069116,0.0036445704591470765,0.9255919317895357,0.0005997331595703065,0.009048331293734772,0.9871787128786906,0.0,0.003173222667976728,2.7157369827613326e-14
1200,8.757301832222892e-12,0.9999999999912461,1.4520709774791953e-18,0.9676582438049106,0.032341756195093226,0.6689727406062973,0.001438754486806369,0.32958850490689345,5.918474745813195e-16,0.0,0.8387502578854246,0.1604835620399456,0.0007661800746356279,1.752007879295644e-16,0.0011928731196459755,0.3322775224741713,2.440328514936957e-16,0.0,6.7433966415000764e-12,0.6665296043994332
1201,0.9999999999905427,9.454750331354526e-12,0.9999791915016739,1.9571996876111053e-18,2.08084983260834e-05,9.959602722748399e-08,1.86852320950565e-07,8.295744935974185e-23,0.9999997135516507,1.3655236484546673e-211,1.3138230207286258e-21,2.438190664666676e-07,3.575441860874144e-07,0.9999993986367489,2.8037367999799683e-08,1.1919037430101982e-09,0.999999767308092,0.0,2.0346263529994863e-07,1.759868337372518e-23
1203,1.2408003417152638e-10,0.999999999875925,1.1403263727494931e-23,0.9026396763372316,0.09736032366277364,0.8126181542444575,0.0005593458656104112,0.18682249988993366,7.713335653987586e-18,0.0,0.8430143838957924,0.15672263656458607,0.00026297953962093874,1.3879641669430194e-19,2.5346424530126924e-16,0.999939589816189,2.960380062200637e-25,0.0,2.0997681675858203e-15,6.041018381216975e-05
1206,0.9999999909125563,9.087443167568898e-09,0.4902999760542546,5.765287420243611e-14,0.5097000239456881,3.944298132135911e-07,0.541071226929003,4.0012503825737116e-18,0.45892837864118124,1.941601735224946e-246,4.2124158189516476e-17,5.534040751703005e-07,0.7017339569826279,0.29826548961329963,3.98986904520743e-08,3.815397039491141e-08,0.21671172938931837,0.0,0.7832881925580204,1.1738541638477448e-18
1207,0.9998104223839753,0.00018957761602561132,0.01372583093085812,1.0120047818595847e-08,0.9862741589490973,0.5041282877744604,0.11208792147525982,4.555339992412699e-11,0.3837837907047237,1.0800480402945799e-293,5.43117759263359e-10,0.6354117245507566,0.1164859511289857,0.24810232377714123,0.2542330394337079,0.009501119211716013,0.6195537723731757,0.0,0.11671206893684684,4.4552666017052676e-11
1208,2.5039214717646177e-57,1.0,1.203769332612023e-122,1.0,8.095954833645763e-36,4.569007958296824e-42,4.615572933409128e-73,1.0,1.3025119307118963e-111,0.0,1.0,6.812038270277681e-43,2.754003123955404e-73,2.9852501494766653e-113,1.8882534306122423e-95,1.074748050208981e-08,1.4287924941204174e-130,0.0,6.4637533962613e-82,0.9999999892525153
1209,6.557923255508095e-23,1.0,1.966242880012483e-42,0.9999999999928733,7.128002275487731e-12,2.3793840065399897e-05,1.864738514695193e-17,0.9999762061599332,4.630652185238675e-41,0.0,0.9999969512693174,3.048730681866189e-06,3.311204875575072e-18,6.41682477523817e-42,2.2050760617948898e-06,7.466338287291732e-10,8.680014671126548e-42,0.0,4.241517428287961e-27,0.9999977941773067
1210,3.0383043940967245e-09,0.9999999969616908,5.219050290888504e-15,0.8275535791879086,0.17244642081209247,0.999303995034845,4.497637976449631e-16,0.0006960049651502259,7.049748517273194e-15,0.0,0.00671952405297758,0.9932804759470149,5.164712653515289e-16,5.920674403550521e-15,1.0258253139446016e-17,0.9999998348788063,4.1895102388938466e-19,0.0,4.798017181285755e-28,1.6512119328908281e-07
1211,0.9998535385922721,0.00014646140772546314,0.00011103191925788219,1.5124107121724228e-10,0.9998889679295047,3.9573652701099483e-07,0.9998826564714952,4.450808301600508e-14,0.00011694779193391094,5.413834105438195e-273,3.844716699734543e-13,4.543424357605308e-07,0.9999297300704093,6.981558677006286e-05,4.118742886242738e-09,1.4990372105283917e-05,6.850228798496106e-05,0.0,0.9999165032211503,1.3552056937151095e-14
1212,0.583075916001751,0.41692408399824743,1.4533444834895516e-06,2.6409540096086796e-07,0.9999982825601177,0.35861149601818415,0.6413106987155066,3.211239792605076e-09,7.780205506994348e-05,8.655134905663773e-309,2.2343288213566794e-08,0.37071367212104267,0.6292396547728456,4.6650762826608286e-05,0.16253018522239635,0.0015165881444908387,5.411558623280413e-05,0.0,0.8358991087574204,2.2894587259881434e-09
1213,0.0007499713069180722,0.9992500286930841,4.094722787827199e-09,8.553130168853923e-05,0.999914464603595,0.762725828047267,0.23726634268899163,7.5386577123580834e-06,2.906060322790218e-07,0.0,3.376077773138009e-05,0.7242543539562555,0.27571167618352665,2.090824843406596e-07,0.5005232087873128,4.3484041850181154e-08,5.071862115067949e-07,0.0,0.49946343291709794,1.280762533440539e-05
1214,0.6861540508422949,0.31384594915770475,5.541787559127426e-12,4.740722624135513e-05,0.9999525927682166,0.999999943896684,5.5563812395089095e-08,5.394267304126237e-10,7.379203165521539e-14,2.3075893561321903e-289,2.384650123185313e-09,0.9999999509458218,4.666949230236206e-08,3.709199872790182e-14,0.2681954594653925,0.7318044649279865,8.915200990045042e-13,0.0,7.165214135359353e-08,3.953591207169481e-09
1215,9.691453252451786e-28,1.0,8.666522021620883e-43,1.0,2.2293871085098736e-15,1.3105251576427074e-08,5.386858297995347e-20,0.9999999868947498,2.304762172927188e-41,0.0,0.9999999990830091,9.169916056662314e-10,7.201114173724049e-21,3.5768586682783024e-42,2.7926575298211117e-08,1.4151260790033146e-15,3.133480427500578e-42,0.0,8.300289553493897e-30,0.9999999720734256
1216,0.9999999997700044,2.299956596107191e-10,0.9993642467782304,2.3288538567633445e-16,0.0006357532217725821,2.410184434407139e-06,9.442414754270569e-06,7.022626478192096e-21,0.9999881474008118,5.174646845965672e-200,1.2763881885832448e-19,5.265259232290401e-06,1.726153049134682e-05,0.9999774732102764,1.574378250027107e-06,4.242335018386976e-09,0.9999807046779259,0.0,1.7716701486459972e-05,2.1888632766610847e-21
1217,0.9999999999178968,8.210452143977405e-11,0.999854590220247,9.076814745593334e-17,0.0001454097797540161,2.7013576232402964e-07,2.2308325682759475e-06,2.9802973494939025e-21,0.999997499031669,1.7968602952345342e-231,5.61803214804113e-20,6.374513716672265e-07,4.347913630316544e-06,0.999995014634997,6.982754768061497e-08,3.2878689425802e-09,0.9999967670375547,0.0,3.159847029273459e-06,6.730985093118843e-22
1218,0.9999998397488441,1.6025115620467522e-07,0.8216392960858163,4.754863942439578e-12,0.17836070390943135,0.0005034524924286535,0.0019284868481465516,2.8738782865098377e-16,0.9975680606594213,4.9546191643600034e-266,5.807568622289479e-15,0.0009304600449041579,0.003240114981461062,0.9958294249736278,9.072135215928585e-05,2.870347239771027e-05,0.9971055588430896,0.0,0.0027750163323538813,1.2307958874162466e-16
1219,0.9999999999998543,1.4416184062376124e-13,0.9999997142230246,2.11676770997779e-21,2.857769753190347e-07,8.212804928119942e-09,3.810808862435367e-10,3.79208698676604e-26,0.9999999914061135,1.7065848502289504e-205,6.911245754955135e-25,2.4058711990473362e-08,7.137858606575095e-10,0.9999999752275034,7.032530358473557e-10,3.5292756172664273e-10,0.9999999983290522,0.0,6.14765572028192e-10,8.83758137079231e-27
1220,0.9999999997452775,2.5472109277214395e-10,0.9991012420195935,2.1997602382256332e-16,0.0008987579804079181,9.649356233472407e-07,7.274154112346603e-06,4.569990121871641e-21,0.9999917609102613,2.6948268387572103e-228,7.332331059735521e-20,2.295110430487656e-06,1.3496731207441829e-05,0.9999842081583588,5.787541716789812e-07,2.0671590768820644e-09,0.999982705192311,0.0,1.6713986361429146e-05,2.1354125307335874e-21
1221,1.0770291531234309e-13,0.9999999999998934,8.953422396544101e-30,0.999180299447764,0.0008197005522372604,0.015050246537344015,7.753345514866365e-14,0.9849497534625833,2.4054131334716744e-27,0.0,0.9984654223289549,0.0015345776710284224,1.451981621323221e-14,3.003545803254265e-28,7.771396905832483e-09,0.9714171556292824,1.2108741032003038e-29,0.0,4.958842258755434e-24,0.028582836599323563
1222,2.473131990497793e-08,0.9999999752686793,6.144650804380606e-12,3.065438856165021e-05,0.9999693456052959,0.9999988961019977,1.1037698560916516e-06,1.280019918945979e-10,1.429020717572675e-13,9.856895575167099e-289,1.5981557080455744e-09,0.9999999984017123,3.506636856720398e-14,9.419814510218102e-14,0.9929729709857937,0.007024573391952081,4.567590891414279e-13,0.0,2.455415386869584e-06,2.0640924711960052e-10
1223,8.77149445848757e-07,0.9999991228505546,6.4288614113155094e-12,0.014710873056357848,0.9852891269372113,0.9956317577451793,0.004319739409483003,4.8502822968692e-05,2.236556118405018e-11,0.0,0.0005224844516291671,0.9942868802040474,0.005190635326920063,1.7404989965668354e-11,0.9622346174176672,0.0347000644641118,1.228726904649466e-10,0.0,0.0029257704080403097,0.00013954758730452796
1224,5.335719941568218e-26,1.0,2.222410048822943e-56,0.9999999999722462,2.7748371405663465e-11,2.0527370148396366e-11,1.370247746742844e-13,0.9999999999793374,9.618862978549169e-48,0.0,0.9999999999975842,2.3810589940331074e-12,3.362850913850273e-14,1.7283703210608195e-48,2.6297826866496886e-15,4.007168374128125e-11,2.304026551462102e-56,0.0,2.6801173776973034e-23,0.9999999999599254
1225,0.9999999994572022,5.427980144947557e-10,0.999497521256511,7.086882873627392e-16,0.0005024787434898196,1.1656331548573475e-05,1.2770509979422331e-06,4.484432834548571e-20,0.9999870666174526,1.2845605460584245e-230,7.466302814036164e-19,2.813496294141735e-05,2.2389735124092636e-06,0.9999696260635448,2.075424543581142e-06,1.6316883058187422e-07,0.9999965512100885,0.0,1.2101965374578733e-06,9.574145213742277e-21
1226,1.653464416872355e-20,1.0,4.771292915308145e-47,0.9999999999979678,2.03490291100673e-12,0.0003807464992518888,1.0442166058104338e-43,0.9996192535007463,4.446332677945325e-46,0.0,0.999923130333147,7.68696668502062e-05,2.380159421663683e-44,8.934544620872286e-47,4.040240828929476e-21,1.4329685394309951e-05,6.070708085133703e-54,0.0,4.946035706670418e-53,0.9999856703146125
1227,0.99954217294593,0.00045782705406990584,0.01756243569767228,1.2971681775936175e-07,0.9824374345855131,0.9874046952871846,4.386721116149635e-05,1.2168608787563734e-11,0.012551437489486702,2.487131210246834e-288,8.625706199200284e-11,0.9930380422125409,3.7397063025888146e-05,0.006924560638174561,0.9312231684570934,0.02484721690318956,0.04376997527079168,0.0,0.0001596393400999883,2.8827552916208745e-11
1228,0.9999999999990692,9.301310121161137e-13,0.9999907850165142,5.651647207482797e-20,9.21498348724776e-06,8.19338486857441e-09,9.912512353333993e-08,1.2078923448998737e-24,0.9999998926814926,1.22348994955407e-194,2.485463362873943e-23,2.1210317292193208e-08,1.958426551842573e-07,0.9999997829470275,1.6565078222624156e-09,1.706919150780402e-10,0.9999998147499584,0.0,1.8342284335518974e-07,3.0296392186048337e-25
1229,8.566267608617497e-08,0.9999999143373267,3.047724865113242e-11,0.9425138460140934,0.05748615395543358,0.9999992613802774,1.5067044177930615e-09,7.371129992783752e-07,1.909236980054189e-14,0.0,3.4153987779758197e-06,0.9999965838523593,7.488544072897387e-10,1.0046751680037856e-14,0.9999999923463179,1.8336013154328735e-11,1.9408300691139784e-16,0.0,1.868570755678273e-12,7.633476701439628e-09
1230,0.0008089468540509277,0.9991910531459526,1.903410732829094e-09,5.783922427669872e-05,0.9999421588723114,0.9899949836264257,0.010004550337857129,4.485546203538997e-07,1.7481096815365688e-08,0.0,3.315161749282922e-06,0.9894942406785845,0.010502432419537919,1.1740128829109762e-08,0.9901973942399751,1.6262452269536509e-09,1.5420925236951345e-08,0.0,0.009802258571683374,3.301411713686319e-07
1232,0.0014306814887028658,0.9985693185112939,7.923026814613839e-10,2.418485358972254e-05,0.9999758143541054,0.00018994159207574285,0.9998096800841261,3.714558055678276e-07,6.867989386000797e-09,0.0,3.2327284018180233e-06,0.0001804102400675524,0.9998163524363688,4.5951640305869505e-09,1.1866444459125226e-05,0.011778547238522409,1.3896682003258716e-08,0.0,0.9882086685375262,9.038828088331946e-07
1233,0.04680452538990278,0.9531954746100959,3.2854141090260136e-07,1.1075737276252732e-05,0.9999885957213128,0.9997114960048982,0.0002879908732843309,5.776919879049629e-09,5.073448941455993e-07,2.2685e-319,5.0293299954762e-08,0.9997084408796592,0.0002912104417999402,2.9838523934138737e-07,2.474424504644135e-09,0.9919442171086095,1.4265458572705463e-05,0.0,0.008041382935859775,1.320225343468211e-07
1234,0.017641553645041212,0.9823584463549617,1.9862947247390736e-08,2.8392276017743244e-06,0.9999971409094515,0.00020353581828232197,0.9997964105030499,2.7605415282937783e-09,5.091812405078409e-08,0.0,2.3310835818690818e-08,0.00018624070040465903,0.9998137059896584,2.999909769195003e-08,0.0010536192138713336,6.308106961192364e-09,1.9611681200973226e-08,0.0,0.998946353169974,1.6963629316868667e-09
1235,1.9054938849181376e-20,1.0,3.663526311012803e-31,0.9999999993331059,6.668947490577936e-10,7.76920076143171e-05,1.999992601242138e-13,0.9999223079921871,1.5237609116335972e-29,0.0,0.999990633945842,9.366054133058968e-06,2.4123967236792142e-14,2.3674746874366393e-30,5.305738763069106e-06,8.765741274882599e-09,3.1304502158129514e-30,0.0,2.8232293277580645e-15,0.9999946854954906
1236,0.9997216194060473,0.0002783805939546764,0.0010645468320649634,1.5033750310401623e-09,0.9989354516645603,0.001715753184095669,0.9864874841704422,1.893897939743609e-12,0.011796762643568036,1.21504373506609e-272,1.3283076031524278e-11,0.0015665963482153523,0.9921823255515548,0.006251078086948811,0.000689081543790916,1.9378506029788347e-05,0.007480222941532316,0.0,0.9918113170081589,4.883375432295525e-13
1237,0.001853707558388525,0.9981462924416113,2.4358448139877234e-08,0.00018513116898343982,0.9998148444725684,0.9863282295707546,0.013671070518003807,5.456950635492126e-07,1.542161746981185e-07,2.4706196415732104e-301,6.926883498759491e-06,0.9872886575145213,0.012704305011085364,1.1059089704815479e-07,0.9411236683027625,0.03579024169753123,3.441640625491569e-07,0.0,0.02308470206944444,1.0437662005660764e-06
1238,1.3944387189334305e-08,0.999999986055613,2.4050420264277023e-15,0.009276445900455194,0.9907235540995442,4.631215211736559e-06,0.9999767942125769,1.8574572208639536e-05,2.2475385405536676e-15,0.0,0.00013959142996166135,3.839628450732477e-06,0.9998565689415828,1.5331584529500713e-15,6.444937042051298e-07,4.885551658812865e-06,1.779849420078528e-15,0.0,0.999956832905708,3.7637048929447156e-05
1239,0.9999993664792814,6.335207219899623e-07,0.9231942300760766,3.383560797734846e-11,0.07680576989008435,0.01672289338237343,4.8626063734205466e-05,2.448292996447851e-15,0.9832284805538929,2.83924518571866e-265,5.6572119014960743e-14,0.03253769698432302,7.244927432786946e-05,0.9673898537412914,0.0007372362812201076,0.00016639357321093594,0.9990630917790088,0.0,3.327836655825504e-05,1.1285182004231895e-15
1240,2.1288438313167294e-12,0.9999999999978684,3.0574006485065525e-19,0.999605260130284,0.0003947398697140633,0.7862460364775569,6.742558532576768e-15,0.21375396352244344,2.4236930464979188e-17,0.0,0.767461122351741,0.23253887764825756,3.239914054409417e-15,8.29296535212451e-18,0.060520796881115745,0.01118927634559991,3.1794419048128964e-17,0.0,9.166916814479234e-23,0.9282899267732809
1241,0.9999999996964455,3.035535482034649e-10,0.9996475639139604,8.142436671294852e-16,0.0003524360860396138,1.2661575951422623e-05,4.973055294318224e-07,3.5171942049379434e-20,0.9999868411185197,1.9070233997891397e-241,7.255743654811425e-19,3.117951771493418e-05,8.606778235148372e-07,0.99996795980446,1.9663483020663365e-06,3.601386476477636e-07,0.9999973010084141,0.0,3.7250463456040077e-07,8.724351025088588e-21
1242,0.9999999993010675,6.989296669307606e-10,0.9998895453963239,9.748594207429267e-16,0.00011045460367566846,4.793314586414491e-05,7.690749400750942e-08,4.910655702692053e-20,0.9999519899466428,1.4823515018384073e-229,7.5366493407717525e-19,0.00011657621148212823,1.257191789573391e-07,0.9998832980693384,7.797199977420328e-06,4.6760659664569653e-07,0.9999916368428698,0.0,9.835055690712841e-08,1.456171897199863e-20
1244,0.9999999999759766,2.4023863125894458e-11,0.9999929988497607,1.820022930064699e-17,7.001150238680758e-06,1.7696902093515045e-05,8.852029781842597e-11,8.77935076632744e-22,0.9999823030093864,6.305894654657256e-242,1.404020966659417e-20,4.5154491223996174e-05,1.5674387936137064e-10,0.9999548453520335,2.1322212880094013e-07,2.4512045273942332e-05,0.9999752747325975,0.0,4.393984611496564e-19,2.234898389581569e-22
1246,1.0,3.233022596149853e-16,0.9999999981506562,2.6697313162649935e-25,1.849344161428661e-09,1.9546655657891144e-11,2.502687645690998e-12,2.9923509474458304e-30,0.9999999999779501,6.313046796388835e-180,6.885270591861686e-29,5.687107874549438e-11,5.044345788290059e-12,0.9999999999380851,6.990696696387323e-13,3.3905713218041838e-12,0.9999999999923777,0.0,3.53216648504529e-12,4.15033134831234e-31
1247,3.3600240102257698e-18,1.0,7.57751454242005e-45,0.9999958247088809,4.175291122582563e-06,3.9567290580140115e-06,1.1332150358903608e-23,0.9999960432709377,1.3143015384093543e-38,0.0,0.9999998115154831,1.8848451555714217e-07,2.1403064483102376e-24,6.736778241387083e-41,1.1510138700204396e-29,0.9871978821909279,4.353695196231139e-52,0.0,5.908910689139656e-26,0.012802117809065847
1248,8.428578888606049e-07,0.9999991571421133,3.8250755325095096e-20,0.054766177958163575,0.9452338220418309,0.9999376596096647,3.302158003110847e-06,5.9038231290887294e-05,1.0432892475721597e-12,0.0,0.00040407699769264075,0.9995908404379942,5.082563471417857e-06,8.40325873164025e-13,3.340212989152594e-13,0.9999999999145786,6.159815431958948e-26,0.0,2.988436154450422e-20,8.508947524565973e-11
1249,0.999478304539345,0.0005216954606549586,0.0018955798733017164,7.49961546327981e-09,0.9981044126270848,0.6357180649705008,0.2998014433157285,4.99924730677849e-11,0.0644804916637815,1.114026162605522e-282,4.701952678991271e-10,0.7094319143322473,0.2516055976421765,0.03896248755538369,0.5497748652233168,0.003218693793108875,0.07503937984547907,0.0,0.37196706109066086,4.743776188284548e-11
1250,0.9999999981155696,1.884427556040581e-09,0.9974018110866758,5.125067890507881e-15,0.002598188913316862,8.22228799268473e-05,8.435195230502593e-06,2.2837980808593955e-19,0.9999093419248459,6.459136474353612e-229,3.0066774809614196e-18,0.00020967792598188708,1.665697085799862e-05,0.9997736651031619,0.0004818904457404925,1.5241257813474258e-15,0.9994989760245053,0.0,1.913352975133262e-05,6.801281275033074e-20
1251,7.209479440507735e-19,1.0,1.1290092936630747e-29,0.999999989259095,1.074090734990425e-08,5.3735027747886796e-06,3.216876065797798e-11,0.9999946264650524,2.1960227253413816e-28,0.0,0.9999991086156819,8.91379112261156e-07,5.209651034176922e-12,4.732840848982964e-29,4.145517893017554e-07,2.0023519220761289e-07,8.764834049662544e-29,0.0,6.784839543200183e-21,0.9999993852130202
1252,0.9999999999969056,3.0961304307789733e-12,0.9999699387695808,1.0752615955796708e-18,3.006123042073797e-05,7.271148136982273e-08,1.7576291147215885e-07,2.9997516782833816e-23,0.9999997515256058,2.5139536958738618e-222,5.375023697395741e-22,1.8468764518198273e-07,3.391513803598165e-07,0.999999476160975,2.2850941480515394e-08,1.791886121120572e-09,0.9999996738842504,0.0,3.01472920556359e-07,8.605970917286529e-24
1256,0.9999999999999964,5.316617836359345e-15,0.9999998986720529,2.1799788281898564e-23,1.0132794678823255e-07,5.4467053283161035e-11,1.2699323943297459e-09,3.790710564002658e-28,0.9999999986756016,9.342666552132744e-188,7.559987794231105e-27,1.5463349650638753e-10,2.660407919414709e-09,0.9999999971849576,5.694060431914435e-12,7.008173043365067e-12,0.9999999974917415,0.0,2.4955561461304644e-09,7.755278886361175e-29
1257,5.894001319446099e-18,1.0,4.145084209643053e-28,0.999999969631745,3.036825624389517e-08,0.017853733927295,1.5302720678145916e-20,0.9821462660727097,5.194999599815753e-33,0.0,0.9983121657014938,0.0016878342985065743,2.696401443978652e-21,5.0895175115640275e-34,1.466435706661441e-11,0.00019774611047816627,7.057482296804415e-34,0.0,1.43422087527692e-29,0.9998022538748551
1258,0.9999999999565361,4.3465216939085254e-11,0.9998330859061152,3.798279164274455e-17,0.0001669140938880071,7.981340970945553e-07,2.065834898768121e-06,1.0463607415017727e-21,0.9999971360310069,1.9557258815359563e-210,1.7192504579245133e-20,2.088230412205479e-06,4.177115728554195e-06,0.9999937346538581,2.696194404168493e-07,2.6470982720152573e-09,0.9999960244579226,0.0,3.703275536667792e-06,3.020277931975841e-22
1259,0.9999999967280928,3.2719045063202096e-09,0.9983962688054372,1.1878856657550063e-14,0.001603731194552156,9.950928235660442e-05,2.6885883690641907e-06,1.2660916839370691e-18,0.9998978021292737,3.027609002477541e-227,1.4868495096863514e-17,0.00023534603258914196,4.909627192610595e-06,0.9997597443402199,1.0620617191795415e-05,3.6657319342585305e-06,0.9999815978831195,0.0,4.115767753684189e-06,3.5437307303993986e-19
1260,9.679391352982595e-09,0.9999999903206032,3.442840604954386e-24,0.004262321629044709,0.995737678370954,4.7005608066362684e-07,0.9999958326600483,3.6972838669855413e-06,9.034984836745727e-17,0.0,1.5682943470102774e-05,2.4946569036897693e-07,0.9999840675908352,5.2034682700816733e-17,2.331965838042119e-09,1.5285119706922583e-07,9.494561030437233e-25,0.0,0.9999973390510508,2.5057657915163728e-06
1261,2.3601642957297838e-11,0.9999999999763958,1.361378367688941e-23,0.9985530869050334,0.0014469130949649105,0.9996899618136712,4.7180482216293e-09,0.0003100334682812496,7.217681346473389e-24,0.0,0.002982555687858271,0.9970174401439693,4.168170766035494e-09,5.558193978894331e-24,0.9999634999910263,2.5793746040178744e-08,2.9851524412985515e-25,0.0,4.320947387143529e-11,3.6474172021696126e-05
1262,0.9984080161751545,0.001591983824844789,0.0006515063407228776,2.2656874513792777e-08,0.9993484710024026,0.07121526456170231,0.8883049322566062,1.3665767950279885e-10,0.04047980304503673,7.132674474247358e-305,8.829021762217908e-10,0.08115086365317938,0.89656262634572,0.022286509118198544,0.10508437186135465,3.176120050431581e-05,0.03739599892336709,0.0,0.8574878679644318,5.034298458593547e-11
1263,2.0668238283677057e-05,0.9999793317617166,1.4048991414721868e-15,0.09148900648612916,0.9085109935138684,0.999999920083393,1.562999547646392e-08,6.42866096881576e-08,1.3726809891950154e-18,0.0,3.18180136325005e-07,0.9999996721967332,9.623126880271076e-09,6.73627097065794e-19,0.9999992264758938,7.485863242784559e-07,2.795520320514108e-19,0.0,1.3840484794011066e-09,2.355373270451656e-08
1264,0.0013597712854537926,0.9986402287145457,1.1661456106083246e-09,0.00038966428742214605,0.999610334546431,0.9999991384998113,7.404983736265066e-07,1.203133365408943e-07,6.884812442119064e-10,0.0,1.0771844262047663e-06,0.999997952015229,9.703211734905124e-07,4.791660688542967e-10,1.3945867354323961e-19,0.9999999999996305,2.834108092605702e-15,0.0,8.140070669652292e-21,3.6358888602870614e-13
1266,0.9997477874941679,0.00025221250583415725,5.092046842075365e-19,8.148739491064365e-08,0.9999999185126034,0.9999999999444782,1.351601940883524e-29,2.4650385643810154e-11,3.087812536762289e-11,0.0,1.7612346682292935e-10,0.999999999811692,1.5975608877062993e-29,1.2184399991164422e-11,8.788302419824048e-25,1.0,1.3389418161502783e-30,0.0,6.212367778355761e-42,4.3964100409648097e-16
1267,0.9724397151764318,0.027560284823571084,0.00014494056504418628,1.5166232824343017e-07,0.9998549077726283,0.9904978061233745,0.007457249991529677,9.681796849465958e-10,0.0020449429169177263,2.187306754695731e-282,8.616419903729167e-09,0.9930033804815462,0.0058207385545192124,0.0011758723475142655,0.07508357232951163,0.9216781536069643,0.0032382731998573094,0.0,4.0956448251439885e-11,8.227130273542014e-10
1268,0.9999999526368992,4.736310046267463e-08,0.9754044284919711,1.2557493884285676e-12,0.024595571506772804,0.003488228390830603,2.3940634291743506e-05,7.131470666604735e-17,0.9964878309748764,1.469449318769642e-200,1.4080476005178855e-15,0.008196123576593528,4.444559362273058e-05,0.991759430829782,0.0012255710159534967,1.0685494328427816e-05,0.9987369234495064,0.0,2.6820040210650796e-05,1.8725509800302095e-17
1269,2.5622528019974174e-16,1.0,5.101903272362846e-26,0.9998661741913587,0.00013382580864500226,9.676130172126876e-08,0.0005391257630701743,0.9994607774756311,3.2488549212287228e-24,0.0,0.9998322221272996,1.5130300897399184e-08,0.00016776274239356954,6.806282569787765e-25,2.6942095521796615e-12,0.0005690931524009433,4.54533781167518e-25,0.0,0.0001878187638355227,0.9992430880810732
1271,1.0,0.0,1.0,0.0,0.0,0.0,0.0,1.0,0.0,1.0,0.0,0.0,0.0,0.0,0.0,0.0,0.0,1.0,0.0,0.0
1273,0.9999999984734842,1.5265145808109055e-09,0.9996890122978594,6.511050168459279e-15,0.0003109877021313152,0.00012691705786797698,1.0070440248904273e-07,1.7777539144169934e-19,0.9998729822377266,4.321341617453969e-231,3.2136942065136283e-18,0.00030344473757192453,1.722798661822922e-07,0.9996963829825624,6.352648595788793e-05,9.188801990705075e-08,0.9999362990492472,0.0,8.257677396914537e-08,4.6752588647008404e-20
1274,0.028160520937516587,0.9718394790624814,1.1967491186736332e-10,2.3415483577237793e-07,0.9999997657254899,5.84025482741418e-10,0.9999999993927489,1.490201894601361e-11,8.32629407651251e-12,0.0,1.1016083828434018e-10,4.5893700098637855e-10,0.9999999994264215,4.483862541831527e-12,1.4765346674753717e-11,4.716228223072077e-09,2.2826282622964907e-12,0.0,0.9999999952609642,5.7608474331032505e-12
1275,0.22129053630731488,0.7787094636926838,1.1463791548994673e-07,1.6291269822150368e-07,0.9999997224493841,2.2769147865464795e-05,0.9999769905574013,5.795897854997793e-11,2.402367738829247e-07,4.913097e-318,3.620425352850491e-10,2.0421315687550543e-05,0.9999794474093576,1.3091290978826545e-07,3.788395098840632e-05,2.2039433047772583e-09,8.234497058058618e-08,0.0,0.9999620314775567,2.2539489913828334e-11
1277,4.606650060561471e-17,1.0,5.773748183163314e-27,0.999987079688545,1.2920311451972568e-05,4.127489380235023e-06,5.721001827307314e-05,0.9999386624923434,2.9376040267020086e-25,0.0,0.9999839251283872,8.9237761256555e-07,1.5182494006598027e-05,5.736209064695196e-26,1.9612631803100778e-05,8.955624722413304e-11,4.646613883891165e-26,0.0,1.0501895945189993e-05,0.999969885382697
1278,1.1818961311489348e-09,0.9999999988181045,1.913646450636602e-14,0.5538576116195333,0.4461423883804468,0.9425685201853677,0.04138441278893465,0.016047067025348277,3.505796075967941e-13,0.0,0.12278353440045692,0.8475281783837819,0.029688287215521313,2.364517497570696e-13,0.8679268284232652,0.027910680168283714,4.523428698673557e-13,0.0,0.03292709110640355,0.07123540030159212
1279,2.2359159588155645e-25,1.0,6.88276270173861e-46,0.9999999999998295,1.7372021350022265e-13,1.0855289345804115e-07,1.7198602118897155e-18,0.9999998914471094,1.1926645739550085e-44,0.0,0.9999999900225021,9.977492343226208e-09,2.005535410497802e-19,1.782366848903698e-45,6.689714255725022e-09,2.0196335594163535e-12,1.5156713007766666e-45,0.0,6.111918612219663e-21,0.9999999933082648
1281,3.4906131898719564e-35,1.0,1.3645737534656614e-63,1.0,4.3304010321618743e-19,2.400331421930173e-14,9.252754422128748e-51,0.9999999999999716,8.133051255076155e-78,0.0,1.0,2.658470335679726e-15,1.804354143376275e-51,1.2271432510709717e-78,9.62140972508729e-36,4.912508871556796e-13,2.3312363553804222e-79,0.0,7.462407460810556e-61,0.9999999999995026
1282,2.004967104426318e-14,0.9999999999999858,9.631176945749962e-23,0.999950855551351,4.914444864531616e-05,0.23672262505823083,1.59091823765545e-08,0.7632773590325846,3.34602549852879e-20,0.0,0.967869273669697,0.03213072244243538,3.8878613097284714e-09,6.1251092632288094e-21,1.5856745998030082e-14,0.8950292004461162,1.7403675566930054e-21,0.0,2.3686180517841096e-18,0.10497079955386575
1283,5.117249240289216e-09,0.9999999948827494,1.7408136279822585e-14,0.2507467997915688,0.7492532002084126,0.23672488891873722,0.7393713707693953,0.02390374030999027,1.88156800715389e-12,0.0,0.1820443214631275,0.15942195441904508,0.6585337241166787,1.15223442412738e-12,0.5236485395369669,0.001573408662738483,1.9857669161360285e-12,0.0,0.42834291153438936,0.04643514026391977
1284,2.6834492164918657e-13,0.99999999999973,5.3214883425903435e-21,0.9886183559295408,0.011381644070461026,0.0007237771605638252,0.05649386395869696,0.9427823588807371,2.92372245895758e-19,0.0,0.9924270785881815,9.18524526142488e-05,0.007481068959211468,3.505215411360322e-20,0.00013560285142202484,0.00012157231774993855,1.0358449684140527e-19,0.0,0.01324733918440745,0.9864954856464255
1285,0.031019214044409684,0.9689807859555877,8.21452822857464e-07,0.00017651024855241647,0.9998226682986244,0.9999830394246031,1.6728513741506845e-05,4.5720141202527904e-08,1.8634151624366852e-07,0.0,3.2794583960729045e-07,0.9999864738639455,1.3093371147373034e-05,1.04819065342502e-07,0.013177386148580595,0.9868172609102108,3.5047751248505715e-07,0.0,4.951055175211018e-06,5.1408524024021346e-08
1286,0.16615076600931367,0.8338492339906896,4.5930462023233316e-08,1.033994177744276e-06,0.9999989200753636,0.0003583726547276552,0.9996413765698713,1.0087057380710067e-09,2.4976669467138046e-07,1.4044883e-317,7.536649242027544e-09,0.00031460559746985053,0.9996852309146634,1.5595122063112014e-07,0.00013965062470758653,5.697619335361295e-07,1.205102731470575e-07,0.0,0.999859658488455,6.146314801393526e-10
1287,5.666188164214297e-07,0.9999994333811812,2.7245966790807e-11,0.13156579023272955,0.8684342097400246,0.9999897487043017,5.976253145809877e-06,4.2750412791310174e-06,1.2714353860115612e-12,0.0,2.40663789787765e-05,0.9999704726685091,5.460951785861624e-06,7.271860396434683e-13,0.9999952757607782,3.628635110135928e-06,3.068240368894616e-13,0.0,5.628580645198454e-07,5.3274574064872e-07
1288,0.9979191729522855,0.002080827047714066,0.000547854032006669,1.5894813238832627e-08,0.9994521300731781,0.11428013160584766,0.874264139490117,1.0469439563222522e-10,0.011455728799340526,1.5154492560185365e-269,6.630294401159503e-10,0.14342431434028477,0.8498708567335117,0.0067048282631751955,0.2907686012423516,3.873191526902837e-05,0.010387664207168764,0.0,0.6988050025680452,6.71645034092376e-11
1289,0.9999989514172709,1.0485827297820146e-06,0.4016507819152513,8.310553924965836e-11,0.5983492180016406,0.0008237735897717108,0.02687790172919014,1.333452882980978e-14,0.9722983246810243,3.070903759449555e-290,2.1381006666420463e-13,0.0013147615868590113,0.04307859415522987,0.9556066442576969,0.0004121049297705075,6.089937010213713e-06,0.96632053545188,0.0,0.03326126968133581,6.043936388734536e-15
1290,0.9999995878884743,4.1211152492031953e-07,0.19515140947781018,2.4895297076261734e-11,0.8048485904972967,0.001251447675659577,0.04978573733285886,1.1259349447026644e-14,0.9489628149914705,4.0547523275085675e-263,1.0777277610801926e-13,0.0028628268815350318,0.10115556531827165,0.8959816078000831,0.0003913344582245595,6.858751790387799e-05,0.8947911855735308,0.0,0.10474889245033775,3.105154389026028e-15
1293,0.011360398710534894,0.9886396012894654,7.272820067086442e-10,2.006296361004783e-06,0.9999979929763573,3.636329426387479e-05,0.9999636296484283,4.271813470514501e-09,2.7854920627841085e-09,0.0,3.136187474974049e-08,3.0356177156168765e-05,0.9999696110052214,1.455750609592346e-09,1.1850569367325578e-05,1.298685340011184e-06,1.596135812762624e-09,0.0,0.9999868465562813,2.5928760660478554e-09
1294,0.5251770592624795,0.47482294073752107,5.325233700768152e-06,5.202125517889032e-07,0.99999415455375,0.7656490813358807,0.23424941364365856,3.5919858975071333e-09,0.00010150142847683362,1.566788416171099e-270,2.588544852479385e-08,0.808499034128486,0.19144253358019353,5.840640587111614e-05,0.9660409922972729,5.607499844762648e-13,1.1182346389371041e-05,0.0,0.03394782508086111,2.7491485409723323e-10
1295,0.03187270808153072,0.9681272919184698,7.837175948792741e-08,8.941840865199318e-06,0.9999909797873736,0.1143224537375913,0.8856728247812004,4.339100313391805e-07,4.287571173729762e-06,0.0,4.283677868953994e-06,0.10036251997556048,0.8996299131939628,3.283152606811378e-06,0.004709388842210228,0.601051132077332,2.986318680412534e-06,0.0,0.3942362279945968,2.6476718266779607e-07
1296,1.5887220877593035e-11,0.9999999999841123,1.498561677848611e-17,0.9998175470531946,0.0001824529468101226,0.9962990881380818,1.4995214142690987e-09,0.0037009103624031964,3.297600609926318e-17,0.0,0.022222921555505138,0.9777770773099834,1.1345183203286565e-09,2.3364634286406273e-17,0.9937353162252549,1.9437756742676572e-05,2.765751890993831e-17,0.0,2.505140567598185e-18,0.006245246017996001
1297,0.9943571745922475,0.005642825407750226,8.560141707446903e-05,2.6810357915067555e-07,0.9999141304793461,0.9981028146288663,0.0001303439495142692,1.840171210266745e-10,0.0017668412376045152,6.917984927259521e-288,1.916203077804838e-09,0.9986110904028821,0.0001467211665250791,0.0012421865143884521,6.03874305102082e-10,0.9999999405837432,5.8812374938058685e-08,0.0,4.7512205791840277e-17,9.336960010120088e-15
1298,3.888531177328208e-08,0.9999999611146827,1.7398450808223356e-27,0.5261484352838369,0.47385156471616224,0.9999093559999472,3.3434856836610306e-07,9.030965148282565e-05,4.257687954653987e-21,0.0,0.0006004107798543693,0.9993991938810673,3.953390756917345e-07,2.9979776752836824e-21,0.00026422681665450574,0.9996014306774321,1.0233472200973036e-28,0.0,5.681852674509248e-16,0.00013434250591011406
1299,8.821401357195967e-05,0.9999117859864307,1.5209361105349517e-09,0.0005922347812918897,0.9994077636977716,0.8065906715687542,0.19339762517773285,1.168026918835844e-05,2.2984321899991534e-08,0.0,8.216129083338575e-05,0.8405479292930514,0.15936989419084727,1.522527043524326e-08,0.9586369883611064,2.3802464850404924e-05,5.048021660235716e-09,0.0,0.04133435644795173,4.847678068705371e-06
1300,0.9999999999995239,4.759152502855813e-13,0.9999988779506885,1.3326413979948666e-20,1.122049312772852e-06,8.221685802815678e-09,2.1092447179163262e-09,4.225154107822769e-25,0.999999989669071,1.9451235601036378e-205,7.171085451546022e-24,2.172661872755191e-08,4.2937559333965506e-09,0.9999999739796269,6.33302383034244e-10,6.131922192826979e-10,0.9999999955998256,0.0,3.153681512980888e-09,8.450361190733395e-26
1301,0.9999999999997122,2.8856102110354303e-13,0.9999995335764056,9.187035382490371e-21,4.664235958316095e-07,4.483303813510752e-08,3.781551407473584e-10,1.5789418524038632e-25,0.9999999547888062,2.2300413229341254e-224,3.048829238984207e-24,1.3914715388066936e-07,6.867297361515563e-10,0.999999860166116,2.147912936853791e-08,1.6779181463016307e-11,0.9999999780146533,0.0,4.89439302123206e-10,3.4134483333131864e-26
1302,5.5191639995328286e-05,0.9999448083600081,1.5567681784483932e-09,0.0010934310932406686,0.9989065673499912,0.9999742283603804,2.556574989339276e-09,2.5769083038857244e-05,2.7367159377888414e-15,0.0,0.00022138739608989824,0.9997786102058542,2.398056994593163e-09,1.7558425664816323e-15,0.9850384829156763,0.014872574539338192,6.005939867485371e-15,0.0,8.017807504913007e-09,8.893452716932902e-05
1303,0.9999999999967812,3.2191141473523394e-12,0.9999822991793339,6.208561356558207e-19,1.7700820667588045e-05,1.0548972359841551e-08,4.344834674352801e-07,2.287665682670385e-23,0.9999995549675584,7.181844001868394e-212,4.2030480731126484e-22,2.6513923523891387e-08,7.721983312804439e-07,0.9999992012877456,5.143597237124247e-09,7.632365308578884e-11,0.999999473769911,0.0,5.210101688618631e-07,4.988348574190191e-24
1304,0.00121708568815062,0.9987829143118471,4.675710132541927e-12,1.049118249184427e-06,0.9999989508770742,3.446901328661591e-07,0.9999996548422941,4.474241524722468e-10,2.0150946525451e-11,0.0,3.79695968318537e-09,1.6872425314444145e-07,0.9999998274668662,1.1923178673601906e-11,8.797471488024837e-11,0.003466913511690166,4.159772131551673e-12,0.0,0.9965330861446129,2.515611142711772e-10
1306,0.7675479518439383,0.23245204815605855,2.7700894953039963e-11,7.730437095672995e-05,0.999922695601343,0.9999999969014866,2.9834034060100496e-09,1.1498175614074154e-10,1.2488896370819568e-13,0.0,4.1986619194351436e-10,0.9999999967019875,2.878085132571424e-09,6.449610812509113e-14,0.7215685468288502,0.2784314451426882,1.9694423596291363e-12,0.0,7.2091264982452265e-09,8.173664903975878e-10
1307,0.9997740654366047,0.000225934563392065,0.03791151006393488,2.253458401655839e-08,0.9620884674014792,0.949146659612923,0.00023566413730317972,2.997688078481823e-12,0.05061767624677569,2.3504533913250098e-284,3.044762271938977e-11,0.9735135022890464,0.0002148628317264308,0.026271634848777495,0.7341043874107137,0.04996904835823292,0.21569974053750582,0.0,0.0002268236889345114,4.610955427368231e-12
1308,2.9736661834295065e-07,0.9999997026333831,1.4248905976720684e-10,0.3055919486519037,0.6944080512056099,0.9997790984667296,0.00016597315606749704,5.492835568315413e-05,2.152046039893526e-11,0.0,0.00036119869521655226,0.9995031691649462,0.00013563212493222345,1.490525803863726e-11,0.9999924976763361,1.492248642026271e-08,5.531023130294314e-13,0.0,3.333799956079966e-06,4.153600671970918e-06
1309,2.1357631540104026e-14,0.9999999999999787,3.9206902820593363e-22,0.9913998801682926,0.008600119831709316,3.4525532474913843e-06,0.5502330188746821,0.4497635285720692,1.8055367834514824e-20,0.0,0.878836146258379,8.812325434073462e-07,0.12116297250907675,3.8148026298798e-21,1.3288497953113246e-06,1.019057493790362e-06,6.67972917734029e-21,0.0,0.17095608734257117,0.8290415647501409
1310,0.01770569819513684,0.9822943018048579,7.303153500938574e-09,2.3796632009903575e-06,0.9999976130336488,0.03334560273378924,0.9666540899690834,4.7611987572262575e-08,2.596851390953143e-07,0.0,2.465686092913085e-07,0.05500475162675338,0.9449948156745218,1.8613012244128532e-07,0.018251478615256594,4.591525295168595e-05,1.5409713034429867e-07,0.0,0.9817024143173742,3.771728120313205e-08
1311,1.367149333961482e-07,0.9999998632850642,5.17431386551928e-11,0.5872931563868391,0.4127068435614183,0.9999998466199689,4.29481773194205e-09,1.4908517649020117e-07,3.577879456347623e-14,0.0,9.907825605918928e-07,0.9999990060496594,3.1677588335632035e-09,1.9160098959329533e-14,0.9999999987582129,5.742836740458199e-12,2.247062664122744e-16,0.0,1.9561980775135892e-11,1.216481536666033e-09
1312,8.69705308383271e-05,0.9999130294691634,7.486194236542863e-19,0.0001124417281546051,0.9998875582718422,0.06227516679214957,0.9377201368787159,4.694699220601735e-06,1.6299097859236675e-09,0.0,3.384224053825594e-05,0.05787847710599985,0.9420876797196328,9.338227909226226e-10,0.0017224968469336504,0.9982423816352698,3.4429121914164326e-16,0.0,5.087901995540094e-08,3.50706387816857e-05
1313,0.9999999998691109,1.3088750236236404e-10,0.9988365090669571,2.042887370169417e-16,0.001163490933041828,1.4374320161840063e-07,5.409688290117374e-05,1.428247627094832e-20,0.9999457593738976,2.4859339540264257e-231,3.0460810417374535e-19,2.9164308073505714e-07,9.937862732279982e-05,0.9999003297295951,1.1763124878293657e-08,7.37857637298291e-08,0.9999249488814732,0.0,7.496556963828425e-05,3.1713034545564597e-21
1314,0.3786245492265098,0.6213754507734902,7.754337902500548e-06,2.2489970948558673e-06,0.9999899966650049,0.9938369960873851,0.006137284816708392,1.186998494296425e-09,2.5717908906163973e-05,2.341878024103353e-287,1.0630807882759198e-08,0.9943973127895297,0.005585799266814112,1.6877312845862397e-05,0.9984937137342912,1.577252522246556e-05,7.949545283535125e-06,0.0,0.001482563968382919,2.268224279400377e-10
1315,1.3105885088750748e-11,0.9999999999868976,5.331099229151818e-17,0.9939743641050844,0.006025635894915619,0.9863997394889318,2.9517135761107165e-05,0.01357074337530605,3.0948025462796684e-16,0.0,0.056278498132558044,0.9436919365292603,2.956533817605197e-05,1.9633591974843622e-16,0.9999577553894674,1.9160917671669187e-12,4.353102407657711e-19,0.0,3.3981252506848454e-08,4.221062736651143e-05
1316,0.9999994925725568,5.07427443069092e-07,0.24271949428502873,1.2531933589904885e-11,0.7572805057024415,0.0010822502389102853,0.08002473846465465,7.802900125519275e-15,0.9188930112964294,4.8658706142675923e-262,8.036157971560021e-14,0.0022441210672339016,0.13381328224152209,0.8639425966911609,0.005977835483724796,1.3642099236717392e-13,0.8443521419411665,0.0,0.14967002257496692,2.6454092982005967e-15
1317,0.9999999999981384,1.8630512502416035e-12,0.9999992626507092,1.5146865512414773e-19,7.373492923918127e-07,1.9809909459300282e-07,3.826964544266249e-10,3.6809930106714866e-24,0.9999998015182091,5.5128510786325945e-214,5.872197332495322e-23,5.471045822520934e-07,7.288112414773047e-10,0.9999994521666062,2.1422048480059765e-07,3.545965928766008e-11,0.9999997852701643,0.0,4.738899974175412e-10,6.823663912037622e-25
1318,0.9999999999999432,5.724185652235429e-14,0.9999999097545859,1.0463000729397848e-21,9.024541542471648e-08,6.999624060113266e-09,4.426074192142869e-11,2.0038118216067263e-26,0.9999999929561163,1.6874946765389918e-216,4.155211643367831e-25,1.9717691955679725e-08,8.804987625730456e-11,0.9999999801942574,4.149203259406926e-10,5.045101588208778e-10,0.9999999990246735,0.0,5.5897691943020434e-11,3.412009243816972e-27
1319,1.9207452200868511e-10,0.9999999998079261,3.254429446711907e-24,0.6950661599537823,0.30493384004622,0.7364441530992742,0.1290126400875841,0.13454320681312215,1.7963709077486788e-14,0.0,0.5581858175683421,0.34985075967635954,0.09196342275528388,7.818009463016805e-15,0.00012550655894106097,0.9485758018468331,1.0925611293154226e-22,0.0,0.0213961161906199,0.029902575403599425
1320,0.9999999691327592,3.086723949841213e-08,0.9971934683157648,4.5264058241036013e-13,0.0028065316837836553,0.0012762585552895923,1.5671630662536447e-06,2.5980997292877964e-17,0.9987221742816417,3.3000595419277165e-229,4.836105802099168e-16,0.0027139490439219115,2.6064011785216054e-06,0.9972834445548989,0.00047499131075274295,2.290564334857277e-06,0.9995211093844604,0.0,1.608740455346524e-06,6.444888079651243e-18
1321,0.999999999570548,4.2944896245313746e-10,0.999915454938153,5.800996015123038e-16,8.454506184695547e-05,2.265003913104835e-05,3.139975390625161e-08,2.1657341696289468e-20,0.9999773185611153,1.0016157508240232e-212,3.405002001873176e-19,5.386829098959762e-05,5.707751832726928e-08,0.9999460746314904,5.8713720283822355e-06,6.285147361418966e-08,0.9999940350356573,0.0,3.0740841413065665e-08,4.581621252869783e-21
1322,2.3203674503198616e-14,0.9999999999999787,3.8209134134187473e-22,0.9981255108359108,0.0018744891640878239,0.00021779098127923537,0.05759042958364459,0.9421917794350732,9.784468427083804e-20,0.0,0.9912672359972545,2.739357994371658e-05,0.0087053704228039,1.0982321495885769e-20,0.0004939969417856724,1.6955857731229315e-07,2.6270152672663437e-20,0.0,0.00955153972606618,0.9899542937735681
1323,0.9999996999253777,3.0007462008387965e-07,0.36281611483237414,2.50033635078678e-11,0.6371838851426203,0.012542194848454244,0.001173540870281201,1.8658270392421207e-15,0.9862842642812597,7.952437389553624e-273,3.0116247567785144e-14,0.027993920991365856,0.0021384495066922317,0.9698676295019129,0.0005735572863167438,0.0008373632791433877,0.9965461201781657,0.0,0.0020429592563749937,9.812715748430167e-16
1324,0.01642751832804318,0.9835724816719581,2.68629022272135e-07,0.00032584675794358606,0.9996738846130316,0.9999613564131112,3.841932757587832e-05,7.465603818036838e-08,1.4960327821739749e-07,5.438089355927438e-308,8.715515829382266e-07,0.9999695631847836,2.9458965447452078e-05,1.0629818623408747e-07,0.22451429653018143,0.7754160711964413,5.848117826861607e-07,0.0,6.879228661962253e-05,2.551749787118488e-07
1325,5.239921739755725e-15,0.9999999999999929,7.320119226527138e-23,0.9872899592547911,0.012710040745204971,3.192839643439482e-07,0.96773609022896,0.032263590487079566,6.93201312997419e-22,0.0,0.17213813206679857,2.085836532694014e-07,0.8278616593495459,4.248616637858299e-22,3.3818340076760947e-06,2.9602779014346418e-12,2.388491804307242e-22,0.0,0.9165157655218282,0.08348085264120701
1326,1.21421684293924e-18,1.0,1.1301452704035246e-28,0.9999999796668961,2.033310088332234e-08,3.189786659365012e-05,4.241297967740004e-11,0.9999681020909966,8.370273656046426e-27,0.0,0.9999962305481124,3.7694455325212677e-06,6.3573757160812135e-12,1.15871998554703e-27,3.0669597638024886e-06,1.4817011232486125e-08,1.2864203075718214e-27,0.0,8.958897156808837e-20,0.9999969182232271
1327,3.5122173541326075e-12,0.9999999999964899,2.5970830859894983e-19,0.7522452856974181,0.2477547143025812,0.0006498086895411901,0.9767733104363121,0.022576880874148025,2.9086741457790218e-18,0.0,0.09899881627323626,0.00032023314046839127,0.9006809505862983,1.693358428093408e-18,0.00015078053250724085,2.8737050401362965e-07,1.835534416160107e-18,0.0,0.9555450168710792,0.044303915225905946
1328,3.423547628025201e-05,0.9999657645237209,8.228579443894802e-10,0.0042926382138222105,0.9957073609633168,0.9880060040967074,0.011984894312194785,9.099586437014943e-06,2.0046579308796173e-09,0.0,5.609532725425978e-05,0.9932556355552531,0.006688268184914682,9.325764509541806e-10,0.9989638142925603,1.7689029196279653e-06,2.905565211845764e-10,0.0,0.0010316668700506516,2.7496439104095774e-06
1329,0.2229136417445034,0.7770863582554937,9.074716651332596e-09,9.237466139132195e-08,0.9999998985506247,2.0910370642595893e-07,0.9999997888832804,8.436775026675693e-12,2.0045767915392484e-09,1.6980255048015e-311,7.825678310229741e-11,2.443296052107009e-07,0.9999997544237988,1.1683375111356195e-09,9.90166941056455e-08,6.281547419851775e-10,1.0340650821948687e-09,0.0,0.9999998993169379,4.144985714206458e-12
1330,1.3664131684028655e-19,1.0,4.078513970369783e-30,0.9999999270414177,7.295858876032372e-08,4.514285952714216e-05,4.956321894505257e-10,0.9999548566448365,5.527524090586365e-28,0.0,0.9999957229756493,4.27695573972032e-06,6.861699263251172e-11,5.539570895445553e-29,3.4986327421593835e-07,1.0316322037308413e-08,7.076918725089041e-29,0.0,3.124806497321036e-11,0.9999996397891602
1331,0.9968903249496277,0.0031096750503709666,0.002308247282535674,2.1524703575745976e-07,0.9976915374704298,0.9968751767904761,0.0003480089507255465,9.653614788430191e-11,0.002776814162263226,1.1487787886343964e-299,6.846285056170009e-10,0.9982051844238142,0.00028722186945472224,0.0015075930220994223,0.05088496876190174,0.9451729339441133,0.0037571372292033167,0.0,0.00018496003312946412,3.165270468427148e-11
1332,0.9996561292633558,0.00034387073664068945,0.0025099744792426715,2.0832440803153857e-09,0.9974900234375104,0.10231380746644805,0.76312415812008,3.285529892201585e-11,0.13456203438061903,5.631377157412383e-298,1.8378583064871635e-10,0.12783691801867186,0.7868689429483413,0.08529413884920348,0.2868664075483567,8.301395021295785e-12,0.06375559382921524,0.0,0.6493779986058208,8.306228894038796e-12
1333,2.6358013150041626e-16,1.0,6.262963000561784e-32,0.9999989604046536,1.039595340797116e-06,0.10436593293653641,3.1113891815024954e-09,0.89563406395208,3.618574685238524e-26,0.0,0.988145160899173,0.011854838766532637,3.343010206219152e-10,3.3869427832144486e-28,3.8648089790700306e-10,0.0001468555855916804,4.784740309668384e-30,0.0,5.347964010930118e-10,0.9998531434931379
1334,1.0642960159266142e-18,1.0,4.792984497731257e-28,0.9999999951772907,4.8227074740713725e-09,0.011851390344505743,9.296726906175047e-12,0.9881486096462037,1.4034014460551086e-25,0.0,0.9991030901698268,0.0008969098291658129,1.010081845622709e-12,1.6735899415358126e-26,0.013884121125318769,3.5525765213437696e-08,1.722591447847068e-26,0.0,8.332364331654609e-21,0.9861158433489138
1335,6.422149338465147e-16,1.0,5.406016336374697e-26,0.9999642724453742,3.5727554619750766e-05,3.3765944629071565e-05,2.112958365592898e-15,0.9999662340553638,6.787205098215075e-24,0.0,0.9999967051489301,3.2948510701331906e-06,3.610491880759537e-16,8.411588732385269e-25,1.9695074854429585e-08,0.00048336454109957467,6.22723252858322e-25,0.0,3.239920936381456e-24,0.9995166157638227
1336,1.1310511905497965e-23,1.0,1.5626619914096354e-33,0.9999605845100235,3.941548997365283e-05,2.167026248540477e-05,1.0614717996358803e-06,0.9999772682657118,3.901666908963063e-32,0.0,0.9999978801307509,2.1198692447023297e-06,8.157972817529758e-15,5.566241409091794e-33,2.4546204069398084e-10,0.41599284724491975,1.4566033507211362e-32,0.0,7.41205671453234e-08,0.5840070783890465
1338,0.999876092692816,0.00012390730718754543,0.03706778201585916,7.985464443802867e-09,0.9629322099986766,0.9332838170394312,0.001998790151706942,2.896345108122916e-12,0.06471739280596774,4.6607583419189364e-251,1.7005292205307466e-11,0.9679298988078066,0.0014746574775073066,0.03059544369768293,0.979051455004012,1.4274171717537086e-11,0.02038740143315358,0.0,0.0005611435482444014,3.126464297658123e-13
1341,0.9999999988361239,1.1638766611073766e-09,0.9968105934632162,5.0414367825353555e-15,0.0031894065367770496,5.886023284744191e-06,3.454632626864086e-05,2.9897704487448675e-19,0.9999595676504438,3.811711338529708e-248,5.902338839580593e-18,1.208042979543512e-05,5.810442565653529e-05,0.9999298151445515,7.986783321937936e-07,4.482148027191707e-07,0.9999585027421525,0.0,4.025036470943732e-05,7.387091356718485e-20
1343,0.6971451778215086,0.3028548221784896,0.0003461112199709461,6.001016806556874e-06,0.9996478877632206,0.9999949477632212,1.0251892504183234e-06,1.4282367998085982e-11,4.027033245872437e-06,6.066886429606546e-274,6.742915276138175e-11,0.9999977025713379,5.468446227447435e-07,1.7505166117479257e-06,0.9999999123144757,1.680445447427884e-15,6.85255881253271e-08,0.0,1.915968391926086e-08,2.5011479718118544e-13
1345,0.9999997340070265,2.6599297405852495e-07,0.9444119873505745,6.146080580070478e-11,0.05558801258796694,0.12385124827813189,2.592986736889952e-06,2.6857790454839033e-15,0.8761461587351307,1.120036755586497e-275,4.228997678365428e-14,0.2649434888778257,3.82561039035296e-06,0.7350526855117417,0.014093296603621821,0.002626835989434716,0.9832793753441368,0.0,4.92062805429687e-07,8.410263589706943e-16
1346,0.9999932178947813,6.782105220002753e-06,0.015138611659516302,9.52438861359026e-11,0.9848613882452391,0.0018924936205090468,0.8724601008373722,9.57164083194238e-14,0.1256474055420226,7.15630689764554e-266,9.557880708111045e-13,0.002563770061004755,0.9221658260593479,0.07527040387869267,0.0001891995285775479,0.00018280427558547304,0.07633068400221912,0.0,0.9232973121935737,4.34285762827717e-14
1348,0.9999999999150262,8.49703902896374e-11,0.9974973402568965,1.7772038815480902e-16,0.0025026597431028123,8.408672123691133e-08,0.00019579370064802987,5.462573604929793e-21,0.9998041222126316,4.1857762835882614e-247,8.512362023741063e-20,2.0545572951413318e-07,0.00035457728019290774,0.999645217264081,1.0612271248660253e-08,4.261025096567749e-09,0.999487368081013,0.0,0.0005126170456902683,1.6361288533140392e-21
1349,0.00041403906089288654,0.9995859609391081,2.4080315195876026e-09,7.319285956095534e-05,0.9999268047324056,0.13324314740498053,0.8667550817335226,1.6739884248296678e-06,9.6873074581499e-08,0.0,1.1966099479491366e-05,0.12740653141880898,0.8725814459497989,5.6531915025638525e-08,0.23924104517236425,0.0001604358664406766,8.914391011174941e-08,0.0,0.7605968754701454,1.5543471378544126e-06
1350,6.604463099181709e-12,0.9999999999933991,1.3807393132424703e-19,0.11451591846830618,0.8854840815316959,3.205198620055393e-10,0.9999946950454398,5.304634037237644e-06,3.2239654987330385e-21,0.0,4.0669461300380205e-05,2.0004353795194502e-10,0.9999593303386587,2.2061549860185407e-21,4.7611017438884207e-11,1.1008435647291922e-10,1.170912554753593e-21,0.0,0.9999910181636261,8.981678675354403e-06
1351,0.999998203202638,1.796797364211945e-06,0.14994228852397973,1.0670373606067094e-09,0.8500577104089796,0.9999999952278458,3.307903050594222e-13,1.3353576034696545e-13,4.771689206417932e-09,2.4152948451579026e-250,9.982572484691089e-13,0.9999999979045882,3.039366647755886e-13,2.0941078191418176e-09,8.305782109825458e-05,0.9999169416971686,4.817190364996737e-10,0.0,1.1723858386932097e-14,3.2929121853504366e-15
1352,6.965509424833692e-11,0.9999999999303384,1.6985004287586493e-23,0.9998545678650207,0.00014543213498171138,0.9999083250551726,1.4611868042115947e-12,9.167494336843978e-05,1.396314967338863e-24,0.0,0.0005329059954859385,0.9994670940030224,1.4881121988302035e-12,1.1345838288128753e-24,0.9983426937469769,0.001081938299787827,3.2152904832011055e-24,0.0,9.28755245894233e-21,0.0005753679532340794
1353,2.1839434291053242e-29,1.0,1.248881462079766e-60,1.0,8.886754727551763e-16,1.1226156493428529e-12,7.865289534757839e-21,0.9999999999988773,2.7262444087092945e-60,0.0,0.9999999999998721,1.2696834636979964e-13,9.945371532377196e-22,5.914887287673759e-61,3.355070981827441e-14,6.963705478451641e-15,1.980823596758221e-61,0.0,5.104251030022877e-31,0.9999999999999574
1355,0.9999999988710115,1.1289867323271889e-09,0.997023319517468,2.744074464775923e-15,0.002976680482532654,2.941347864094516e-06,3.37543151925215e-05,1.5858523841264357e-19,0.9999633043369434,6.617045927354502e-230,3.169491769073254e-18,6.233260324608605e-06,6.2121844661307e-05,0.9999316448950164,3.073105140590715e-07,2.462297964359286e-07,0.9999520342928192,0.0,4.741216687282734e-05,4.7700913009618823e-20
1356,1.0914216783822985e-05,0.9999890857832155,3.1392088878648e-11,0.0001543912836801879,0.9998456086849272,0.0006984415166148809,0.9993013819771556,1.764020466881282e-07,1.0418208269638044e-10,0.0,1.6955343494628788e-06,0.0005088762281560205,0.999489428169344,6.814755485575477e-11,0.012885789210619324,3.8904782082662e-09,5.3384131295632394e-11,0.0,0.987114030326157,1.7651936239952385e-07
1357,0.9999999961007333,3.899265112578821e-09,0.9992865414368026,3.696466760599767e-14,0.0007134585631637665,0.0001960137394711807,3.6654335716924703e-07,1.2412231685392512e-18,0.9998036197171709,6.968879917163333e-248,1.4982322571672592e-17,0.0005555043235239783,6.620224442712343e-07,0.9994438336540308,0.00014790924272583875,1.109814714759328e-07,0.9998516543526256,0.0,3.2542317950995566e-07,4.523017517550905e-19
1358,0.9999998925364779,1.0746352065681593e-07,0.9069584300101784,4.127206017131228e-12,0.09304156998569794,0.002104213305531936,0.00038561996308382755,6.263801039142095e-16,0.9975101667313822,1.8773879507765393e-254,9.066037845105028e-15,0.004284551599958796,0.0007727380857282824,0.9949427103143069,4.0232720423400627e-05,0.00020150558155018173,0.9993630271123971,0.0,0.00039523458562998543,1.6510218215644823e-16
1361,4.862005290877356e-34,1.0,5.2129108256915973e-76,1.0,1.3062293502847856e-19,1.4926162394286122e-14,2.946160166871511e-57,0.9999999999999858,8.861049466177011e-83,0.0,1.0,1.785542270709408e-15,8.142184151560594e-58,1.8498738948039372e-83,7.778740516590627e-31,1.2494390927688377e-18,1.5592634497349727e-91,0.0,9.40951287249419e-67,1.0
1362,2.916076679726106e-22,1.0,1.1670834058110958e-34,0.9999999997047126,2.9528142293279896e-10,1.6581071066575284e-07,5.925902402814455e-13,0.9999998341886989,7.987187458106455e-33,0.0,0.999999989093368,1.0906556896600915e-08,7.634806994691518e-14,1.0273724385201903e-33,8.400542304661949e-10,9.379640446802953e-09,6.857678105751244e-34,0.0,2.1049218506265863e-22,0.9999999897803065
1363,4.860839797390964e-18,1.0,4.134421276913321e-27,0.9999999170419648,8.295803754708927e-08,0.0131904662641577,1.0234626135400502e-08,0.9868095235012179,1.3166923154572645e-24,0.0,0.9988490724663202,0.0011509263356752862,1.198009601352907e-09,1.5189047944048924e-25,0.8664782111829679,1.6809840625552281e-12,9.670550072865422e-26,0.0,1.8652057080327874e-10,0.1335217886288236
1364,1.6080328714729873e-10,0.9999999998391971,2.08094364742963e-16,0.8925840172147734,0.10741598278522381,0.22533107837606825,0.034846483845311894,0.739822437778579,4.383709655780051e-14,0.0,0.9680938038695511,0.02693307833027371,0.004973117800173348,4.884649743215508e-15,0.0040261047046808544,0.4707666326067566,1.6647368162690032e-14,0.0,4.560482981759719e-11,0.525207262642944
1365,0.010215491299408156,0.9897845087005953,2.7498778242290685e-16,5.435096150258415e-05,0.9999456490384994,0.9860260800339128,0.013973488394539917,3.53507232526256e-07,7.806431425597332e-08,6.814563467e-315,3.4661676014565406e-06,0.980139630264037,0.01985684504950895,5.851885143272249e-08,1.2058202161004968e-05,0.9999441759009314,5.212519449024923e-17,0.0,4.376317599745346e-05,2.720908078953904e-09
1366,1.0,1.1484254307894967e-16,0.9999999991617994,7.00107065875726e-26,8.382006011540262e-10,1.1936970095215512e-11,8.102635655445549e-13,9.017090316026266e-31,0.9999999999872529,8.087474061139584e-181,1.8100679094347396e-29,3.7167084109601906e-11,1.65288841404339e-12,0.9999999999611795,2.9326594496015857e-13,5.9999506734790435e-12,0.9999999999925713,0.0,1.136333827744792e-12,1.220286510089553e-31
1367,6.039673184385992e-07,0.9999993960326824,1.1039676145404151e-13,0.00040557938533770574,0.9995944206145484,1.0662602005767806e-07,0.999999712476145,1.8089782567186286e-07,1.2168919972119234e-14,0.0,1.7870637021337273e-06,1.0202261651253062e-07,0.9999981109136735,8.712646291619918e-15,5.527186286469471e-08,7.812964590380878e-09,9.124106784784436e-15,0.0,0.9999997067687264,2.3014643791796378e-07
1368,1.6378471775833373e-19,1.0,6.4410665940642655e-34,0.9999999762989379,2.3701059919785925e-08,1.595148735912763e-14,0.9956151026473634,0.004384897352622297,7.022555779343899e-27,0.0,0.020939148884116125,9.196260313212023e-15,0.9790608511158777,4.095388385620375e-27,1.9367069656181233e-18,0.0017798637209222987,2.3346904251167803e-34,0.0,0.994589575776401,0.00363056050268366
1369,0.06638578947416578,0.9336142105258369,7.118297963854172e-08,4.1297361791080934e-05,0.9999586314552241,0.99999993538488,1.6082251766499124e-15,1.4246527050453928e-08,5.036859583935733e-08,0.0,9.59243410846646e-08,0.9999998688715067,1.844356216705293e-15,3.520415674199001e-08,9.532355479808606e-12,0.9999999999902016,2.0964290014652894e-13,0.0,4.3604912207390784e-29,5.730273228918622e-14
1370,0.9999999959442931,4.055704372776577e-09,0.9980967690992155,1.1555987255219967e-14,0.0019032309007705646,3.5904619884506e-05,6.2804506887706e-06,7.0299388139187225e-19,0.9999578149294261,4.5887065268343995e-237,1.0726714209030895e-17,8.476659583702015e-05,1.1195328574053254e-05,0.9999040380755877,1.7336149286490953e-05,1.0990522305231513e-07,0.9999753555317606,0.0,7.198413732366249e-06,1.5754984763225933e-19
1376,5.1508358945110616e-11,0.9999999999484928,1.2282384123933893e-16,0.9593186969258773,0.04068130307411734,0.9670865562875562,0.001957983738676931,0.030955459973756847,6.380743463635718e-15,0.0,0.30415444626550336,0.6931182240128068,0.002727329721689136,5.686709484568532e-15,0.9936733846041391,3.1636066430883093e-06,7.07686726446867e-16,0.0,0.0002004969020919351,0.006122954887120954
1377,0.9999999999999325,6.792286039788792e-14,0.999998440751782,1.465872413025208e-21,1.559248216473186e-06,4.724369594341113e-10,1.1766440508198631e-08,6.150820986683694e-26,0.9999999877611216,3.3824310617641116e-204,9.065457092591153e-25,1.3641831986198484e-09,2.356598495879963e-08,0.9999999750698304,2.3106449901776284e-11,8.271636950504337e-16,0.999999977933552,0.0,2.204334113887352e-08,1.1963824152592628e-26
1378,2.4730444333547883e-34,1.0,1.709206488679288e-46,1.0,1.3407620450540995e-23,5.090919020184086e-21,6.049470446795393e-36,1.0,5.970313223354329e-45,0.0,1.0,5.69581995735693e-22,9.78915031256504e-37,9.258390632761396e-46,4.8602340005179283e-26,2.9290458158848375e-11,5.763747421166346e-46,0.0,2.7150411816549414e-45,0.9999999999707114
1379,0.9999998199769868,1.8002301250275465e-07,0.024820029960406633,6.534989269351124e-13,0.9751799700389375,5.644036495441238e-08,0.9925142565195073,3.3182918727251053e-17,0.007485687040127381,3.7422912873773553e-264,2.8571041721644285e-16,5.979061804970813e-08,0.9958659731724745,0.00413396703690741,1.6903080958827814e-09,2.406423370807196e-08,0.0025959300899415314,0.0,0.9974040441555163,8.22193501613589e-18
1380,0.6800512065553911,0.31994879344460614,1.1529820733495555e-07,7.031463042364068e-08,0.9999998143871623,8.493107446502802e-08,0.9999998766351089,4.5851566220125894e-11,3.8387962980246613e-08,1.57e-321,3.503350970572132e-10,7.886807883676058e-08,0.9999998970782595,2.3703326751206825e-08,1.6731407843062132e-09,6.583765265043475e-06,2.5558773297532285e-08,0.0,0.9999933889788758,2.3946435509584234e-11
1381,5.436136995650805e-11,0.9999999999456364,7.874800337147493e-17,0.6214358836912466,0.3785641163087539,0.0019420085525617176,0.9848618529725804,0.013196138474858744,1.203202622790601e-15,0.0,0.11302076437006249,0.001307908676064964,0.8856713269538707,7.960082694905215e-16,0.012671611537220363,9.328611431522964e-07,9.407139558989754e-16,0.0,0.9537364817027998,0.03359097389883726
1382,0.5796601465537757,0.4203398534462277,1.6612174476133043e-07,4.1243980692153573e-07,0.9999994214384498,0.04728445380036086,0.9527054480424133,9.059994586979135e-09,1.0089097228924698e-05,0.0,7.690294586024703e-08,0.04543456781308389,0.9545595637149774,5.791568990009181e-06,0.00042311279901963616,0.5348769993909636,9.00021569033222e-06,0.0,0.4646908845999371,2.9943922503836207e-09
1383,0.016087847835490627,0.9839121521645063,2.1931002236993812e-07,0.0003102530903101478,0.999689527599667,0.9999998953591086,4.955137812353373e-22,1.0464088549069743e-07,4.29447091610473e-15,0.0,1.4229548697861527e-06,0.9999985770451295,6.029704018128105e-22,3.4893711552831493e-15,1.5654693405840097e-07,0.9999998432753737,9.007016955542252e-18,0.0,7.193470147811592e-33,1.7769170954437155e-10
1384,0.9996402574995658,0.0003597425004314483,1.7722870936971425e-06,3.7482269934959475e-11,0.9999982276754269,9.761019077703045e-10,0.9999997612147099,2.2161970616244087e-15,2.378091858201339e-07,3.2348071156405027e-273,1.3425231594295942e-14,8.735436770801478e-10,0.9999998774884564,1.2163798569312245e-07,1.1225951814767966e-11,8.372133953096062e-08,8.130835013754367e-08,0.0,0.9999998349590834,5.956980775618246e-16
1388,0.00018493379634705573,0.9998150662036496,2.4414019114181435e-18,0.0003143184327136588,0.9996856815672858,0.03700076701207063,0.9629766497200816,2.2579343255221212e-05,3.924595575770269e-09,0.0,0.00012548041341058801,0.03910620979461182,0.9607683072298108,2.5621654679452295e-09,0.00010252181741660903,0.471870868140365,6.426822936320152e-17,0.0,0.5280142922235599,1.2317818660439792e-05
1392,0.999948661440389,5.1338559607712046e-05,5.442946497351075e-05,1.7036531106365964e-11,0.9999455705179926,9.43534224528578e-10,0.999996963719857,1.0913654950946533e-15,3.035336609117017e-06,2.810421375653608e-292,7.11069174165648e-15,8.912351895426783e-10,0.9999981821660138,1.8169427451163292e-06,3.443326889039048e-12,8.085038436293597e-07,1.2373582469395581e-06,0.0,0.9999979541344681,2.3307996674585606e-16
1393,0.9999999996641691,3.3583284200851995e-10,0.9994722983886292,4.3080304957376175e-16,0.0005277016113697964,4.5145191410843056e-05,5.1813676834695184e-08,5.443611650945017e-20,0.9999548029949099,8.356308317189061e-239,8.476878513358611e-19,9.361015265882771e-05,8.482788313786796e-08,0.999906305019459,2.1179067849642105e-08,0.0020431718579841823,0.9979568069629468,0.0,2.6856084448459883e-16,1.3425220220210958e-20
1394,0.9999992798560093,7.201439922364612e-07,0.00290069625129534,5.392408665795454e-12,0.9970993037433106,3.591260235982667e-07,0.9947264022033719,1.3167134720065618e-15,0.005273238670599475,4.5055962723957326e-262,9.30378935737929e-15,3.813772973703479e-07,0.9969393962914106,0.003060222331283498,1.2589609726372792e-10,0.00011796932939883633,0.0012992387286218858,0.0,0.9985827918160828,2.6151819930376314e-16
1395,0.9999999459556236,5.404437911222835e-08,0.16224234903102655,2.4256359264746512e-12,0.8377576509665502,1.094303280124314e-05,0.5439220698434143,1.635756114299115e-15,0.4560669871237857,1.3597799271276109e-253,1.584588736316908e-14,1.7974890292169686e-05,0.6640832632167041,0.33589876189298457,2.2030890802165932e-07,7.915628648136481e-05,0.3331184209102589,0.0,0.6668022024943493,7.626495695989728e-16
1397,0.9999999990232027,9.76797535567917e-10,0.9835671448570166,7.732179257370002e-15,0.01643285514297563,4.832194200211371e-06,0.0003961025050969709,1.7431356770767972e-18,0.9995990653007059,3.337376792678226e-219,2.5924298297567604e-17,1.0458284112693479e-05,0.0007046740232959787,0.9992848676925922,3.613668557567106e-08,8.308895374502804e-05,0.999244841035499,0.0,0.0006720338740668649,3.206363338590917e-19
1401,0.9999999971291444,2.870857444011289e-09,0.9995996500184183,9.639099846093039e-15,0.0004003499815726018,6.309124888750205e-05,3.0794411246209123e-07,9.72303822146722e-19,0.999936600806998,7.237378033373775e-231,1.5679516040065736e-17,0.00013855550352514015,5.327457098964065e-07,0.9998609117507632,1.1297099066295874e-05,2.1564775215266738e-06,0.9999862517706346,0.0,2.9465277575618444e-07,2.350913819672e-19
1402,0.014192231727006208,0.9858077682729944,2.0199749012724572e-09,2.4313996248914603e-06,0.9999975665804022,1.2815952470496242e-05,0.9999871717624077,8.827478227010885e-09,3.457641626013928e-09,0.0,4.293523755844031e-08,1.176493855463506e-05,0.9999881903004374,1.825770362256679e-09,3.1780986429664765e-06,1.900321515686527e-06,1.832988663446075e-09,0.0,0.9999949147448585,5.0019909012061545e-09
1405,0.9999999999999858,1.421312284910289e-14,0.9999999549241788,1.024932018418462e-22,4.507582194605197e-08,4.7065219340400085e-09,2.791654850975252e-11,2.792746643551472e-27,0.9999999952655614,1.4816509509583326e-156,4.665321499293581e-26,1.280246582484074e-08,4.971207631540772e-11,0.9999999871478238,3.6143391997053216e-10,8.893476985722563e-11,0.9999999995078781,0.0,4.175319003725768e-11,4.110403870472805e-28
1406,1.3483790181193253e-06,0.999998651620984,9.333855273289878e-14,0.00034067940058720743,0.9996593205993174,1.1748845349920943e-05,0.9999875080885018,7.430660186612122e-07,1.3205708852822521e-13,0.0,5.055778120533421e-06,1.1968482169481465e-05,0.9999829757396262,8.370737167811884e-14,2.5896089421813343e-06,5.709689622364149e-06,1.0515658418156354e-13,0.0,0.9999909306231851,7.700781420820044e-07
1412,0.017321015373455224,0.9826789846265483,1.742655738404707e-18,2.1131363011985494e-07,0.9999997886863677,4.206450733618426e-10,0.9999999995621636,1.2762150328153882e-11,4.431717446080985e-12,0.0,6.917863726768952e-11,3.241535180519075e-10,0.9999999996045759,2.0938224250567857e-12,7.14254951570634e-13,4.407760474904582e-08,4.1116155581334626e-20,0.0,0.9999999559149525,6.72578393975356e-12
1414,0.9999999894561498,1.0543848426887919e-08,0.9941230348839578,1.0988990101051012e-13,0.005876965115932453,0.00017649415984190547,2.9097365932082578e-05,1.5716946061063475e-17,0.9997944084742233,9.542312527235573e-237,1.8725768887839284e-16,0.0004182713952396387,4.816630265026836e-05,0.9995335623021097,3.5129982116829494e-05,2.921643846883566e-06,0.9999347013598923,0.0,2.7247014147278637e-05,5.907014588759926e-18
1416,1.1942326180946244e-13,0.9999999999998863,2.9455721979630687e-20,0.9999889207901358,1.1079209863853899e-05,0.9995472555978459,8.684396330074365e-11,0.00045274431531230913,1.3132399429304103e-20,0.0,0.0031496315103039236,0.996850368423735,6.595900448592917e-11,8.637665630912349e-21,0.9999955307500525,7.969696707677032e-14,3.3632039009790603e-23,0.0,6.668067515528873e-14,4.469249802997387e-06
1418,0.9999999999976943,2.3049302726279773e-12,0.9999743060513621,1.765911980357392e-19,2.569394863638132e-05,3.566343671702581e-08,1.6640504666976652e-07,9.700968066047438e-24,0.999999797931518,2.0826015724625137e-184,1.5951438496262183e-22,9.099687991525637e-08,3.239792957389781e-07,0.999999585023823,7.637667959541602e-10,7.028442366412311e-08,0.9999996650786996,0.0,2.638731099933736e-07,1.6418565061873995e-24
1419,0.9999899308039178,1.006919608150532e-05,0.0015197486610235085,3.748635235065633e-10,0.9984802509641106,0.2134529415037148,1.4125171844936732e-10,3.2749760925236024e-11,0.7865470583222804,1.0909348926647875e-277,3.892515287264931e-10,0.3329708787570943,2.340523881637578e-10,0.6670291206196024,8.237812878686758e-14,0.9999995881724852,4.1182742920312135e-07,0.0,2.003536245325178e-24,2.2174227331147153e-17
1420,9.489531906645008e-06,0.9999905104680936,1.761174930735711e-09,0.0065869638407350575,0.9934130343980917,0.9999519357156811,4.790300790536782e-05,1.6117620872773826e-07,1.0020278495949954e-10,0.0,1.1645986508292698e-06,0.9999555914523601,4.324388533076395e-05,6.36593437354665e-11,0.9999989688781583,2.1604417812162068e-10,1.8842386113814184e-12,0.0,1.025333818330111e-06,5.570094845439659e-09
1421,2.5343937886206456e-08,0.9999999746560636,1.4861872660615144e-12,0.5594595768226076,0.4405404231759068,0.9907719254208394,0.005934913610427802,0.0032931609616069896,7.1285640400830605e-12,0.0,0.02163530354079228,0.971942101092505,0.006422595361900895,4.7992221474780594e-12,0.999269093219011,2.4133273089895384e-06,6.156350851139239e-13,0.0,0.00026013204858388344,0.00046836140448398313
1424,0.8509783854970521,0.14902161450295145,2.8853010977307375e-13,1.5741039378654143e-06,0.9999984258957707,0.9999999940372604,9.963169848858605e-12,5.948873634522314e-09,3.9045017460074916e-12,0.0,5.8260025607996555e-08,0.9999999417271058,1.0741630015129549e-11,2.124164648237892e-12,2.157545416514448e-13,0.9999999999860236,2.9598905677425837e-22,0.0,1.6615435482712114e-22,1.3759470971657753e-11
1426,0.999995186347473,4.8136525241745094e-06,6.551597708190812e-10,3.739170048222572e-10,0.999999998970921,0.053413574744318654,0.0020070050829309096,1.1409103983307609e-12,0.9445794201716126,3.165709083446889e-288,1.4550435316961437e-11,0.08150359362910128,0.0033848250520462668,0.9151115813043047,6.353595145696473e-11,0.9999999999327471,3.70781700213516e-12,0.0,5.9842339073166674e-15,1.0362766569931768e-16
1427,0.9999999999972786,2.721861912210021e-12,0.9999974212555142,7.691482575542635e-20,2.5787444888348784e-06,9.720467205101426e-08,4.310525665241446e-09,1.370955637373656e-24,0.9999998984848,3.319116991113351e-231,2.3007273761632075e-23,2.8204444908894264e-07,7.633133595945643e-09,0.9999997103224161,2.588860330509843e-08,4.1343683342319465e-11,0.9999999675332388,0.0,6.536813073012282e-09,4.2638508385385e-25
1428,0.9999023812149763,9.761878502276714e-05,0.05058522597975215,5.7238143634963004e-08,0.9494147167821022,0.9935819876471649,1.0223133418380945e-15,1.05243226698973e-12,0.0064180123517799175,7.3322720371580675e-292,8.613652304310173e-12,0.9966334775753798,9.533114243077164e-16,0.0033665224160061213,6.072719261096974e-07,0.9999812401617326,1.8152566340391025e-05,0.0,2.6632993997941053e-26,1.817294277398298e-15
1430,0.9984287397934708,0.0015712602065311933,9.799086971111744e-05,5.381353179781183e-09,0.9999020037489349,0.0491253357935856,0.9401102313464064,1.8185199946738566e-10,0.01076443267815385,7.165324574230989e-282,1.9139192099060066e-09,0.04574985632953658,0.947505691151935,0.006744450604609695,7.456551157014098e-06,0.9834875190017305,0.0005049478202453254,0.0,0.016000076622439553,4.42606832124502e-12
1431,1.0,0.0,1.0,0.0,0.0,0.0,0.0,1.0,0.0,1.0,0.0,0.0,0.0,0.0,0.0,0.0,0.0,1.0,0.0,0.0
1433,1.3389199701276819e-21,1.0,5.853747076292928e-33,0.9999999967142159,3.285784564259781e-09,2.966796875358323e-07,2.6637788108253187e-10,0.9999997030539319,3.3003765319042873e-31,0.0,0.9999999505470013,4.940344666288192e-08,4.954954308177601e-11,5.678457128529984e-32,1.4638734166328209e-06,1.563411876501918e-13,4.222809632211616e-32,0.0,1.775570574620547e-11,0.9999985361086686
1434,0.9999999999996589,3.4161451708142865e-13,0.9999978553762514,1.3057321830905274e-20,2.1446237480419395e-06,9.966732646535606e-09,1.1210494967658275e-08,4.083657437637205e-25,0.9999999788227714,1.1625030791693544e-194,7.200065397271682e-24,2.9037402742460413e-08,2.09284922346036e-08,0.9999999500341067,1.4682037005996715e-09,1.8969435115455423e-10,0.9999999801208015,0.0,1.8221300292415303e-08,9.134663747622736e-26
1435,2.599468246129042e-18,1.0,3.954927959949773e-25,0.9842456494149228,0.015754350585074895,0.6343711326741966,2.691560369921732e-21,0.36562886732580996,8.722996829192849e-38,0.0,0.9087296881210254,0.09127031187897096,3.28621140222266e-29,1.3564190935911048e-38,5.098108550487666e-16,0.9999550242568161,6.010783223246426e-42,0.0,2.208187343539138e-33,4.497574317836302e-05
1441,5.993419689515761e-20,1.0,5.4724991483464764e-27,0.999999999738165,2.6183635634014586e-10,1.1093992822463442e-08,7.99890893581625e-13,0.999999988905202,1.244807613285007e-24,0.0,0.9999999989116191,1.088212292641369e-09,1.6513252363023585e-13,1.637111566393032e-25,5.497079916656806e-14,0.9858632529704132,9.410345319323749e-27,0.0,3.508216393971939e-23,0.014136747029532645
1444,2.130063077504656e-09,0.999999997869935,2.6353358784127157e-14,0.548876356626405,0.4511236433735678,0.23319123661891025,0.7102193193747625,0.0565894440056908,6.397994949542874e-13,0.0,0.4098023496684593,0.12190564482247293,0.46829200550873024,3.3932756424739247e-13,0.6268390610494312,0.0002435846220384726,4.210680062459651e-13,0.0,0.27916890490090795,0.09374844942719995
1445,9.158291228230868e-22,1.0,1.4065133846418976e-34,0.9999999994165449,5.834491767980287e-10,2.794399227505985e-07,9.166958662118496e-38,0.9999997205600799,1.1856969917764384e-47,0.0,0.9999999641867283,3.581327837946237e-08,1.5570238958009637e-38,1.3443496806614298e-48,4.0842275375823213e-17,5.0612704553684424e-08,7.046238289303254e-49,0.0,4.476150111608166e-47,0.9999999493872891
1451,5.515610908272401e-24,1.0,5.331127077932101e-47,0.9999999983064924,1.6935114543091857e-09,9.031456959824386e-12,7.520488868407991e-27,0.9999999999909619,1.8814495532228568e-45,0.0,0.9999999999994742,5.224491665453182e-13,1.234871708993431e-27,1.8883199872508555e-46,2.7683659627629886e-35,8.064520675017418e-05,1.7610714326607938e-54,0.0,3.787717187258119e-36,0.999919354793251
1453,1.0,1.5177878873184986e-16,0.9999999988988648,8.696195764285891e-26,1.1011353977341459e-09,8.7608446765048e-12,1.6637800188977408e-12,9.113639245690126e-31,0.9999999999895763,1.0105025023767483e-170,1.8201206893328233e-29,2.7536692929161626e-11,3.413886803860921e-12,0.9999999999690488,5.572691807125941e-13,5.665924501559852e-13,0.9999999999959819,0.0,2.8943203893938582e-12,1.4492191653385334e-31
1457,0.010179196069564541,0.9898208039304366,1.4638138496193965e-08,6.71379869529655e-05,0.9999328473749095,0.9995967015613336,0.00040295776269602034,2.387816865406109e-07,1.0189428063837037e-07,5e-324,1.6779622366924144e-06,0.9996092221169024,0.0003890411806858495,5.874017819182051e-08,4.405169010458451e-09,0.9999999855521864,7.618315779197568e-12,0.0,1.0019453217949789e-08,1.557275807267976e-11
1462,0.9999999999976943,2.3052153490258873e-12,0.9999984035595328,4.0818662028938967e-19,1.5964404663401334e-06,3.090736740722669e-07,3.874384444088937e-11,1.6988894989247765e-23,0.9999996908875823,2.1492675954307148e-224,3.6757145883010603e-22,6.563556137391937e-07,7.079081956012119e-11,0.999999343573594,7.982203760498887e-11,6.614969410624016e-05,0.9999338502260721,0.0,1.778726072278409e-19,3.138698827522408e-24
1463,0.7386210866761223,0.2613789133238808,5.134969827060055e-05,4.331461675286031e-06,0.999944318840056,0.9997515743027807,0.00020213473256106996,1.080144049021475e-09,4.628988451315483e-05,0.0,8.751812134051733e-09,0.9997962466850111,0.00017818363633201694,2.556092684763052e-05,0.9964905253938127,0.0033185081878429157,5.597668533967978e-05,0.0,0.00013498888570974977,8.472958185959394e-10
1464,0.9999999840881274,1.591187098479253e-08,0.8678913677294673,2.523213959256106e-13,0.1321086322702838,1.1540855030359236e-05,0.010701091370108821,1.3903780887225003e-17,0.9892873677748607,1.71039867651184e-238,2.9275456665204956e-16,1.9229660513977448e-05,0.018957927300345897,0.9810228430391403,1.0249415864524374e-06,3.572015332251657e-06,0.9801181759708432,0.0,0.019877227072239455,5.1851364783810475e-18
1465,4.111154673262997e-05,0.9999588884532687,7.509946193509041e-10,0.011217699384141907,0.9887822998648669,0.9999621083072555,5.518621520196248e-14,3.789005288620352e-05,1.6398047804764418e-09,0.0,0.00032235820515879487,0.9996776404712532,7.787184822592339e-14,1.3235125663706144e-09,1.175637412998501e-10,0.9999999994236646,1.7999593351046536e-14,0.0,5.184792829264976e-27,4.587568428625661e-10
1467,0.9999999999999822,1.735990005308975e-14,0.9999999471828943,1.9919458434037548e-22,5.281710716128561e-08,1.4904785971758329e-09,5.023936333514588e-11,4.063568876848808e-27,0.9999999984592804,1.2227549726209899e-178,7.327137772713566e-26,4.381349865837352e-09,1.0045905998608511e-10,0.9999999955181913,1.2003979131505435e-10,1.1169496819140711e-10,0.9999999996969464,0.0,7.13192327799916e-11,8.506128569056707e-28
1472,5.1665684867235e-38,1.0,1.2509595384200455e-63,1.0,4.1636065138709807e-16,3.063395368105443e-12,1.5237194653410562e-21,0.9999999999969305,1.2641465500989989e-54,0.0,0.999999999999801,1.9457651664644643e-13,8.871465399968394e-30,1.710666716021498e-55,3.4400463884915068e-28,1.1907982826400516e-07,2.936058903004787e-63,0.0,2.350438898118336e-31,0.9999998809201784
1480,0.9999999999008509,9.914686028988958e-11,0.9994484173013237,1.3407215077795841e-16,0.0005515826986745353,1.5157973785526907e-06,7.78731587783388e-06,7.256066848723586e-21,0.9999906968867429,1.3959479438611487e-201,1.246984958338003e-19,3.2955564469618674e-06,1.2958905883338756e-05,0.9999837455376703,5.515386403838098e-07,2.0503140450115144e-08,0.9999853861753136,0.0,1.4041782906233226e-05,2.6360772406193214e-21
1481,8.421120975388359e-21,1.0,4.19798371287122e-39,0.9999999991801616,8.198368871864231e-10,1.345004565681346e-06,4.705528947013014e-12,0.9999986549907284,3.948868223475085e-37,0.0,0.9999998806784944,1.1932067157707858e-07,8.325579874409061e-13,6.233405370953916e-38,7.961895453887218e-08,1.2926309676279614e-08,8.451944489097011e-38,0.0,4.062230268317287e-13,0.9999999074543283
1482,7.694626483581611e-11,0.9999999999230553,3.978741474847555e-19,0.029871678761219243,0.9701283212387811,6.817034772663263e-11,0.9999968459653206,3.153966508511546e-06,1.7092265868606315e-20,0.0,2.4926744745235867e-05,3.378489688563772e-11,0.9999750732214703,1.2251631283570863e-20,4.8564363829787413e-14,3.5143914058204947e-07,5.773078497722849e-21,0.0,0.9999924886742251,7.159886587478012e-06
1483,0.0003889732983733222,0.9996110267016266,1.2981729197594376e-10,3.2623547914297676e-05,0.9999673763222702,0.0005262980998415793,0.9994735890980432,1.1158302649028354e-07,1.2190895169869534e-09,0.0,8.569216544378319e-07,0.00038648195850987763,0.9996126604232229,6.966126226574023e-10,2.367236866267947e-05,0.0005200245549140564,6.354874845713076e-10,0.0,0.9994562000982433,1.0234268904700038e-07
1485,5.542084664258481e-12,0.9999999999944578,9.075292235798646e-26,0.9969880362351274,0.003011963764873722,0.45116043500840247,1.4761821663633039e-05,0.5488248031699343,1.0508232733676897e-23,0.0,0.9438332838581494,0.05616353695013625,3.179191718701785e-06,1.8498079706442386e-24,4.016654402514677e-05,0.9645657899134152,3.9327000782067706e-25,0.0,7.157203154601863e-16,0.03539404354256596
1486,1.3661002072110309e-09,0.9999999986339034,4.309850209362007e-15,0.2999695166989202,0.7000304833010722,0.004670427623675044,0.9807954992041236,0.014534073172139554,6.209539411628294e-14,0.0,0.1370889860601414,0.0037939806448090965,0.8591170332950088,4.297928943707718e-14,0.0021989400817243117,0.006542365035597307,1.1763010773425362e-13,0.0,0.9369725981894975,0.05428609669305994
1487,1.0290074900432482e-14,0.9999999999999929,4.293173866044579e-31,0.9968834860118467,0.003116513988150328,3.088726924169291e-06,0.008572765843863706,0.9914241454292139,3.3512591482843536e-29,0.0,0.9987737869451634,2.386022496081471e-07,0.0012259744525855156,3.815349596769355e-30,5.283543092164669e-09,0.013508270662176306,9.96688727302139e-30,0.0,2.1135802909256288e-11,0.9864917240331432
1488,0.9999999943570899,5.642910346921621e-09,0.975603828527633,5.1140925796448675e-14,0.024396171472318096,3.436392237179644e-06,0.0006210354967982111,6.679871468699328e-18,0.9993755281109655,7.462733996988415e-230,1.1682144630293984e-16,7.15702973211707e-06,0.0011134575436448563,0.9988793854266247,3.6886182653841165e-08,9.245206132804688e-05,0.9992699340104313,0.0,0.0006375770420604601,1.3358949492617214e-18
1490,0.9999999999997513,2.4970637095415257e-13,0.9999998474915738,3.80758883772246e-21,1.5250842726132636e-07,2.6836260213057284e-08,8.529284793411665e-11,6.997706102506585e-26,0.9999999730784456,7.771391785837875e-205,1.1690172203994848e-24,8.271621664400533e-08,1.6252478236223736e-10,0.9999999171212578,1.2954197188696982e-08,1.994669000966311e-11,0.9999999869304084,0.0,9.544668305728825e-11,9.148530111340291e-27
1491,0.999999999999698,3.0272549326695185e-13,0.9999982552605303,5.892636477320668e-21,1.7447394684501703e-06,4.179086690781241e-09,1.0028621275676926e-08,1.510499257636701e-25,0.999999985792293,2.0777177594293814e-176,2.790493866071694e-24,1.1256234977255743e-08,1.974675949214346e-08,0.9999999689970065,7.28487334707024e-10,4.733173813484037e-11,0.9999999779947226,0.0,2.1229458484354653e-08,2.4093398450920954e-26
1492,1.790690558954304e-08,0.999999982093101,9.504414900213701e-14,0.5173179429686563,0.48268205703125083,0.9960814872934851,0.001152449513913511,0.00276606319231761,2.79206374105816e-13,0.0,0.023718890486221604,0.9751772661742926,0.0011038433392351824,2.439230357823809e-13,0.8322108200312895,0.1573288905532137,9.369930918643608e-13,0.0,0.00021742858284678703,0.010242860831706953
1493,1.0,1.1484254307894967e-16,0.9999999991617994,7.00107065875726e-26,8.382006011540262e-10,1.1936970095215512e-11,8.102635655445549e-13,9.017090316026266e-31,0.9999999999872529,8.087474061139584e-181,1.8100679094347396e-29,3.7167084109601906e-11,1.65288841404339e-12,0.9999999999611795,2.9326594496015857e-13,5.9999506734790435e-12,0.9999999999925713,0.0,1.136333827744792e-12,1.220286510089553e-31
1494,0.9999999917088189,8.291179377055015e-09,0.9214915489617265,1.0922851020328144e-13,0.0785084510381618,3.344588820951087e-06,0.016024945188058075,1.6236214893266528e-17,0.9839717102231219,1.685011289332773e-256,2.402359498724444e-16,8.797215872292114e-06,0.024834811846112994,0.9751563909380139,4.3138481586137675e-07,4.404737413166339e-07,0.9784153410918003,0.0,0.021583787049644695,7.463773309713592e-18
1495,0.9999999999873985,1.2600551929465315e-11,0.9997822125873534,7.605175580202634e-18,0.00021778741264691115,3.699434418172451e-08,4.737764375743293e-06,2.0277486305925818e-22,0.9999952252412804,1.3578244366180727e-210,4.127585322650818e-21,7.161227786960039e-08,8.791197345382861e-06,0.9999911371903775,6.513894441389226e-09,5.209641208569159e-09,0.9999927361221733,0.0,7.252154291204635e-06,5.470834998592482e-23
1496,2.4887275582622203e-09,0.9999999975112743,2.036000018507057e-14,0.8169292543309932,0.18307074566898102,0.9056183054131226,0.013308641929308319,0.0810730526564978,1.0655805821083216e-12,0.0,0.38549199830169856,0.6042838390731335,0.010224162624523109,6.508395270551007e-13,0.0008928094589083542,0.9896743477281023,7.762598775868256e-14,0.0,1.0303663746378281e-11,0.009432842802602431
1497,4.463498075450802e-16,1.0,2.5472191465015967e-43,0.9999999992896846,7.103174079403403e-10,2.275297101321128e-13,6.19851735535757e-37,0.9999999999997726,5.634982471292882e-48,0.0,0.9999999999999574,4.919212773264358e-14,1.634176003107894e-37,7.3063413795845e-49,9.037725241067716e-38,0.9999990698618495,2.8480204310757424e-54,0.0,6.881165510220371e-51,9.301381440176548e-07
1498,0.9999998206994808,1.7930051740409538e-07,0.9536261043080567,6.035457469066445e-12,0.04637389568590559,0.004461129576042502,3.1867873536428825e-05,5.702929010673567e-16,0.9955070025504216,1.021980690596207e-257,1.1607366722524706e-14,0.01005662702454757,4.9456318926029834e-05,0.9898939166565123,9.924060751762578e-05,0.0021708662992999043,0.9977103637979183,0.0,1.9529295266901426e-05,1.3770910380079232e-16
1499,1.0595499865723177e-23,1.0,1.7595746973827199e-37,0.9999999999964757,3.5258908124884353e-12,1.643314180636537e-06,2.0800824678538575e-32,0.9999983566858222,5.5443711933625755e-43,0.0,0.9999998381723845,1.6182761265700474e-07,3.286175269433878e-33,6.828660646520356e-44,3.047319823636698e-09,3.965301161473934e-09,4.275161173152931e-44,0.0,5.3192085361960775e-42,0.9999999929873766
1501,2.4494001159555824e-07,0.9999997550599902,5.0650841566647634e-11,0.6337694003725883,0.36623059957675946,0.9999986976765267,2.1805810521917098e-17,1.3023232752685163e-06,2.0078659476845659e-13,0.0,1.0323301567854833e-05,0.9999896766983076,1.8463652005944628e-17,1.2274977135479995e-13,0.9671193846952291,0.03284169875960454,2.4975364818165493e-12,0.0,1.0302077180521418e-24,3.89165426709611e-05
1502,7.224191744698319e-43,1.0,1.173069868732292e-78,1.0,8.13934367978348e-27,8.159289817076344e-32,1.0107490443843991e-38,1.0,3.5372887242127206e-78,0.0,1.0,8.74796712418828e-33,2.4940128809755626e-39,8.719383611384995e-79,4.885220307466303e-36,2.1119694148098157e-26,7.062667118580021e-80,0.0,5.262999764821894e-49,1.0
1503,0.9999994314271898,5.685728079778514e-07,0.8419877557340153,6.980054749304812e-11,0.1580122441961877,0.01578913232297039,6.927685082660007e-05,9.281342803452304e-15,0.9841415908261956,4.070374730150735e-236,1.656499015229314e-13,0.03576704690152441,0.00012830156543549415,0.9641046515328758,0.0013553912827584166,0.002723527600163612,0.9958422960378711,0.0,7.87850792023801e-05,3.0820524186538826e-15
1504,3.4568359109799136e-14,0.9999999999999716,7.96894050424621e-23,0.9999240587240944,7.594127590408e-05,0.4806709535378247,1.0186491897379916e-08,0.5193290362756836,8.815953252540802e-21,0.0,0.9459856573502173,0.05401434061374102,2.036047579955666e-09,1.4231807312263754e-21,1.1243809639077736e-09,0.9998647157059514,1.3633797063602339e-24,0.0,1.427171975807876e-13,0.00013528316952767257
1505,0.9594170163655719,0.04058298363442846,2.8851288833745687e-05,6.606012858643287e-08,0.9999710826510394,0.010814244667634677,0.9886462213503835,5.976731200068042e-10,0.0005395333843057709,1.3638344875372751e-253,5.7769081515940224e-09,0.009744550541282274,0.9899233480150469,0.00033209566675910726,0.004317459668253736,0.00044496100108266874,0.0003299120194070248,0.0,0.9949076669584779,3.527809074361366e-10
1506,0.15255665825723932,0.8474433417427585,0.0001020931074682724,9.496406566923202e-05,0.9998029428268609,0.9999894432026819,8.040523014238471e-06,2.9596613246485444e-10,2.5159783397906964e-06,0.0,2.6723774015604827e-09,0.9999926734137953,5.886287831560635e-06,1.437625993145457e-06,0.9999998462027738,3.108986562469395e-10,4.4291924086853726e-08,0.0,1.0919033916393892e-07,4.06673851686041e-12
1507,0.9999999993216022,6.783950344657124e-10,0.9999467210292837,1.6478227371079057e-15,5.3278970714412105e-05,7.988859872982243e-05,2.4554092810564823e-08,1.1798576658843366e-19,0.9999200868471805,5.477595224775539e-230,2.1807622243958953e-18,0.0002085509622379488,3.092030673775979e-08,0.9997914181174582,2.2941063127494503e-05,1.201683364207603e-07,0.9999769316355175,0.0,7.133020639988268e-09,1.560877538028413e-20
1508,0.9986879504574048,0.0013120495425937252,0.001330614109397847,2.0288532929502587e-08,0.9986693656020659,0.9422133907281247,0.03578149948327303,4.433141638730035e-11,0.022005109744272163,7.742708501195551e-275,3.440641624503612e-10,0.9655225573613111,0.024322882613174442,0.010154559681448738,0.9254424758088627,0.0019570740142110434,0.024709491817971423,0.0,0.04789095832222247,3.673154780442935e-11
1509,0.9988031084790581,0.0011968915209402175,2.6330555225907293e-06,9.190626721746924e-11,0.9999973668525677,1.3845970848238354e-09,0.9999995840515806,3.6966203511123495e-15,4.1456381689828765e-07,2.2529421110591373e-293,2.9492210435052557e-14,1.2118664354691438e-09,0.9999997839968648,2.1479123744571246e-07,1.7074500407746785e-11,1.7692886786846004e-08,1.154165831591472e-07,0.0,0.9999998668734538,7.677995635222026e-16
1510,0.9999999999555342,4.44664062488947e-11,0.9999254446216911,1.977837402682513e-17,7.455537830765928e-05,2.174887129467529e-06,2.7357201115149176e-07,4.0080543864983863e-22,0.9999975515408569,5.915522452128095e-211,7.883348723775701e-21,5.6085460274533066e-06,4.882260965092963e-07,0.9999939032278793,2.7687846793162115e-06,2.695527321361895e-10,0.9999968312935973,0.0,3.9965217142130344e-07,7.796401104557003e-23
1511,1.0,5.640506259437305e-17,0.9999999994470379,1.816764913047487e-26,5.529619010955692e-10,4.1808778038331935e-12,8.914650490204326e-13,1.7659053614919286e-31,0.9999999999949285,8.63385266476609e-171,3.740506609503455e-30,1.2903323214116118e-11,1.825214047438411e-12,0.9999999999852722,1.544095255439313e-13,6.85198072162725e-13,0.9999999999977867,0.0,1.374339791408724e-12,2.2582449127033957e-32
1512,0.9999778732794729,2.212672052628776e-05,0.000365446018590031,7.768679132199923e-11,0.9996345539037234,1.7434142424838495e-06,0.9997083878717565,4.7190247369535604e-14,0.0002898687139540952,4.9948234250039065e-254,3.019217067010272e-13,1.774823375139832e-06,0.9998308207972316,0.00016740437909446595,3.837351052916521e-08,2.006606601141246e-05,0.00015619939250638502,0.0,0.999823696167963,1.1459118701884021e-14
1513,0.9999924721646828,7.5278353158987405e-06,0.04903616326722302,3.4787303687543877e-10,0.9509638363849032,0.04392747110553459,0.07256915206749788,4.2779455323444087e-13,0.8835033768265413,4.3145281005092006e-263,7.733991762221231e-12,0.07461973872788705,0.1229567411035935,0.8024235201607839,0.008344097274593537,0.0030442720699774438,0.9109255773212606,0.0,0.0776860533340148,1.515433191816225e-13
1514,1.0,4.615524424956969e-17,0.9999999996192059,1.1489801128128294e-26,3.807933722285761e-10,2.4305691915828118e-12,6.191842711068361e-13,1.037234258385391e-31,0.99999999999695,8.242201001854532e-161,2.1391911709280416e-30,7.595674211283313e-12,1.2552525803744715e-12,0.9999999999911484,1.2310612896230916e-13,2.364084534376573e-13,0.9999999999985771,0.0,1.0632115269001142e-12,1.3661360220558653e-32
1516,0.9999944541811934,5.5458188062603484e-06,0.020941440063500093,4.522341077799751e-10,0.9790585594842665,0.031043868475574058,0.027311451779091434,2.4519345747756857e-12,0.9416446797428795,4.693727801037355e-281,2.599364664198281e-11,0.05489831134173545,0.040239205081057355,0.9048624835512169,2.2115403368569237e-08,0.9978829788770353,0.0020523906462752897,0.0,6.46083612837485e-05,4.36439675695367e-15
1517,0.9999999999552074,4.4791130631499394e-11,0.99986046762746,1.3501843520295066e-17,0.00013953237253984234,2.3389805437096333e-07,1.5359577841399677e-06,1.3363435140090469e-21,0.9999982301441607,6.263705157125039e-212,2.2329558723363198e-20,5.565935217756281e-07,2.6823387215398436e-06,0.9999967610677574,1.9460671578413523e-08,3.864801568612006e-08,0.9999978165385065,0.0,2.125352805567901e-06,2.1979953847963065e-22
1518,3.324241446967335e-08,0.9999999667575855,1.4726685714529835e-20,0.6262401869597644,0.3737598130402382,0.9998270297253687,1.2924262143448562e-14,0.00017297027461603897,2.5540150412403766e-21,0.0,0.0017679728754680878,0.9982320271245116,1.683014539485022e-14,1.992664702769026e-21,0.00010587440815398345,0.9998071832379473,2.850606507782139e-29,0.0,1.7139610996394368e-23,8.694235390031488e-05
1519,0.9999999920935991,7.906397513095176e-09,0.9872246287470668,6.270686599638654e-14,0.01277537125287321,3.8703381458748485e-05,7.531581595370381e-05,3.920040335862308e-18,0.9998859808025868,7.702231190523244e-230,8.262336985956392e-17,8.847683485714817e-05,0.00014076081071926906,0.999770762354427,4.99254873638107e-06,1.4181255929549213e-06,0.9998730452110076,0.0,0.00012054411466446098,1.0775864994500195e-18
1520,2.8302395611656195e-09,0.9999999971697662,6.760298088381615e-13,1.472682886785687e-10,0.9999999998520508,1.0,5.4397955563559635e-27,2.3225638780204702e-18,4.1094125650779274e-17,1.2096444323158347e-307,1.2530829163596256e-17,1.0,3.965406182576453e-27,1.854473360140627e-17,0.9999999999240075,7.598878872417536e-11,3.466944610751529e-16,0.0,2.381527484745085e-34,2.180808172182391e-17
1521,2.4726492726576733e-10,0.9999999997527382,3.1121489852794513e-15,0.9987842726926763,0.0012157273073271275,0.9999885494611395,3.972287507351449e-12,1.145053488834513e-05,4.093975852917098e-17,0.0,7.501666008700113e-05,0.9999249833370946,2.816566477753414e-12,2.5387647694265274e-17,0.9999677899327134,1.599196169116937e-05,3.0447176318740764e-17,0.0,1.5607144136921926e-20,1.6218105593657797e-05
1523,0.9999999999858389,1.4159874715108476e-11,0.9999982062640698,2.653831612176934e-18,1.793735929337674e-06,1.6805440439010307e-06,1.3711089355587297e-10,9.01529209868694e-23,0.9999983193188468,1.8332921828134375e-202,1.4618249176953023e-21,4.012573154724956e-06,2.4504728552580966e-10,0.9999959871817987,2.904522831799102e-07,1.1340780638574334e-08,0.9999996980186902,0.0,1.8824758201071009e-10,2.294171806105668e-23
1524,3.6871389470396987e-05,0.9999631286105285,7.92241698363251e-12,5.170024937436422e-05,0.9999482997426999,2.6617305495182095e-05,0.9999733089675926,7.370691427722158e-08,1.999509733901632e-11,0.0,6.656656220841488e-07,2.0134141708949436e-05,0.9999792001798812,1.2789320412219851e-11,8.8017254528008e-06,9.068193416993603e-07,1.1677943247445664e-11,0.0,0.9999902392629936,5.2180531421802465e-08
1525,0.9999999999868656,1.3135508248671803e-11,0.9999662560262662,3.1176242081962253e-18,3.374397373474198e-05,3.985610235655219e-07,7.311964735215326e-08,2.224414486716512e-22,0.9999995283193297,2.0099602048860547e-223,3.9780848858792e-21,9.107088521063757e-07,1.2158504859951425e-07,0.999998967706098,1.0887734893323297e-08,5.343130169547403e-07,0.9999993612376181,0.0,9.35616294146466e-08,4.5319317095971443e-23
1526,0.9997321126299248,0.0002678873700739597,0.008407287110640073,3.304716421962209e-08,0.9915926798421986,0.9634884983057672,0.0015097753224116767,5.304768454361576e-11,0.03500172631877265,5.2263336988894434e-272,2.572893115180399e-10,0.9806031220438706,0.0013132306514990228,0.01808364704734097,0.6615263643154162,0.17507825472538482,0.1573673794367114,0.0,0.0060280014368377,8.565013279656399e-11
1528,0.9999999999916014,8.400101109956734e-12,0.9999933563700831,1.396461631403453e-18,6.643629915295208e-06,1.0024668255832146e-06,4.515128965822402e-09,3.4855170287059656e-23,0.9999989930180452,1.6555431735001329e-205,7.852822967652605e-22,2.5641657257024635e-06,8.317272247882743e-09,0.999997427517003,2.5043866403977797e-07,2.4836048489862024e-09,0.9999997413695688,0.0,5.70816290849413e-09,7.723251444770492e-24
1530,0.0008282809423408082,0.9991717190576583,5.302857205804071e-09,6.4277813318328e-05,0.9999357168838228,0.7603478357796005,0.23964991024692336,2.0034897695955273e-06,2.5048370666431905e-07,0.0,1.2396162519672207e-05,0.744376395444661,0.2556110580268427,1.5036597417610413e-07,0.5071979425326851,0.002749845476700318,2.9073344911837135e-07,0.0,0.49004951827845916,2.4029787088638783e-06
1531,0.016231875424529137,0.983768124575468,1.70807342422319e-05,0.002073027283206726,0.9979098919825536,0.9999999790338026,3.530126461189367e-09,9.613021577996885e-10,1.6474771109626445e-08,0.0,5.309281656026859e-09,0.9999999844414874,2.2919916060854062e-09,7.957238780210317e-09,0.9999052940920722,9.469372054504402e-05,1.0961051494291193e-08,0.0,8.570381700469701e-10,3.6929321521480963e-10
1533,7.46766470475704e-12,0.9999999999925393,2.9614888765303864e-25,0.9999558586352373,4.414136476567382e-05,0.9998193571468278,1.826453748820881e-11,0.00018064283490844697,1.957773207463654e-18,0.0,0.0009974681383025047,0.9990025318480935,1.3605628244669572e-11,1.0895849110103313e-18,0.9998570452737745,4.418470547058996e-08,1.7646995300228496e-26,0.0,9.255222537891692e-21,0.0001429105415168367
1535,2.553825609984122e-08,0.9999999744617444,1.2677918580015077e-14,0.009286510233767179,0.9907134897662218,8.513503542667345e-06,0.9999580636881529,3.342280829300633e-05,1.3509275822885199e-14,0.0,0.00030217707349806624,5.225850589739092e-06,0.9996925970759005,8.819495605698772e-15,1.2630243382894898e-06,3.6418716728890074e-05,9.652342713360014e-15,0.0,0.9999179228540178,4.439540490429633e-05
1537,5.490429007969095e-06,0.9999945095709909,3.084551723934198e-14,5.8749733661890255e-05,0.9999412502663065,6.663916262309676e-08,0.9999999166424479,1.6718373373082455e-08,1.9072546047446645e-14,0.0,1.0641865351285811e-07,4.9175521484493435e-08,0.9999998444058115,1.2460693602917841e-14,2.024014537023736e-10,1.1543801497746203e-06,4.3708998024285155e-15,0.0,0.9999988305886748,1.4828771227333015e-08
1539,0.9999938565246814,6.143475317720895e-06,0.02553903845873606,1.2194795942928347e-10,0.9744609614193156,0.004825380731560071,0.5064558539925452,3.807345650876591e-13,0.4887187652755147,7.004067917837512e-282,3.039273636566993e-12,0.005821670471532347,0.6882698805278581,0.3059084489975669,0.0005553684926849321,0.0013652300512685383,0.3762864411103281,0.0,0.6217929603456028,1.1406865826402149e-13
1540,0.9999999999944365,5.565711830946756e-12,0.9999969382079191,6.743436135221966e-19,3.061792081478241e-06,3.6659191367083327e-07,5.213541114875525e-09,1.2779351918711548e-23,0.9999996281945424,9.843371838873183e-222,2.431322703433877e-22,1.0955551698525154e-06,9.997378655955145e-09,0.999998894447451,5.652768095045716e-07,1.0774081243544254e-11,0.9999994284076194,0.0,6.3047977399835915e-09,1.887341859032052e-24
1541,1.0,2.435275563940636e-16,0.9999999987107913,1.5129285459577524e-25,1.2892081134901343e-09,1.983556308063635e-11,1.2068806742839088e-12,1.8801846184089868e-30,0.9999999999789573,7.48325178744072e-170,3.7480677729591705e-29,6.122253608692066e-11,2.4008238302876007e-12,0.9999999999363762,1.2307030180844685e-12,1.308759899529328e-12,0.9999999999956692,0.0,1.7918663428002884e-12,1.9968303842578475e-31
1542,1.199916811623499e-05,0.9999880008318824,2.38502834826761e-10,0.006314573302719063,0.9936854264587774,0.9999688715780424,2.855034776999493e-05,2.577933452455903e-06,1.407357197141289e-10,0.0,2.8011073182470375e-05,0.9999432555674804,2.873325488352934e-05,1.0445080133474729e-10,0.8553161074923967,0.14466883937499886,7.535635505018288e-10,0.0,3.457411787581135e-13,1.5052378694925057e-05
1543,0.9999927517554424,7.248244560499525e-06,0.14960545640158335,6.767300946446859e-10,0.8503945429216856,0.01747156329155064,0.0027208663039334823,3.5967947785358554e-13,0.9798075704041574,2.81016115433585e-270,5.477128121044716e-12,0.02893843420015866,0.004867207432043049,0.9661943583623205,0.0004256753948855239,0.010334574807136789,0.9892397497214188,0.0,7.64061594593408e-11,1.5021367139374193e-13
1544,0.999824410021467,0.00017558997853561162,0.005109420910143053,3.970594089266892e-09,0.9948905751192647,0.4708674064414079,0.29426437142011536,3.0954621763227104e-11,0.23486822210752353,3.8426332715626306e-251,3.084311192465004e-10,0.5296126187825225,0.32862331163830655,0.14176406927074056,0.27630845091411704,0.008887892358464792,0.30137924811522177,0.0,0.41342440860152163,1.067203733462681e-11
1545,0.11105025664781044,0.8889497433521877,8.016515567091754e-06,7.79067919525742e-05,0.999914076692478,0.9999990108252977,8.856198140789276e-07,2.2865883770973302e-10,1.0332622619107546e-07,9.541906612122006e-254,1.2226780228561716e-09,0.9999992521681972,6.977806282851329e-07,4.882849941984692e-08,0.9999994761449451,3.4467341595153514e-07,1.4751406358037599e-08,0.0,1.6440852266134264e-07,2.1707850261422214e-11
1547,0.9999999932447565,6.7552433877234765e-09,0.9746014981701824,2.4656279525552442e-14,0.025398501829796475,4.0640768053586424e-06,0.0018412977730233712,1.6959727189079284e-18,0.9981546381501705,8.414284659586623e-238,3.0729482509989355e-17,7.866494828030344e-06,0.003513378326760409,0.9964787551784143,9.421920290314386e-07,3.5186896395120147e-07,0.9967391202701482,0.0,0.003259585668862078,4.929417208501131e-19
1548,1.2221588803196752e-21,1.0,1.429325952547893e-33,0.9999999372425938,6.275740516006711e-08,8.359651584098318e-11,4.453299938075387e-06,0.999995546616472,4.126282070219099e-32,0.0,0.9999989911030953,1.0795188882771714e-11,1.0088861078379774e-06,8.862871702439444e-33,6.456660350978002e-11,5.859064642932982e-15,2.2777686406462518e-33,0.0,6.262810908850403e-07,0.9999993736543303
1549,3.1171456549445307e-10,0.9999999996882849,7.568192649998405e-18,0.009533783849188612,0.9904662161508124,8.228504205114661e-10,0.9999990659557297,9.332214220760091e-07,1.8861549143777573e-19,0.0,7.623971051501578e-06,5.498986746546221e-10,0.9999923754790515,1.3314433315220172e-19,1.7485660521917823e-10,2.073252622034363e-10,8.135139587325902e-20,0.0,0.9999991371923002,8.624255195059717e-07
1550,0.18669895091732625,0.8133010490826735,2.1370221248083653e-06,3.1663340739222074e-06,0.9999946966438044,0.9504195043972231,0.049516737962365366,2.7960528238867748e-08,6.372967988391456e-05,1.38153e-318,2.7873546231695213e-07,0.9560071170908797,0.0439527897823362,3.9814391321716515e-05,0.9406279007974686,0.0007429912929713103,5.0877420370864665e-05,0.0,0.058578200055705694,3.043348375720478e-08
1551,4.832572109802301e-07,0.9999995167427858,2.2270125356457328e-13,0.0006713977917867071,0.9993286022079921,1.4129701134144858e-05,0.9999846752585889,1.1950401273070045e-06,1.5172333248024644e-13,0.0,7.902057233449972e-06,1.2788041650147202e-05,0.999979309901021,9.76249806974889e-14,0.000195725019007076,3.9104026182405013e-16,1.1287318792845243e-13,0.0,0.9998030411529032,1.2338279796062021e-06
1552,7.623003606431957e-30,1.0,2.904585169853477e-53,0.9999999999999858,1.6393755790745156e-14,1.1793578741611996e-12,1.9947153606963115e-25,0.9999999999988205,4.469432156617341e-52,0.0,0.999999999999801,1.9908075816673023e-13,5.1404779255900556e-26,1.07943586402111e-52,1.2434949390852488e-14,3.8503183480189813e-16,1.297179279543279e-53,0.0,4.573851360596649e-27,0.9999999999999858
1553,0.9992068291903414,0.0007931708096590171,0.0001239145389562625,4.670327037686293e-09,0.9998760807907177,0.14753168685587847,0.845771387001408,1.7659483156553746e-11,0.006696926125055516,8.886058963676627e-272,2.006772960237321e-10,0.16052306501277494,0.8356529463963056,0.0038239883902444383,0.055474654832127164,0.0005451081653786466,0.007136579292839171,0.0,0.9368436576954495,1.4202623407193146e-11
1554,2.5874050958129838e-23,1.0,5.243962971432315e-38,0.9999999996453397,3.546590001997324e-10,5.521110825506479e-08,3.3310202143405817e-12,0.9999999447855588,6.504459866508545e-36,0.0,0.9999999947735603,5.225945930046298e-09,4.947938721801871e-13,6.826854125476458e-37,1.8516008113835428e-10,3.6535227014424417e-09,5.732509896376157e-37,0.0,4.0437827734370176e-14,0.9999999961612787
1555,0.9999999996298357,3.701640548333697e-10,0.9967114645271477,4.1275911525580293e-16,0.003288535472851629,5.35954563117271e-07,0.0002125691905320136,3.564728644523974e-20,0.9997868948549059,1.2993331743390352e-240,6.472904054275658e-19,1.1310981394886196e-06,0.00035815037687941863,0.9996407185249823,6.43778497547957e-08,6.01008821961966e-08,0.9996683208918303,0.0,0.00033155462943858737,1.0813588118296229e-20
1557,0.9885610700694123,0.011438929930587418,0.0013515685754463577,7.118621884148329e-07,0.9986477195623662,0.9997629087449887,9.799149331164207e-06,2.108643857455719e-11,0.0002272920845970065,3.304054880781146e-291,1.03264091719428e-10,0.9998864644369517,7.732180587680075e-06,0.0001058032791993152,0.9999651571069105,5.455694493483891e-12,3.412213123940031e-05,0.0,7.207551318386879e-07,1.2608447997315632e-12
1558,0.9999999999994031,5.968145598591726e-13,0.9999990549076462,2.7846239871600625e-20,9.450923552453533e-07,1.1313160070073096e-07,4.677867961226604e-10,5.777693621993817e-25,0.9999998864006117,3.24529434293082e-206,1.2760767459041922e-23,3.1554608052395485e-07,9.324935546392251e-10,0.9999996835214272,1.4341475299162597e-08,9.386714106108527e-10,0.9999999841462569,0.0,5.73597990542066e-10,9.507812180384788e-26
1559,0.3270325771768804,0.6729674228231161,8.00542954320178e-07,1.4973892215967153e-06,0.9999977020678271,0.07875214896231243,0.9212332122024025,2.9666439337855003e-08,1.4609168848341813e-05,8.332600351297454e-301,2.0690810452335084e-07,0.0940397740038668,0.9059498650579835,1.0154030047941496e-05,0.1700782322098484,1.989785164405524e-05,9.32154656664491e-06,0.0,0.8298925290651357,1.9326808367088204e-08
1560,0.17505817932972229,0.8249418206702797,6.471381752586844e-09,1.4182080848180102e-07,0.9999998517078094,3.266407251926237e-06,0.9999967245103532,6.262971092054424e-11,9.019767519036306e-09,2.6207459418998e-311,5.115722716299035e-10,2.2761330282726252e-06,0.9999977176747133,5.6806892872043885e-09,2.4992045567635985e-07,2.04790046532235e-06,4.370026709733087e-09,0.0,0.9999976977828309,2.6218547558280043e-11
1561,0.7831979011440076,0.21680209885599322,6.946154979692127e-06,2.9340273291376964e-07,0.9999927604422902,0.9551071468305871,0.04472784305216153,1.2582813146174322e-09,0.00016500885897004382,1.569445768335497e-309,1.7436950724533613e-08,0.9531669000599801,0.04671808220492257,0.0001150002981471869,0.9741233116512903,9.358052869479817e-10,0.00010060705753668904,0.0,0.025776079851753658,5.036127216838832e-10
1562,0.0003258251340458889,0.9996741748659517,4.660104487272173e-11,4.564875813579888e-06,0.9999954350775823,2.1561990571914414e-08,0.9999999776460486,7.886596845799693e-10,3.3038927397365852e-12,0.0,8.484713897147229e-09,2.0585740265683315e-08,0.9999999709269081,2.6353095715632897e-12,5.559118664361786e-09,4.582300316487143e-09,1.6495188287946431e-12,0.0,0.9999999890747517,7.821793844581647e-10
1563,3.4120905920882835e-09,0.9999999965879098,8.160172847004691e-15,0.32948082417011804,0.6705191758298719,0.21074051406330704,0.7328359381782718,0.05642354775745729,9.582615470066594e-13,0.0,0.4412419887766562,0.11624235136398302,0.4425156598588547,5.099734928027046e-13,0.14388141865912007,0.4702760645367982,3.746499001709119e-12,0.0,6.619527223225489e-09,0.38584251018081306
1564,0.9999154171679149,8.458283208169094e-05,0.00504640355819074,3.42868857068099e-09,0.9949535930131209,0.3050101316419211,0.02030168136665975,4.1766675446656904e-11,0.6746881869496493,6.263332184146781e-280,5.987173910564558e-10,0.4162004188570674,0.03241502941394501,0.5513845511302714,4.089609731837229e-06,0.9970730215297076,0.00292288885978773,0.0,6.553673345409234e-13,1.14460797427327e-13
1565,1.6501028408878527e-07,0.9999998349897149,1.0822501622018081e-12,0.047315190629183324,0.9526848093697331,0.9961627365648205,2.884483485129496e-10,0.0038372631467328113,2.523666189613283e-18,0.0,0.051512623543891876,0.9484873761147576,3.4134870430218654e-10,1.821228246809722e-18,9.656354799518355e-10,0.9993508617705649,2.6688241569665077e-19,0.0,1.2035190148513006e-19,0.0006491372637994995
1566,0.9999999999999787,2.2563321994513935e-14,0.9999999503401055,1.8821869629379467e-22,4.9659895809930144e-08,1.2302917346342398e-09,6.411970927010714e-11,5.08959701761713e-27,0.9999999987055901,1.853058825035091e-187,9.705829850506787e-26,3.4453766392656434e-09,1.1263718661502673e-10,0.9999999964419857,9.375770240771815e-11,1.3833839216407816e-10,0.9999999996903277,0.0,7.757547652715516e-11,9.03639393122695e-28
1567,0.018905458239991294,0.9810945417600053,1.0542623558483866e-06,3.8579138857430444e-11,0.9999989456990634,0.999999970879728,2.587746610870255e-13,3.118383591821849e-16,2.9120014864282836e-08,4.453757259928534e-307,1.8140765296711463e-15,0.9999999852537655,1.7910486010845507e-13,1.4746049839324927e-08,0.999999999478348,2.5887802070020842e-17,5.216490985246595e-10,0.0,2.8477620357014515e-15,3.34144659121325e-18
1568,0.9988130269274506,0.0011869730725462746,0.0011095895598466961,2.8812362183576754e-15,0.9988904104401498,0.9983836432936013,9.96822354645201e-12,4.13733565737686e-19,0.0016163566964290722,8.4132e-319,3.871162063965711e-18,0.9990876026435134,8.051215981372209e-12,0.0009123973484378703,0.9970931893748378,2.581532069376589e-10,0.0029068103543733203,0.0,1.2637998020932297e-11,3.130634712401365e-19
1569,0.9992197690095068,0.0007802309904952895,3.0201250739351882e-06,1.7370746497970405e-10,0.9999969797012221,5.658047288138602e-08,0.9999978289907622,1.2508915551876365e-13,2.114428641594125e-06,1.6399231065585795e-298,6.292431565659033e-13,4.5707547664045315e-08,0.9999987854331125,1.1688587077316691e-06,2.759233437372158e-10,6.149955065562662e-11,1.7242762140772761e-06,0.0,0.9999982753863129,4.9448788307164644e-14
1570,0.9999804520298801,1.9547970118392923e-05,0.0750155881120995,6.330029053983482e-10,0.9249844112548983,0.02838127156224354,0.23294340897801014,6.383369036330708e-13,0.7386753194591107,8.851591468219515e-262,7.544782755256373e-12,0.04778541284229961,0.3504767737218942,0.6017378134282615,0.10093779385945675,6.70891988657991e-07,0.6067492958083411,0.0,0.29231223944000867,2.0814455515943076e-13
1571,0.00010753507212840777,0.9998924649278667,9.495871086937403e-08,0.07016782516451084,0.9298320798767803,0.9999999955061298,5.428909510532999e-20,4.493866961466995e-09,1.59595653316044e-19,0.0,4.2588221665834354e-08,0.9999999574117817,4.2711858152816416e-20,1.094144211410835e-19,9.020675654152303e-11,0.9999999497979685,2.280682345776346e-18,0.0,1.2422312319169348e-27,5.0111824680202e-08
1572,0.999999989085893,1.0914107474067678e-08,0.9133754830386005,8.227451007741305e-14,0.08662451696131539,2.119155810890737e-05,0.0016006413930793578,4.476155811334117e-18,0.9983781670488139,9.965370238166279e-246,5.751495291407668e-17,4.6109445333627744e-05,0.0034728653406665678,0.9964810252139997,5.498684465082625e-06,6.94534513415746e-13,0.9961928227954707,0.0,0.0038016785193699886,1.2435531412477943e-18
1573,0.9999999987464889,1.2535140813952485e-09,0.9980773756752437,3.461535917422863e-14,0.0019226243247240432,0.0021990007108891587,1.0987319906417257e-07,2.4936690695352783e-18,0.9978008894159084,5.938226125511967e-247,4.3153935520600887e-17,0.0042187757553184616,1.999645799955985e-07,0.9957810242800984,7.617753036614152e-07,0.10790253197585875,0.8920966876029813,0.0,1.8645855072899894e-08,4.0493852841913795e-19
1574,0.9999999999999893,1.1951502694598874e-14,0.9999995754344702,7.681580727569064e-23,4.2456552850699043e-07,1.1187481746900075e-11,4.151664186203592e-08,2.6893552085494354e-27,0.9999999584721708,9.822013736590932e-186,4.7786791990531696e-26,2.9676759556216734e-11,8.214143843581962e-08,0.9999999178288836,5.551059021318754e-13,1.9089781821614e-11,0.9999999241552182,0.0,7.582513681373453e-08,5.625259709323902e-28
1575,1.0,7.222526737837312e-17,0.9999999994443449,3.196662350485034e-26,5.556545564887006e-10,5.957073150270412e-12,6.898302158119544e-13,3.959438921224125e-31,0.9999999999933529,4.765169775163938e-171,7.815171461323412e-30,1.8958849850154103e-11,1.4254526447671937e-12,0.9999999999796163,2.1212123425755173e-13,1.5622483264361455e-12,0.999999999997156,0.0,1.0691193637984133e-12,5.270185424706672e-32
1576,0.9999894349338352,1.0565066166692798e-05,0.30280189291379894,2.680669024354033e-09,0.6971981044055292,0.7096844531071409,5.52212223649027e-05,5.970084239575402e-13,0.2902603256698962,1.6652287051750876e-275,3.891002174015149e-12,0.8479327695309945,4.734477532353444e-05,0.152019885689791,0.34496547012904916,0.01985296671070455,0.6351496703397328,0.0,3.189282018212344e-05,3.3257254082046057e-13
1578,7.273171698127253e-10,0.9999999992726814,1.8774071856865634e-15,0.16867234091979608,0.8313276590801996,3.9071934968195095e-05,0.9995802875542356,0.00038064051079854443,1.343663078294312e-15,0.0,0.002446750352278973,3.283058485132152e-05,0.9975204190628687,9.66562849746935e-16,6.643851863757974e-05,1.1044192523398078e-07,1.1170237872209433e-15,0.0,0.9993228229531717,0.0006106280862623988
1579,0.9430852772340078,0.05691472276599048,0.0003843476114871211,8.259550577129337e-07,0.9996148264334528,0.9993238689369149,0.0003460248278784121,1.4257319962181702e-10,0.0003301060926365271,9.434918360574233e-283,1.335154680881928e-09,0.9995094246411612,0.0003000074018930925,0.0001905666217901208,0.9994507012358268,0.00013679215427922942,0.0002188734167636396,0.0,0.00019363314488845382,4.8244795309795394e-11
1580,1.5660415833243435e-05,0.9999843395841667,1.6269212646102773e-10,0.018927094247538894,0.9810729055897665,0.999993283530816,5.724907421220999e-23,6.716469186260418e-06,3.0160368351828674e-18,0.0,8.607506190735858e-05,0.9999139249380921,6.901858506231807e-23,1.8764893075706542e-18,6.422698383083765e-14,0.9999999897957679,2.159149962256563e-21,0.0,3.866714128844504e-34,1.020416838414615e-08
1582,0.9999999999457749,5.4223673815205094e-11,0.999473095821304,2.9900441776370604e-17,0.0005269041786977453,8.660399940654696e-08,2.505166453561932e-05,1.3184436807033327e-21,0.9999748617314633,2.4260812597090934e-241,3.260293768391143e-20,1.7883716231630572e-07,4.375786496989907e-05,0.999956063297867,7.289926501758464e-09,1.843341396998287e-08,0.9999638621524934,0.0,3.611212416546736e-05,3.9899341531894933e-22
1583,0.9999371753839221,6.282461607907379e-05,0.6685798929628324,3.255225575332419e-08,0.33142007448491395,0.9595476525192971,8.855159642266452e-07,3.5383944887951103e-13,0.04045146196438627,5.4557633881964043e-253,1.606988727271869e-12,0.9831754276149318,6.207658102281027e-07,0.016823951617654005,0.7538163807022581,0.004959172514252037,0.24122336384724913,0.0,1.0829355992228896e-06,6.442301019244203e-13
1584,7.914512665368918e-05,0.9999208548733494,1.7073894996159266e-11,4.660611888524567e-05,0.9999533938640393,5.513760361768137e-06,0.999994427169763,5.904900889357518e-08,2.086532214129747e-11,0.0,5.641128965646895e-07,4.881172158395726e-06,0.9999945547005888,1.4355872103735305e-11,2.0766705749002975e-06,6.95518552296746e-07,1.502979791562065e-11,0.0,0.999997166801413,6.099443166448811e-08
1585,1.0987213789275183e-12,0.9999999999989058,2.655617939362969e-19,0.999999999971962,2.8042129004651798e-11,0.7741679054200442,4.509663096835345e-14,0.22583209457990402,2.849874064791483e-25,0.0,0.9999999515876551,4.841231987439861e-08,3.0589103960628194e-14,1.7999746215442727e-25,3.813584065766667e-08,4.822956012065475e-10,6.3849109160480535e-25,0.0,1.7160930893187946e-22,0.999999961381861
1586,9.148557874899946e-05,0.9999085144212497,2.4241368054869356e-10,0.00046300521222531534,0.9995369945453642,0.9964457027515898,0.0035540092278984123,2.874988971095595e-07,5.216152856753551e-10,4.437906e-317,2.502357746272679e-06,0.996364386165258,0.003633111160822143,3.161702991701986e-10,0.9992719115742159,1.0343260825884015e-06,1.0263705633612767e-10,0.0,0.000726991805500641,6.219156333341875e-08
1587,0.999999253052538,7.46947463049297e-07,0.17445824743654037,6.179619780169464e-11,0.8255417525016666,0.00019232360222010906,0.269984970564979,3.633910808248579e-14,0.7298227058327638,4.894500217938472e-243,4.3073575716925693e-13,0.0003421444359578479,0.39462166797826814,0.6050361875853421,4.0664839033423274e-05,2.7030293325437873e-05,0.6599573447285558,0.0,0.33997496013907463,1.4191224471757648e-14
1588,0.7662652612286996,0.23373473877130657,8.408478459876683e-17,4.153002588747732e-09,0.9999999958469985,1.08342912733075e-09,0.9999999983729708,4.819192941505784e-13,5.43118028883941e-10,5.823787269128183e-299,2.8247850713163706e-12,1.066831499676645e-09,0.9999999985966923,3.336480884127214e-10,1.7852120554843378e-14,3.321929632313672e-06,1.854462289502846e-18,0.0,0.9999966780702645,8.510042744697161e-14
1589,3.5728119896835697e-25,1.0,1.5998863661086966e-42,0.9999992424234306,7.575765677257136e-07,1.1648984497756764e-05,1.8749121557466263e-16,0.9999883510154961,1.1220802014742848e-36,0.0,0.9999990219578003,9.780422004638278e-07,3.0885477868138503e-17,8.815500531093398e-39,6.909344676092251e-28,0.8908421669232146,7.748210056319022e-42,0.0,5.83353833312615e-26,0.10915783307678592
1591,0.9999999999999432,5.866614028610357e-14,0.9999997722079865,1.0639213800349153e-21,2.2779201307280823e-07,4.145515073358651e-09,2.281739846004033e-10,2.2968577556462863e-26,0.999999995626311,1.1523916705898344e-195,4.317423635152001e-25,1.2467085067729304e-08,4.4657895843204797e-10,0.999999987086337,1.1365158517524367e-10,2.588978737860802e-09,0.9999999969396036,0.0,3.577652556368337e-10,4.292018468532591e-27
1592,0.9999605827587397,3.94172412572941e-05,2.072092062150391e-05,7.444905582361317e-11,0.9999792790049321,4.034317742719681e-16,0.9999999999997868,1.642255717925606e-14,1.937282062932904e-13,1.2026102962328696e-272,5.207953769417541e-14,3.8356190159353617e-16,0.9999999999998437,1.0347083698812939e-13,6.713463984537592e-19,7.23459233721933e-13,6.275709222470025e-14,0.0,0.9999999999992113,1.7847967507203037e-15
1594,1.0,1.5535523615145905e-19,0.9999999999994031,1.0521629920257492e-26,5.990222868907586e-13,1.7947695492097936e-15,6.234848680567423e-15,2.2698541277456146e-31,0.9999999999999929,2.6755685791108296e-183,4.549536539497575e-30,5.06768614238258e-15,1.2335702687975256e-14,0.9999999999999822,3.8245669830961047e-16,2.6200698680054717e-17,0.9999999999999893,0.0,9.83475483448137e-15,6.684867331967417e-32
1595,1.0,1.1283235718518338e-19,0.008390227679206146,7.794419477800881e-24,0.9916097723207906,7.667942967050962e-18,0.9999999972132514,7.403167598872798e-19,2.7867456861725325e-09,1.5292996699779475e-267,1.0531297316523889e-25,8.362237692297054e-18,0.9999999984805399,1.5194572095157751e-09,3.2321448804787008e-18,3.5873639788747e-20,1.3882704492152152e-09,0.0,0.9999999986117274,2.9602194309537314e-27
1596,0.9999999999639257,3.6073810128716186e-11,0.9999689012875814,2.8973588703241034e-17,3.1098712420363946e-05,1.9677973942572673e-06,6.709876746041775e-08,9.315930132666402e-22,0.9999979651038401,1.1579979173085633e-220,1.8250140478584208e-20,5.3112998457474325e-06,1.207990831801961e-07,0.9999945679010723,5.062662121187404e-07,6.3566059337393956e-09,0.9999994193647532,0.0,6.801242794831686e-08,2.7775956582338014e-22
1598,0.5147120244364997,0.4852879755635013,2.3137771185193794e-06,1.8960543909586224e-06,0.9999957901684917,0.1522196442244102,0.847681327413694,1.8974626184895483e-08,9.900938726998408e-05,0.0,1.753295104358831e-07,0.1758906742705947,0.824048285897656,6.08645022388396e-05,0.3981677327591277,9.821715416983326e-05,8.978974586642055e-05,0.0,0.6016442429915052,1.7349328771363475e-08
1599,0.9999999995710276,4.289713165533666e-10,0.9995505281215081,5.18638747622358e-16,0.0004494718784901596,4.094896689215406e-06,2.292494485465009e-06,2.300506524634844e-20,0.9999936126088256,7.199309580824765e-232,4.384241537800527e-19,8.828374493079565e-06,3.965030402713164e-06,0.9999872065951041,4.906821694206565e-07,1.5994862420944887e-07,0.9999967192312724,0.0,2.630137934557488e-06,7.026085038410539e-21
1600,0.999999999918181,8.181695030123454e-11,0.9989681951608285,4.9296170162936595e-17,0.001031804839174236,1.2366849042971765e-08,0.00041870615540626785,3.799982808818863e-21,0.9995812814777467,3.0872294349650094e-230,6.904849199634384e-20,2.4819965979616482e-08,0.0007738312612128023,0.9992261439188195,1.458218449800637e-09,5.064457096899436e-09,0.9993067585655028,0.0,0.0006932349118220011,8.577144479968155e-22
1601,0.9999420938055328,5.790619446753776e-05,0.3442466344328118,4.5344552939773006e-08,0.6557533202226367,0.960142888217286,1.0830522848662393e-07,9.498664583730877e-13,0.03985700347653723,2.5698337190543456e-302,9.082428455443296e-12,0.9763080360129373,1.0459386432521786e-07,0.023691859384115055,1.189560189378598e-06,0.999911115611863,8.769482794911132e-05,0.0,8.325604545243821e-19,7.33215511813832e-16
1602,3.3437492087699695e-07,0.999999665625082,4.5269395616326735e-12,0.0687025951580144,0.9312974048374606,0.9482922125720917,0.05096583298475962,0.0007419544076335713,3.551651692419385e-11,0.0,0.007875660453080293,0.9259381477451956,0.06618619177206586,2.9658825330404414e-11,0.9314235667269002,0.016975245269350476,6.466649288064747e-11,0.0,0.04963806773233574,0.001963120206749206
1603,0.9999997704186662,2.2958133305002316e-07,0.18867949445466276,7.366954499579806e-12,0.8113205055379692,9.854417794806615e-05,0.42116580590291225,3.570887529347228e-15,0.5787356499191366,2.1534280684753191e-265,3.9859907319590844e-14,0.0001505299933604005,0.5588048420775981,0.4410446279289985,1.4508867277884802e-05,3.179361117110005e-05,0.4032482972228919,0.0,0.5967054002986599,1.1193239114187682e-15
1605,0.9999999999975628,2.43729575457332e-12,0.9999989574530338,1.286296354207131e-19,1.0425469695301878e-06,1.0573036538071464e-07,9.9697246131067e-10,2.0906724134679774e-24,0.999999893272664,1.3470495154057065e-211,3.322203829678564e-23,2.9212555315896365e-07,2.0324784953930837e-09,0.9999997058419658,3.723177123593732e-08,1.0125297049232201e-10,0.9999999607578908,0.0,1.909087610749926e-09,3.853697184090669e-25
1606,9.962240602577172e-15,0.9999999999999929,1.9217095522700695e-22,0.9999967082782425,3.2917217562034792e-06,0.793189294442285,3.375302045987405e-10,0.2068107052201848,7.394594911939444e-21,0.0,0.7619171159857663,0.23808288388921905,1.2501620483594914e-10,2.308620729300489e-21,0.8336798621478749,1.2332988649251936e-06,3.2230121380694706e-21,0.0,1.4080288523616515e-11,0.16631890453917667
1607,0.9999999999608278,3.917479856546158e-11,0.9999657542820882,1.9878273857114836e-17,3.424571791056894e-05,3.66226844447203e-06,3.7410412856914005e-08,7.669118671277209e-22,0.9999963003211447,1.3964816128894078e-210,1.1688381404492303e-20,7.861282366296438e-06,6.430983588740408e-08,0.9999920744078014,6.359637612629351e-07,1.235654766667803e-07,0.9999992020382806,0.0,3.843248110662258e-08,1.360991247910362e-22
1608,8.684619943591959e-08,0.9999999131537971,1.6916121443671437e-12,0.03646394725243064,0.9635360527458807,0.9418591961102395,0.0578923533800654,0.00024845049666299984,1.3029339031001326e-11,0.0,0.0016603415033426818,0.9435115180961364,0.05482814039127913,9.234849583569131e-12,0.9766350109225358,0.00012945638488807518,7.876886500100647e-12,0.0,0.022937815339880534,0.00029771734482150243
1609,0.9999999977902831,2.2097141882297384e-09,0.9997767022449282,5.61394156752368e-15,0.00022329775506550777,9.264394566658104e-05,2.866972941312052e-07,4.0079306795437596e-19,0.9999070693570393,2.406966829220403e-239,5.656912904340363e-18,0.00024198413882446052,4.546287422776678e-07,0.9997575612324358,3.261350141241455e-05,1.6693113936292286e-07,0.9999669246714654,0.0,2.94895980799892e-07,1.627333172494997e-19
1610,0.9999995533810238,4.466189763514315e-07,0.054335538524342725,6.7478630533662414e-12,0.9456644614689083,0.00014709459503017456,0.7675304608337996,4.701854385052268e-15,0.23232244457116405,6.11604011850309e-245,4.1200643101935945e-14,0.00017913916715237794,0.8681125970500501,0.1317082637827529,9.94408435339216e-06,3.4717609411545903e-06,0.09680098934367129,0.0,0.9031855948110318,1.0759933305454631e-15
1611,1.0902101824726482e-05,0.9999890978981781,1.1331631835843536e-13,1.817235664384811e-05,0.9999818276432426,2.0406213987804275e-10,0.9999999985374686,1.258462869962572e-09,8.489059576168836e-15,0.0,1.092255234325548e-08,1.2591416799005851e-10,0.9999999889515294,5.285221170420766e-15,1.1086155932656039e-11,3.164287710916824e-08,4.830250727318133e-15,0.0,0.99999996659836,1.747672520232114e-09
1613,3.982377426621607e-15,0.9999999999999929,1.1293255332467014e-23,0.9996710474277014,0.0003289525722974415,3.7814596043689056e-05,0.005968775305244553,0.9939934100987097,6.997701385898174e-22,0.0,0.9992697115183105,4.2604193543971776e-06,0.0007260280623385946,6.859523955101565e-23,9.138246590012603e-06,1.2691357190514452e-07,1.5005443152696724e-22,0.0,0.0009281786129759554,0.9990625562268646
1614,0.9999999999825775,1.742110407843524e-11,0.9999408331138789,4.275608014361203e-18,5.91668861221296e-05,1.6377646784196478e-07,4.507065882793799e-07,2.4138038976336135e-22,0.9999993855169441,3.8048259303882576e-233,4.301945190440938e-21,3.9484156203825106e-07,8.066549845896748e-07,0.9999987985034521,2.1552940351929132e-08,8.357756000346697e-09,0.9999993549673738,0.0,6.151219290281674e-07,7.447401121235945e-23
1616,0.9999999999999964,4.031979998221778e-15,0.9999999880429549,1.1647331124931908e-23,1.1957045102667664e-08,1.229182177152923e-10,3.513285187080838e-11,1.9589451500659684e-28,0.9999999998419504,1.3753525781305466e-176,3.6010371674506734e-27,3.2438380147417305e-10,7.033619010076086e-11,0.9999999996052793,1.7754662266979512e-11,1.2849228247839707e-12,0.9999999999274394,0.0,5.3521925027525404e-11,1.9616097909426526e-29
1617,8.67349863297793e-08,0.9999999132650113,3.07278073211289e-16,0.0001503927790377541,0.9998496072209591,2.114551470672225e-10,0.9999999792163339,2.0572208818037167e-08,9.309597936633854e-18,0.0,1.4634481482263132e-07,1.5107454876956543e-10,0.9999998535041109,5.776270643061035e-18,1.726738337746874e-11,3.857384112534246e-09,5.905391480150287e-18,0.0,0.9999999850786382,1.1046710220877976e-08
1620,1.6437113423297172e-06,0.9999983562886579,5.786436589120762e-15,4.516928095862642e-05,0.9999548307190348,2.1204467863285174e-11,0.9999999994333422,5.454521561082713e-10,5.689515961204987e-17,0.0,3.234024211114547e-09,1.3489653081534002e-11,0.9999999967524857,2.810000926291479e-17,1.1305487260406864e-12,4.3248134011213236e-11,1.8163207556884594e-17,0.0,0.9999999996002913,3.553282251325003e-10
1622,5.201335807808953e-18,1.0,1.1450617535275067e-36,0.9999998883616064,1.1163840005904316e-07,0.00034381710744879645,9.655110188754388e-28,0.9996561828925558,3.460651200744103e-42,0.0,0.9999609669289757,3.903307101994615e-05,2.235290798409053e-28,4.455521530292155e-43,1.631714826121308e-15,0.004204468883080488,3.5573099143520523e-43,0.0,4.963647075262029e-37,0.9957955311169217
1623,7.138696169078973e-06,0.9999928613038312,1.3363413081635238e-13,3.3303061860952493e-05,0.999966696938005,6.839822094563864e-10,0.9999999958292705,3.4867427714155654e-09,6.035553270105715e-15,0.0,2.5255103363614194e-08,4.4277354479048656e-10,0.999999974302121,4.196011633933714e-15,3.177514578213232e-12,8.907584301029594e-07,2.6083193441407383e-15,0.0,0.9999991069241156,2.3142739013500693e-09
1624,0.9999999843557604,1.5644242699371664e-08,0.9981772867560639,9.908073775687321e-14,0.0018227132438399841,0.0014152702212891824,6.179432414406181e-07,8.593809399406613e-18,0.9985841118354671,8.162182172912642e-237,1.0442376502109903e-16,0.0036236877084010965,1.1022862297224273e-06,0.9963752100053687,0.0015802612422261433,1.9686790001069842e-07,0.9984189408904459,0.0,6.009994286712023e-07,1.963965774629171e-18
1625,0.9999999999999893,1.12523286708973e-14,0.9999999712001224,9.174934424492728e-23,2.8799879272784692e-08,2.0753192244515726e-09,1.5506151335557126e-11,1.916529417110933e-27,0.9999999979091747,5.327715398202751e-187,2.896114246009622e-26,6.770372304396503e-09,3.241009244249723e-11,0.9999999931972177,1.0300606008023086e-10,2.1765161207655527e-10,0.9999999996585096,0.0,2.083440559488542e-11,2.9185561558155218e-28
1626,0.9983089577435504,0.0016910422564501146,7.64994642326521e-05,7.183097654847445e-09,0.9999234933526684,0.0007631922710017505,0.9981440815284455,3.0400101290002685e-11,0.0010927261701530364,5.619432373781217e-283,1.997903268793658e-10,0.0007964698751540401,0.9986406085521641,0.0005629213728944542,0.00011046103288544251,0.00030008434395030584,0.0007873587204329257,0.0,0.9988020958899262,1.2801935904211561e-11
1627,0.019286789035646602,0.9807132109643498,3.637927875268104e-07,0.00012165498967556353,0.9998779812175381,0.9999993644825084,1.4511510643503952e-13,1.652524930633691e-07,4.702648552264994e-07,0.0,1.6153286081507308e-06,0.9999980524387617,1.5655998981997283e-13,3.3223247558308306e-07,4.151607943905571e-06,0.9999958450844048,2.332865970157055e-09,0.0,5.609238717485753e-24,9.747835415932384e-10
1628,0.9989466813242178,0.0010533186757814424,0.0069925003840605685,3.4193765060756684e-08,0.993007465422173,0.9859908879339245,0.0014786063725899154,1.3703688052264874e-11,0.012530505679782715,5.0719551294430596e-257,1.0730438921632898e-10,0.992724981685373,0.0011205789745170665,0.006154439232806044,0.994199417294464,9.540349528558171e-11,0.005220161933545011,0.0,0.0005804206748809983,1.7047406410377061e-12
1629,0.9999999997935554,2.0644513700632403e-10,0.9999057993588574,3.521037274415142e-16,9.4200641141477e-05,0.00013494101541130637,4.7690080298946494e-09,1.471038209880485e-20,0.9998650542155815,4.693370719089835e-232,2.5280388426545194e-19,0.00034797755243218384,8.671985351723331e-09,0.9996520137755815,1.3242894842608642e-05,3.590453404884547e-06,0.9999831651812628,0.0,1.4704903313651722e-09,3.8441250072731355e-21
1630,0.9999999999997513,2.500926512984189e-13,0.9999904663151109,8.858465347320025e-21,9.533684889959784e-06,1.4780585698937394e-10,2.4717720807922013e-06,2.9054977885386152e-25,0.9999975280801151,5.598436455835663e-194,5.743858196512677e-24,3.5269270935545293e-10,4.568682099715095e-06,0.999995430965207,3.022851880345629e-11,9.253576571075281e-12,0.9999951694056473,0.0,4.830554872416307e-06,6.998228506475938e-26
1631,9.168209472371515e-14,0.9999999999999076,4.414594418919267e-21,0.9999898072019695,1.019279803037538e-05,0.6510255316727246,1.0515123966992698e-08,0.34897445781215053,1.7455802365187915e-19,0.0,0.8571616654501525,0.14283833293206247,1.6177855238167246e-09,4.273323945497693e-20,0.8657116861937277,8.96804880563329e-06,4.122094285095977e-20,0.0,1.0301583528229166e-10,0.13427934565445235
1632,0.0058806798650531625,0.9941193201349502,2.520853391135399e-08,8.92108593491065e-05,0.9999107639321138,0.9967483783223874,0.003251377669471385,1.0494443176314192e-07,1.390637118845306e-07,8.45325309150368e-309,8.056088249081065e-07,0.9966019085070719,0.0033972005614081842,8.532269714438477e-08,0.38989057960204454,0.5765914970791621,1.469423300656727e-06,0.0,0.03351521859867931,1.2352968130228898e-06
1633,1.1998082548033071e-10,0.9999999998800178,2.5333165634897795e-16,0.999268615820212,0.000731384179785945,0.9999664525571741,1.3464977677626967e-11,3.3547429364003684e-05,1.0601881942660567e-17,0.0,0.0002376715471540791,0.9997623284432343,9.608311760876297e-12,6.3315154082376564e-18,0.9999722673201227,3.92704081950545e-06,4.168311398311059e-18,0.0,8.237221664011995e-21,2.3805639055924965e-05
1634,0.9998072304072478,0.00019276959275414972,0.0012403106264308233,2.884519331651476e-09,0.9987596864890511,0.02685374269271568,0.9248055531596653,2.8965021896774884e-11,0.04834070411865567,6.846714962361938e-263,2.846775476636349e-10,0.03247519420568652,0.9346644981389219,0.03286030737071515,0.0017057211813353212,0.011440550068342976,0.030801787448852203,0.0,0.9560519412907797,1.0691991590429866e-11
1635,1.0,3.679632375316269e-16,0.9999999975809484,2.6731076532861875e-25,2.419051852691575e-09,2.0159856730271236e-11,3.997928076008224e-12,2.922716043028142e-30,0.9999999999758415,2.841589229845762e-179,5.821695457538825e-29,6.151728916880742e-11,8.112595846687327e-12,0.9999999999303704,1.1147373432813235e-12,1.422933574608179e-12,0.999999999991326,0.0,6.135738856425712e-12,4.152215726075922e-31
1636,8.137224876917718e-07,0.9999991862775104,8.493575688103019e-12,0.07715843606107561,0.9228415639304296,0.9996514830760278,1.0540479838813504e-12,0.00034851692291940685,8.015435537073282e-19,0.0,0.004170013341277441,0.9958299866572126,1.5133092159688937e-12,7.621340405971701e-19,9.884554090680178e-05,0.9998912666394518,2.2682706976077177e-20,0.0,1.0838692863953192e-22,9.887819642821405e-06
1637,0.9999999999998899,1.1034682118000289e-13,0.9999995833977644,1.9752368446240844e-21,4.166022344838559e-07,2.2533764488679144e-09,2.7318212496742097e-09,2.9125862534713906e-26,0.9999999950148037,6.604409530092492e-185,5.733973114082938e-25,6.117453047785282e-09,5.325793362199656e-09,0.9999999885567519,1.9712387799533055e-09,1.02210023314218e-12,0.9999999932774557,0.0,4.750284192004591e-09,6.950600559458911e-27
1638,1.0496154802867987e-14,0.9999999999999858,1.102992776199374e-19,0.04888387704960261,0.9511161229503989,0.999975025716756,1.902671569627346e-13,2.4974283055329828e-05,4.870967150985201e-27,0.0,0.0002105495457942069,0.9997894504542059,8.373140192104198e-21,3.418944353152888e-27,4.299506775586437e-06,0.9999953154484604,4.338208317028831e-29,0.0,1.3173793164223837e-23,3.8504477026974707e-07
1639,0.9999998967800945,1.0321990800006464e-07,0.6901326928869421,1.1368386556957942e-11,0.30986730710168586,0.0060524933434478335,0.000741394506078976,1.5565363495500027e-15,0.9932061121504727,4.981817961875923e-216,2.3475044371490097e-14,0.011869352771696335,0.0012697283092084862,0.9868609189190702,0.0003673661535137144,0.0012856929493655458,0.9980875281534735,0.0,0.0002594127436458184,4.736540870993344e-16
1640,0.9999999997124362,2.8756645692266573e-10,0.9999418201310007,4.483518260237715e-16,5.817986899897095e-05,0.00014844880293435992,8.007650667643193e-09,1.6992766048955552e-20,0.9998515431894158,6.177683243585137e-250,2.5312480775280696e-19,0.0004361326939502609,1.4240597889806724e-08,0.999563853065452,1.7152640724745593e-05,2.6759941553588683e-06,0.9999801643199806,0.0,7.045139251031428e-09,3.394346078099217e-21
1641,0.513438353585339,0.48656164641466043,4.127079297371253e-06,1.2662704553413538e-06,0.9999946066502468,0.9603968649872915,0.039519166441202014,4.031689095078608e-08,8.392825461254524e-05,7.715019355557302e-281,4.175461207931018e-07,0.9560459715622607,0.043896300788738095,5.7310102879858954e-05,1.102906417429644e-09,0.9736521018472916,0.00029002959586889575,0.0,0.026057814685390986,5.276854189812845e-08
1642,5.940896996969702e-11,0.9999999999405915,5.601081190661948e-17,0.9672322142089327,0.03276778579106861,0.6531425545218985,0.0098663472223429,0.33699109825576073,3.992444029332664e-15,0.0,0.729121007341876,0.2667582090418785,0.004120783616248735,1.0216997245597303e-15,0.859054098891248,6.769010427803842e-05,1.3516691641068457e-15,0.0,0.0021983822839970277,0.13867982872046994
1643,0.9999944619685849,5.5380314129652645e-06,0.0033729686701245458,1.0617952192950481e-11,0.9966270313192607,5.465183995245534e-07,0.9979976379052481,2.9821438292922203e-15,0.002001815576348886,2.5578064714439234e-247,2.867543468600672e-14,6.29557248502726e-07,0.9987690482832812,0.0012303221594410618,2.0705316849302814e-08,3.552755209691643e-06,0.0012762539611229325,0.0,0.9987201725783517,7.406787013884345e-16
1644,3.4727867379816365e-23,1.0,1.7985106313039532e-49,0.9999999999719762,2.8029516395212315e-11,7.03474297159691e-15,2.6083534382963345e-14,0.9999999999999716,4.3760330003240187e-44,0.0,1.0,1.1919736043338228e-15,5.627174788540939e-15,6.301758684681012e-46,3.0245091157842532e-33,9.924304692691455e-10,1.96914080914799e-48,0.0,2.0746705190568593e-15,0.9999999990075708
1645,5.067800970068304e-18,1.0,2.5575109046390652e-27,0.9999916058584001,8.394141593709237e-06,2.919464979115822e-05,4.0194904435007886e-05,0.9999306104457791,3.0142331347954704e-25,0.0,0.9999829409276968,5.3484328275136e-06,1.1710639475481851e-05,5.808251646483714e-26,0.0004758718852158887,1.4085081739820329e-12,7.965728533453149e-26,0.0,1.1933258745885946e-05,0.9995121948546288
1646,5.780472452786424e-14,0.9999999999999432,3.705428731955101e-21,0.9965770808262406,0.003422919173755099,0.001732536324995814,0.16283951654047596,0.8354279471345333,9.414438907387968e-19,0.0,0.9666742554681141,0.00046961793901105085,0.03285612659286926,1.5450071082744144e-19,0.09873785936797509,1.58028461200414e-17,1.5491558861333316e-19,0.0,0.03302920793911444,0.8682329326929147
1647,1.0,2.7694882684601336e-16,0.9999999978969569,1.8732058587546368e-25,2.10304350345514e-09,1.2803569700496831e-11,6.52974814968415e-12,1.90781999424918e-30,0.9999999999806661,1.0866257181506155e-169,3.892096265900251e-29,4.076072158922855e-11,1.3473621820203463e-11,0.9999999999457643,1.9510018828585676e-12,7.76530616071853e-14,0.9999999999854587,0.0,1.2513608647277126e-11,3.1937050148812856e-31
1648,9.526885111356786e-05,0.9999047311488889,2.753985032802252e-07,0.03515935381954878,0.9648403707819436,0.999999999304876,1.1775469264639776e-10,5.658103113597949e-10,1.156053946597932e-11,3.998738129431408e-300,3.070253797628321e-09,0.9999999968454603,7.806688106505668e-11,6.221628162559277e-12,0.9999999998136033,1.844156558725459e-14,2.2699864494629514e-12,0.0,3.276189154628355e-12,1.8083052734116042e-10
1649,1.0,3.421210103696279e-21,0.9999999999999964,2.841200101385618e-29,3.576735293553389e-15,4.780450167112039e-16,2.6963274823504656e-17,4.785141385976137e-25,1.0,1.727121208370969e-172,6.100728949206531e-32,1.1769422786555701e-15,5.083247419057309e-17,1.0,2.46687519845967e-18,3.502477150580233e-17,1.0,0.0,1.4873035321149457e-17,3.5166772438084836e-34
1651,0.9999999999999076,9.189972744752564e-14,0.9999997633240372,2.5547650274493368e-21,2.36675962423237e-07,2.8137777815355047e-09,5.687032443556316e-10,4.9719974800660975e-26,0.9999999966175181,3.6253711558972977e-206,9.702816927529561e-25,6.857168373561345e-09,1.0392070844235359e-09,0.9999999921036249,4.42294774496982e-10,5.6333723357515834e-11,0.9999999986928358,0.0,8.085347280154192e-10,1.0807959167357228e-26
1652,0.9999999999524363,4.756696561824187e-11,0.9886812385304357,7.278115171225488e-17,0.011318761469567602,1.457880248431003e-08,0.004965907789684808,5.484085198664965e-21,0.9950340776315143,1.6165746692163626e-238,9.767332634664174e-20,3.263113316225784e-08,0.008286469843613227,0.9917134975252521,6.716417771749564e-10,5.82333457851938e-08,0.9881762962256814,0.0,0.011823644869331294,1.8502267874646713e-21
1653,0.9999999999538929,4.6105371515341496e-11,0.9999673606732619,1.5665358118287778e-17,3.263932674167682e-05,1.5191227898340438e-05,1.218973478404942e-08,4.628014787586914e-22,0.9999847965823638,7.058286045084081e-212,8.2803050826761e-21,4.1227127028011445e-05,2.1826610759684804e-08,0.9999587510463643,2.4907660258592392e-05,8.805939253361416e-16,0.9999750778406432,0.0,1.4499099624288427e-08,1.1703144531575643e-22
1654,0.9999700710115225,2.9928988477808143e-05,0.07641917079729298,5.22660439567271e-09,0.9235808239761009,0.39724608976331693,0.0074104910421003,1.3256279160328947e-12,0.5953434191932587,3.446491217841195e-281,2.14298423001685e-11,0.5438420781550856,0.011369419542406155,0.4447885022810777,0.0436796971504459,0.0014067644297000715,0.9456712719129893,0.0,0.009242266505688016,1.1750112317435162e-12
1655,4.485922788677058e-08,0.9999999551407664,4.289647562068065e-14,0.4592143457682476,0.5407856542317155,0.9999634052907439,1.9239262168249952e-07,3.6402316615865966e-05,1.6258115204805892e-14,0.0,0.0003207167351075208,0.9996789403413695,3.4292350070135783e-07,1.572084462397577e-14,3.5470117922129933e-07,0.9999994667577711,3.2417512884047665e-17,0.0,2.512707419014529e-18,1.7854105487680692e-07
1656,1.0,6.706941693021157e-16,0.9999999975466665,6.785873395212338e-25,2.453334511457892e-09,5.22729341535486e-11,3.686772464283723e-12,9.54618861781131e-30,0.9999999999440412,2.582088622081533e-179,1.9433592837623723e-28,1.52678495820896e-10,7.1904003988810984e-12,0.9999999998401314,3.381239490929505e-12,1.5533101650540123e-12,0.9999999999894911,0.0,5.573147382457175e-12,1.4122427787620936e-30
1658,0.9999999998654445,1.3455818810868795e-10,0.999831423555669,9.705980151596948e-17,0.00016857644433083632,2.844549616836154e-06,4.977531476873095e-07,1.2986948658839515e-21,0.9999966576972354,1.6542309918259826e-222,2.8109829377909306e-20,7.137936298289737e-06,9.89637498693351e-07,0.9999918724262031,1.8606729539538445e-06,1.8588312280546093e-09,0.9999973360040635,0.0,8.014641529045477e-07,4.0379119056579437e-22
1659,0.002053394630399269,0.997946605369599,3.762279431097045e-08,0.0031013347857500894,0.9968986275914586,0.9999999555432392,4.118766795607441e-08,3.0522677613003538e-09,2.1682648724611654e-10,0.0,2.9042334914101132e-08,0.9999999286243292,4.220586860889092e-08,1.2746648037870098e-10,0.9923175783385207,0.007682375611001612,1.273615132723126e-09,0.0,2.905763204685014e-08,1.5719230479255487e-08
1660,0.9999999999960067,3.996336440750389e-12,0.9999964326127577,5.073848599259386e-19,3.5673872413967317e-06,1.5367375899805222e-07,8.493555921300264e-09,9.54101669077643e-24,0.9999998378326882,5.8646637587197934e-213,1.9816777536524488e-22,3.7614235687212614e-07,1.5683976752782634e-08,0.9999996081736654,6.148991677860498e-08,6.166320555539869e-11,0.9999999257893278,0.0,1.265909543807921e-08,2.041320668083765e-24
1661,0.9812490601763244,0.018750939823675827,0.00011922053533869343,8.926917034835604e-08,0.9998806901954875,0.9377079183730638,0.054464376048581585,8.981092446554151e-10,0.00782770468024628,0.0,8.88349059332005e-09,0.9327213504187926,0.06241865556232276,0.004859985135390734,0.0713561596548732,0.7547428780252559,0.01879454488392949,0.0,0.1551064158898548,1.5460877007291974e-09
1662,5.874980560199735e-05,0.9999412501943967,5.101047696713272e-10,0.0016530025506357772,0.9983469969392582,0.9994166399088652,0.0005813634492313557,1.995925378552148e-06,7.165271889086889e-10,0.0,1.431064625359085e-05,0.9995479281772919,0.00043776063251010314,5.43943657364701e-10,0.9996056282092979,0.00039262042207684466,4.920235970820602e-10,0.0,3.341684157438309e-12,1.7508732601451493e-06
1663,0.9997428064942618,0.0002571935057391089,0.001233964432149451,3.302208378401517e-09,0.9987660322656426,0.8056937813786049,0.1036871264765278,2.7813519068668306e-11,0.09061909211705631,3.4083928059034057e-307,2.51589501680409e-10,0.8251034591531061,0.12028792872594195,0.05460861186936286,0.1444318481277165,0.3172532122238098,0.22087249483625035,0.0,0.31744244479264533,1.9576542805615823e-11
1666,0.9999999999995843,4.1622407309496604e-13,0.9999991553607451,2.956492070191493e-20,8.446392563959338e-07,5.1575763711415096e-08,4.776009343584193e-10,9.818618370560263e-25,0.9999999479466353,1.2221020872094188e-195,1.6451803076356445e-23,1.450788954487745e-07,9.231399418376055e-10,0.9999998539979664,1.9648561301130716e-09,2.4014150310586528e-08,0.9999999734839452,0.0,5.370492462173512e-10,1.716396485339387e-25
1667,0.9999997294439649,2.70556034267677e-07,0.8882208296791932,9.472462415338779e-12,0.11177917031133176,0.015499587777099479,0.00018867514497383146,2.8057243943154934e-16,0.9843117370779247,1.0032778124188105e-274,4.361104700274143e-15,0.033067479039613934,0.000362151597239496,0.9665703693631444,0.04555876878792033,5.754683510472959e-07,0.9541857851163075,0.0,0.00025487062741940926,1.178698188550703e-16
1668,0.0015560732385564388,0.9984439267614453,2.1711115033261878e-07,0.0004941732827560755,0.9995056096060925,0.9998222634956215,0.0001776720226919391,1.9697337738272937e-08,4.478434994789775e-08,0.0,1.4024550184207642e-07,0.9998620054887727,0.00013783096606053606,2.329966438288807e-08,0.9999942967731448,2.5240588775239796e-09,1.4246736538578053e-09,0.0,5.697335964308375e-06,1.9421561511382694e-09
1669,1.0,6.559129268360991e-16,0.9999999957755286,9.72529232787942e-25,4.224472658375561e-09,5.1401707909209225e-12,4.088841844195772e-11,1.605148930058828e-29,0.999999999953971,1.5896237570281493e-178,2.988442574159876e-28,1.3924085912738593e-11,8.18856970345623e-11,0.9999999999041904,5.194410714212357e-13,5.327216380066721e-13,0.999999999932843,0.0,6.610457222059612e-11,2.2369220943476525e-30
1670,0.0005159999983630702,0.9994840000016363,1.3252965970893227e-08,0.0017851958853146593,0.9982147908617187,0.9999998942643258,9.276060890612253e-08,1.2684482554414926e-08,2.905853286861996e-10,8.546555362427606e-302,9.152348649856164e-08,0.999999808586527,9.970642990393777e-08,1.8355323931437378e-10,0.849605660493861,0.1503942749133048,2.182136190657633e-09,0.0,3.4266332992944038e-15,6.241069231601906e-08
1671,0.9999999976783371,2.3216615364238607e-09,0.9928553200654979,1.0582883281081707e-14,0.0071446799344914965,1.3189829080949624e-05,0.00012462888751391425,3.560255900645963e-19,0.999862181283402,1.296998278097081e-219,6.279413375764729e-18,3.2388845253356005e-05,0.00025398510635363204,0.9997136260483936,1.0922939670065552e-05,1.1254028788903003e-08,0.9997143604956961,0.0,0.00027470531060667756,1.2722985513283553e-19
1672,0.9999050189472158,9.49810527837015e-05,0.4701219295281893,7.142240990905028e-08,0.5298779990494016,0.9926143774141851,1.8089184108199002e-07,1.098403609979668e-13,0.007385441693863782,2.1477667115601507e-276,9.560240575123965e-13,0.9964179681203608,1.2655858444132885e-07,0.0035819053200955657,0.989169259921397,0.00032953707105293824,0.010501067510651487,0.0,1.3549682230969793e-07,7.497080368540423e-14
1673,0.9999999999999964,3.3808091072528897e-15,0.9999999879061576,6.568737117574278e-24,1.2093841422542528e-08,1.5742198259819355e-10,2.0053273509742825e-11,1.230115680569086e-28,0.9999999998225242,8.779501593334403e-178,2.1724948934328174e-27,4.860874544544165e-10,4.0019970389251476e-11,0.9999999994738928,1.8192113548306882e-11,3.5182157509437827e-12,0.9999999999517755,0.0,2.6515240686240534e-11,1.4552258384844442e-29
1674,0.9999999999988454,1.1546064322823945e-12,0.9999975636719447,5.757686673720767e-20,2.436328055574516e-06,4.863941010378625e-08,6.352172876815918e-09,2.394004721545589e-24,0.9999999450084169,4.6286707741071974e-225,3.6619805534217005e-23,1.3120770140703884e-07,1.280815174182559e-08,0.9999998559841462,3.468531323284822e-09,4.1412883851673254e-09,0.9999999831636864,0.0,9.226493977363858e-09,4.1082903807936833e-25
1675,4.3912567590491076e-05,0.9999560874324088,3.522410618675168e-17,0.002173777419635917,0.9978262225803654,0.9987642596824854,0.0012296381979749105,6.102119539727581e-06,1.2427040738120363e-16,0.0,4.577578403642062e-05,0.9987458295958062,0.0012083946201566118,8.369989226018336e-17,0.9994720036359213,0.0002571560090890795,5.68039971990163e-17,0.0,0.00026763168514179296,3.2086698508688457e-06
1676,1.3019731587640839e-06,0.999998698026838,2.4447421906688335e-11,0.018116888359613836,0.9818831116159413,0.9966627985651783,0.0031402280136496588,0.00019697328739276852,1.337792716899655e-10,0.0,0.0020681459664000554,0.9948374355685268,0.0030944183571843488,1.0788686527049975e-10,0.3564051490639058,0.6428532958602722,4.868932041734428e-10,0.0,2.3776979050646878e-11,0.000741554565154639
1677,0.7500054227742716,0.24999457722572896,4.060924750876014e-05,4.245647318749473e-06,0.9999551451051718,0.9999949944597768,3.413212909668705e-06,4.023376721654401e-11,1.5922870786853167e-06,1.2674546656436764e-270,1.8602307686742288e-10,0.9999967089065946,2.5527321899492778e-06,7.381751943127817e-07,0.999999760557053,1.0645785785340016e-13,8.353378032365323e-08,0.0,1.559076747774754e-07,1.3826431230519598e-12
1678,6.128729176884281e-22,1.0,6.009571103258378e-36,0.9999999319434801,6.805651836912908e-08,1.2060636946817011e-10,6.783755462725589e-08,0.9999999320418335,9.992118469187106e-34,0.0,0.9999999880441237,8.610832251260192e-12,1.1947261672834636e-08,1.3286262510714147e-34,5.0310884284459795e-17,0.00029917487820989904,1.0830307136196177e-34,0.0,2.5547212331799395e-09,0.9997008225670734
1680,1.9383906229841603e-08,0.999999980616096,3.192022911330782e-14,0.009450771298530806,0.9905492287014442,0.0009077395970360464,0.9990489379235096,4.332247925014706e-05,2.0725664760296625e-13,0.0,0.0002828641345264704,0.0006362507149259505,0.9990808851504216,1.2836038274191408e-13,0.00018508371318853704,9.693332381546742e-06,1.2916813537717374e-13,0.0,0.9997537153300389,5.15076242608007e-05
1681,2.8937492821836065e-05,0.9999710625071814,1.3144892927284288e-15,0.1868065682332953,0.8131934317667041,0.9999999369155239,7.492491447713217e-11,6.300955258721473e-08,8.352496931061069e-19,0.0,4.3963987273321596e-07,0.9999995602956461,6.448371875978543e-11,4.532172266111516e-19,0.9410387501329462,0.05896056828274164,8.81018603326293e-18,0.0,1.3908724446138326e-18,6.815843104560109e-07
1682,0.9999999989962198,1.0037813518975375e-09,0.9991481696484096,1.3153771516710947e-15,0.0008518303515876235,9.15486042705025e-06,2.050270338029256e-06,1.3549040980125594e-19,0.9999887948692333,2.860798183190945e-231,2.1739349691429822e-18,2.0062498998998943e-05,3.595296737765716e-06,0.9999763422042626,8.761624016746863e-07,1.3368320558545465e-06,0.9999952532806446,0.0,2.533724897972956e-06,2.8034953600490853e-20
1683,0.9999999442575473,5.574244991877661e-08,0.5174389856284083,9.714174141174685e-13,0.4825610143706213,6.816671793847837e-06,0.3499479895587446,9.803832966663681e-17,0.6500451937694646,5.9319755836440876e-245,1.2849792990076538e-15,1.0363924785657065e-05,0.494812072068017,0.5051775640071987,2.752387540018996e-06,2.1774455266810302e-07,0.5448099755814801,0.0,0.45518705428642586,3.6094171451829143e-17
1684,0.999999998507441,1.492562555959086e-09,0.60873100062702,1.1900737442709145e-14,0.3912689993729709,9.115741130051265e-09,0.6678400705676883,1.3355347935177092e-18,0.3321599203165711,7.986188395311155e-247,1.0580678390575816e-17,1.2406199839490039e-08,0.8057666023856587,0.19423338520814168,1.4993358274675155e-10,1.792258284046445e-07,0.14053607235729415,0.0,0.8594637482669419,2.3323735543352007e-19
1685,1.6554821913019842e-08,0.9999999834451786,3.614539078606645e-15,0.0033128991106136157,0.9966871008893831,0.00035648069084546753,0.9995877834816864,5.5735827437124244e-05,3.0990126985989204e-14,0.0,0.0003981790915223286,0.00019427551597362913,0.9994075453924821,1.922690053661018e-14,5.700437875372734e-14,0.023591851861786497,3.251584749872751e-14,0.0,0.9763343301125874,7.381802553523954e-05
1686,3.8311277306533366e-07,0.9999996168872253,2.8058339594069158e-18,0.10341893342500291,0.8965810665749926,0.9998513407489279,0.00011518187669681288,3.3477374375447436e-05,1.6356736504615127e-18,0.0,0.00022059169656498683,0.9996489638097282,0.0001304444937012155,1.1914020630412974e-18,0.9999734945784805,1.184381523638784e-05,3.5758535573439265e-19,0.0,5.903094168591395e-13,1.4661605687017565e-05
1687,0.9999999999885958,1.140277744654795e-11,0.9999633350152202,1.5436495127615095e-18,3.666498478008491e-05,1.4620130243959026e-07,2.1748678000924101e-07,1.4665992531434458e-22,0.9999996363119181,3.152428604503071e-201,2.2705566425530133e-21,3.7044414326809214e-07,4.040048449525187e-07,0.999999225551013,4.3059954350676334e-08,3.517947177319113e-15,0.9999997088304651,0.0,2.481095756206017e-07,1.953787855207733e-23
1688,9.605439249353797e-33,1.0,2.4730945421579695e-53,0.999999999999929,6.422608793060532e-14,3.1487351830141135e-06,2.31967916148048e-19,0.9999968512648229,1.410724039154727e-51,0.0,0.9999995390624786,4.6093752358254316e-07,1.8206071448651887e-27,2.501829089581062e-52,1.6814572628726078e-07,3.00395851636711e-11,2.2336670860190745e-52,0.0,4.663543063920508e-29,0.9999998318242403
1689,0.0004425668842988734,0.9995574331157004,3.031246145270273e-10,0.00023806457773867061,0.999761935119137,0.4447382019831805,0.5548843792847054,0.00037726544073054885,1.532913830055927e-07,0.0,0.003677160421853073,0.4509623705061924,0.5453603524644556,1.1660750009043652e-07,1.7747925400181233e-08,0.9999999545766879,1.124457756845156e-11,0.0,7.384765838217687e-14,2.7664065559255412e-08
1690,5.478575720266213e-16,1.0,3.6483370121059524e-24,0.9999993117411302,6.88258869157379e-07,0.2580385197889516,1.1641286594280962e-09,0.7419614790469139,6.763414130617603e-22,0.0,0.9783060107448318,0.02169398913202242,1.2314659151678924e-10,8.056737331010466e-23,0.11393439958667924,2.6823544782636803e-06,1.6268345375205794e-22,0.0,4.998845041530045e-19,0.8860629180588372
1693,1.710633988169238e-13,0.9999999999998295,7.569225217412257e-29,0.9989893117890214,0.0010106882109747906,0.33315097782873376,4.761227596846809e-06,0.6668442609436656,3.6446230675395527e-26,0.0,0.9625482924074606,0.0374505938210658,1.1137714781729774e-06,5.2589680301630816e-27,1.8225303994052444e-05,0.8361638220014606,2.4278859680287548e-27,0.0,4.285760523488611e-15,0.16381795269453422
1694,1.256832534451899e-19,1.0,1.078243105576413e-29,0.9999995331768995,4.6682310722897756e-07,4.9308913446380035e-06,3.8805962590139257e-07,0.9999946810490231,5.402501217559801e-28,0.0,0.9999995134808206,4.31745004843422e-07,5.477416969281437e-08,6.585836143855513e-29,4.9959411768110766e-06,4.530067571868433e-11,9.626711895253874e-29,0.0,4.2780008559894237e-08,0.9999949612335158
1696,3.0609594798118254e-09,0.9999999969390387,1.715579515327249e-13,0.9811272789721993,0.018872721027631465,0.9998260732585064,1.7798103099835402e-07,0.00017374876042367554,4.027738489938103e-14,0.0,0.0009593366232052213,0.9990405291643926,1.3421237708555994e-07,2.1645989319997312e-14,0.9999137109386488,2.8737242952413576e-07,6.695889442698415e-15,0.0,5.466721811875223e-09,8.599622219592233e-05
1697,0.9999995587681006,4.412318984920878e-07,0.8796773937338065,5.099964367536842e-11,0.12032260621519313,0.02523682018093829,7.139577417271963e-05,6.00934538655764e-15,0.9746917840448845,2.2078919896017326e-245,8.793932681730793e-14,0.05082330146242801,0.00011421507322294823,0.9490624834642617,0.001288635343513521,0.0025783366874280083,0.9960820354277036,0.0,5.0992541354526184e-05,1.4225280773402054e-15
1698,0.9999999988671284,1.1328706934029404e-09,0.999323019540593,3.650873492737917e-15,0.0006769804594017984,0.00010929684977965068,3.00958837134218e-07,1.4877133594190053e-19,0.9998904021913836,1.531748563178347e-269,3.1167840574925074e-18,0.0002567543947865066,5.386230374660196e-07,0.9997427069821772,2.3947899795393034e-05,6.540794720415708e-07,0.99997511239284,0.0,2.8562789308201156e-07,3.7604449876265634e-20
1699,0.9999999999999893,1.0835863509990866e-14,0.999999961012965,9.439797155163397e-23,3.8987033954776456e-08,1.6744393966158348e-09,3.87042297470461e-12,1.3787167351389407e-27,0.999999998321691,4.4749061682454414e-206,3.103922449979212e-26,3.964035615804044e-09,7.030014545296781e-12,0.999999996028933,1.3485627566484601e-11,4.314769468075479e-09,0.9999999956717467,0.0,2.8169112256699824e-20,2.933954756110164e-28
1700,0.9999999999999787,2.196283767004198e-14,0.9999997370689603,2.5397064224729537e-22,2.6293104130693954e-07,2.837083469439226e-10,2.4192877585440084e-09,5.7457774596811436e-27,0.9999999972970031,9.58653896539498e-197,1.148114249079606e-25,7.754555482125031e-10,4.7268768396604354e-09,0.9999999944976672,1.3276834576547946e-11,9.271927313737237e-11,0.9999999964590884,0.0,3.4349145511212105e-09,8.440405867973419e-28
1702,1.06573516188016e-17,1.0,9.75693257371329e-28,0.9999196693171878,8.033068281441368e-05,3.5315991404556704e-08,0.01318267930564178,0.986817285378373,9.00484497540372e-26,0.0,0.9970528613503986,5.032596361682243e-09,0.002947133617007396,1.4565287588291881e-26,5.822351670633692e-08,1.6008145901169841e-12,7.346117763803475e-27,0.0,0.0028798582636700805,0.9971200835112144
1703,1.2870804427537476e-06,0.9999987129195601,6.666317702268424e-12,0.00452133374496119,0.9954786662483718,0.033616300639313694,0.9660806094955727,0.00030308965919852003,2.0591650827939325e-10,0.0,0.0018992666810540202,0.030783732639357575,0.9673170005325948,1.4699356594323652e-10,0.004794744000847229,0.057092531527986774,2.1989845988878135e-10,0.0,0.9376734550044754,0.00043926924679427273
1704,2.449621194296557e-13,0.9999999999997584,1.950492279210944e-19,0.9995494966127133,0.00045050338729019746,0.07188224543813927,0.0005966820256359212,0.927521072536218,1.5668538021287084e-17,0.0,0.9906030725997192,0.009339545780352398,5.738161993452471e-05,1.890043237974001e-18,0.8731489803502499,2.3746394855408583e-09,1.078609568400059e-18,0.0,9.282114711916959e-06,0.1268417351603965
1705,0.20444113174060075,0.7955588682594,2.2012935494343972e-06,5.353895593842464e-06,0.9999924448108554,0.9998635490724275,0.0001350918560080095,7.656550215658357e-10,1.3583059119733386e-06,4.49576e-318,5.220389376130752e-09,0.9998717667444426,0.00012733190238626427,8.961327822141226e-07,0.9995418056703204,7.183614552402813e-08,5.115677104483411e-06,0.0,0.0004530047818982256,2.034531845334204e-09
1706,0.9999813492531124,1.8650746887716214e-05,0.047755859995351715,5.178270929085293e-10,0.9522441394868193,0.03967759236733355,0.1626636490045804,1.0168041531959274e-12,0.7976587586270719,5.807545460470672e-292,1.3688790002973328e-11,0.06436841866894111,0.24176231177626578,0.6938692695411062,0.020662068431951845,0.0011394441665010932,0.7784701400052085,0.0,0.19972834739593803,4.0106533207239914e-13
1707,0.9999999999976907,2.3099630697075806e-12,0.9999559459477313,3.980813920393815e-19,4.40540522677922e-05,8.55511140718504e-09,1.4870938666856659e-06,2.006858084205236e-23,0.9999985043510222,4.231645600276808e-242,3.561918455041526e-22,1.9930150659180666e-08,2.8119756684231617e-06,0.9999971680941815,7.698718493427858e-10,3.76859002742173e-09,0.9999976706396674,0.0,2.3248218710425634e-06,4.716673515034522e-24
1708,0.9999576928331018,4.2307166898706796e-05,0.02148630261022229,1.6198702315474362e-09,0.9785136957699063,0.5492851289161421,0.027566580058021383,3.473683401226504e-12,0.42314829102236134,2.3926675002635592e-281,4.408053756036439e-11,0.6966153206789503,0.03431017448611851,0.2690745047908484,0.1429806118955939,0.05557266234146034,0.7643704335322826,0.0,0.03707629222953068,1.1300168463690078e-12
1709,1.0,1.1484254307894967e-16,0.9999999991617994,7.00107065875726e-26,8.382006011540262e-10,1.1936970095215512e-11,8.102635655445549e-13,9.017090316026266e-31,0.9999999999872529,8.087474061139584e-181,1.8100679094347396e-29,3.7167084109601906e-11,1.65288841404339e-12,0.9999999999611795,2.9326594496015857e-13,5.9999506734790435e-12,0.9999999999925713,0.0,1.136333827744792e-12,1.220286510089553e-31
1710,0.9985268384754059,0.0014731615245915893,0.0046290295388119965,7.116636221454604e-08,0.9953708992948243,0.8825849652788273,0.01675368633034274,5.774514783573215e-10,0.10066134781337917,8.03826528067552e-290,4.733849887884832e-09,0.9193948426300546,0.017708471253908547,0.0628966813821857,0.020513419666210526,0.8333900924068385,0.12817570855301919,0.0,0.017920779162910835,2.1101997370108297e-10
1712,1.253672965517155e-19,1.0,1.9163512523485439e-31,0.9999936075627965,6.3924372078009535e-06,2.824642718015359e-08,2.5020642413454106e-05,0.9999749511111659,7.220571636731081e-29,0.0,0.9999951238966469,1.971759358154379e-09,4.874131597102396e-06,1.0024596831313184e-29,3.320886268823169e-13,2.481435195695265e-05,4.9480397341998045e-30,0.0,1.387445796407544e-14,0.999975185647702
1713,1.3792140028764544e-18,1.0,2.9245314548189684e-29,0.9999988119360476,1.1880639553883817e-06,7.763719261726899e-08,3.4704119336988524e-06,0.9999964519508768,6.895254247601044e-28,0.0,0.9999994570745709,1.2104239155610025e-08,5.308211932454999e-07,8.434266479829309e-29,2.195210098790068e-08,1.6149640009144373e-10,1.223196422547035e-28,0.0,2.757981922481245e-07,0.9999997020882123
1715,0.9999999999999822,1.7931375039747247e-14,0.9999997688652852,2.2561594882387405e-22,2.3113471560895232e-07,1.6964512518660604e-09,7.396436937554596e-10,4.260708435590382e-27,0.9999999975639042,8.09798965852807e-177,8.958530971564675e-26,5.1727235303049866e-09,1.5713537181235815e-09,0.9999999932559227,1.292577711761676e-10,6.08881860752923e-11,0.999999998845464,0.0,9.643890082019568e-10,5.425081734587082e-28
1716,0.28488900079290436,0.7151109992070942,2.6307805833074767e-07,1.365417546198687e-06,0.9999983715043941,0.0097144172888647,0.9902834051967899,4.935169447379876e-09,2.1725791769802742e-06,5.716624301196564e-300,3.8607279903306967e-08,0.011103805544905337,0.9888949287318909,1.227115921555751e-06,0.01728989308257817,5.4753696636749555e-06,2.01540907549733e-06,0.0,0.9827026120064287,4.132257372092709e-09
1717,0.0005810266934668591,0.9994189733065346,4.8003881554298046e-08,0.00235638254258721,0.9976435694535313,0.9999605041576672,3.93195426150805e-05,1.6855345901409488e-07,7.746261243002563e-09,0.0,2.0073639247457245e-06,0.9999525372189437,4.5449406295961174e-05,6.010833396045102e-09,0.9985956371216668,0.0013300550100505215,2.9609805072472396e-08,0.0,7.358865668052643e-05,6.896017954689296e-07
1718,0.9999999998370654,1.62936521039772e-10,0.9999612729122793,1.0941760767411245e-16,3.872708772338826e-05,5.953147901231265e-06,7.760836157952302e-08,3.667991462145027e-21,0.9999939692437346,2.8524813985645612e-201,5.749219872510152e-20,1.2896242935759435e-05,1.3346075463698173e-07,0.9999869702963112,1.512978847969166e-05,2.4930212942318797e-10,0.9999847694460129,0.0,1.005162047862419e-07,1.1052921078889767e-21
1719,0.999999999995346,4.653739059284954e-12,0.999998013289142,5.84061321010983e-19,1.986710856545193e-06,3.9247385655706364e-07,5.89213652410463e-10,3.715127040710226e-23,0.9999996069369308,1.4364602035159924e-204,5.753475339260518e-22,1.0424059234725944e-06,1.0750240212156856e-09,0.9999989565190512,2.7908735329458908e-08,2.3506042013466532e-08,0.9999999479721438,0.0,6.130788860964322e-10,5.330920812951788e-24
1720,0.9999999926553258,7.344672646573444e-09,0.9987409336603719,7.28628319824455e-14,0.001259066339552083,0.002784174318228069,3.7753209705444274e-08,6.406903128185442e-18,0.9972157879285592,7.170654223689719e-258,1.2265705113812014e-16,0.005787763608221627,6.021063790509608e-08,0.9942121761811415,1.4232960513093665e-05,0.0025541045908011747,0.9974316564859654,0.0,5.9627214007186155e-09,1.5842866142313568e-18
1721,0.9999999996876525,3.123479774756915e-10,0.9991831799050245,7.641201007446253e-16,0.0008168200949751381,5.848611667029056e-06,4.919591285849114e-06,3.371985484156483e-20,0.9999892317970492,8.775129318236527e-269,6.07248227471921e-19,1.4059187971202387e-05,8.9333702020091e-06,0.9999770074418247,2.0471182983821554e-06,6.804244369407827e-08,0.9999931525985161,0.0,4.732240743899733e-06,9.40088485443234e-21
1722,0.9999991884108634,8.115891374707498e-07,0.16259081764306615,2.2972711821254494e-11,0.8374091823339639,0.0002368548533018321,0.4244780094123347,9.43698740509418e-15,0.5752851357343505,6.970937068505872e-236,1.3277656631361903e-13,0.0003716620112794703,0.5625992196346422,0.4370291183539459,9.339076358943091e-05,9.938533943006546e-06,0.4883031412844834,0.0,0.5115935294179802,3.5293018243867116e-15
1723,0.9999999999993818,6.16710898911133e-13,0.999999073769934,1.5348313102722635e-20,9.26230065814727e-07,5.266506955950207e-08,6.987755447132315e-10,2.754547575213195e-25,0.9999999466361565,6.210054742401148e-223,4.449149535393266e-24,1.565214020805177e-07,1.3387391543012573e-09,0.999999842139859,1.0754287892484304e-08,1.6485017490568857e-10,0.9999999879996757,0.0,1.0811870478813803e-09,4.5140075424538573e-26
1724,2.8976712780944052e-06,0.9999971023287192,2.527548897015471e-13,0.0001927539799758148,0.9998072460197716,3.7668137932160177e-07,0.9999993137045716,3.096139705244638e-07,7.766465012145728e-14,0.0,1.5764537348883317e-06,3.2496048332898063e-07,0.9999980985857306,4.934302243399506e-14,2.9506618519948453e-08,3.1813357192881344e-07,4.283921471590838e-14,0.0,0.9999994560947756,1.9626499001257869e-07
1725,2.047413690895516e-06,0.9999979525863053,2.4296114675436885e-18,0.01843140421795384,0.9815685957820457,0.999996084691224,7.10272525729712e-15,3.915308768967603e-06,8.744700853287006e-19,0.0,3.5849239113828484e-05,0.9999641507608801,9.106890851230003e-15,6.741056353546508e-19,3.428121818535655e-05,0.9999651498959844,7.06016280028029e-20,0.0,3.492736449951147e-24,5.688858304320403e-07
1726,0.9980656518078471,0.001934348192154877,0.003604622907041663,2.276589687869035e-07,0.9963951494339923,0.9930776854617597,5.401449291520829e-13,8.57628641318608e-11,0.006922314451933985,0.0,7.8397791602564e-10,0.9960252160003276,4.76953637602613e-13,0.003974783215214637,0.0008361439079642556,0.9956621531828941,0.003501702867369277,0.0,2.6575794632198923e-21,4.1775530764039966e-11
1727,4.813806307215672e-13,0.9999999999995168,3.52962315037323e-19,0.9997679352957763,0.00023206470422022305,0.9906018748122247,6.085836241071417e-08,0.009398064329415541,2.3644254266961148e-18,0.0,0.058593669013261185,0.9414062810421454,4.9944596009725075e-08,1.5498057108813537e-18,0.9976280716034399,1.6034737701414103e-08,1.4876992240423532e-19,0.0,5.747279034762789e-10,0.0023719117870966352
1728,0.999999999999865,1.3507646443583484e-13,0.999996855245157,4.415457949252143e-21,3.144754841962506e-06,2.095027617204304e-09,3.5644381386067305e-08,1.4788184633868457e-25,0.9999999622605926,1.9697108527403374e-215,2.401393870088967e-24,6.175712033547242e-09,7.716672694644247e-08,0.9999999166575612,1.256985505001094e-10,6.431650832036188e-10,0.9999999351822509,0.0,6.404888402672664e-08,2.93185479664396e-26
1729,0.9567419934232134,0.04325800657678658,2.8383420479367324e-19,1.4664656601289e-06,0.9999985335343405,0.9999999962561361,2.0772116492664444e-10,3.4908111964889635e-09,4.532826825189261e-11,1.49143932e-315,2.7362175524988542e-08,0.9999999723566976,2.5100626293983896e-10,3.012099444630947e-11,1.4069919477201392e-13,0.9999999999873737,1.4724382658080428e-20,0.0,5.633588632300552e-13,1.192260921847293e-11
1730,0.9999999235430821,7.64569165624909e-08,0.892065694120666,8.249780948490463e-13,0.10793430587850646,0.00043378473388604844,0.0007805022108493103,7.705438318764931e-17,0.998785713055262,1.0523374232331644e-262,8.441377796007037e-16,0.0010097196102562692,0.0014047223464595904,0.9975855580432826,0.0012033587349441674,1.2438300599367386e-13,0.9976416196756119,0.0,0.0011550215893219723,2.2930995196098045e-17
1731,0.9999999619204311,3.80795659957303e-08,0.9927763675519704,9.477908461144819e-13,0.007223632447083538,0.01804364130183336,1.1631022662688121e-06,5.670944839049733e-17,0.9819551955958968,1.1873153301896091e-247,8.109248552883301e-16,0.04803333605702685,1.8793988577175112e-06,0.9519647845441129,0.046821870287658086,7.259936462385794e-07,0.9531762144377258,0.0,1.189280967902446e-06,1.9802262179054645e-17
1732,0.03637276749175201,0.9636272325082481,7.654302943133849e-07,0.0001388257876379672,0.9998604087820654,0.9999927223819541,7.106045060056511e-06,1.1145136556673421e-08,1.604278473324208e-07,4.188297779232e-311,9.054273500446517e-08,0.9999909491243069,8.85345670166521e-06,1.068762594359048e-07,0.9950551105210178,0.004936642958127969,3.279151887324617e-07,0.0,7.897609446215996e-06,2.0996219127148862e-08
1733,0.9999999998656577,1.343411678600456e-10,0.999868486152493,6.841302504865354e-17,0.00013151384750470987,2.0152394426257464e-06,5.298450401057718e-07,4.0933644915941e-21,0.9999974549155177,9.032523857014732e-221,5.77613915096054e-20,5.046306043084545e-06,9.528113576898997e-07,0.9999940008825984,5.702408607181904e-07,8.266496348238932e-09,0.9999987409014826,0.0,6.805911589277264e-07,7.914617496678327e-22
1734,0.02027793474261387,0.9797220652573833,5.1658747235525275e-11,2.870185957544899e-07,0.9999997129297483,8.48591259688592e-08,0.9999999149252937,1.3447471832958549e-10,8.110740240961996e-11,0.0,9.336110752276692e-10,6.305392968876121e-08,0.9999999359667575,4.5703781915482666e-11,8.48023219379005e-11,0.00011166809375824424,2.0936851700436557e-11,0.0,0.9998883317307208,6.978267105785798e-11
1735,7.463075592019916e-13,0.9999999999992539,4.867977978961212e-19,0.9913023442114431,0.008697655788558205,0.1392276238799562,0.16472556720145895,0.6960468089185795,1.4979264823243095e-16,0.0,0.96471009453874,0.014162382969350426,0.021127522491912177,1.7426810433705947e-17,0.5830780501007035,4.772465830006966e-08,1.5376026964949227e-17,0.0,0.01999273336269577,0.39692916881194323
1736,5.1361086965474376e-20,1.0,6.375501805467845e-47,0.9999999935661776,6.433817383185643e-09,0.00017887197624008954,3.5355497839907445e-20,0.9998211280237642,3.372995680572237e-44,0.0,0.9999871386886101,1.2861311383478141e-05,5.3132646942176614e-21,3.0036271540597416e-45,7.522362496853436e-16,0.00011752636256440645,7.495654631893554e-53,0.0,8.333362882704134e-22,0.999882473637432
1737,0.9909207757590419,0.009079224240961596,0.00018314371639272203,1.8365426421341034e-07,0.9998166726293428,0.9930107635137163,0.00642929495178041,5.6299339750630535e-11,0.0005599414782017805,3.7336820685430523e-299,6.032050567310568e-10,0.9936751878694665,0.005953103740707919,0.0003717077866217388,0.8723384161829141,0.0732481786412765,0.005053704948520923,0.0,0.049359699982058296,2.452285319661565e-10
1738,0.9143666116043838,0.08563338839561702,1.5728372736757372e-05,1.1839101917155539e-07,0.9999841532362423,0.012562706371388763,0.9872459612137567,4.656564848807911e-10,0.00019133194919987654,5.802e-320,3.6337867550707134e-09,0.014926807177609074,0.9849548533671925,0.00011833582141153163,0.004883139149152468,7.678624934541898e-05,0.00015060017885800255,0.0,0.9948894741266825,2.959613206079901e-10
1739,1.405664759179864e-10,0.9999999998594333,1.1917514089434484e-15,0.9960849058549223,0.003915094145078644,0.9995113702318902,2.6245134157130685e-07,0.0004883673167696315,1.0317617636436291e-15,0.0,0.003470102145447289,0.996529636248643,2.6160590558837407e-07,7.54026343025825e-16,0.9999895294608957,1.1042056344935399e-10,7.173178175875143e-18,0.0,1.3999583567244015e-09,1.0469028726417479e-05
1740,0.9999949727345727,5.027265428189626e-06,0.03258767203555044,6.84268331097843e-11,0.9674123278960258,0.0003167209112755502,0.8492012270002217,3.245557491430424e-14,0.15048205208847082,5.262569129065245e-265,3.2729999823819075e-13,0.0003589996657899784,0.9136473795345195,0.08599362079936677,8.631412509521224e-05,1.155734812409702e-06,0.08300020684389668,0.0,0.9169123232961871,1.072365183158114e-14
1741,1.0,9.474481748240551e-17,0.9999999988177777,2.6177894250792954e-26,1.1822232033535317e-09,7.532715457728049e-12,1.955213149292385e-12,3.6504321842042788e-31,0.9999999999905107,4.383818676727567e-169,6.399196599219865e-30,2.3881154214424056e-11,3.957971326341303e-12,0.9999999999721609,8.923399305917913e-13,2.105705269888194e-19,0.9999999999958611,0.0,3.2479014042746524e-12,4.5519100658657294e-32
1742,0.9999999999999929,7.987567499811388e-15,0.9999999368778545,5.571660219845587e-23,6.31221466524434e-08,5.544393204097301e-10,1.241997589023765e-10,1.100577386446156e-27,0.9999999993213606,7.155138972245809e-198,2.0518446208361057e-26,1.5948544626678138e-09,2.403324582896697e-10,0.9999999981648138,2.8401261485354394e-11,9.404301331330093e-11,0.9999999997226645,0.0,1.5489291988340755e-10,1.7695641923676493e-28
1743,0.999560785158592,0.0004392148414066054,0.006854722647850507,7.3752870453940205e-09,0.9931452699768646,0.8360170256379038,0.047734555144835246,2.1711258599722023e-11,0.11624841919554607,2.412319116263493e-254,2.302206644157247e-10,0.8775679923199963,0.0474277747495948,0.07500423270019092,0.8370143179174496,0.0020395175071955154,0.09950465927945049,0.0,0.061441505285624184,1.0277351434408122e-11
1744,0.999999999295909,7.040905092993212e-10,0.9999016756359335,6.072614153269192e-16,9.832436406334475e-05,8.969419968335337e-06,4.31117674018727e-08,3.971340378872395e-20,0.9999909874682642,8.967507645887666e-231,5.975483909703905e-19,2.0113877192071542e-05,7.576632814984606e-08,0.9999798103564801,6.925504947131008e-07,4.73035856472778e-07,0.9999987937578069,0.0,4.065584417841783e-08,5.819233755213792e-21
1745,0.003453435788810554,0.9965465642111909,1.5307141654816228e-12,9.76041332855184e-08,0.9999999023943337,7.906509294475682e-12,0.9999999999900879,1.982162378119904e-12,2.5381506987042456e-14,0.0,1.4532953229937221e-11,6.04545618180609e-12,0.9999999999794085,1.516373430533269e-14,3.286934013498036e-14,1.32575891741538e-08,8.446609842807541e-15,0.0,0.9999999867416349,7.316661671042701e-13
1746,0.9999999999999893,1.133142435150723e-14,0.9999999092156854,5.460688949821624e-23,9.078431449794968e-08,5.800421064241827e-10,2.1566358169724408e-10,8.432510537616215e-28,0.9999999992042952,4.561722113004075e-169,1.9031647246383632e-26,1.625163661182033e-09,4.3218414720811786e-10,0.9999999979426519,7.951795386776693e-11,6.1996350738692865e-12,0.9999999995249631,0.0,3.8932073061950896e-10,1.5692647345020626e-28
1747,0.010746642585942644,0.9892533574140557,2.797546405742972e-06,0.002416563605069981,0.9975806388485271,0.9999999966653448,1.4513278137166277e-09,6.760052537802308e-10,1.2073233240916514e-09,1.593e-320,2.499843149023425e-09,0.9999999960376442,9.797330044595133e-10,4.827799103012102e-10,0.999925327538115,7.466943477958687e-05,1.7317094748765566e-09,0.0,7.802722916146945e-10,5.151220655589222e-10
1748,0.9999999999541984,4.5801846328389235e-11,0.9999555635146381,2.691120552970745e-17,4.443648536137562e-05,6.681271587144698e-06,6.820134053898595e-09,6.529223738536932e-22,0.9999933119082779,5.1206662872086714e-232,1.4920815133029957e-20,1.6183912708212588e-05,1.2270202437425848e-08,0.9999838038170884,1.234312245709558e-07,1.4942737278422456e-06,0.9999983800007127,0.0,2.29433490686138e-09,1.8375377876693166e-22
1749,0.999999999999865,1.364317975562046e-13,0.9999982034710592,4.538046028387886e-21,1.796528940208679e-06,1.411975763096868e-09,2.0644618644448138e-08,2.3288882409641074e-25,0.9999999779434072,1.1099968334250952e-195,4.0662041800777716e-24,3.8669015189434866e-09,3.805395531452817e-08,0.9999999580791448,5.703708555485967e-11,2.0228095078573016e-09,0.9999999690837496,0.0,2.8836402068821427e-08,4.538786732725681e-26
1750,6.094248010095299e-13,0.9999999999993889,1.299885021103599e-20,0.9805783605136851,0.01942163948631406,0.005811570630700338,0.00791574288336928,0.9862726864859345,2.4287141788651158e-18,0.0,0.9979123607968391,0.0006970138727065568,0.001390625330447898,3.3818308491782e-19,1.5151035923305183e-08,0.976429421332639,3.5731659224960917e-20,0.0,4.680855441680577e-13,0.023570563515854896
1751,0.999999776964227,2.2303577421595689e-07,0.011491886703417432,7.300180685331584e-13,0.9885081132958552,1.5640578896366308e-06,0.9791340857771165,1.7526875004466145e-16,0.02086435016499611,5.523843549111626e-281,9.230892287334565e-16,2.0908907652797305e-06,0.9894952304314105,0.010502678677820471,1.0997529484113519e-07,8.615383643856565e-14,0.006741906696069419,0.0,0.9932579833285462,2.3891932486573586e-17
1752,4.6537935503047625e-09,0.999999995346208,1.7225329497892874e-24,0.004551270827957521,0.9954487291720425,1.4253919250873119e-08,0.9999983770632663,1.608682811999088e-06,3.2983800194812878e-18,0.0,1.2837414374135708e-05,1.1581222042418298e-08,0.9999871510044027,2.1093568016302495e-18,1.4550265885731267e-10,4.970071210731862e-08,5.704535329173024e-26,0.0,0.9999977255832136,2.224570571071325e-06
1753,0.9999999999998472,1.5387251828725727e-13,0.9999995257779754,4.103808177551572e-21,4.7422202407600385e-07,9.47273191460412e-09,4.441955606781948e-10,7.291705885346331e-26,0.9999999900830723,3.669291264895544e-197,1.5964487056924977e-24,2.4393321605599505e-08,8.287070306974569e-10,0.9999999747779714,2.985954265941771e-10,3.976092322598319e-09,0.9999999951143366,0.0,6.109765893476848e-10,1.5404977117918856e-26
1754,1.0,1.2818615874998416e-15,0.999999992117381,3.0730567301281658e-24,7.882620668323153e-09,5.6245173019586647e-11,1.2443279921981741e-11,4.5891823041926846e-29,0.9999999999313118,4.5586685162119143e-178,8.419142798436159e-28,1.6135176812055292e-10,2.5559211464674865e-11,0.9999999998130882,2.859456917902046e-12,2.248206954523224e-11,0.9999999999561666,0.0,1.8491314449867428e-11,7.473161538773383e-30
1755,0.9999999999999503,5.1280189891426285e-14,0.999999871992608,6.243988190062325e-22,1.2800739312093104e-07,5.6234404346737915e-09,1.0626371992619821e-10,1.102846773662627e-26,0.9999999942702971,1.7948557760964404e-205,1.7600326690525921e-25,1.7098123265336722e-08,2.1902894757349123e-10,0.999999982682848,1.6385389648339036e-09,8.142581352261065e-12,0.9999999981918108,0.0,1.6150773208483952e-10,2.1789628711555496e-27
1756,0.9931170114992867,0.0068829885007105065,7.36948678435574e-05,1.725809427066808e-08,0.9999262878740593,0.023793887183455938,0.9743117660413473,1.101498895533987e-10,0.0018943466650472947,2.2308450526790588e-271,1.0093198600666695e-09,0.024443518903306854,0.974345385545616,0.0012110945417591948,0.0020184203454124854,0.0006570716444764273,0.0011101941855119928,0.0,0.9962143137824921,4.21077989507049e-11
1757,3.661058007627351e-17,1.0,5.829597096010166e-22,0.973813708820899,0.026186291179094406,0.9995364046074877,2.271567490556874e-16,0.00046359539251089994,1.5788683954439047e-22,0.0,0.003130974485884201,0.9968690255141172,2.1682527840002324e-16,1.0050830816821373e-22,4.5499930129542815e-20,0.9998888391543536,3.956419392428731e-23,0.0,1.4949446330819027e-25,0.00011116084564848379
1758,0.999989119418315,1.0880581683426131e-05,0.015458672191553917,1.032951940215005e-10,0.9845413277051541,0.0022734256940630275,0.8072267506573683,1.2812520950445714e-13,0.19049982364844256,3.859319811440652e-283,1.4637782518647277e-12,0.0026533087895349193,0.8739554031887602,0.1233912880202388,0.00026630783672590533,0.00011858546849646684,0.11654248862020292,0.0,0.883072618074506,7.0442882285883e-14
1759,0.9999977974091322,2.2025908682545667e-06,0.5626843217519537,4.659234925964756e-10,0.4373156777821233,0.028762194200771835,0.0004480176011676586,8.466538934454537e-14,0.9707897881979779,1.3279220443933369e-266,1.7476289390816807e-12,0.04659629285459138,0.0007066759515480509,0.9526970311921141,0.001012518396226586,0.03759161510270121,0.9612466948436006,0.0,0.00014917165741574936,5.3694051520633006e-14
1760,0.9999999864454949,1.355450623436173e-08,0.9954499643169165,2.6262866047996173e-13,0.004550035682821508,0.00029330144967347336,1.7142691044920884e-05,3.393416402935749e-17,0.9996895558592794,3.403866831429532e-228,4.545688964471202e-16,0.0007493971387804361,2.7631103945866163e-05,0.9992229717572755,0.00011699332945763257,1.8911704717000686e-06,0.9998657280093282,0.0,1.538749074140688e-05,1.5089268919663274e-17
1761,0.00034278510784316644,0.9996572148921542,1.3460130376282677e-07,0.002067504136655905,0.9979323612620405,0.9998870216914086,0.0001129360981348916,3.266361594167713e-08,9.546843316531538e-09,6.055661869265488e-300,2.3958027309572633e-07,0.9999193885732957,8.036600333347054e-05,5.84310090219035e-09,0.9999996597405537,2.7652671210360236e-12,1.8709604851797756e-11,0.0,3.4014081186869005e-07,9.715829052751882e-11
1762,0.9999999999665157,3.3483503667551566e-11,0.9996929884779565,2.7951775300953096e-17,0.00030701152204383903,2.407437131781961e-07,4.584667198230337e-06,1.819205851228454e-21,0.9999951745890884,3.3600109908956346e-230,3.057437894361974e-20,5.683030114292491e-07,8.717760737141283e-06,0.9999907139362527,1.1879218175467216e-08,1.9128664763527326e-07,0.9999934029828097,0.0,6.393851325815448e-06,5.583384929816713e-22
1763,1.356658467825941e-10,0.9999999998643361,5.851748559793362e-16,0.9945784606985605,0.00542153930144125,0.9964218453958195,6.152124742810863e-06,0.003572002479436866,9.288985671002093e-16,0.0,0.022490248112542622,0.977505353702758,4.398184693291703e-06,5.656630468253812e-16,0.9999006310987936,2.2734071119173798e-10,1.0444280287837365e-17,0.0,2.7860522231765893e-08,9.934081334227039e-05
1764,0.9552493919857727,0.044750608014225306,0.0005050516873724451,4.446746736078444e-06,0.9994905015658917,0.9999999999965539,2.8831557514675927e-17,3.330377705267968e-12,1.160112050050528e-13,2.4907830860245837e-301,2.952469755781035e-11,0.999999999970413,3.013920057987605e-17,6.277983085278409e-14,0.00016634478043009234,0.9998336552187607,5.345440659373604e-14,0.0,6.944470286450016e-26,7.591820470442616e-13
1765,0.9999999999975095,2.4909194633406588e-12,0.9999979216536158,6.468056926136961e-19,2.0783463834988917e-06,5.702120712305657e-07,6.981559517381321e-11,2.934879107596844e-23,0.9999994297181117,1.720838102775884e-214,5.321165934672626e-22,1.4387979353020576e-06,1.3184138679494047e-10,0.9999985610702226,1.4574677701588281e-09,1.0973552331484695e-05,0.9999890249901997,0.0,4.101315065994266e-19,5.0282778667974335e-24
1766,0.0003878599203394549,0.9996121400796585,9.210556599007876e-10,5.142600159788077e-05,0.9999485730773443,0.019878397354585322,0.9801211825627577,4.067105732305354e-07,1.3372086652374286e-08,0.0,3.095280617480802e-06,0.02355019769580341,0.9764466981609431,8.862632608895338e-09,0.07026504061526054,5.781751816747137e-06,9.541462282382725e-09,0.0,0.9297284539987691,7.140926908507184e-07
1767,0.0029426094645362308,0.9970573905354615,9.454105288270055e-09,6.766175241774332e-05,0.9999323287934744,0.9947482792836665,0.005251539454720889,1.1099276016786471e-07,7.026885462873983e-08,6.347156e-317,9.893068913982392e-07,0.9951335900906294,0.004865371154705155,4.9447777283284245e-08,1.676367263331306e-09,0.9629536993475198,5.369899618870088e-07,0.0,0.037044604187140506,1.1577990097963531e-06
1768,0.999999460852418,5.391475834738291e-07,0.49643266965971833,1.5446462565418447e-11,0.5035673303248349,0.0006498355448902998,0.04177493634154436,2.554803113564781e-15,0.9575752281135625,2.443135664584592e-227,4.6686703007592264e-14,0.0011463414612443048,0.06608506161945858,0.93276859691925,0.00021607545406222587,3.034627724738512e-05,0.9340799554871135,0.0,0.06567362278157195,1.4324451005162867e-15
1769,0.9962574535124169,0.003742546487584307,3.9098825320562753e-13,1.710980661166258e-09,0.9999999982886294,1.7096593265339363e-14,0.9999999999985434,1.1609281785687798e-12,2.7916261064387207e-13,3.338022820634743e-298,5.944365071886746e-12,1.459491064937861e-14,0.9999999999938964,1.442038020001903e-13,1.2248023228094504e-16,1.6679413385423654e-05,9.139109837247978e-14,0.0,0.999983320586395,1.24483566597991e-13
1770,7.368292817595282e-25,1.0,8.331864920320917e-40,0.9999999999320011,6.799971679348845e-11,4.776938499997632e-10,1.9490835855781643e-13,0.9999999995221103,1.7814631560476735e-38,0.0,0.999999999968388,3.1587153940486606e-11,2.6458103569578828e-14,1.9546170218285183e-39,5.943658999153945e-14,7.29041172003457e-09,2.2195742113382685e-39,0.0,3.481179806196052e-23,0.999999992709526
1771,1.3381988883348526e-21,1.0,2.952928036663339e-42,0.9999999999531752,4.6826861699037e-11,6.0056702992347964e-05,1.1762265507674021e-32,0.9999399432970129,3.471003999873863e-48,0.0,0.9999927474726417,7.252527355822112e-06,2.0726925908609735e-33,4.666485590004066e-49,1.7198670618246962e-16,5.444232724263834e-05,2.3852078599973546e-49,0.0,1.7553267695860014e-42,0.9999455576727613
1772,0.9999999999989981,1.0004596130728833e-12,0.9999984936522969,8.998071630310383e-20,1.5063477024945323e-06,1.662554159607619e-07,3.3093787550651515e-10,2.2405912468244735e-24,0.9999998334136461,2.5931118216296216e-184,3.5403533311446313e-23,4.785285006554454e-07,6.425833753539562e-10,0.9999995208289161,1.7913333173463517e-08,2.9764281099729407e-09,0.9999999789627518,0.0,1.4748701225506797e-10,4.406048513673954e-25
1773,7.884726431888063e-31,1.0,2.7327496361307157e-56,1.0,3.030945494119672e-16,4.043830414181844e-13,2.6564667890176997e-20,0.999999999999595,4.2735932272980396e-48,0.0,0.9999999999999574,4.468602063141671e-14,4.332795681644155e-21,7.916107535392081e-49,7.672952490357559e-16,1.5525262261258188e-15,9.483014433142129e-57,0.0,2.9018680209219863e-30,1.0
1774,0.9999999997555307,2.444664214321435e-10,0.9994908605235178,2.6186015452768294e-16,0.0005091394764830064,3.430284937858064e-06,2.548642641579262e-06,1.2551453745224313e-20,0.9999940210724213,1.6914297260201072e-218,2.392682642826903e-19,7.2905985235098155e-06,4.315196120484393e-06,0.9999883942053555,1.0476319752598962e-06,2.9690397891531804e-08,0.9999958674710125,0.0,3.0552066106482416e-06,3.197607563984449e-21
1775,2.1459440921528927e-19,1.0,8.967896339844825e-29,0.9999999874704173,1.2529584984512094e-08,0.015487928617289813,1.1739439774995934e-10,0.984512071265318,7.437062614860359e-27,0.0,0.997072825468658,0.002927174510869309,2.0472765252884695e-11,1.1552165630147289e-27,0.9622993749495795,1.0617192736898641e-20,1.2373371916944831e-28,0.0,5.683164620570583e-13,0.03770062504984967
1776,0.9992608709616865,0.0007391290383108295,0.004263913025597211,3.667564697336833e-08,0.9957360502987544,0.9345547974755357,0.010717688507558519,1.3358665748720052e-10,0.05472751388331854,8.034868034134486e-302,1.2914412930242782e-09,0.9567778082971515,0.009055726728519462,0.03416646368288495,0.05576168644032563,0.8688644193626547,0.07537389382822011,0.0,2.4132578028493777e-10,1.2747516475758847e-10
1777,2.240475378110283e-11,0.9999999999775966,2.1317800839324977e-17,0.9951016561352082,0.0048983438647948845,0.8623417865016053,3.623929211963552e-05,0.1376219742062748,1.846562897384598e-15,0.0,0.7707362355674352,0.22924702808185196,1.6736350711956387e-05,6.972395294965643e-16,0.027609677153346616,0.09761564529774913,2.2355136385150073e-15,0.0,1.4110902867737135e-13,0.8747746775487641
1778,8.061178986273142e-05,0.9999193882101381,2.69124800858287e-08,0.022389579639391612,0.9776103934481281,0.9999597815738712,3.978413628710514e-05,4.325501277378908e-07,1.7397166370426465e-09,8.30416525518864e-291,4.60051809703438e-06,0.9999640291553605,3.1369249158962767e-05,1.0773823391356078e-09,0.9999989813420386,5.8570851914546566e-08,8.223931302905295e-11,0.0,9.425024080702949e-07,1.7502460094034174e-08
1779,0.9999999827752505,1.7224752695459664e-08,0.9945453649878585,2.9091487739106795e-13,0.005454635011849652,0.003191132979363531,2.830639189923897e-06,7.518489821755154e-18,0.9968060363814476,5.934541478087262e-239,1.3879666186727677e-16,0.008479874072592843,5.407073757601402e-06,0.991514718853648,0.0008217362612512515,1.3870791835413325e-05,0.9991614474644873,0.0,2.9454824227836016e-06,2.7099645754114785e-18
1780,0.0001374757430796596,0.9998625242569233,4.675037130196439e-11,7.895044318039511e-05,0.9999210495100721,0.005392980121032932,0.9946059356039061,1.0831804976513187e-06,1.0945618112618599e-09,0.0,7.690427063197334e-06,0.004496728476658225,0.9954955803851673,7.111142771801324e-10,0.00024218105034410945,0.0003133594482150537,6.814271706160672e-10,0.0,0.9994436698228469,7.889971679251996e-07
1781,0.11228322564425812,0.8877167743557448,7.829017181584356e-05,0.0001827003097269356,0.9997390095184553,0.9999996533973207,1.3832211082394245e-07,7.078174185339203e-11,2.0820978817850333e-07,1.5730932596680076e-302,6.021888259747419e-10,0.9999998028967222,8.896992760030553e-08,1.0753115946955549e-07,0.9999999882012673,1.2920968615390963e-09,7.865690185563124e-09,0.0,2.6373071973660268e-09,3.6357199380494577e-12
1782,0.9999999999998792,1.2264131706818455e-13,0.9999998304612597,2.5221683623742193e-21,1.6953873975254007e-07,2.3344968719721633e-08,7.561328328224075e-11,6.6592199066684e-26,0.9999999765794174,4.293905923669293e-196,1.184777848350844e-24,7.008183898171481e-08,1.4761371571556818e-10,0.9999999297705482,1.508671340169712e-09,1.2348065010213345e-09,0.999999997186837,0.0,6.968538440037163e-11,7.792928468418082e-27
1783,0.9999999201111894,7.988880721720161e-08,0.5992316727505619,8.020354070495798e-12,0.4007683272414208,0.0002827150230677471,0.0010800849009426398,6.522280363886241e-16,0.998637200075989,3.3062046815555156e-264,1.0485144852356154e-14,0.0005376504021152943,0.002226646803233945,0.9972357027946437,3.611945021054707e-07,0.25957264159121224,0.7389528238367109,0.0,0.0014741733775766297,1.8426391021612326e-16
1784,0.9989532949233741,0.001046705076625765,3.593092088389129e-05,2.7213518875162966e-09,0.9999640663577635,1.3207617121886512e-05,0.9998644298166495,8.70030802958003e-13,0.0001223625653588457,6.959511853618336e-272,8.743689910460613e-12,1.4641059323285162e-05,0.9999198301667698,6.552876516100738e-05,2.902516734340332e-07,3.7105870505408586e-05,5.29229938109123e-05,0.0,0.9999096808836087,3.9967472774113675e-13
1785,2.758566127115706e-09,0.9999999972414315,5.023665198247119e-15,0.5688923516960775,0.43110764830392123,0.9618438572393985,0.008968340167568933,0.029187802592547253,4.824644967490274e-13,0.0,0.29615231795422375,0.6945804044772806,0.00926727756812236,3.6812712329206785e-13,4.1893441156879755e-08,0.999994027871692,5.043018704569221e-17,0.0,3.790178419465434e-15,5.930234866185868e-06
1786,0.06909525886812368,0.9309047411318727,3.9011189942949704e-09,1.3702887080813257e-07,0.9999998590700115,2.6180570016200537e-08,0.9999999735600372,2.8470483892346013e-12,2.5654608829930153e-10,0.0,3.4957621924369744e-11,2.0538772609978266e-08,0.9999999792613112,1.649608358651772e-10,3.9265631494157864e-08,8.789666197022572e-11,1.257268842732379e-10,0.0,0.9999999605187079,2.0363141063219728e-12
1787,0.9999999984346886,1.565311207564174e-09,0.9952873436016053,3.0712171934973e-15,0.004712656398393829,7.88972030636181e-07,0.00019873090667295933,2.397226095956499e-19,0.9998004801212974,4.129629311245637e-248,4.315158747494377e-18,1.5994614831114852e-06,0.0003368570614494947,0.9996615434770693,1.532296703368665e-07,7.894572499499494e-08,0.9997267821929859,0.0,0.00027298563162042215,6.795822624216427e-20
1788,0.9998578555756045,0.00014214442439535168,0.05484907613009452,2.4965322014773918e-08,0.9451508989045816,0.8834426437534663,0.00024133404026891595,9.385586289098239e-12,0.1163160221968792,5.413349752479047e-303,7.499274437963243e-11,0.9405312196579778,0.00021237633486666298,0.05925640393216385,0.00874147127528204,0.8979427538930802,0.09325806746113409,0.0,5.770736709237174e-05,3.4083684898155838e-12
1789,0.9988666994336274,0.0011333005663755227,0.03415633689992977,7.762931294764702e-07,0.9658428868069413,0.9998757561076861,1.2745268321553297e-07,3.848509180108941e-13,0.00012411643924655256,1.022670045943684e-236,2.666486620121288e-12,0.9999448561202832,8.654482258025464e-08,5.505733223114011e-05,0.9999833740870486,1.5335636623181637e-07,1.6458970126032405e-05,0.0,1.3586418682368223e-08,4.3931040414445334e-14
1790,0.027283447527440954,0.9727165524725613,8.462387935745608e-06,0.0009508367299447533,0.9990407008821164,0.9999998545779895,1.2034630847749086e-07,7.355496395387076e-10,2.434015012011476e-08,4.922747113787367e-303,4.238358154090122e-09,0.9999999028074574,8.222397536954381e-08,1.0730210888708545e-08,0.9999999843584392,1.1725335291138456e-08,8.864421245921016e-10,0.0,3.0069473833193486e-09,2.283360153864426e-11
1792,2.1628589892387344e-14,0.9999999999999716,6.16986016906175e-22,0.9998977534702919,0.00010224652970794713,0.3116254762036606,5.727002104877663e-05,0.6883172537752921,2.935139453714436e-19,0.0,0.9552586449986273,0.04473321206868072,8.142932696269894e-06,3.8492271136061986e-20,0.9685514666397065,6.137156942317301e-10,6.391373972921465e-21,0.0,5.208497569833075e-07,0.03144801189682004
1793,0.9999999513702219,4.8629777524390307e-08,0.9245081656275833,1.4793841418524397e-12,0.07549183437093474,0.0007727683042274389,0.00015309361354931653,7.587598643077133e-17,0.9990741380822226,2.206600364525834e-255,1.1886213680106006e-15,0.0018030511732715813,0.0002676566254719708,0.9979292922012526,0.00013899534245669537,1.595729434121439e-05,0.9996565860254638,0.0,0.0001884613377411601,2.7025796405386968e-17
1794,4.609418758867791e-24,1.0,2.7696065844310526e-39,0.9999999997875051,2.1249234338050207e-10,1.341682356074182e-09,4.0393780794028424e-21,0.9999999986583248,6.155960359015431e-45,0.0,0.9999999998959623,1.0403175005699381e-10,9.42784617079184e-22,1.0437489301944325e-45,6.674908068139449e-24,0.00022735556429058436,9.938898717233304e-46,0.0,1.062532179384652e-29,0.9997726444357133
1795,0.9999999999964082,3.591841234240972e-12,0.9998631746861772,7.561464787885351e-19,0.00013682531382232206,2.5080891250549764e-09,2.1070711760204753e-05,2.9013479629046733e-23,0.9999789267801505,2.8271895155342253e-212,6.012625822920487e-22,5.6550169786168225e-09,4.234982195947027e-05,0.9999576445230228,1.974615983679959e-10,7.258323951638432e-10,0.9999487672842098,0.0,5.123179249455389e-05,8.02860552994181e-24
1796,1.922437970843753e-07,0.9999998077562011,2.9178955785424626e-12,0.18085893107826528,0.8191410689188128,0.9999186642808596,3.516438143593302e-06,7.781927863730482e-05,2.361454229594331e-12,0.0,0.0006249755456341008,0.9993705644598501,4.459992675194647e-06,1.8407216988150876e-12,1.6627068779501728e-06,0.9999975586801739,2.0733632468129574e-14,0.0,1.0801093548715835e-08,7.678118315151994e-07
1797,0.999999999996362,3.6378051627145523e-12,0.9999934896953848,6.236542709025192e-19,6.510304614970309e-06,2.0510428604469087e-07,6.9053383062956335e-09,1.8437540691830865e-23,0.999999787990377,3.151707522190432e-165,3.1085003644460633e-22,5.178015997977435e-07,1.319914789787939e-08,0.9999994689992515,1.766394811403259e-08,9.295568481357355e-09,0.9999999633373597,0.0,9.703124809902506e-09,3.0775415894869647e-24
1798,0.9999995679390291,4.320609691132976e-07,0.4359696793772408,1.0818729111544788e-11,0.5640303206119379,0.00028924777294206795,0.07513736969973227,2.4317554688985284e-15,0.9245733825273236,1.7903835415200928e-275,4.90069556359252e-14,0.0004215222633471455,0.11803295637473216,0.8815455213618686,3.7733155865493526e-05,4.363472793552625e-05,0.891022931236214,0.0,0.10889570087998585,9.544305055255783e-16
1799,2.5684336130368296e-10,0.9999999997431601,1.8057449795285573e-17,0.039538809402850136,0.9604611905971501,4.721012687551582e-09,0.9999377984675499,6.219681144058024e-05,2.204795561555363e-18,0.0,0.0003558125704118703,2.863365267783122e-09,0.9996441845662232,1.473031006680167e-18,1.5414953613000252e-10,1.5961338728978267e-07,6.783091742410049e-19,0.0,0.9999507494905439,4.9090741918609325e-05
1800,0.0006846137345315821,0.9993153862654673,1.1630824948122325e-08,0.000503948789450291,0.9994960395797275,0.9755292491050577,0.02446266676712347,7.883106259619043e-06,2.0102156219608848e-07,0.0,0.0001091513691396227,0.9688278841944766,0.03106278509728048,1.793391008188229e-07,0.468565004819129,0.521477148900492,4.2228748913446045e-07,0.0,0.00994189843786093,1.5525555025266535e-05
1801,0.9999999999999964,2.9518407043041944e-15,0.999999970887711,6.164399913954841e-24,2.9112289032415454e-08,4.6689819940588956e-11,1.7452981770686167e-10,1.3350428735202885e-28,0.9999999997787796,5.581329180869393e-169,2.614793296869784e-27,1.3064386980934366e-10,3.481517263081188e-10,0.9999999995212043,5.145731141159754e-12,1.4101315902482033e-12,0.9999999996926086,0.0,3.008339470196394e-10,2.1870671712110584e-29
1802,0.999999999992653,7.347536344202918e-12,0.9999385539508894,1.2923181152033946e-18,6.144604911133851e-05,3.90846006739891e-08,6.157118256805458e-07,3.5903728609954215e-23,0.9999993452035744,2.0530096285122003e-222,6.3664822661121415e-22,9.624606927857912e-08,1.254767624025559e-06,0.9999986489863057,3.963669469119614e-09,8.106375600202645e-09,0.9999988533434384,0.0,1.1345865151807812e-06,8.84370834016985e-24
1803,1.0,3.3040549127785157e-16,0.999999997789498,2.9199061590455637e-25,2.21050350240225e-09,8.696370281154795e-12,1.072666399677711e-11,1.764370358453083e-30,0.9999999999805773,1.3030528577280446e-178,3.643299863928365e-29,2.487336254794856e-11,2.2571923002987548e-11,0.9999999999525535,3.294447566013103e-12,1.3412205242580483e-14,0.9999999999745164,0.0,2.217601572542503e-11,2.2684443180927596e-31
1804,1.0,2.2309364274323503e-16,0.9999999988211066,1.925549208950399e-25,1.1788928540869202e-09,2.3465111878023032e-11,7.356630497754031e-13,2.7275640688866728e-30,0.9999999999757989,1.713030825306952e-180,5.541045732012942e-29,7.202001888720184e-11,1.4389834564960192e-12,0.9999999999265405,5.826322945753703e-13,1.0097708700019062e-11,0.9999999999883258,0.0,9.932241337808837e-13,3.726753157507583e-31
1805,1.0,3.062453820672394e-16,0.9999999973652542,2.850900878680433e-25,2.6347459736092784e-09,1.5022154786178226e-11,5.2099807651870845e-12,4.342409997576896e-30,0.9999999999797673,8.075636782379665e-180,8.1339887616134e-29,4.627394963059585e-11,1.0708076795638683e-11,0.999999999943018,5.823943303079095e-13,4.577160005109516e-12,0.999999999986402,0.0,8.43815028423987e-12,6.0199328442854605e-31
1806,4.027237605989555e-05,0.9999597276239428,1.5454571158551085e-12,5.586717583834507e-05,0.9999441328226196,0.0001602868736649513,0.9998387774665051,9.35638911681481e-07,2.0919231414147014e-11,0.0,7.933281817482406e-06,0.00013066912605046724,0.9998613975779018,1.4232230566950786e-11,9.449600836925079e-07,0.028508184312444836,1.3409816098294031e-11,0.0,0.9714902261696422,6.445444204517045e-07
1807,0.9999999999932463,6.753564520755322e-12,0.9999891669021306,2.082925775056122e-18,1.0833097869139275e-05,1.7418206619592144e-07,2.281594435455639e-08,8.255136482972483e-23,0.9999998030019891,3.1145529758618488e-204,1.3645560898745172e-21,4.3096881724858956e-07,4.3142384874564185e-08,0.9999995258887986,4.044902204700764e-08,1.6129290621938787e-09,0.9999999246452334,0.0,3.329281707428215e-08,2.086062510121895e-23
1808,1.0,1.1549809708122592e-15,0.9999999930962211,2.038364003257264e-24,6.903778067569346e-09,8.993780285394554e-11,8.03941499904501e-12,3.7504119190413693e-29,0.9999999999020233,8.6349058592464e-189,6.851123533031569e-28,2.7057286067133586e-10,1.6409896911652852e-11,0.9999999997130189,3.5900365005495047e-12,2.4074398149370407e-11,0.9999999999612044,0.0,1.113292731514452e-11,4.4754713786225935e-30
1809,0.9999999999999964,2.734799353869466e-15,0.9999999837517032,6.035210948753897e-24,1.6248296867390656e-08,1.4745803046188797e-11,1.7869077347474318e-10,9.747420886150973e-29,0.9999999998065618,2.0455260611569426e-187,2.1069189939863654e-27,3.790357585061825e-11,3.3685543615507366e-10,0.999999999625242,1.0504828218413214e-12,1.9267210154863767e-12,0.9999999997376108,0.0,2.594106340452763e-10,1.5410747610904812e-29
1811,0.9960111496132885,0.003988850386709142,0.00010545272350078095,8.716757911893924e-09,0.999894538559739,0.008013637263119999,0.9888792199691556,2.7526075633224072e-11,0.0031071427401960085,3.148923557401714e-261,1.7447533985901495e-10,0.007148635111905998,0.991195481907635,0.0016558828059826164,0.0020713101740577186,3.970804629697602e-06,0.0009920197476644412,0.0,0.9969326992674321,6.218776720692269e-12
1812,0.9998818350027735,0.00011816499722820171,0.05565657037212204,3.0897556822577055e-08,0.9443433987303186,0.9794248634079784,4.715959519198864e-06,2.2367703521249367e-12,0.02057042063026629,1.370216163859297e-254,1.180210164873054e-11,0.9913228210124501,3.2703391973032726e-06,0.008673908636549751,0.0017284473278437347,0.9920040801060621,0.006267472565851871,0.0,5.608575303549739e-15,2.3440820853739873e-13
1813,0.35881588681837195,0.6411841131816256,4.6155913421798746e-08,1.4343664566019953e-07,0.9999998104074417,0.004838738773532394,0.9951581239286504,1.2770679955615277e-09,3.136020746484856e-06,1.2589591189749805e-308,1.0112954297828043e-08,0.0040103958674818216,0.9959875428839947,2.0511355724944267e-06,4.462869659878037e-05,0.0017973866671257862,1.1134450197074308e-06,0.0,0.9981568707691387,4.221202250610463e-10
1814,5.712772283479198e-10,0.9999999994287236,1.3997376139853314e-16,0.015503109006152791,0.984496890993847,3.6773149745941185e-08,0.9999980448147312,1.918412119517037e-06,7.93250744186332e-18,0.0,1.3986601715069277e-05,3.441849577888866e-08,0.9999859789797856,5.612848066625094e-18,6.5794473709677e-08,6.171823835405517e-12,2.3570705900865188e-18,0.0,0.999996282079136,3.652120221374991e-06
1815,0.9578907118582779,0.042109288141722934,7.627696087081077e-05,9.501433570224e-07,0.9999227728957693,0.9993989751593703,0.00046432869268452813,6.136353319032033e-10,0.00013669553431148535,2.218648727499124e-301,4.3274531392922265e-09,0.9995342237898988,0.0003899776238945714,7.579425875089906e-05,0.5015506271610936,0.4973299346896639,0.0005902436546827462,0.0,0.0005291930262409428,1.4683181612913156e-09
1816,1.2823333159244e-10,0.9999999998717684,1.5387842184482822e-17,0.1142314671829079,0.8857685328170893,1.996450528259665e-08,0.9999243228775755,7.565715791646217e-05,1.8294920483865827e-18,0.0,0.0005134451461878201,1.549079760704122e-08,0.9994865393630133,1.2925658387309026e-18,5.9322126138068154e-09,6.0717963937061566e-09,7.063489503715894e-19,0.0,0.9999286985220459,7.12894739458386e-05
1817,6.088036203925452e-05,0.9999391196379619,9.708405789184295e-10,0.00022982204879087365,0.9997701769803665,0.1314355221883041,0.8685630135872743,1.446104055564064e-06,1.8120365791370945e-08,0.0,2.2227134705473253e-05,0.13112362869826,0.8688541287111692,1.5455864469070623e-08,0.6116303026029531,3.0464336111691544e-06,6.997528565580188e-09,0.0,0.3883655122265856,1.1317393245319613e-06
1818,0.9999999999998259,1.7568252939455032e-13,0.9999997790346948,4.604257705590796e-21,2.2096530368643021e-07,1.0670426075135484e-08,1.0597203764162728e-10,9.4541612054264e-26,0.9999999892236033,1.7428298083505896e-205,1.704220373368849e-24,2.9581744066874268e-08,1.985910273516029e-10,0.9999999702196658,8.575869543431937e-10,9.926935882564125e-10,0.9999999980357366,0.0,1.1398348144251785e-10,2.0517758644371826e-26
1819,1.109465650256979e-06,0.9999988905343473,5.5372322855908306e-11,0.027328722263478416,0.9726712776811459,0.8820589447936293,0.11733187625881221,0.0006091783159334649,6.316246276775644e-10,5e-324,0.00460091342253988,0.8636028598878824,0.13179622619234718,4.972269657267055e-10,0.9928105383744421,3.493183857434877e-06,5.928554413605561e-11,0.0,0.0071368827985114815,4.908558390396649e-05
1820,5.546287378287447e-26,1.0,2.4459358337447972e-62,0.9999999999051425,9.485317217076178e-11,3.8178944124406013e-13,3.966241995954289e-12,0.9999999999956515,1.2678330610667932e-49,0.0,0.9999999999987779,3.5493054760561525e-14,1.1886032544997285e-12,1.516167360974587e-51,3.382860736833285e-25,1.923371599312174e-10,7.3004363934473055e-62,0.0,1.622415649985773e-21,0.9999999998076561
1821,0.04177920084540622,0.958220799154592,1.0237682159064853e-13,5.688470090849133e-05,0.9999431152989877,0.99999835358396,1.6440137481136366e-06,2.4022767073487084e-09,1.4029702813705487e-14,3.54e-321,1.707795228594617e-08,0.9999986068114778,1.3761105634918082e-06,7.614510251121704e-15,0.7584042953613988,0.24159352613273255,1.1329195707118489e-13,0.0,2.164333893913924e-06,1.4171862252025586e-08
1822,0.9999999916353559,8.364642008390223e-09,0.5121052259445847,1.8328726980781172e-13,0.4878947740552287,5.617489606067092e-06,0.12125040252452886,1.983501247431565e-17,0.8787439799858643,2.1843879605066245e-276,3.591006715905409e-16,1.0401931135501591e-05,0.2070706071109518,0.792918990957916,1.1533593878138564e-07,8.71776016779779e-05,0.8512469241597556,0.0,0.14866578290262875,5.330464912139144e-18
1823,0.9999786402871629,2.1359712835923772e-05,0.03312617939998747,1.2205714431364954e-09,0.9668738193794418,0.2582790003726141,0.07675531264694754,1.6201769408327356e-12,0.6649656869788196,3.297146359517725e-263,2.1804659720952663e-11,0.39917798407211097,0.10858642992416037,0.4922355859819216,0.25522141261206804,0.0004048756607880462,0.6602326888348462,0.0,0.08414102289153785,7.615010980392561e-13
1824,0.9999999994343014,5.657002178382927e-10,0.9562799373833686,3.987892214840843e-15,0.04372006261662468,1.871617285266631e-07,0.04266724876197672,4.0295083113276634e-19,0.957332564076294,2.0989138282859782e-218,5.737449928185324e-18,4.0748036274886584e-07,0.07818740193876006,0.9218121905808793,1.224762429365181e-08,2.6177500395324573e-07,0.9073976490250351,0.0,0.09260207695233529,1.2996224026493151e-19
1825,0.9356022593369466,0.06439774066305289,0.004574264495440817,3.621113127283707e-05,0.9953895243732829,0.9999971419338878,9.88211104629024e-10,6.884704932335769e-12,2.857071014488666e-06,9.731653299696032e-294,4.192814078047892e-11,0.9999986924917813,7.342448093157849e-10,1.306732048463285e-06,0.997475105769393,0.0025118878254714247,1.3006390318293708e-05,0.0,1.1851012224237938e-17,1.4817323489933425e-11
1827,0.0024683852054191158,0.9975316147945776,8.628383686600463e-07,0.000970064087115349,0.9990290730745126,0.9999951343906938,4.822500547027927e-06,1.6333720743226557e-08,2.6775041751765487e-08,0.0,1.3117694938403776e-07,0.9999965699960064,3.2829051980625516e-06,1.592184815235844e-08,0.9999979317899701,1.603815619145871e-06,4.532121376091503e-09,0.0,4.574082047631345e-07,2.4540863676099186e-09
1828,0.9855121030609956,0.014487896939001335,1.1848851644593363e-06,2.7742908468521247e-09,0.9999988123405448,5.640736669066269e-05,0.9999337852551862,5.5389987785098225e-12,9.807372586393585e-06,0.0,4.713293830304007e-11,4.980455473712171e-05,0.9999446918816665,5.503516466219592e-06,3.6717657407627015e-06,2.8704654437219936e-05,6.057391812880298e-06,0.0,0.9999615661866373,1.3696045339391344e-12
1829,1.0,6.194315367641836e-16,0.9999999961094836,7.120371405455376e-25,3.890516537061093e-09,3.5900901206914917e-11,6.566374782689475e-12,8.739013811716312e-30,0.9999999999575344,1.0531369709843041e-178,1.7809238955174159e-28,1.0648701077844944e-10,1.3211344727395729e-11,0.999999999880302,3.2765148188840557e-12,1.238510879840071e-12,0.9999999999851248,0.0,1.0358874599226656e-11,1.5258323013538633e-30
1830,0.8644585400977518,0.13554145990224561,7.700115287573608e-06,1.660683842569251e-07,0.9999921338163291,0.011751139905836918,0.9879798559237483,3.32604689859185e-09,0.0002690008443681259,2.4150298376294478e-307,2.3718422741896223e-08,0.011419519324909037,0.9884108597321537,0.0001695972245158484,0.009292087958852743,0.0021729323050062193,0.00036328391694702325,0.0,0.9881716946492909,1.1698999168008657e-09
1832,1.0,1.1484254307894967e-16,0.9999999991617994,7.00107065875726e-26,8.382006011540262e-10,1.1936970095215512e-11,8.102635655445549e-13,9.017090316026266e-31,0.9999999999872529,8.087474061139584e-181,1.8100679094347396e-29,3.7167084109601906e-11,1.65288841404339e-12,0.9999999999611795,2.9326594496015857e-13,5.9999506734790435e-12,0.9999999999925713,0.0,1.136333827744792e-12,1.220286510089553e-31
1833,5.928919570299066e-25,1.0,2.7091149188247445e-49,0.9999997666564996,2.3334349616187835e-07,9.686980349926445e-06,1.969276014586828e-26,0.9999903130196464,3.451141051173803e-51,0.0,0.9999986137272233,1.38627277936541e-06,2.9925958675620513e-27,4.420946610690752e-53,6.736327014000014e-38,0.9968176853469628,7.986239228750802e-58,0.0,1.6014476458713796e-37,0.003182314653035627
1835,2.485111337613407e-09,0.999999997514891,3.20626479641826e-14,0.6366274991711236,0.3633725008288438,0.9991307583840735,0.0006101007116346153,0.0002591409042838214,1.1987463723848958e-14,0.0,0.0016121147439221047,0.9978690858405111,0.0005187994155652136,6.9542930542723585e-15,0.9999960553997549,2.4519079595188587e-12,4.10396320192245e-17,0.0,1.544793855121101e-06,2.3998039403475204e-06
1836,0.9721799238651153,0.027820076134882143,1.1693238852387913e-07,6.894336224673802e-09,0.9999998761732775,7.097531963666418e-07,0.9999988117514559,2.3904412780429717e-12,4.784929537019611e-07,5.507064738039345e-308,1.991635565253527e-11,6.862457754995912e-07,0.9999990288378937,2.848964116005518e-07,7.604621314090503e-09,1.5123852089572357e-05,1.8723657453169477e-07,0.0,0.9999846813056128,1.1018969126547228e-12
1837,0.9999990400197578,9.59980244514865e-07,0.9577494626653635,1.4928315789813253e-10,0.04225053718535672,0.09085513740232336,6.86281968637209e-07,2.687803365728107e-14,0.9091441763156799,3.8743192575269365e-254,3.910806995887499e-13,0.14558716285606935,1.0617283446297536e-06,0.8544117754151938,4.463401623299739e-06,0.9224457632525045,0.07754977334587188,0.0,2.5123246307427767e-16,8.828568746458673e-16
1838,0.9999999993504716,6.495252051536561e-10,0.9949612947186927,1.832055891987453e-15,0.00503870528130869,3.1800976196022345e-07,0.00016773824751566417,2.4666417236234655e-19,0.9998319437427234,1.0902892402652554e-239,4.294832326477619e-18,6.526855523149074e-07,0.00030113876314744357,0.9996982085512994,2.9863367939835387e-09,1.663842704615838e-05,0.999758904519998,0.0,0.00022445406661888973,5.391645872837888e-20
1840,1.5759874519959379e-06,0.9999984240125512,7.433297531319733e-12,0.0038553501542662842,0.9961446498383028,0.8871085127597214,0.11288007772092969,1.1409400495526168e-05,1.188532054328552e-10,0.0,0.00011684644306498758,0.8753532452898735,0.12452990818348252,8.358236140118007e-11,0.9975661470745312,5.596850517541508e-09,2.3225149875340768e-12,0.0,0.002433591052779247,2.562735202005038e-07
1841,3.1342192860194842e-21,1.0,7.705285074745963e-33,0.9999999972637852,2.7362181252447943e-09,2.446745958866821e-07,2.0252962034354995e-09,0.9999997533001042,3.7290228926102224e-31,0.0,0.9999999688320433,3.08852637729871e-08,2.82692921669375e-10,4.580612836679469e-32,1.5757140296024566e-06,1.7236805082847592e-13,6.412647881567565e-32,0.0,1.3440375936436114e-10,0.9999984241513911
1842,3.997612444716615e-12,0.9999999999960067,9.648457994361731e-19,0.99989096573361,0.00010903426638496518,0.9997364921691284,2.6745996530925922e-20,0.00026350783087455894,6.834398384583633e-27,0.0,0.0014229613698975192,0.9985770386300956,2.450758442514633e-20,4.586650075214445e-27,0.9784743288599193,0.012601852460312606,1.3744665356252102e-25,0.0,1.2018492576964485e-27,0.00892381867977063
1843,4.027368757179437e-14,0.9999999999999574,1.4448999580118102e-27,0.07514574452565588,0.9248542554743422,0.9999872326664597,2.454020478600909e-23,1.2767333536652512e-05,1.1919269624649414e-35,0.0,0.00015341818422012088,0.9998465818157766,1.846679965231149e-30,8.442898064232168e-36,2.0020118478698853e-20,0.9999999999939746,2.386833227463497e-49,0.0,9.456046578155368e-38,6.028740803154847e-12
1844,2.5893347111078816e-26,1.0,2.311440610876291e-44,1.0,4.1978718937844483e-16,9.933875054555099e-14,1.5631460752788032e-20,0.9999999999999005,5.372657703564205e-43,0.0,0.9999999999999858,1.835801456895925e-14,4.126253185778608e-21,1.24403107812517e-43,2.908051185962214e-17,1.4436239736230366e-12,6.669817721231993e-44,0.0,6.738287686788177e-30,0.9999999999985505
1846,4.2170880100614e-05,0.9999578291198937,1.820466264766231e-09,0.03389311688469983,0.9661068812948277,0.9999992267157941,4.930586519086526e-15,7.732841994269441e-07,3.2605111696627113e-18,0.0,9.25448141733173e-06,0.9999907455185791,5.983103574073789e-15,2.6929914824294185e-18,6.62020102008611e-09,0.9999992208384094,2.0124319438527114e-18,0.0,3.8385815926012374e-23,7.725413918455085e-07
1847,3.1243412996220463e-09,0.9999999968756583,1.0910013642778978e-13,0.7638178843814283,0.23618211561846253,0.985801507185092,0.0032728703033099438,0.010925622509391882,2.208795330968415e-12,0.0,0.09994548578134056,0.8969003829928028,0.0031541312240795354,1.7820001899573878e-12,0.9975367598053778,9.481601918978757e-06,2.103779390827542e-13,0.0,0.0002088484284826459,0.0022449101640097595
1848,1.4174821256800782e-11,0.9999999999858318,1.5396772057868146e-18,0.9998731240283373,0.00012687597166611653,0.9962605352370815,4.881036748046939e-11,0.003739464714114112,3.493796508737572e-18,0.0,0.02964876566314515,0.9703512342797597,5.70956344597145e-11,2.9525919320412385e-18,0.05090603391968653,0.9204099779732409,1.2311824695685208e-17,0.0,3.4995171974074e-19,0.028683988107074343
1849,0.5937115041110315,0.40628849588897104,5.263382304934713e-10,3.6164471110490966e-09,0.9999999958572161,7.147202138284051e-12,0.9999999999858034,6.137538289243281e-14,6.987249434389004e-12,0.0,4.2278532041738e-13,5.307771521743323e-12,0.9999999999904077,3.862550271131712e-12,7.294511819929664e-14,2.177368289284985e-09,2.6606925156206316e-12,0.0,0.9999999978198773,2.2141929820119655e-14
1850,6.290564582922121e-13,0.9999999999993676,9.900802304414776e-20,0.9970958751935193,0.002904124806477137,0.01482904514621308,0.03890638726638873,0.9462645675873983,1.7467972234892192e-17,0.0,0.9938321739599795,0.001626076435254819,0.004541749604767833,1.6805987706195616e-18,0.05011582518889615,8.184710652755963e-07,6.1600263435129555e-18,0.0,0.010416965685944048,0.9394663906540959
1851,0.0010090172605614262,0.9989909827394362,4.783312829245789e-12,2.8059293092459085e-06,0.9999971940659054,3.962579047571973e-06,0.9999960320680182,5.33470189662309e-09,1.8235450473934444e-11,0.0,3.553723021349423e-08,3.510618495976027e-06,0.9999964538343626,9.911438844116304e-12,7.717670742065417e-09,0.0016549482970716475,6.3376725790223926e-12,0.0,0.998345040607194,3.371723874411979e-09
1852,0.9984782176560905,0.0015217823439104166,6.930174066814893e-06,5.405480113795622e-10,0.9999930692853821,5.015134867807773e-07,0.9999954428158547,7.466737303545148e-14,4.055670585285685e-06,1.4820979332107204e-302,6.298972296699513e-13,5.060729574333511e-07,0.9999972267642733,2.2671621425231637e-06,2.1841451956127343e-07,5.184959963998964e-09,1.816595973228406e-06,0.0,0.9999979598045237,2.625211741426498e-14
1854,1.9322206662165483e-12,0.9999999999980673,7.334877599636508e-20,0.9569911917054371,0.04300880829456411,0.01239194125093029,0.03544139235951264,0.95216666638955,1.2967558163791768e-17,0.0,0.9944311754577138,0.0009222002463280508,0.0046466242959598515,1.1812405938002256e-18,4.836620331480405e-06,0.7388841591147094,2.5671180409139154e-18,0.0,0.003941375318990291,0.257169628945975
1855,0.9999794309147314,2.056908527160164e-05,0.0003052597426878673,2.421703663164383e-11,0.9996947402330917,2.130092760343918e-07,0.9998168634830432,4.09543196255449e-15,0.00018292350767602127,7.029570721830105e-264,3.865117812759043e-14,2.508422638177877e-07,0.9998871093665084,0.00011263979118784185,2.1506840122808108e-08,2.6297679343120293e-07,0.00010939759288231016,0.0,0.9998903179234803,1.3439982125661449e-15
1856,1.6758955138114982e-17,1.0,1.821017841194478e-27,0.9999903329075024,9.667092497379792e-06,1.2451345267533775e-07,4.21465213470501e-05,0.9999577289651942,6.602700368610999e-26,0.0,0.9999922690568879,1.3075110650815874e-08,7.717868005439471e-06,1.1257332978932551e-26,6.782325692118824e-10,4.898565357632944e-07,1.230889491188855e-26,0.0,9.629542194236474e-14,0.9999995094651335
1857,1.7826293931930358e-16,1.0,3.2096784788250643e-25,0.99999974356155,2.564384514553405e-07,0.021086204649664493,2.6980510270740412e-11,0.9789137953233574,2.4981574280408916e-23,0.0,0.9964374600261637,0.0035625399699673226,3.869234594957019e-12,3.1631864500687344e-24,0.005163811113764357,2.5071975055526287e-05,8.811108979279684e-24,0.0,8.941738020307208e-21,0.9948111169111825
1858,8.605456968391695e-15,0.9999999999999858,2.9783571162487123e-40,0.9993552211553277,0.0006447788446686531,2.646095199647384e-05,2.2503866656556385e-20,0.9999735390479983,4.3840440573824945e-23,0.0,0.9999977087460893,2.291253910491561e-06,3.48678830330264e-21,5.4446711096151445e-24,2.4998982765267975e-21,0.9897236234876454,1.9866502232389954e-40,0.0,3.804910462294218e-31,0.01027637651235006
1859,7.322167504576062e-14,0.999999999999929,3.7106187625980895e-21,0.9960436875831897,0.003956312416813297,0.00023250686948057649,0.15707828345969532,0.8426892096708234,4.5240021104253885e-19,0.0,0.9783971565960865,3.103244254432605e-05,0.021571810961367892,5.1417450190302454e-20,0.00037793030465192614,2.996304285381976e-08,8.111404041128984e-20,0.0,0.031204494477635715,0.968417545254671
1860,0.0007576154124437272,0.9992423845875531,1.8333460758094925e-08,0.0003276594507892364,0.9996723222157523,0.994740587464438,0.005259162719030956,2.0394744009135428e-07,4.586908782706634e-08,3.8846930667796e-310,2.2740248288904426e-06,0.9959187398309391,0.004078956752273358,2.9391961659336204e-08,0.9995952150177784,4.925583101014973e-07,3.858867767029189e-09,0.0,0.0004042429121069029,4.565293553177941e-08
1862,0.9999999999873168,1.2682618844389852e-11,0.999988083081269,3.2820753949400987e-18,1.1916918731814e-05,6.811830511417413e-07,3.5719891099248773e-09,1.8231181563245587e-22,0.9999993152449598,9.942614425814792e-223,3.2947253033883926e-21,1.6690679306729786e-06,6.29447237977681e-09,0.9999983246375984,1.4511539333577579e-08,4.4732600923745176e-07,0.9999995368914554,0.0,1.2709955437799634e-09,3.8284937615473705e-23
1863,0.9999930374547026,6.9625453007722825e-06,0.22728506578788782,2.0662644106819904e-09,0.772714932145848,0.5133133440274662,0.0009538468984531949,5.334396840656286e-13,0.4857328090735453,2.074544234746429e-236,5.482648919249739e-12,0.7242025683904193,0.0010334725678684076,0.27476395903622924,0.13800151523768533,0.004209398509609902,0.8566131003904155,0.0,0.0011759858619794193,3.094983581866056e-13
1864,0.9999999999999964,1.9167813684715778e-15,0.9999999665407527,3.30986189950525e-24,3.345924836652256e-08,1.345269518601534e-11,6.617093031518952e-10,5.101679679921604e-29,0.9999999993248387,7.771138577136009e-178,1.0353606698024484e-27,3.7341912250691084e-11,1.3585342007897322e-09,0.9999999986041246,1.6773660414844978e-12,6.192113347650122e-13,0.999999998765535,0.0,1.2321696272067628e-09,9.560136551871395e-30
1865,0.9995708153675676,0.00042918463243565467,1.9648286123619937e-05,2.2531183986678796e-10,0.9999803514885612,3.835385297940095e-06,0.9999549910976908,7.29832429078734e-14,4.117351693910461e-05,3.018464364585284e-304,6.554296563909459e-13,4.100943748468994e-06,0.9999728912467122,2.30078088869223e-05,1.8478963435129286e-07,2.3520227130016147e-06,1.8599901695563328e-05,0.0,0.9999788632859352,2.1991718676524745e-14
1866,2.346884760056015e-07,0.9999997653115207,4.771125979552874e-14,0.00235374846084257,0.9976462515391095,3.5708982341223767e-07,0.9999969563043642,2.686605797471192e-06,1.5235662250917783e-14,0.0,1.7977410087631304e-05,2.757238435554172e-07,0.999981746866059,9.83272960094199e-15,2.1584010453510344e-08,2.0118215038583973e-06,1.0201953979131147e-14,0.0,0.9999952504691506,2.7161253275093914e-06
1867,0.9999999793100403,2.068995801727788e-08,0.9713516140828883,2.109569624019779e-13,0.028648385916897282,2.497247504503995e-05,0.0006729864773921283,3.115451552087443e-17,0.9993020410475598,2.1340951455099296e-257,4.940122552052819e-16,5.215292747230284e-05,0.0011895616096167625,0.998758285462914,2.2928289674939774e-06,7.80997162475442e-06,0.9992784489892845,0.0,0.0007114482101254482,7.803613033677315e-18
1868,2.544669802202891e-06,0.9999974553302,4.815029408887496e-19,0.009887126130657046,0.9901128738693374,0.9995585204786117,0.0002273255712676882,0.00021415395004393235,8.218610625802808e-14,0.0,0.0020886410418493586,0.9976240311511069,0.00028732780704457026,4.786534269987732e-15,2.6542292315536245e-30,0.9999999999821441,7.114483060979634e-25,0.0,6.771044221116684e-12,1.1088365684018012e-11
1870,0.9999999999999964,2.045880365666117e-15,0.9999999542830739,5.432452402433483e-24,4.5716926234371126e-08,1.057199104171416e-11,1.0717609101714708e-09,1.2991060346505027e-28,0.9999999989176658,9.297358530616206e-178,2.4996438817249683e-27,2.938967950853428e-11,2.0975377069972166e-09,0.999999997873072,5.197442160584649e-13,5.1151306442739385e-12,0.999999998325773,0.0,1.6685918184933012e-09,2.1761485965038595e-29
1871,1.0,2.127147251354516e-16,0.9999999975492635,1.3314056018184366e-25,2.4507356734640547e-09,5.298761569033408e-12,9.08398274690316e-12,1.6833374195656424e-30,0.9999999999856186,1.3239974067957858e-169,3.4588741317239884e-29,1.6129334591697298e-11,1.820702933264726e-11,0.999999999965663,3.161677019209823e-13,5.811928413501444e-13,0.9999999999838316,0.0,1.527238053684683e-11,2.4709942349240967e-31
1872,1.0654592531452289e-13,0.9999999999998934,9.288907759711523e-21,0.9995924534721387,0.0004075465278622125,0.08620194617928516,5.2661302955120323e-05,0.9137453925177561,9.78921246694342e-19,0.0,0.987959042540207,0.012032668736514955,8.288723281008837e-06,1.3321152228100407e-19,0.006492065924729177,0.00031666806416762145,2.7077405120615954e-19,0.0,1.0780969335540252e-13,0.9931912660109972
1873,0.38446457781425825,0.6155354221857439,1.7693472360165463e-06,7.858382857708609e-07,0.9999974448144786,0.8662254739499436,0.1337205897298496,1.2910469843322414e-08,5.392340973336476e-05,0.0,1.001468562334186e-07,0.8948114365746928,0.10515895849190379,2.9504786544794398e-05,0.8654027567199979,0.016320929462268555,0.00010646144813581258,0.0,0.11816983294624891,1.9423350452772502e-08
1874,0.999132645300506,0.0008673546994927787,0.03890286348616408,2.9723503520638855e-07,0.9610968392788035,0.9975869884710223,9.416212801642746e-06,1.2748450688751569e-12,0.0024035953149009184,1.072405214458332e-264,6.269875761277206e-12,0.9990547403234041,6.10257718729511e-06,0.000939157093138692,0.999647368545855,8.863256285495498e-07,0.00035061642458807736,0.0,1.1287038258161697e-06,1.0147346496335847e-13
1875,0.9452284087018484,0.05477159129815253,5.115280961447178e-13,6.279914628894029e-07,0.9999993720080251,0.9978159787536213,0.001632733453640629,2.7642970191874655e-09,0.0005512850284428851,0.0,2.3224523539826794e-08,0.9982456510109375,0.0014517178781766863,0.00030260788636346487,1.8256112118806808e-09,0.9999999981740686,2.2872340642197435e-15,0.0,1.0849964721463187e-15,3.1402294301394385e-13
1876,2.3361856548987516e-22,1.0,9.138125095022313e-55,0.9999986970696814,1.3029303186467117e-06,0.01521370604812511,2.7518272544328016e-51,0.9847862939518727,1.964928088069385e-49,0.0,0.9972425002833408,0.002757499716659181,9.040901276727519e-52,1.762586208550655e-51,4.632315260318776e-58,0.9999999972048101,1.4374159222734366e-76,0.0,8.119378596150471e-68,2.7951907343366543e-09
1877,0.9997939638243473,0.0002060361756498436,0.312662437673413,1.208729977505594e-07,0.6873374414535912,0.9646417873750972,4.305213629254007e-06,1.360671318856723e-12,0.03535390740991579,4.2989571697036974e-291,1.2321869856272747e-11,0.9788250533000751,3.9874357914848e-06,0.02117095925181057,0.9840705625553677,1.8456472382623456e-05,0.015909677694169327,0.0,1.3032777842432977e-06,2.9681558897299255e-13
1879,0.9998949211389291,0.00010507886107049122,0.02847200756882478,3.672476169894448e-09,0.9715279887586976,0.7443559488035174,0.017756401252204592,3.999927740768126e-12,0.23788764994027883,8.270532650708775e-246,3.8972571255604386e-11,0.8532968286916661,0.015460701077103458,0.13124247019225674,0.7397354561377563,0.0005347805857465878,0.2387696347614956,0.0,0.020960128513192303,1.8096149380538445e-12
1880,3.285664676438271e-25,1.0,1.549895311014957e-61,0.9999999999997797,2.1689095283947942e-13,9.696579979751242e-07,3.905867300545502e-27,0.9999990303419974,9.279791939172225e-60,0.0,0.9999999211943904,7.880560992767036e-08,5.385133435029169e-28,1.0294642046536504e-60,4.0388097082870514e-09,1.148627979528158e-09,5.308846873280123e-68,0.0,9.188256166925085e-37,0.999999994812562
