id,lca_k2_prob_class0,lca_k2_prob_class1,lca_k3_prob_class0,lca_k3_prob_class1,lca_k3_prob_class2,lca_k4_prob_class0,lca_k4_prob_class1,lca_k4_prob_class2,lca_k4_prob_class3,lca_k5_prob_class0,lca_k5_prob_class1,lca_k5_prob_class2,lca_k5_prob_class3,lca_k5_prob_class4,lca_k6_prob_class0,lca_k6_prob_class1,lca_k6_prob_class2,lca_k6_prob_class3,lca_k6_prob_class4,lca_k6_prob_class5
3,2.0027941468644753e-17,1.0,0.9999999646335318,1.1079361487878333e-39,3.536646514125607e-08,6.535723362726819e-39,0.0,0.9999999268030306,7.319696958116767e-08,4.637525708055973e-08,5.333654007385114e-11,0.0,1.0233899095724569e-30,0.999999953571405,1.2022017699834843e-40,1.0885458918360859e-10,0.01392421185537726,0.9860757878290326,2.0674189188334322e-10,0.0
6,1.5878454419031498e-18,1.0,0.9999996001239797,1.8390671111585094e-32,3.998760212556739e-07,1.8722395002390769e-31,0.0,0.9999990420979441,9.57902051665383e-07,0.00021594163957736095,3.085122176136939e-12,0.0,3.426646958197761e-30,0.9997840583573407,1.400118819106858e-34,1.500128587175043e-14,4.5186878513494857e-07,0.9999995376198786,1.0511321077968692e-08,0.0
7,1.2047886293228946e-05,0.9999879521137005,0.0015031785025333545,2.8241693220337044e-20,0.9984968214974628,1.6985173967243322e-19,0.0,0.001128254690088801,0.9988717453099063,0.9871552198233982,0.012269774977578404,0.0,9.48214147307303e-19,0.0005750051990234235,1.5343110901577506e-19,0.016146972742752883,2.7425579753498233e-06,0.015527292615813785,0.9683229920834582,0.0
9,0.8975605869376578,0.10243941306233917,0.0001764672711610969,3.296703799309171e-06,0.9998202360250419,1.1881103869174806e-05,0.0,0.00019722547477695485,0.9997908934213543,3.737913245168505e-09,0.9999998936756057,0.0,3.358241490425045e-10,1.0225065540614004e-07,2.0670640362125524e-10,0.9999298408500985,7.008020669594377e-05,5.529775270411587e-20,7.873650180758632e-08,0.0
10,0.04265155037517219,0.9573484496248218,2.0962433770348745e-05,7.150850057569838e-17,0.9999790375662281,2.1417278693527117e-16,0.0,1.2826941434345142e-05,0.9999871730585632,0.9999997848994742,5.524243629069694e-12,0.0,9.339932652061887e-16,2.150949986282069e-07,1.2012563592332625e-16,6.365334292428972e-12,1.7658198424882204e-10,0.00047185412518077255,0.9995281456918689,0.0
12,0.9946332599067733,0.005366740093224016,3.1365508559368395e-08,2.3486924151853254e-07,0.9999997337652501,1.0338337932262974e-06,0.0,2.232526982447577e-08,0.9999989438409393,0.9418887488848796,0.0580680892533981,0.0,4.315615826170629e-05,5.703462350675048e-09,1.1780990695766237e-06,0.009692556921827241,2.447026468936726e-10,1.3805510176829281e-07,0.990306126679297,0.0
15,0.03138073664405899,0.968619263355945,0.0002971499993564338,2.0366999584169964e-09,0.9997028479639406,7.678832431287898e-09,0.0,0.0002317055162689666,0.9997682868048963,0.0018580980932912904,0.9981239391447206,0.0,9.025060906394184e-10,1.7961859484508127e-05,6.617372713828777e-10,0.9956544550295521,0.00015730941084211538,2.684720542563083e-05,0.004161387692441863,0.0
17,0.9999999999991616,8.356802126444769e-13,1.1812145914057495e-18,0.9999737538247095,2.624617528915741e-05,0.9999921456675417,0.0,4.1242630804271486e-19,7.854332458362512e-06,1.2675935811728736e-09,5.9566307824272635e-05,0.0,0.9999404324245805,1.0786866181113496e-20,0.9999130274609037,8.668579643416122e-05,1.4885933506544227e-20,1.3044880048384321e-19,2.867426610951477e-07,0.0
21,0.9999998180299509,1.8197004557869975e-07,2.274154679671874e-09,0.9099267368206189,0.09007326090522506,0.9893681614948759,0.0,4.667787531767403e-10,0.010631838038342025,7.418852809645807e-12,0.9999999999921698,0.0,2.1847560477651208e-14,3.9195643680364427e-13,2.5077154308082114e-14,0.9999999990436521,1.4563966918634447e-10,2.3033412607299986e-16,8.106811819191895e-10,0.0
22,5.096814184008533e-07,0.9999994903185814,0.042160038480227424,1.438584423189189e-14,0.9578399615197599,8.420984171148486e-14,0.0,0.028317894609212517,0.9716821053907051,0.9867113764287394,0.006855986419284224,0.0,1.2070968866005643e-12,0.006432637150768463,3.131716088545796e-14,0.013821878051963414,0.0001044416231432678,0.871280953071924,0.1147927272529399,0.0
27,0.9998314750433679,0.00016852495663104004,4.341755907788032e-06,1.3041677738895474e-11,0.999995658231054,3.8490003138509445e-11,0.0,4.547637925766571e-06,0.9999954523235838,2.513405161615604e-09,0.9999999968392856,0.0,5.619504761575634e-16,6.473108264341803e-10,5.291677353598692e-16,0.9999999039331702,9.256680294651412e-08,9.422091783368317e-13,3.499083363154385e-09,0.0
28,1.0,1.4936584497658116e-17,2.0392362428297172e-26,0.9999999975056575,2.494342395241491e-09,0.9999999989782218,0.0,8.760387348204106e-27,1.0217765900556884e-09,7.821441930559038e-14,2.0902135162342263e-09,0.0,0.9999999979097076,3.69872024413321e-29,0.9999999979636449,1.9856582505110543e-09,3.1089462077797495e-29,3.625547550597877e-27,5.0696306537489545e-11,0.0
34,0.9999999996258637,3.741331170337383e-10,1.3017142084618832e-14,0.9969752309295823,0.0030247690704078047,0.99906789491139,0.0,3.612261705877385e-15,0.0009321050886055089,2.5287551014508993e-06,9.628880255579997e-05,0.0,0.9999011824423413,2.9204504553646403e-17,0.9996961020446495,0.00014686040243688187,3.4469971138734326e-17,5.336829107676971e-15,0.00015703755290780093,0.0
37,1.5945502411768998e-16,1.0,0.9999999985334114,5.080938327186651e-32,1.4665937263022455e-09,2.9829405222144186e-31,0.0,0.9999999980850731,1.9149340956876244e-09,2.1426075919718048e-14,0.999999995755303,0.0,4.5956805350861115e-33,4.24467487453499e-09,2.5374295873764613e-34,0.999999998841588,4.116955306621587e-12,1.154291591080131e-09,3.844093265798424e-16,0.0
39,0.992469292703543,0.007530707296459493,8.766521435833724e-06,4.712813640702777e-13,0.9999912334780916,2.5147514972597146e-12,0.0,9.35845346035162e-06,0.9999906415440235,7.044867803031367e-10,0.9999999974470342,0.0,4.319462593559674e-10,1.4165316694355045e-09,3.73849921230091e-16,0.999999995724572,2.6461351511126066e-09,1.8122190216093647e-11,1.6111692842892185e-09,0.0
41,0.9983298577600133,0.0016701422399901654,5.7904396274041384e-08,8.049910447161102e-06,0.9999918921851562,2.2937896307266126e-05,0.0,3.84752512360088e-08,0.9999770236284404,0.053925206259158226,0.945837211424696,0.0,0.0002375718025905851,1.0513556429698408e-08,3.209729153943255e-05,0.9239442025311049,1.8495632206606475e-10,2.438573053875886e-06,0.07602126141934239,0.0
42,0.9935335381678688,0.0064664618321319655,6.458026743034072e-07,2.1880814396155498e-14,0.9999993541973022,4.305672939668545e-14,0.0,4.08661561197605e-07,0.9999995913383923,0.7949278038472519,0.20500993008594592,0.0,6.217848455829041e-05,8.758224558259154e-08,1.4072742858850586e-14,0.05084159633055666,7.353439357164765e-09,1.4184575443954509e-06,0.9491569778584432,0.0
45,0.0314160417922872,0.9685839582077085,3.055911968997804e-05,5.434990662764373e-09,0.9999694354453172,1.4230820808874524e-08,0.0,1.8331218299319652e-05,0.9999816545508742,0.9448543256965403,0.05513560725572949,0.0,5.069858222340616e-07,9.560061904728126e-06,7.179747717370929e-08,0.05360623135966831,3.0494981208366864e-07,0.0006324743948761137,0.9457609174981693,0.0
47,0.0007617744097018878,0.9992382255902955,0.0004056217038472079,8.68189637048066e-12,0.9995943782874689,2.390607007022909e-11,0.0,0.00022826263464805047,0.9997717373414469,0.9848590277710403,0.014924873404867953,0.0,1.1909079865822331e-09,0.00021609763318573982,1.4766297796980846e-10,0.0166537592044486,2.0998024146455446e-07,0.05114143637775696,0.9322045942898888,0.0
48,0.9999268019719146,7.319802808657365e-05,1.339049828117172e-11,6.055320356491497e-40,0.9999999999866134,3.257872161637483e-39,0.0,1.3973092504315666e-11,0.9999999999860307,4.687389387575131e-14,0.9999999999998579,0.0,1.1734419116846258e-26,1.0203639627153305e-13,1.6573558014207724e-40,0.9999999999842117,1.52531784129201e-11,6.072405453633203e-17,5.348962041468019e-13,0.0
52,3.870401361826852e-08,0.9999999612959848,0.9950623324110405,3.932242497025245e-15,0.004937667588953073,1.9965727480083028e-14,0.0,0.9945487919935715,0.005451208006408579,5.526407861448872e-08,0.6057164130536445,0.0,8.636359135439683e-18,0.3942835316822765,3.824828031515195e-19,0.09318201516448386,0.9067932800309835,2.4702572129514864e-05,2.2323996787860877e-09,0.0
53,5.079761236767239e-19,1.0,0.9999998122416861,1.3131610463664328e-28,1.8775830710314967e-07,4.2679592802859395e-28,0.0,0.9999998345889759,1.654110175368467e-07,4.158294799815343e-21,0.00019158538718418305,0.0,9.152048193173937e-33,0.9998084146128144,2.294577522457331e-37,1.2534775351649001e-08,0.9999999874563628,8.864144048810002e-12,1.2273017363960366e-25,0.0
54,9.739349956032417e-08,0.9999999026065017,0.8270171911222892,1.2533625370663943e-22,0.17298280887771528,7.379679066096293e-22,0.0,0.7138053805349702,0.28619461946503383,0.9478621559061706,0.0003912094123379996,0.0,4.922857495332768e-14,0.051746634681439994,1.2890602151869876e-22,0.0005082763496461639,0.01387623587899157,1.273421645388902e-09,0.9856154864979468,0.0
56,2.5868486518787807e-11,0.9999999999741362,0.9999688270246065,1.4104425397185912e-20,3.1172975398737093e-05,1.1860774588041369e-19,0.0,0.999956660275598,4.333972440902057e-05,6.288108387092064e-07,7.793081271663937e-06,0.0,1.0148483517238707e-21,0.9999915781078894,3.3855462478338933e-22,1.9381857147582458e-05,0.9041617610493137,0.09581874962451922,1.0746901801060695e-07,0.0
66,1.2180176596152622e-19,1.0,0.9999999999325695,1.159906899481715e-35,6.74320513388801e-11,1.413979465340315e-34,0.0,0.9999999999197229,8.02790539690639e-11,1.0279863773728413e-14,1.6125568790078946e-11,0.0,3.332336286654131e-37,0.9999999999838707,4.9490430775739646e-39,1.4758444192411684e-11,0.9999480925964732,5.190738876205789e-05,8.770480241336432e-17,0.0
67,2.8692102866382277e-09,0.9999999971307858,0.8357453608669335,8.831477971148908e-31,0.1642546391330683,3.424470503791154e-30,0.0,0.5908918395949654,0.4091081604050287,0.9998353358034574,5.2345872133336e-09,0.0,3.545003475579025e-17,0.000164658961957313,9.495901324036027e-33,1.5823177836405144e-08,2.893585791866499e-06,0.14772185646945998,0.8522752341215721,0.0
69,0.9999999999938609,6.142568249994166e-12,8.801574866178929e-17,0.9989071029310858,0.0010928970689120605,0.9996443846148871,0.0,2.5133884248834756e-17,0.00035561538511507464,1.1240863815110232e-07,0.002134694049882431,0.0,0.9978651935414765,5.519138076343057e-19,0.997497936041931,0.002498444871660397,6.582663219659682e-20,6.584553286056757e-17,3.6190864053105874e-06,0.0
70,0.9999999999998579,1.414895100682837e-13,4.437948728843357e-20,0.9999995292468753,4.707531279492286e-07,0.9999997864402431,0.0,2.1178319078163307e-20,2.1355975848855106e-07,1.378381465311447e-10,0.00029582658894792614,0.0,0.9997041732732123,2.7830199541789706e-21,0.9998169781932744,0.000183015059074228,2.4115390498043924e-19,2.0905840327032064e-21,6.7476498526250985e-09,0.0
71,2.512186315188625e-10,0.9999999997487805,0.9911266012680633,7.693295038623805e-25,0.008873398731931706,4.685990570293116e-24,0.0,0.9842392043366118,0.015760795663384442,0.8246147079497426,7.462736095937881e-13,0.0,6.419539502878319e-32,0.1753852920495171,7.515262620970123e-33,3.909601939851207e-13,0.008787301979309856,7.699949593071222e-18,0.9912126980202988,0.0
72,0.15051560010038822,0.8494843998996056,0.00017828368709207142,2.0490375750056943e-07,0.9998215114091572,7.695447120345352e-07,0.0,0.00015925661178275294,0.9998399738435009,2.7597585541448014e-05,0.999971503417835,0.0,2.6046411727815935e-10,8.987361603081101e-07,7.17408396887626e-11,0.9999856948017034,2.3207195369427487e-06,6.115987271701504e-08,1.192324714827514e-05,0.0
74,4.497670215873367e-12,0.9999999999955023,0.9759520659375752,4.309055356868943e-22,0.02404793406242416,4.496341970139713e-21,0.0,0.9364263206375841,0.06357367936241791,0.9900547437254257,8.606739098796022e-08,0.0,2.7047454491918624e-20,0.009945170207183574,7.147917815861399e-25,1.175410300250049e-10,1.4160512769516892e-10,0.999982203409341,1.779633151089336e-05,0.0
76,5.81334762269104e-16,1.0,0.9999840860996246,1.400311475492733e-28,1.5913900372896836e-05,9.545458679707614e-28,0.0,0.9999608496702123,3.9150329785986974e-05,0.0005544970181468906,1.0101752980710645e-09,0.0,3.5292647898457045e-26,0.9994455019716778,2.5411382953034898e-31,1.0235586438547617e-12,1.7737955339074027e-08,0.9999999811113585,1.1496652633030815e-09,0.0
77,0.999789414249873,0.0002105857501245059,1.2501704821135132e-07,0.00014547940224940732,0.9998543955807032,0.0008703628099875403,0.0,1.2806721530992786e-07,0.9991295091227939,8.679517120149428e-06,0.9999741565057372,0.0,1.7163332899055888e-05,6.442443668971806e-10,5.164573408060357e-06,0.9999809630518992,5.623221146273247e-11,1.4656097010087316e-09,1.3870852850090106e-05,0.0
82,3.7565151976388754e-06,0.9999962434848015,0.19350626776125016,1.7389743256509154e-13,0.8064937322385765,1.471932585795527e-12,0.0,0.18598736006777614,0.8140126399307537,5.849797348541446e-05,0.9864493118376074,0.0,3.0499136194242004e-14,0.013492190188879009,1.6221716516050416e-15,0.9981850223601848,0.0017765133863765362,5.1285758686148244e-12,3.846424830654516e-05,0.0
84,0.9681164809767876,0.03188351902321953,5.881986734339665e-06,2.8303160110410167e-07,0.9999938349816698,2.0267974118825514e-06,0.0,6.390712121600928e-06,0.9999915824904659,6.785916583056338e-05,0.999931392618158,0.0,5.685017542028353e-07,1.7971426097330987e-07,3.5552065479484464e-08,0.9995967611341147,3.402571478556217e-16,2.058579477360693e-07,0.0004029974558729517,0.0
85,9.537171151421164e-15,0.9999999999999929,0.999995770786943,2.8761183712464366e-27,4.2292130591941104e-06,2.677772715515955e-26,0.0,0.9999913738313866,8.626168613492162e-06,4.069432580419065e-05,8.831183428033153e-09,0.0,1.3062665035082253e-25,0.999959296843012,3.426478570949984e-29,4.274770829829964e-10,6.081378616390232e-05,0.9999391798473094,5.939050841503558e-09,0.0
86,0.0014103221358926828,0.998589677864102,0.017182923006326286,2.6984959720526737e-09,0.9828170742951728,1.3294868289551101e-08,0.0,0.01579572939040945,0.9842042573147197,6.887287946243991e-08,0.9999767218804959,0.0,9.103487115059594e-14,2.3209246536543087e-05,4.380381295282735e-14,0.9998606817579309,0.00013929710457995635,7.511934589258018e-16,2.1137441241290227e-08,0.0
89,0.15937009129218208,0.8406299087078164,2.514330075567652e-07,1.168618158287067e-10,0.9999997484501325,3.3113243567916793e-10,0.0,1.490162806599891e-07,0.9999998506525896,0.9999997166392707,2.828364506071209e-07,0.0,3.9309543028421205e-10,1.3118104601333178e-10,2.841426705999696e-12,4.820864287349669e-08,1.0421595484976267e-14,1.6653652305227895e-07,0.9999997852519815,0.0
91,0.9999999994405186,5.594848439101504e-10,1.0962099439425617e-13,0.9269600579540365,0.07303994204585151,0.9675475509792018,0.0,4.04033027085453e-14,0.03245244902075868,0.00012376055942267986,0.0009229439651366531,0.0,0.9989532954754416,1.534655884696295e-16,0.983942344288824,0.002032022251211953,1.567738713452811e-17,3.542600731443886e-13,0.014025633459611808,0.0
92,3.26234547584923e-05,0.9999673765452383,0.3054751622445962,1.0571206803831076e-11,0.6945248377448335,3.933186978010872e-11,0.0,0.29429105629608737,0.7057089436645779,0.00012229778906583565,0.9529899350675382,0.0,2.3194340251724835e-13,0.046887767143161015,1.507397817132407e-14,0.9666115315670161,0.03221747034051938,0.0010811915343398651,8.980655811292968e-05,0.0
94,3.1883183958656784e-14,0.9999999999999716,0.9999233120046837,1.039876688441085e-26,7.668799531489691e-05,7.216191265108956e-26,0.0,0.9998145308132468,0.00018546918675025183,0.0014240594465454455,2.694292439517192e-07,0.0,7.390859494494961e-25,0.9985756711242106,1.8010155881566965e-29,1.159900491173061e-09,2.16946191995189e-07,0.9999996989671684,8.292673610041358e-08,0.0
95,0.9999999999681606,3.1838547458427584e-11,3.234052376720644e-16,0.999892533540778,0.00010746645922304818,0.9999439774911711,0.0,1.3996917094804605e-16,5.6022508831622134e-05,6.645573639509173e-07,0.01594747566978226,0.0,0.9840518597728549,3.3932394006057456e-17,0.9949103544196587,0.005087233857685217,1.678509153514248e-15,5.763796000995824e-17,2.411722653631967e-06,0.0
96,0.9999999800302819,1.9969718638341852e-08,4.7305676615657435e-12,0.999999999994273,9.929404536334186e-13,0.9999999999976623,0.0,2.0665460455011796e-12,2.7003480970988573e-13,1.0227402892691024e-19,0.9999999999999005,0.0,6.256300044163957e-14,3.8958811235251535e-14,2.7565197104371425e-13,0.9999999976584775,2.341249341585651e-09,1.7025265099185258e-17,2.6871564337886346e-18,0.0
106,4.8841502927908875e-05,0.9999511584970661,0.0011207961382740687,8.720074966056716e-22,0.9988792038617211,2.7150150704401878e-21,0.0,0.0006239997164125138,0.9993760002835821,0.9999727383731222,1.7744174277426273e-05,0.0,1.9010269863494884e-13,9.517452412774189e-06,4.8244003071616206e-23,2.120930574023978e-05,1.0350538015021109e-07,0.0012368934416095172,0.9987417937472679,0.0
108,0.9999980982074953,1.9017925015449994e-06,6.510266036875416e-10,0.01156426965141654,0.9884357296975597,0.03354260627943659,0.0,5.406140512045777e-10,0.966457393179949,0.014557448164606393,0.8140827614506045,0.0,0.1713597903320653,5.272190040977619e-11,0.06569207492754325,0.6263406651550194,8.520433227409031e-11,9.054615121158643e-10,0.3079672589267721,0.0
114,0.02102874652037582,0.9789712534796173,0.007641790510582067,1.5414310470384307e-08,0.9923581940751045,7.301612532862034e-08,0.0,0.008100926585688405,0.991899000398187,8.169770254521435e-09,0.9999974528616743,0.0,2.1568114653515806e-21,2.538968552487688e-06,4.3017259038875735e-22,0.9999455724573489,5.439246875469527e-05,3.1541648866642626e-08,3.5322472857707693e-09,0.0
120,0.9999999999998082,1.9507545816062128e-13,2.3584501131050583e-20,0.9999963968968298,3.6031031700882288e-06,0.9999979594748183,0.0,1.0631281909023045e-20,2.0405251826122548e-06,1.978583554348571e-10,1.3284671418577259e-06,0.0,0.9999986713350013,2.3981445322913032e-23,0.9999983837268817,1.5936662080395047e-06,1.5684151052119759e-24,1.5307516097423942e-20,2.2606907429355977e-08,0.0
121,3.179735740829234e-05,0.9999682026425871,0.00033691797832660907,2.9138300045299226e-14,0.9996630820216469,1.5929566332532863e-13,0.0,0.00019942671229447836,0.9998005732875471,0.9999777023295797,1.7246684905743147e-05,0.0,5.566316841219201e-13,5.050984963242054e-06,1.3894791283008701e-14,1.915912816656983e-05,4.621729905248254e-08,0.003437170325921266,0.9965436243286058,0.0
123,0.9999326679033718,6.733209662656279e-05,1.8644543265090866e-09,4.285976819263021e-05,0.9999571383673532,0.0001382551627526314,0.0,1.460772505690421e-09,0.9998617433764784,4.327930034899519e-05,0.9999567206607521,0.0,1.0892291925808793e-12,3.7806762382668345e-11,2.1005042579385218e-13,0.9999094267234139,1.2531487658561584e-12,2.5612822699153385e-09,9.057071383813341e-05,0.0
124,0.9999999999229772,7.702051157622305e-11,2.2575947169539008e-15,0.9990021665323234,0.0009978334676731446,0.99972094568063,0.0,6.249413917474065e-16,0.00027905431936905696,2.8573740117081068e-08,0.0023006875931433713,0.0,0.9976992838331188,1.1715772927637317e-17,0.9969862309656183,0.003012706157305368,4.03382651829611e-17,4.0489491006476017e-16,1.06287707534182e-06,0.0
128,0.9999988351121124,1.1648878885306775e-06,2.4484849877667305e-10,0.018296411211403994,0.9817035885437473,0.06287892639228451,0.0,2.1106073846671406e-10,0.9371210733966573,0.012808263590336476,0.04741210354649742,0.0,0.9397796328536654,9.501090969074172e-12,0.12429240648311402,0.04994016382766883,3.268979781435522e-13,1.8540185728290514e-09,0.8257674278348693,0.0
130,1.1394798656668942e-08,0.9999999886051967,0.4437789759137513,2.7460049097828356e-24,0.5562210240862496,9.345765948837543e-24,0.0,0.2681100734488445,0.7318899265511587,0.0027878860721949027,0.2749361660169643,0.0,2.6940564303155153e-15,0.7222759479108447,1.518493833626113e-24,0.044442793475253074,0.0007326745448414018,0.954811667923392,1.2864056514460982e-05,0.0
136,4.195783414587715e-10,0.9999999995804245,0.9968947705897463,5.9708304602113805e-19,0.0031052294102601762,4.9997458441858106e-18,0.0,0.9962323549875608,0.003767645012439619,8.303665152539694e-05,0.004423323017953719,0.0,1.6682223242669824e-28,0.995493640330514,2.0295490348681506e-29,0.007718332848100881,0.862424813916431,0.12971865623263773,0.0001381970028288655,0.0
138,0.7507771025376696,0.24922289746233459,1.567217813036124e-07,4.207543488840161e-09,0.9999998390706738,1.1920127221379139e-08,0.0,7.844482757065881e-08,0.9999999096350477,0.9996386900609482,0.0003612667304652228,0.0,4.137407740752258e-08,1.8345087038466894e-09,1.3140170059817976e-08,0.0003049259484957078,1.8214308948624824e-11,6.2736322755234645e-06,0.9996887872608462,0.0
140,0.9999999999973426,2.65610815050189e-12,6.59396913471082e-18,0.9999787921880048,2.1207811992358584e-05,0.9999931741263287,0.0,2.230147500194998e-18,6.825873670691172e-06,3.1158321756340867e-09,0.0003155850755377728,0.0,0.9996844118086282,1.0087804045360761e-19,0.9996516408747166,0.00034818301684161595,2.0725263817278967e-19,4.332846333909309e-18,1.7610843827788616e-07,0.0
141,2.195689379500967e-19,1.0,0.9999999985984829,3.2133894731243606e-42,1.4015160408403999e-09,2.8891122344417536e-41,0.0,0.9999999975914733,2.4085198322634107e-09,5.103717461428246e-12,1.2428128012505024e-11,0.0,9.982784951697153e-35,0.9999999999824638,3.5213285449570046e-41,2.428950587759107e-10,0.29678686914570446,0.7032131306110093,3.9062320940352323e-13,0.0
142,3.3088042626815305e-23,1.0,0.9999999983790815,1.436791704108178e-51,1.6209147260105252e-09,1.1480023249956182e-50,0.0,0.9999999975831315,2.416864438748092e-09,1.4116184500496175e-19,9.520233701360118e-09,0.0,3.3107523490913304e-38,0.9999999904797647,1.328188823261679e-54,6.259471421418165e-11,0.9999999999374012,1.5600642717978686e-15,3.442561536010542e-22,0.0
144,0.9999999844916446,1.5508352463545003e-08,2.900609245206068e-11,0.5735666917574349,0.4264333082135623,0.8184481832336038,0.0,1.2683351166757547e-11,0.18155181675371618,4.0325958012030116e-05,0.1711783850033894,0.0,0.8287812890382947,3.071413989402083e-13,0.572134783265581,0.42556033110826247,8.722867023337993e-14,9.10655719592728e-12,0.00230488561696167,0.0
146,0.0006459034762640327,0.9993540965237339,0.0007770001901728597,1.4402321742786853e-10,0.9992229996658074,6.702237212029819e-10,0.0,0.0005858003807372545,0.9994141989490405,0.03237139848481208,0.9673361174351894,0.0,3.063788079302509e-10,0.0002924837736203454,3.364226475721962e-11,0.9954352192802405,5.349440215154451e-06,0.002121766849073064,0.002437664396826787,0.0
153,5.015333947984261e-08,0.999999949846662,0.00393697431488,4.972898201817748e-16,0.9960630256851184,1.5334373861037298e-15,0.0,0.0016044806346085941,0.9983955193653881,0.9999999948278031,9.683661435400103e-12,0.0,1.1286680701666354e-17,5.162515499630737e-09,1.244293336546998e-18,2.7571481452673705e-11,6.284605369920031e-13,0.009736314099657854,0.9902636858721398,0.0
154,0.039402643441588836,0.9605973565584106,1.21127111628569e-06,1.461034418967316e-10,0.9999987885827811,3.1893658294057404e-10,0.0,6.193893620520899e-07,0.9999993802917049,0.9999998748925811,1.2451704883874324e-07,0.0,7.00916326800079e-11,5.202775745566464e-10,5.885659309156947e-12,3.675063061343412e-08,3.472737180905134e-14,2.6594994553710842e-06,0.9999973037439926,0.0
156,1.0,4.674490589552992e-19,2.1581489402801127e-29,0.9999999999669171,3.308312860486523e-11,0.999999999983249,0.0,1.0775630787774063e-29,1.6749633791809712e-11,1.3055126151710305e-15,3.4646008336479244e-11,0.0,0.9999999999653539,4.137990690374585e-32,0.9999999999743885,2.4878779021381037e-11,1.041726710040485e-32,8.272091674628634e-30,7.320562157936633e-13,0.0
157,0.3463854993198465,0.6536145006801569,9.287895614306122e-07,7.2348585979299536e-09,0.9999990639755769,2.8845448115402897e-08,0.0,5.57750453809589e-07,0.999999413404099,0.9964814770712546,0.0035177450547132557,0.0,7.139458019938786e-07,6.392822908787723e-08,3.496965249701596e-08,0.003218991002295761,1.8144782304214414e-11,4.53192114330422e-05,0.9967356547984751,0.0
158,0.9999999670228524,3.297714511918998e-08,9.011998193396925e-12,0.7341129277095386,0.26588707228144726,0.9033402098923438,0.0,2.971459252168189e-12,0.0966597901046869,0.0025321122476746945,0.010267001163330881,0.0,0.9872008865889639,3.088315072811452e-14,0.9139427237842893,0.013030389197134132,3.881433329145685e-14,3.78950248507628e-12,0.07302688701475064,0.0
161,1.8602594896770716e-05,0.9999813974050998,0.014427115246521637,1.7432835802150297e-12,0.9855728847517323,5.968597870073253e-12,0.0,0.008703843344463134,0.9912961566495698,0.9974080267857609,0.0016454479865378342,0.0,8.933113992178861e-11,0.0009465251383715924,2.551828224363188e-12,0.0030626586971596367,3.851508721160556e-06,0.2976519653435007,0.6992815244480673,0.0
162,1.8381759153811733e-12,0.9999999999981597,0.999468857325606,5.550421222164469e-23,0.0005311426743932066,4.657098147193201e-22,0.0,0.9991116246331541,0.000888375366843881,4.01838613141173e-05,0.00011956669490375959,0.0,4.631620053820381e-23,0.9998402494437821,1.3333435719571915e-24,0.00017744862686714996,0.011671532844590911,0.9881479054853113,3.113043234576625e-06,0.0
165,0.9999999999923617,7.638824029512851e-12,6.205562121949308e-16,0.9998978149452667,0.00010218505472983384,0.9999629550641794,0.0,2.948394059358489e-16,3.704493582377362e-05,8.198159367175412e-10,0.6996947564475222,0.0,0.30030524273266057,3.2481555873683853e-16,0.3919186894206868,0.6080812816353809,1.3599575245435518e-14,1.4515774559616855e-17,2.894391946960631e-08,0.0
167,0.9999991959466605,8.040533395005258e-07,5.7758693348837e-11,0.001450439023250978,0.9985495609189929,0.003702984552820244,0.0,4.143125204481094e-11,0.9962970154057467,0.1473306224704057,0.11830935783470732,0.0,0.7343600196925927,2.2964106351010727e-12,0.006863952099615671,0.02290168945316179,1.5137782590058135e-14,3.809081612026534e-10,0.9702343580662969,0.0
168,0.9100857762102407,0.08991422378975893,1.8484824564319125e-06,1.2417267797388095e-15,0.9999981515175409,3.5416797124833555e-15,0.0,1.334965690371659e-06,0.9999986650343076,0.9862904383899571,0.013706293236435602,0.0,3.0976068838311726e-06,1.7076672188989382e-07,1.8011442348754057e-15,0.004129275221952502,9.638675942095014e-10,5.906693275769673e-06,0.9958648171209019,0.0
171,0.9999999998107967,1.8920113188634976e-10,3.192030445418238e-14,0.9982027522537811,0.0017972477461846927,0.9993522837442453,0.0,1.2011122075866628e-14,0.0006477162557448194,5.753488541451967e-07,0.004263291472603415,0.0,0.9957361331785449,6.31545451058777e-16,0.9962900353542186,0.0035732312222041362,3.4945008264030124e-14,2.8955041569303064e-16,0.00013673342354048057,0.0
172,0.00928819853550358,0.9907118014644961,6.741184581698869e-06,1.6503961391534198e-11,0.9999932587989082,4.505845260878214e-11,0.0,3.318968412325732e-06,0.9999966809865354,0.9999978878329681,2.0979914016722144e-06,0.0,7.583673264514412e-11,1.4099792078968454e-08,8.90258270068322e-12,1.825650611204062e-06,7.994040735194375e-11,3.61240907225487e-05,0.9999620501698266,0.0
173,3.9888565237123035e-09,0.999999996011141,0.9538792635968638,6.5733486668251e-17,0.046120736403143146,5.399470682013993e-16,0.0,0.9179023617224358,0.08209763827755986,0.4328990550185558,0.00015514081429742073,0.0,5.745953837317253e-15,0.5669458041671439,7.011575539347041e-18,5.3779554913139405e-06,1.2475540350838918e-05,0.9991052489309397,0.0008768975732184965,0.0
178,0.999999999998824,1.176070046465342e-12,2.7113608299485575e-18,0.9999755562713355,2.4443728665180182e-05,0.9999911393277671,0.0,9.90560909928721e-19,8.860672234719286e-06,3.060740447594138e-09,2.49033174720376e-05,0.0,0.9999750936217879,1.4751413390387645e-20,0.9999718295842949,2.7891965655619528e-05,3.18137714470895e-20,2.8856931174669687e-19,2.7845005053593705e-07,0.0
179,7.2322476014755556e-09,0.999999992767755,4.948999775460457e-13,3.043191620322541e-08,0.9999999695675901,2.17261385066635e-15,0.0,3.3757183514555635e-13,0.9999999999996589,0.9999999992150919,7.848908308163557e-10,0.0,2.394080123141567e-15,1.1544096384866204e-14,1.533674466980615e-16,3.0654315216762864e-10,9.069219127749865e-15,1.1995335070459789e-13,0.9999999996933298,0.0
180,0.9994725787203979,0.0005274212796044427,2.3341968937419484e-08,1.9348765679459203e-05,0.9999806278923502,7.475484053261833e-05,0.0,1.8856886116980936e-08,0.9999252263025845,9.21226681434781e-06,0.9999883180025736,0.0,2.4695777676887436e-06,1.5284453803631375e-10,1.3263815587573774e-06,0.9999685218274204,3.520391934990768e-11,1.0630046577474127e-09,3.0150692811552957e-05,0.0
182,1.0,3.2919115553129804e-17,2.6159540120835046e-26,0.9999999972656575,2.7343414804185917e-09,0.9999999987838102,0.0,1.1748703667984329e-26,1.2161911350693778e-09,2.0696241083454735e-13,2.0449542235012932e-09,0.0,0.9999999979548377,6.346946238435899e-29,0.9999999984804084,1.4202117698770496e-09,5.473038375255672e-29,6.0892199235070505e-27,9.937840130783445e-11,0.0
183,0.9994615104134946,0.0005384895865040072,6.589748247458848e-08,1.3212549500215837e-05,0.9999867215530168,6.92319349691282e-05,0.0,5.661610252972368e-08,0.9999307114489265,0.00021879554964868793,0.9997446379891671,0.0,3.656514255300797e-05,1.3186333412780032e-09,1.0591797126744087e-05,0.9992898169166444,1.6601503034835548e-10,5.347902733966284e-08,0.0006995376411862837,0.0
187,1.0,1.3231203781535482e-15,5.347236968944386e-23,0.9999992377803322,7.622196675278793e-07,0.9999996738298725,0.0,2.0430547998445266e-23,3.261701263818324e-07,3.8557702360121635e-11,1.491630684500699e-08,0.0,0.9999999850451361,1.5694726094967563e-26,0.999999946146081,3.1344668325256814e-08,8.584197282077477e-27,1.5770245197970125e-23,2.250925031967452e-08,0.0
189,0.0030166911326079864,0.9969833088673989,3.886065202417013e-06,1.792816352756606e-10,0.9999961137555202,4.917629679995869e-10,0.0,1.926299607922072e-06,0.9999980732086247,0.9999999335814231,6.565790186520013e-08,0.0,1.0732012046890572e-10,6.533605915322155e-10,8.896740496690388e-12,3.702514504293752e-08,8.909970477022453e-13,8.882528303404258e-07,0.9999990747122371,0.0
190,1.975150232701296e-05,0.9999802484976765,0.047617576102926974,5.842293327514743e-13,0.9523824238964906,3.045949482574413e-12,0.0,0.03557250440084847,0.9644274955961033,0.0001813599670345264,0.9861228588416089,0.0,2.2157129350143398e-12,0.013695781189138015,1.968710792574176e-13,0.9705250475124877,8.615908110784302e-05,0.029355145056252502,3.3648349957334054e-05,0.0
192,0.9990836425296715,0.0009163574703266946,4.235280146871973e-08,1.0619955872548195e-12,0.99999995764614,4.156640816368387e-12,0.0,3.4248471119945223e-08,0.9999999657473714,0.9999999916907854,3.28328805739202e-09,0.0,2.272596560617543e-11,5.003200776477701e-09,9.786160535914797e-13,2.768894789502638e-10,1.1977383729029046e-10,2.0151490958783185e-08,0.9999999794508698,0.0
197,0.9999998076544799,1.92345521791517e-07,3.145773342211615e-11,0.9994661960798488,0.000533803888696783,0.999776985253913,0.0,1.2956341914954e-11,0.00022301473312854003,2.0024057147046233e-10,0.9999999997991225,0.0,5.740021087918374e-13,6.524854015108107e-14,2.3365941053284303e-12,0.999999996378989,1.31436060268377e-10,1.3154344821018428e-24,3.4872352451211185e-09,0.0
198,1.0,5.52218230046584e-19,5.562869311054857e-29,0.9999999999364704,6.35296786017685e-11,0.9999999999704485,0.0,2.7511270075013084e-29,2.955243840667397e-11,1.457105280807327e-15,1.401601616859193e-10,0.0,0.9999999998598383,9.50243719825696e-32,0.9999999998870592,1.1177186133339736e-10,6.66847852300285e-32,9.499387942384365e-30,1.1692780178614694e-12,0.0
199,0.9999999999999858,1.2125427812696466e-14,3.645344490785408e-22,0.9999997423106114,2.5768938594709344e-07,0.9999998779516058,0.0,1.4794437805039032e-22,1.22048393467642e-07,1.7948936739670553e-10,4.313079404540736e-08,0.0,0.9999999566897175,8.386524874687511e-25,0.9999999467483335,3.595226916873861e-08,9.121671415149316e-26,4.62342813531575e-22,1.729939760417786e-08,0.0
200,0.9999999999985789,1.4226589909712196e-12,8.032137915944505e-19,0.9999886766554703,1.1323344529066383e-05,0.999996171545859,0.0,2.7317305885922755e-19,3.828454139604839e-06,3.0016551911761934e-09,1.9883469342323016e-06,0.0,0.9999980086514103,1.5910917301214212e-21,0.9999967641930588,2.6007052280068502e-06,4.314510028625755e-21,6.173975439987707e-20,6.351017134363409e-07,0.0
202,0.999999502864145,4.971358530756315e-07,2.2041920330540387e-09,0.8716377754385257,0.12836222235728492,0.9624071735513045,0.0,7.299653184868307e-10,0.03759282571872939,7.83087618740896e-06,0.9948389921166187,0.0,0.005153176999047754,8.149389361182109e-12,0.0020118627231377954,0.9979060449476818,2.0657143307904864e-09,1.502816633030003e-12,8.209026196095845e-05,0.0
205,0.9999999999998224,1.7989541896793246e-13,4.5401427666352636e-20,0.9999987711707182,1.2288292825227497e-06,0.9999993668166398,0.0,2.182406255951284e-20,6.331833613356132e-07,9.799589900081215e-11,4.211755255670303e-06,0.0,0.9999957881467504,3.018956893546519e-22,0.9999964139388307,3.5776866428478017e-06,1.6527693330733069e-21,3.1471537950497134e-21,8.37452809924934e-09,0.0
210,2.3431603503247565e-06,0.9999976568396488,0.5675471480706729,6.206099614019632e-13,0.43245285192870664,3.70492190293489e-12,0.0,0.48413134481067527,0.5158686551856189,0.03925563921090722,0.39898607816145787,0.0,1.9813263335541383e-11,0.561758282607819,4.715735032993999e-13,0.3083405027864936,0.06306405118074257,0.6207362419628785,0.007859204069413199,0.0
211,0.9995833987589192,0.00041660124108418577,5.773688912158619e-06,0.0002574061365645863,0.9997368201745213,0.0015087592102365854,0.0,9.056873408535159e-06,0.9984821839163528,1.316981205908575e-11,0.9999999991479172,0.0,4.222258496554735e-17,8.38910183213366e-10,3.498846452795316e-17,0.9999999752932712,2.465000937223086e-08,1.4235371794368369e-12,5.529796521084654e-11,0.0
212,1.582527311174915e-50,1.0,1.0,1.5717964615777147e-84,6.402533713194213e-43,8.776436999775004e-84,0.0,1.0,7.788184226531208e-43,1.46311182753719e-54,7.818178550206042e-34,0.0,2.2124794908481636e-98,1.0,5.691354952746604e-119,3.6481426283963306e-38,1.0,9.051454338267507e-46,7.406363209965591e-61,0.0
217,0.06515070410308688,0.9348492958969128,4.4945104823706566e-07,2.0341680643442772e-10,0.9999995503455369,3.7344190905792176e-10,0.0,1.869818454917023e-07,0.9999998126447129,0.9999999997497255,1.9347700078104072e-10,0.0,5.550311030216128e-11,1.2930418100989658e-12,8.058227038975796e-13,5.982844098877048e-11,3.6288411342056145e-15,1.9916682284229198e-08,0.9999999800226791,0.0
218,0.9999984932194633,1.506780534023098e-06,2.5131309219326313e-10,0.0023584740685497476,0.9976415256801349,0.007266472071854248,0.0,2.0172030918729943e-10,0.9927335277264221,0.00017664383618955494,0.989020061070247,0.0,0.010803295088251173,5.31217279028721e-12,0.0031625754376966913,0.9959786928573237,3.8661438950959144e-13,2.1042693883943518e-10,0.0008587314941666123,0.0
219,0.99924101401412,0.0007589859858814258,3.5393956558434765e-08,9.26985868515239e-13,0.9999999646051172,2.6979104533093457e-12,0.0,2.5690255035328373e-08,0.999999974307045,0.9999999962146191,9.7330559048412e-10,0.0,6.771988099111495e-11,2.7443524533442882e-09,1.3274991287073292e-12,6.044625328103919e-11,3.51640822735955e-11,4.581553473554926e-08,0.999999954087529,0.0
222,0.9999999999997478,2.5338184363009575e-13,3.811424816491211e-19,0.9999950552485193,4.944751480245573e-06,0.999998293849713,0.0,1.3678869899315857e-19,1.70615028674019e-06,7.599785685740077e-10,1.6882842091438753e-06,0.0,0.9999983109558119,8.797701489174372e-22,0.9999970257071028,2.7737640136641846e-06,7.183701846071982e-22,1.0777027275571726e-19,2.0052888184073473e-07,0.0
223,4.2267198809383e-27,1.0,0.9999999999999147,1.496602663585253e-68,7.871331511871926e-14,1.8134630881960564e-67,0.0,0.9999999999997584,2.4502283128337744e-13,3.255803515933191e-10,1.301654614349363e-27,0.0,5.915475270685022e-60,0.9999999996744151,8.793414050359088e-69,2.727544271264091e-28,8.404581058573104e-05,0.9999159541893721,4.431741926402222e-14,0.0
226,3.2011989075396195e-12,0.9999999999968026,0.9985991691885718,8.319217674904999e-30,0.001400830811433022,8.053063826014068e-29,0.0,0.9956715395446989,0.0043284604552949486,0.9931023185569559,1.673146803204725e-09,0.0,4.959452622012914e-21,0.0068976797698970475,9.326061030407872e-32,3.268703784880846e-11,1.6297408627108362e-06,0.9996061363705737,0.00039223385587695934,0.0
227,1.193301077458209e-19,1.0,0.9999999928679415,7.6156696482049e-35,7.1320580016177875e-09,1.587921508623201e-33,0.0,0.9999999878264418,1.2173562326230273e-08,1.3482498420813362e-09,4.680002008322709e-11,0.0,1.2641310701937605e-42,0.9999999986049488,6.565371358090334e-45,1.9041071688891886e-11,0.00020766525790019341,0.9997923347197928,3.2589396323942487e-12,0.0
233,0.9999999999839275,1.607574349334636e-11,3.370383226870009e-16,0.9997478241025044,0.00025217589749637674,0.9999167160552451,0.0,1.0560377622978395e-16,8.328394475405752e-05,3.0472284801778215e-08,0.00037322359238436384,0.0,0.9996267459353297,1.938593092264073e-18,0.9995945376069965,0.0004037722619779796,7.046791099572502e-18,3.089257740386925e-17,1.6901310244234098e-06,0.0
235,0.9999999999963336,3.665077280412533e-12,1.1165728474322898e-17,0.9988257313938576,0.0011742686061390947,0.9995082734613839,0.0,3.849286593977411e-18,0.0004917265386176271,7.432886370108486e-06,4.85330524683739e-06,0.0,0.9999877138083824,5.002004248304073e-20,0.9992719763319992,2.645934414079494e-06,1.434423281455531e-20,1.4209672362141486e-17,0.0007253777335873199,0.0
236,1.284249622093949e-06,0.99999871575038,0.007809308944156057,1.4872179257400823e-14,0.992190691055832,8.737921629013609e-14,0.0,0.0038769594922496322,0.9961230405076611,0.9999987535804232,2.881837584716674e-07,0.0,1.2392632786504484e-14,9.582358073604322e-07,1.878616508820518e-15,7.444203847891536e-07,1.0033856392382037e-08,0.008420179424836182,0.9915790661209198,0.0
238,0.9999999981220498,1.877952892158168e-09,3.7924221203541704e-13,0.9971952784358171,0.002804721563801985,0.9989245445343097,0.0,1.4790811758733797e-13,0.0010754554655392555,1.0026165284464139e-06,0.09825686507947504,0.0,0.9017421323039653,2.97506742878892e-14,0.9008245618965839,0.09915066287958864,1.8912676101664498e-13,6.346610883928954e-14,2.4775223573167516e-05,0.0
248,1.0,1.1737414004845968e-18,1.5646914663035586e-28,0.9999999998569002,1.431015348464312e-10,0.9999999999380975,0.0,6.943874203452962e-29,6.190202228862907e-11,3.281428835623201e-15,1.1269925919495709e-10,0.0,0.9999999998872973,1.6250834063931099e-31,0.999999999906013,9.143853145947117e-11,9.765969139917158e-32,3.26831197140577e-29,2.548515620877691e-12,0.0
249,0.045070332393203696,0.9549296676067934,7.27144722332344e-07,5.033926770926655e-11,0.9999992728049365,1.6594952474622826e-10,0.0,3.5910768103392356e-07,0.9999996407263728,0.9999904720253971,9.52705209810564e-06,0.0,2.1196498969850824e-10,7.105375364553705e-10,1.3514067384190836e-11,3.266361730611912e-06,1.3809214693357334e-11,5.758822967048213e-07,0.9999961577286517,0.0
252,2.091451035840888e-21,1.0,0.9999999997271374,3.2445625994836884e-52,2.728660615752474e-10,5.0393765004826354e-51,0.0,0.9999999993377031,6.623032798551733e-10,4.9050258506691055e-08,4.624322425788744e-23,0.0,1.4601338672161487e-42,0.999999950949744,6.791161378555323e-54,8.317560043111436e-25,3.593479145746026e-07,0.9999996406507214,1.3595930969616863e-12,0.0
254,0.027069229271858293,0.9729307707281382,0.001047538673806721,1.1573996844625108e-08,0.9989524497521988,4.050389907033047e-08,0.0,0.0008476194862542231,0.9991523400098499,2.1070636283865946e-06,0.9999843916372874,0.0,7.463208680513221e-10,1.3500552760777217e-05,2.008318534617674e-10,0.999986090416853,1.7833755383510324e-06,1.1930996688060124e-05,1.9501008695172454e-07,0.0
255,0.17709363836416103,0.822906361635836,6.078387477784117e-07,2.0925372559255557e-09,0.9999993900687171,7.014220439795345e-09,0.0,3.148703577966899e-07,0.9999996781154245,0.9999999180363977,5.985842972771993e-08,0.0,2.2026545440086218e-08,7.862947814813891e-11,1.0387416146296236e-10,1.8808935029257086e-08,1.2608192972338818e-13,1.7918615231822752e-07,0.999999801900911,0.0
256,0.9999999999328537,6.714879712214977e-11,5.427374176933019e-16,0.9990359968620921,0.0009640031379058521,0.9996702880658094,0.0,1.6393336630843642e-16,0.0003297119341882722,1.1568223391287941e-07,0.001089286079223438,0.0,0.9989105982385432,1.9509911981733984e-18,0.9988129748902168,0.001181730839443964,4.138531266816948e-18,7.511394495092149e-17,5.294270342439734e-06,0.0
259,0.9999999999631726,3.682921428740776e-11,1.3997196983068947e-15,0.9968913795896867,0.0031086204103138873,0.9990923461815299,0.0,3.6162699122900897e-16,0.0009076538184695487,5.40650652411832e-07,0.0003079668648835168,0.0,0.9996914924844648,2.634524963439432e-18,0.9994665089661727,0.0004803188943280146,9.181363604484687e-19,5.458850243414773e-16,5.317213949762249e-05,0.0
263,1.8571974652189753e-07,0.999999814280247,0.9739537378314205,2.2395944409722146e-23,0.026046262168574055,1.4075437207411216e-22,0.0,0.9659098058306664,0.034090194169334814,0.0010214363032252586,0.1904074027349143,0.0,3.623873457675111e-16,0.8085711609618645,7.223180545904253e-26,0.014298844854993829,0.9856789852618124,3.563658709603879e-12,2.2169879631616316e-05,0.0
265,4.391232907986052e-12,0.9999999999956088,0.9824875027853388,4.299378333869426e-22,0.017512497214664167,6.898021933689706e-21,0.0,0.9593337213383625,0.04066627866163544,0.993038831567325,3.201820189374354e-08,0.0,6.3967107997076244e-21,0.006961136414476954,1.687906005138251e-24,3.3292772563370416e-10,1.584137722541611e-08,0.9997121765319497,0.00028780729374808456,0.0
266,0.9999999999983658,1.632941525307692e-12,3.110895974290894e-18,0.9999730616396774,2.693836032307614e-05,0.9999906495374479,0.0,1.1788171914336231e-18,9.35046255358622e-06,5.478516920868826e-10,0.00021104520087796976,0.0,0.9997889542512695,4.486218390801865e-20,0.9996592529804932,0.00034070023845269616,1.8205746673247672e-19,3.3809174671275776e-19,4.6781055065009357e-08,0.0
268,1.4046530595612844e-07,0.9999998595346923,0.006251433834457582,7.403822258105122e-16,0.993748566165545,1.6333782999556666e-15,0.0,0.0022891417463575324,0.99771085825364,0.9999998952070454,2.350096030190705e-10,0.0,5.241375869622361e-17,1.0455794793196126e-07,6.032531031061878e-18,1.4416379947653089e-09,8.082203599752617e-11,0.03166818423298468,0.9683318142445564,0.0
269,0.9999998976188048,1.0238119308298564e-07,6.664667026806684e-11,0.5192551283614035,0.4807448715719497,0.8365178805260693,0.0,2.0626536051674278e-11,0.16348211945330396,0.01350176386033992,0.00034019806320074466,0.0,0.9861580380763185,1.4085724787830437e-13,0.4043959362843639,0.0003183159454992816,3.00120345673965e-15,6.535143965912733e-11,0.5952857477047825,0.0
271,1.0,8.832589878067653e-18,7.339135671307136e-27,0.9999999986188612,1.381140039329044e-09,0.9999999994231281,0.0,3.130707381887708e-27,5.768729854715686e-10,3.727212377203335e-14,9.289210627717329e-10,0.0,0.9999999990710435,6.45949216397484e-30,0.9999999989165467,1.0532780469044245e-09,7.109946890997153e-30,1.0262589062455718e-27,3.0174092378833936e-11,0.0
272,1.0047101362906719e-18,1.0,0.9999998436400241,1.7574902410824288e-40,1.5635997244650202e-07,3.604661931756273e-39,0.0,0.999999607612415,3.9238758827765774e-07,0.0020250296649513577,3.8558781991652186e-12,0.0,3.12020375753175e-30,0.9979749703311938,8.673250977748182e-43,4.6137701811854205e-15,2.2915439499480072e-07,0.9999997351546663,3.569093604415055e-08,0.0
274,5.922135539117079e-05,0.9999407786446057,0.126065953194452,8.484671846525554e-20,0.87393404680555,5.596735967358283e-19,0.0,0.11056496951143475,0.8894350304885673,6.63722575992603e-05,0.9940070577911149,0.0,6.659750082884567e-14,0.005926569951214073,3.788629542813338e-20,0.9912435729528478,0.008543378692456586,7.228560427189594e-13,0.00021304835397720833,0.0
276,0.999999999998586,1.4147976603244979e-12,3.1053781116698886e-19,0.9999802913248091,1.9708675188358608e-05,0.999994577443034,0.0,8.054130475022544e-20,5.422556969127223e-06,1.2568510922959501e-08,4.158003789414956e-05,0.0,0.9999584073935951,3.6492238558212124e-21,0.9999571328184158,4.1232288097063236e-05,1.9386925414366698e-20,9.949331935130122e-20,1.634893487644832e-06,0.0
278,1.0,1.1737414004845968e-18,1.5646914663035586e-28,0.9999999998569002,1.431015348464312e-10,0.9999999999380975,0.0,6.943874203452962e-29,6.190202228862907e-11,3.281428835623201e-15,1.1269925919495709e-10,0.0,0.9999999998872973,1.6250834063931099e-31,0.999999999906013,9.143853145947117e-11,9.765969139917158e-32,3.26831197140577e-29,2.548515620877691e-12,0.0
281,0.0001414003012456382,0.9998585996987579,0.0063011617244736135,4.314944724796924e-19,0.993698838275528,2.2306144979643758e-18,0.0,0.004748927685260719,0.9952510723147364,0.9306628851408119,0.0660770964563202,0.0,3.3586573528291627e-10,0.0032600180670038165,2.8735665081808333e-19,0.04390425469516993,7.402782801605832e-05,0.01061476063617753,0.945406956840639,0.0
285,1.0,2.929077692076682e-16,8.835719893508053e-25,0.9999999842639583,1.5736042172886267e-08,0.9999999930976493,0.0,3.3488632491631383e-25,6.902350105837575e-09,1.5028654171538912e-12,2.1113121828269485e-09,0.0,0.9999999978871834,6.698988834412246e-28,0.9999999973547808,2.363790719294811e-09,3.211014764247733e-29,1.682996221245419e-24,2.8142681234080004e-10,0.0
286,0.9999999999577227,4.227909432393795e-11,4.982295373615936e-16,0.9989485076353789,0.0010514923646189926,0.9996842222968362,0.0,1.5268976400075227e-16,0.00031577770316682825,2.0318834393052134e-07,1.486113794588675e-05,0.0,0.9999849356737103,5.476048662626649e-19,0.999873019203657,3.8636736014452483e-05,2.575893022158725e-19,1.586150782574544e-16,8.834406033149268e-05,0.0
291,1.0,1.8997846850558787e-18,3.0936808677538853e-28,0.9999999998724896,1.2751205519255145e-10,0.9999999999363247,0.0,1.4996010616873347e-28,6.367465059334535e-11,8.220741822756666e-15,1.2607177394287875e-10,0.0,0.9999999998739213,7.98576517838978e-31,0.9999999999129834,8.32927607988665e-11,6.9435180522976805e-31,7.144179482513257e-29,3.723266926927024e-12,0.0
292,0.9999999999989981,1.0033251577352692e-12,4.930475130268275e-19,0.9999730072371039,2.699276289919674e-05,0.9999891443017486,0.0,1.5478745624081058e-19,1.0855698250143738e-05,7.800794049256497e-09,7.126563964381012e-07,0.0,0.9999992795428094,2.465996171665957e-22,0.9999983543257157,9.871309994273175e-07,6.9798515924876e-24,1.0868754655605074e-18,6.585432883965982e-07,0.0
293,0.9998528543657706,0.00014714563422718496,2.6528283347465407e-08,2.126914591271358e-05,0.9999787043258058,6.505603282586091e-05,0.0,2.1061765422870222e-08,0.9999349229054143,0.0002013764211111027,0.9997563265291869,0.0,4.2295144106258347e-05,1.9055916047660686e-09,3.799372381021362e-05,0.9992185548550309,1.2638191707852841e-08,3.644109650684578e-09,0.0007434351388566528,0.0
297,0.9999842208895275,1.577911047139394e-05,2.1860353075229086e-07,0.11321734395535524,0.8867824374411124,0.357749697061109,0.0,1.8207455029851757e-07,0.6422501208643385,1.1160100130466152e-06,0.9999793310668699,0.0,1.9552842112390632e-05,8.100804566894882e-11,2.3040036751899063e-05,0.9999701312616134,7.04087308063991e-09,3.8416382566186505e-12,6.821656919274554e-06,0.0
300,0.05011039272516123,0.949889607274837,1.2413398078724386e-05,8.605207685461386e-10,0.9999875857414003,2.687123266781938e-09,0.0,5.005913719089756e-06,0.9999949913991577,0.9999991144046745,8.809423388082763e-07,0.0,3.551618576184235e-09,1.1013687499147256e-09,5.907489809233225e-10,2.175207243372841e-06,2.4471981597866966e-12,0.00023036405184103672,0.9997674601477198,0.0
301,0.0003596834755312052,0.99964031652447,0.09790379014379962,6.189488155407057e-09,0.9020962036667058,3.1489391392433164e-08,0.0,0.10541983451194785,0.894580133998661,3.19746397548472e-08,0.9998844709034956,0.0,5.848845623325435e-28,0.00011549712186808394,6.948116068541494e-29,0.9946298834859937,0.005370088670047884,1.1388615257350022e-24,2.7843959587480213e-08,0.0
304,0.9999999999967173,3.2834051078313377e-12,1.3012620734009341e-17,0.9992581810753381,0.0007418189246616015,0.9997126943231809,0.0,3.774135818726929e-18,0.0002873056768212634,9.199906625426675e-07,9.348018314523351e-07,0.0,0.9999981452075068,3.574818266544472e-21,0.9997312324460839,3.176412610522751e-06,1.756359611278169e-21,8.992955112003065e-18,0.0002655911413022084,0.0
307,3.551558312732512e-05,0.9999644844168798,0.0005865686562244343,1.776148607276181e-20,0.9994134313437699,5.0930871886770316e-20,0.0,0.0003021974999439354,0.9996978025000582,0.9999998640027336,4.410509828414718e-08,0.0,9.348547991676965e-13,9.18912329727512e-08,3.1722445455575493e-22,5.216913394575307e-08,9.964391505835602e-11,0.0001127161621007093,0.9998872315691246,0.0
310,0.9999992714023617,7.285976415497615e-07,3.28645929769842e-10,0.019861957128442635,0.980138042542912,0.06130392894602389,0.0,2.417570359283852e-10,0.9386960708122178,0.020723528148774165,0.7236355964963773,0.0,0.2556408753362605,1.8589473359201317e-11,0.07222747210715598,0.7451928592730559,6.063692828055576e-13,2.0269953647230066e-09,0.18257966659218916,0.0
312,7.01257727424866e-14,0.999999999999929,0.999819471235086,3.150404349128255e-32,0.00018052876491339895,5.416935925752404e-31,0.0,0.9996484401799186,0.000351559820083084,0.0005589442880090595,1.746259120920647e-07,0.0,3.617278252021489e-23,0.9994408810860802,9.94657480554062e-32,1.90932110065957e-08,7.690449764995311e-05,0.9999183068618316,4.769547305236258e-06,0.0
314,0.01673093548449234,0.9832690645155071,0.0044651378417620135,2.7926884415223484e-08,0.9955348342313532,1.6334984414738596e-07,0.0,0.00526828980655624,0.994731546843597,3.532776327194422e-09,0.9999951127258399,0.0,8.876805242444621e-13,4.883740492781049e-06,2.9681070930076587e-13,0.9999375311184386,6.24591796833825e-05,6.292345095242015e-09,3.4092367563622947e-09,0.0
315,7.67745137974641e-05,0.9999232254861962,0.0007994931371203739,5.627310207676766e-11,0.9992005068066089,1.2432192217041583e-10,0.0,0.00034638856174500765,0.9996536113139357,0.9999973137433769,1.5570316997523922e-06,0.0,2.751251247800152e-12,1.1292221763097734e-06,8.16932968216104e-13,1.3107592116720812e-06,6.155891572411833e-10,0.0023980651075955414,0.9976006235167885,0.0
316,0.9999999999972999,2.700242138697983e-12,5.873109486159075e-18,0.9999640746022002,3.592539780094081e-05,0.9999884178835197,0.0,2.177039028783263e-18,1.1582116479562019e-05,2.45032335087932e-10,0.0009173971166736108,0.0,0.9990826026382965,1.6929177438650624e-19,0.998354276823558,0.0016457038191066509,4.302702647786533e-20,7.974406656833242e-19,1.935733462240009e-08,0.0
318,1.6241396968658284e-09,0.9999999983758556,0.0005631779073467973,7.130669299216173e-16,0.9994368220926504,2.942996199545477e-15,0.0,0.0004910688235574029,0.9995089311764421,1.1386938489960213e-12,0.9999895695180627,0.0,3.183851920425756e-17,1.0430480795206504e-05,2.210242699413528e-17,0.999961642102407,3.335812186471942e-05,4.999771466815874e-06,4.264391492824975e-12,0.0
320,5.7819166462252275e-19,1.0,0.9999563410427477,8.684292937816643e-32,4.3658957247959604e-05,1.4485519801920954e-30,0.0,0.9998064308926382,0.00019356910736868042,0.9998611089859183,1.437912198478538e-17,0.0,3.926336985629741e-31,0.00013889101408110172,1.245974974189254e-35,2.6002561466687377e-20,1.991648038021515e-14,0.9999956648821671,4.3351178114593355e-06,0.0
322,1.0,3.411244599626344e-16,1.766759708393988e-24,0.9999998446869235,1.5531307696783188e-07,0.9999999399370747,0.0,6.657984298604411e-25,6.006292512103346e-08,1.330279585171798e-11,1.3589665071446707e-08,0.0,0.9999999863970324,1.2551307950943234e-27,0.999999967672324,2.1620907787262642e-08,4.431207680958478e-28,1.1033624075261446e-24,1.0706769304903357e-08,0.0
327,0.9999998892607626,1.1073923389581833e-07,4.895966472377075e-11,0.05686497663216928,0.9431350233188708,0.17738511676607663,0.0,3.110600573965737e-11,0.8226148832028181,0.007907331711346735,0.07746040533835484,0.0,0.9146322629499941,3.0732643620740945e-13,0.592307283338326,0.16872093902210988,7.443906971625019e-14,3.1010969383545653e-10,0.23897177732938352,0.0
331,0.9999999999996803,3.22934756179852e-13,2.4800380732007796e-19,0.9999904785135924,9.521486410063546e-06,0.9999959829009238,0.0,9.820849279063983e-20,4.017099077202534e-06,1.9968530499371574e-10,5.374824533855604e-05,0.0,0.9999462515549753,2.9830818359912708e-21,0.9999192511912437,8.073694000626629e-05,1.369419880511961e-22,3.2423745581352518e-19,1.1868749976479012e-08,0.0
336,1.0,3.9910436896413056e-17,6.664378805389196e-26,0.9999999928360701,7.163929174312375e-09,0.9999999968018365,0.0,2.964191055655607e-26,3.198164322937818e-09,4.588955136707576e-13,5.0245771606080805e-09,0.0,0.9999999949749636,1.4370474205080416e-28,0.9999999954214864,4.365760334745745e-09,8.762954162991172e-29,2.6171963942083093e-26,2.1275307167818417e-10,0.0
337,1.0,1.5291806472143625e-17,1.6805455317165146e-26,0.9999999980109244,1.989077358382869e-09,0.9999999992143067,0.0,7.104835977116199e-27,7.85692945702786e-10,5.089677173357952e-14,1.871492093626229e-09,0.0,0.9999999981284589,2.6414644100874797e-29,0.9999999982961398,1.6756451995264881e-09,5.678857322108717e-29,1.3257976551935452e-27,2.8215398085819142e-11,0.0
338,3.554662934205266e-18,1.0,0.9999992957382553,4.705771128035528e-39,7.042617425175227e-07,4.852673138997571e-38,0.0,0.9999978094866127,2.190513380457636e-06,0.14230680861278122,8.567264377975831e-13,0.0,1.0997262145967634e-27,0.857693191386367,5.176867925418077e-41,1.4287044869688923e-16,7.557185084019345e-10,0.9999999291996272,7.004465603068959e-08,0.0
342,1.0,1.7084736213798172e-15,1.424456511576204e-22,0.9999999449941315,5.5005867514837515e-08,0.9999999802088981,0.0,6.673685995320259e-23,1.9791101705689632e-08,6.976047504582146e-13,1.5822726310682137e-06,0.0,0.9999984177266702,3.38968336728226e-24,0.9999987467863819,1.2529161879222608e-06,3.5873389481148764e-23,2.7962953804330343e-24,2.9742948887982656e-10,0.0
344,0.014070002640561291,0.9859299973594348,7.559676941937804e-05,4.5632353185669776e-10,0.9999244027742581,2.734596389655318e-09,0.0,6.061087570186254e-05,0.9999393863897048,0.012762872895520727,0.987183847904171,0.0,5.617140344964071e-17,5.327920030520773e-05,5.480904295272369e-18,0.9933823256619208,6.91996852726159e-07,0.00033262545398694897,0.00628435688723998,0.0
350,1.0,1.3116795240890263e-16,4.6296625356652795e-25,0.9999999952369016,4.763098551284383e-09,0.9999999982353138,0.0,1.7688207017975677e-25,1.7646875253703346e-09,1.0641622535109847e-13,9.294216777477735e-09,0.0,0.9999999907056782,9.65511168567907e-28,0.9999999929652503,7.003625798831678e-09,3.712354591214889e-27,2.1823089643824136e-26,3.1124592484759594e-11,0.0
351,0.9999999923172567,7.682741871671352e-09,7.457175221567854e-12,0.9859573510359312,0.014042648956614764,0.9955402042396522,0.0,2.7893470871017226e-12,0.00445979575755618,3.8147176663126273e-07,0.9066724563126058,0.0,0.09332716221531624,3.1179083217660087e-13,0.08430628314027563,0.9156871504892253,1.2601866163157748e-12,1.4569072200135408e-13,6.566369095661541e-06,0.0
352,0.9999999999990337,9.63325587257824e-13,1.0810464622353924e-18,0.9999908374661476,9.162533852398792e-06,0.9999964462712376,0.0,4.2123926031419756e-19,3.5537287627687988e-06,4.461793572743398e-09,3.012598297085757e-06,0.0,0.9999969829399088,9.459590142054873e-21,0.999996587128334,3.061820585679184e-06,5.2981938399676465e-21,2.7014358992766602e-19,3.510510795502135e-07,0.0
354,0.9999999999999503,5.0468214514637644e-14,2.8463601802695053e-20,0.9999978515967655,2.148403234760137e-06,0.9999993222983137,0.0,1.0547680923703246e-20,6.777016850595508e-07,3.906135144438613e-11,1.1256203497632935e-05,0.0,0.9999887437574415,2.648153132482662e-22,0.9999840609179186,1.593001175659333e-05,1.6519956778606944e-22,3.3967318104754296e-21,9.070326150333218e-09,0.0
358,0.971179982651312,0.02882001734868767,2.937411206983093e-06,6.097468849306906e-07,0.9999964528419085,3.299212027109386e-06,0.0,2.8267754453598073e-06,0.9999938740125301,1.0439155954382488e-05,0.9999894803148829,0.0,2.2635883132388868e-08,5.789327640901093e-08,4.947828858125136e-09,0.9999857558437929,3.094888357613463e-09,4.414561625340161e-08,1.4191967874978345e-05,0.0
359,1.0662616879284068e-08,0.9999999893373825,0.9962818477790728,7.708269155548696e-24,0.0037181522209333716,4.9221317490204213e-23,0.0,0.9945781948656855,0.005421805134315011,5.524288990368854e-05,0.1194859333486878,0.0,4.9557826860663594e-18,0.8804588237614035,1.889518265612407e-25,0.006737748589723303,0.9926359853225807,0.000625835379285716,4.3070840530700276e-07,0.0
366,0.9999892201823515,1.0779817649044311e-05,1.0969807717565259e-09,9.534518829291353e-05,0.9999046537147285,0.0002443414234675471,0.0,7.96737094714727e-10,0.9997556577797945,0.0017145451390319596,0.9968960444758402,0.0,0.0013894103459286126,3.9198331513109405e-11,0.00018106802177285925,0.9739724999229714,7.586260819938877e-12,2.1720196399714025e-09,0.025846429875651188,0.0
368,1.422687589549617e-20,1.0,1.0,2.4801774224437332e-39,2.352687277393664e-15,1.745367561861535e-38,0.0,1.0,2.99772828733277e-15,3.158926773048147e-20,5.780125968090043e-05,0.0,1.808623169020652e-34,0.999942198740314,3.3081517443296176e-43,3.8697864237451905e-15,1.0,4.253759626547341e-16,1.4473682006305106e-24,0.0
378,0.99475253662706,0.005247463372938033,1.3256334502047893e-06,5.186469047590818e-13,0.9999986743660305,1.6687118192522569e-12,0.0,1.0363505441701828e-06,0.9999989636477876,0.9122733491212637,0.08619029250624323,0.0,0.001535927567502851,4.308049909012259e-07,7.114639555820346e-11,0.008647200864326942,5.911002396363325e-09,5.311113917905197e-07,0.991352262042131,0.0
380,0.9999999999938893,6.108934494332535e-12,7.578828777744589e-18,0.9998672416715377,0.00013275832846203482,0.9999523076061033,0.0,2.3282366393463077e-18,4.7692393897156276e-05,3.659096023112151e-08,1.2558033735941538e-06,0.0,0.9999987076056664,6.956924797454328e-21,0.9999938944343769,1.909211667974843e-06,2.1189039480169436e-21,2.574584187040697e-18,4.196353956782673e-06,0.0
381,0.9999831922754961,1.680772450628805e-05,4.706487729804793e-10,0.0004307453074922175,0.9995692542218593,0.0014645574016762552,0.0,3.800089706285378e-10,0.9985354422183171,0.9302652865207753,0.011803704631394102,0.0,0.05793100879133777,5.6489977906682864e-11,0.0005901042052472629,0.00046344295398255555,9.583985044049608e-14,5.361227203230008e-10,0.9989464523045538,0.0
383,0.0751905639195794,0.9248094360804192,5.718531082659925e-07,1.5755760445855853e-18,0.999999428146893,4.969688590712147e-18,0.0,2.611878489240245e-07,0.9999997388121485,0.9999999991753725,7.775797520004062e-10,0.0,4.310653170131492e-11,3.937860449467266e-12,5.483396699834674e-21,1.632307562805108e-10,1.1311746102486858e-15,1.5822926709811467e-08,0.9999999840138402,0.0
384,5.5729307710943065e-05,0.9999442706922839,0.00022282647942609894,7.235329969849634e-20,0.9997771735205749,1.8795374763294238e-19,0.0,0.00012447841744860948,0.9998755215825489,0.9999998342318146,8.37304737375798e-08,0.0,1.1786136589062633e-19,8.203770891486527e-08,3.29133943355992e-21,5.328442856075318e-08,3.824361326598244e-10,1.5501972687405304e-05,0.9999844443604492,0.0
386,1.4798508913989615e-18,1.0,0.9999999924229996,1.877016410878132e-33,7.576999967617959e-09,2.1496505171489233e-32,0.0,0.999999986694796,1.3305202175905055e-08,1.7515678704677208e-10,1.4484854304407764e-09,0.0,2.9220146334875236e-33,0.9999999983763601,2.001777965440733e-34,9.473831674449832e-09,0.012868750569831947,0.9871312399550074,1.3260299567277414e-12,0.0
387,0.9999999992054072,7.945953266161934e-10,3.355531286864747e-14,0.9856526167289015,0.014347383271065939,0.9948578993440521,0.0,1.0829328179901218e-14,0.005142100655939108,4.233822083516368e-06,0.0007156168600067338,0.0,0.9992801493179085,1.9289178428494126e-16,0.9978691203441634,0.0017010510208453396,1.1864439156612227e-17,3.843160537004151e-14,0.0004298286349544157,0.0
392,0.9999971802882789,2.8197117191485316e-06,1.1346326212924935e-11,3.8247096692314096e-05,0.9999617528919623,0.00014166663887179803,0.0,6.256475142210598e-12,0.9998583333548692,0.9993953511157391,1.5908279864248188e-07,0.0,0.0006044898014617093,1.5522424319924312e-15,1.7457078260423801e-06,2.481981535907835e-09,5.394469760201237e-27,5.098520019555099e-12,0.999998251805096,0.0
393,0.9999971802882789,2.8197117191485316e-06,1.1346326212924935e-11,3.8247096692314096e-05,0.9999617528919623,0.00014166663887179803,0.0,6.256475142210598e-12,0.9998583333548692,0.9993953511157391,1.5908279864248188e-07,0.0,0.0006044898014617093,1.5522424319924312e-15,1.7457078260423801e-06,2.481981535907835e-09,5.394469760201237e-27,5.098520019555099e-12,0.999998251805096,0.0
396,1.5849370129607607e-05,0.9999841506298708,0.0017776368881958905,6.590134615891374e-14,0.9982223631117348,3.256825997021425e-13,0.0,0.0010751117500696883,0.9989248882496069,0.9991876998140019,0.0006116931792141474,0.0,4.625456308588605e-12,0.00020060700216094674,1.529577713345924e-13,0.0012732041266936807,4.3202854051643856e-08,0.8549681546529098,0.14375859801739105,0.0
397,1.755289819596724e-08,0.9999999824471076,0.8466980238158859,1.4068090704406735e-15,0.15330197618410724,7.31015635837333e-15,0.0,0.6938074253133454,0.30619257468664424,0.9960741518914242,1.1254247963692662e-05,0.0,4.677042562776901e-15,0.00391459386061021,1.073555734583364e-16,8.904423812194708e-06,0.00029314623601823435,0.9800492841454369,0.01964866519473139,0.0
398,0.5457527563288744,0.4542472436711225,1.816059533909748e-07,3.003101220071677e-08,0.9999997883630354,5.8758361489926955e-08,0.0,7.991177240903275e-08,0.9999998613298641,0.9999999937407722,5.756891717925131e-10,0.0,5.682230215699696e-09,1.3078469698748136e-12,1.5956977459150286e-10,1.72409731683359e-10,4.6098236396118565e-15,5.987222946873588e-09,0.9999999936807953,0.0
399,0.9997388731538037,0.000261126846197371,8.274355337476979e-09,6.724425528461949e-05,0.9999327474703623,0.00023848424407440784,0.0,5.829981686180402e-09,0.9997615099259448,0.23205592927277874,0.7529068504746913,0.0,0.015037213746544785,6.5059885150353015e-09,0.0011945894454758303,0.15857425847156675,1.270833639690713e-10,3.882606779962086e-08,0.8402311131298071,0.0
400,0.9998087276793507,0.00019127232064605813,2.9940793815209046e-08,7.593331713672376e-05,0.9999240367420692,0.0003306647698693993,0.0,3.14397603723669e-08,0.9996693037903674,3.165794723024078e-05,0.9999304276980681,0.0,3.7913363905087346e-05,9.907939263920493e-10,9.260020625230302e-06,0.9997075279192453,9.205403658515803e-11,3.4046774837495942e-09,0.0002832085633987135,0.0
402,0.0007973783487204741,0.9992026216512805,0.00035072640731291364,1.3808619603177664e-19,0.9996492735926893,3.7690086925534127e-19,0.0,0.00026046664013350046,0.99973953335987,0.9805813032262108,0.019291634350795953,0.0,3.068722826395453e-10,0.00012706211611970125,9.77149727840907e-20,0.013576098421743713,6.434036233684468e-07,0.0015506132341393693,0.9848726449404948,0.0
404,7.671554726286509e-09,0.9999999923284406,0.9934438079360189,7.248259641077011e-17,0.006556192063984962,6.59835147278457e-16,0.0,0.9936857961911719,0.006314203808820654,1.7639560122631976e-07,0.3614200903300146,0.0,1.7675861285966185e-18,0.6385797332743792,2.7479588169893737e-20,0.02688226974366243,0.9730661079212627,5.162125076690404e-05,1.0843015087347666e-09,0.0
407,5.6058881886107723e-14,0.9999999999999432,0.9995142811691032,1.9049891010881442e-24,0.00048571883089689637,1.349047220145741e-23,0.0,0.9989049072414611,0.0010950927585401259,0.025551713763308597,2.7647540858990727e-07,0.0,7.8800495408317115e-22,0.9744480097612899,3.975161054944146e-26,1.6558850192727764e-09,4.0960855952690456e-07,0.9999986036124981,9.851230586575022e-07,0.0
411,0.9938701042560873,0.006129895743916746,9.798436886576055e-08,5.352366023321618e-06,0.9999945496496097,3.212916536748504e-05,0.0,9.577213711669201e-08,0.9999677750624922,3.2562352877843293e-06,0.9999965379181037,0.0,2.0506586986137943e-07,7.807353827865275e-10,3.6465255696072506e-08,0.9999886493294967,5.0565649581879984e-11,1.214910009899798e-09,1.1312939769842116e-05,0.0
412,2.1626969026188044e-09,0.9999999978373069,0.9470394525403157,2.2958255952761043e-26,0.05296054745968065,1.070607598683805e-25,0.0,0.9227763653935355,0.07722363460647089,0.0230395417253881,0.00043478085975600734,0.0,2.2820176506426007e-17,0.9765256774148511,5.1314036483449386e-27,4.927847389315479e-05,0.00037660117955098764,0.9992645904465466,0.00030952990000392464,0.0
418,0.9999999999995026,5.002549023159862e-13,7.959325760931771e-20,0.9999935313403333,6.468659667110279e-06,0.9999969570023425,0.0,3.2797242187383316e-20,3.042997655092974e-06,3.5522657253580923e-09,1.0264396811098484e-06,0.0,0.9999989700080552,2.1423871185273925e-22,0.9999981884954176,1.2516650097826767e-06,7.314233140154673e-23,6.366024803199731e-20,5.598395736730702e-07,0.0
419,1.8333816342231878e-08,0.9999999816661787,0.5221482385104296,1.6460076912574366e-14,0.4778517614895503,4.5230555364026177e-14,0.0,0.27395103855547825,0.7260489614444742,0.9964738650132782,0.00016955489453816865,0.0,1.278720835940367e-15,0.0033565800921839173,1.4436921850063812e-16,0.00012101441130600117,4.2650653727495436e-05,0.982459316839012,0.017377018095952906,0.0
420,3.9755359574772565e-11,0.9999999999602451,0.999527492027112,2.4889033480455884e-22,0.00047250797288926095,1.3297362341389196e-21,0.0,0.9993264356201018,0.0006735643798949088,1.0630405267874819e-07,0.0007266666746913471,0.0,4.395370160070508e-22,0.9992732270212578,1.8199437334541168e-23,0.0013009342265695616,0.04619679765094729,0.9525022660014866,2.1209931154583197e-09,0.0
422,1.434823632087105e-10,0.999999999856513,0.996093816949698,3.70130680643322e-18,0.00390618305029952,3.211298582816032e-17,0.0,0.9915058288261538,0.008494171173849008,0.99628995762135,9.192996151021151e-08,0.0,1.4312706522150542e-18,0.003709950448694555,3.696021730087503e-19,2.0559726415267477e-07,0.024298666048953414,0.865207285043425,0.11049384331035608,0.0
434,4.97071955754869e-07,0.9999995029280441,0.006995946092701556,7.15146402784302e-24,0.9930040539073042,2.2692865488405615e-23,0.0,0.003302119931453447,0.9966978800685518,0.9999724265757514,9.673494572920682e-07,0.0,9.516167829502791e-15,2.660607477738088e-05,2.0905405304429897e-24,7.494403787043426e-07,5.933648602544331e-17,0.10329395440245295,0.8967052961571728,0.0
437,0.999999998011333,1.988667310225589e-09,2.9024120209794594e-13,0.9673389223209294,0.032661077678782735,0.9935534554975219,0.0,6.569034161435167e-14,0.006446544502413186,3.246950856473529e-07,0.9999996731148394,0.0,2.190067903842703e-09,4.700117213741079e-15,1.540911248895456e-09,0.999983002584952,7.551584820848143e-14,4.3232486446708845e-15,1.6995874059077617e-05,0.0
438,3.6542312259633843e-09,0.9999999963457711,0.6595887164068179,1.3338694355463954e-25,0.34041128359317524,6.0447243226801e-25,0.0,0.534979997558624,0.46502000244137554,0.9485194987168424,4.3498343389787446e-05,0.0,6.5033672892432e-17,0.05143700293976565,1.036307227100556e-26,3.575588883048066e-05,0.0006117430843467982,0.8878873315615292,0.11146516946529554,0.0
440,0.9999999999987992,1.2043261272474386e-12,6.635476064247741e-19,0.9999537388443429,4.626115565412926e-05,0.9999846248039973,0.0,1.9643582027510525e-19,1.5375196003617993e-05,8.338813095153318e-08,1.6522107077642217e-06,0.0,0.99999826440116,5.0599256694120035e-22,0.9999895516870901,2.3475295766087466e-06,1.5734384059977494e-22,1.2539923493725648e-18,8.10078333370925e-06,0.0
444,0.9919772353343238,0.008022764665673029,1.556959818935351e-06,1.5648101627407065e-05,0.999982794938556,5.552951408444859e-05,0.0,1.1855526805908792e-06,0.9999432849332349,0.002394504430875106,0.9975970866832766,0.0,8.317312759666956e-06,9.15730882509265e-08,4.498714329539606e-06,0.9907484443619454,2.2763259262220135e-08,4.4979959384515526e-07,0.009246584360872894,0.0
447,0.011242998353394793,0.988757001646602,7.20473990518954e-06,2.0421181677485872e-11,0.9999927952396758,9.359003861290079e-11,0.0,5.889378852749488e-06,0.9999941105275583,0.010781705338105156,0.989215539011258,0.0,4.2883265282651304e-10,2.755221804480762e-06,2.7891930046334257e-11,0.9907439475289277,9.823817751315935e-09,8.90683911247988e-05,0.009166974228241075,0.0
453,3.0394293266614385e-10,0.9999999996960582,0.9990631399628357,1.1519315722201235e-18,0.0009368600371639574,5.1860980971734624e-18,0.0,0.9983747117986705,0.0016252882013266343,9.090452840115689e-06,0.001458235327778646,0.0,7.983374338991678e-20,0.9985326742193845,1.1239205752272245e-20,0.0027855119441191423,0.014461822588827002,0.9827519770711476,6.88395905768493e-07,0.0
467,8.970527072704334e-21,1.0,0.9999999959218684,8.6758879500593e-61,4.078134680133066e-09,8.877932695565909e-60,0.0,0.9999999903582193,9.641779499390732e-09,4.163957582759267e-09,6.410448361727403e-13,0.0,4.652096478563569e-37,0.9999999958353953,2.0958556509369956e-60,3.4708424499475707e-13,0.0002607929324203905,0.9997392070633747,3.85663645445531e-12,0.0
472,1.235634651854908e-13,0.9999999999998721,0.9999998803897299,4.732740024086077e-25,1.1961027083665713e-07,2.883755022670569e-24,0.0,0.9999998449314638,1.550685375276174e-07,3.531339432197911e-12,0.00020300290812314925,0.0,1.9876596683497487e-28,0.999796997088348,8.504231472410753e-31,3.336917862942714e-06,0.9999941604322844,2.5026498498911624e-06,2.1731821665129113e-16,0.0
473,2.0112782199111747e-21,1.0,0.9999974045095289,3.5637866782821244e-40,2.595490476417723e-06,3.3209051990351764e-39,0.0,0.999996604213148,3.3957868555328443e-06,2.3878777153744448e-17,7.371153015753417e-06,0.0,1.584834073519301e-50,0.9999926288469781,1.9263232943433048e-52,2.3999781416816107e-07,0.9999945698673182,5.190134871671278e-06,3.7020322700919575e-19,0.0
474,5.549484629400647e-09,0.9999999944505191,0.8689544132421523,3.3623912050046743e-23,0.13104558675784173,2.7632530092230336e-22,0.0,0.8075721630713643,0.1924278369286372,0.9970987425541198,4.4448940215522427e-07,0.0,2.1390649111533904e-15,0.002900812956480691,1.3191553207793506e-24,3.022707640721614e-07,5.92651660062297e-05,0.04272129861615546,0.9572191339470796,0.0
475,0.9998258624434919,0.0001741375565106121,1.8479206247879132e-08,5.0970233195797716e-05,0.9999490112875997,0.00018322224771781832,0.0,1.449854211371579e-08,0.9998167632537394,0.013444915283221942,0.9865257339820366,0.0,2.9349395560624433e-05,1.3391842349238655e-09,1.587438789872196e-05,0.9306187435639703,1.9114768631181774e-09,2.4369295861308282e-17,0.06936538013665743,0.0
476,0.9999986724543889,1.3275456108327942e-06,6.528307173396337e-11,0.005040256675659705,0.9949597432590573,0.01767191755265678,0.0,4.4818309813214055e-11,0.9823280824025282,0.06556416121218395,0.19841113139312636,0.0,0.736024707392039,2.6530758480804953e-12,0.1321172397204555,0.2614638598191085,2.8770981670916778e-15,1.3580465584321062e-08,0.6064188868799668,0.0
478,0.9999991253803403,8.746196567045398e-07,1.573596332780819e-10,0.010488732088884031,0.9895112677537591,0.028943455511627806,0.0,1.1534757747425087e-10,0.9710565443730252,0.001394059609967128,0.8551838920459256,0.0,0.14342204834090566,3.1984268075431484e-12,0.026501891171652806,0.9631809474054117,1.0755771285168939e-13,1.278160419614101e-09,0.010317160144668625,0.0
479,0.0039166578699580444,0.9960833421300443,0.00021021025289056795,1.355186192547636e-10,0.9997897896115941,8.008234323855485e-10,0.0,0.00016900497038442968,0.9998309942287907,0.08074571814708309,0.9190268178493561,0.0,1.3662715145559392e-09,0.0002274626372901231,1.0861167740542839e-10,0.9110750961424045,1.0470054213451651e-05,0.0008731253526169937,0.0880413083421526,0.0
482,7.06485419154089e-20,1.0,0.9999999886105684,3.5194393249194826e-43,1.1389426002630653e-08,4.751267494521116e-42,0.0,0.9999999709813072,2.901868798836076e-08,7.14244494555034e-06,7.812993279270085e-13,0.0,5.19438573097978e-41,0.9999928575542743,2.270866217987426e-53,3.2747226858406236e-15,3.6361916107515337e-07,0.9999996362612458,1.195880038299461e-10,0.0
484,0.6103880185358854,0.389611981464113,9.702503610377397e-06,2.7026287717244065e-07,0.9999900272335128,1.100659536644045e-06,0.0,7.972352677090439e-06,0.999990926987783,0.0020716149075026436,0.99792691576886,0.0,6.570852357540177e-07,8.12238403917004e-07,1.0948351059430407e-07,0.9977286342708339,1.044292975338008e-07,5.479880071268318e-06,0.00226567193628861,0.0
492,5.697448934859359e-09,0.9999999943025557,0.023505056750182034,8.977351948609264e-25,0.9764949432498221,2.497898367895789e-24,0.0,0.007713660213259235,0.9922863397867476,0.9999999473212227,1.7591998673170937e-11,0.0,5.9677649524818765e-18,5.266118797484476e-08,2.0289689245911988e-26,1.112956209956046e-10,4.48115658010292e-12,0.5820236316650328,0.41797636821918976,0.0
494,5.7990453171907445e-09,0.9999999942009481,0.2409358353189198,3.3001376067794084e-17,0.7590641646810742,9.043015367751064e-17,0.0,0.08103899663169681,0.9189610033683079,0.9999753349521865,6.35167919208113e-09,0.0,1.2239703217981493e-17,2.4658696137405973e-05,2.812333250478926e-19,2.9559553396268073e-09,3.856880482533064e-09,0.9954719147910175,0.004528078396143006,0.0
496,4.4401556869664925e-10,0.9999999995559818,1.0995285989721118e-11,5.958033986259619e-16,0.9999999999890008,2.312795350214637e-15,0.0,8.031897298244922e-12,0.9999999999919709,0.9999999985349461,1.4632344836292529e-09,0.0,3.866349442362125e-15,1.8102306263014782e-12,1.4521165003602042e-16,2.978457213809932e-10,3.953916916750838e-14,2.4547324883286688e-12,0.9999999996996536,0.0
500,1.7800349159458118e-10,0.9999999998219948,0.8971823437438182,9.351431734021411e-28,0.10281765625618382,8.141853692393348e-27,0.0,0.8413699444617179,0.15863005553828094,0.030963224371311125,0.0005114026183708967,0.0,8.318101572698197e-19,0.9685253730103236,4.2154927628585895e-27,6.7444720832036e-05,7.193559521316034e-05,0.9996777700234,0.00018284966055242302,0.0
504,0.0001489552763159119,0.9998510447236828,3.5493407109354434e-05,9.976732653280731e-14,0.999964506592792,2.3989893688873656e-13,0.0,1.576800845309392e-05,0.9999842319913055,0.99999997246119,2.307181062975771e-08,0.0,1.0670581626956414e-13,4.466894146042357e-09,3.539079345773479e-15,5.0251629222709244e-08,1.4480774849329556e-12,0.0004603834189077581,0.9995395663280099,0.0
505,0.0010245544956003995,0.9989754455043975,0.00046245180073543885,1.9497770442566435e-10,0.9995375480042837,9.496040252194985e-10,0.0,0.000322753232168056,0.9996772458182275,0.9981224541501644,0.0018675834282715674,0.0,6.428529710240349e-10,9.961778712183554e-06,5.950981314826783e-11,0.0013772218561641297,4.2387218994167675e-07,0.00029596586122663187,0.9983263883509074,0.0
509,3.941594172760278e-15,1.0,0.9999995874375002,4.801598741637795e-28,4.125625014898494e-07,6.87723709066129e-27,0.0,0.9999995268387618,4.7316124402569543e-07,1.5163383926065192e-11,6.151429902938685e-06,0.0,2.943782345871274e-38,0.9999938485549278,1.494129654045675e-39,4.391578908571932e-06,0.9996544556066977,0.00034115281422504584,1.6322934254069274e-13,0.0
511,6.530401356384024e-19,1.0,0.9999999991684234,7.277178816068523e-33,8.31575700985197e-10,7.910388113507161e-32,0.0,0.9999999985944328,1.4055607321805434e-09,6.173797358445032e-12,4.4916629449940797e-10,0.0,6.909732470251666e-36,0.9999999995446558,3.862242800912054e-37,2.1130861252250664e-10,0.9992905480513512,0.0007094517373375558,2.457986250626972e-15,0.0
514,0.9999334879090835,6.651209091411576e-05,7.186705467470196e-09,0.00036853522197329404,0.9996314575913242,0.001222765096246383,0.0,4.905068864584081e-09,0.9987772299986838,0.006925262841135526,0.992727772953674,0.0,0.00034696404358572385,1.6160478091115719e-10,0.0002664302595065511,0.9744800920103386,8.110729619244927e-10,4.1369788809225275e-09,0.02525347278210582,0.0
518,0.9495472111963321,0.05045278880366987,3.7172700337105013e-07,1.4530650385606768e-07,0.9999994829664929,5.397829321720958e-07,0.0,2.6601394130435925e-07,0.999999194203125,0.03300150255010648,0.9669969275529332,0.0,1.5081547581050522e-06,6.174219997961932e-08,2.9877103410128467e-07,0.9038563742650447,2.0926594525164858e-10,7.4930030552455445e-06,0.09613583375160205,0.0
520,0.9999999999850289,1.496877164001199e-11,2.6328417245358337e-17,0.9962202727259654,0.003779727274031315,0.9983216605783662,0.0,7.219977533999584e-18,0.0016783394216354252,1.05079199162834e-05,8.139941012446765e-08,0.0,0.9999894106806747,1.0112470897731994e-21,0.9971764867822055,1.984652049587013e-07,1.0798508908928715e-23,2.8653392378753985e-16,0.002823314752587253,0.0
521,0.9999999998557811,1.4422058552528204e-10,7.848267015958534e-15,0.9954298166930999,0.004570183306890197,0.9985608412609737,0.0,2.218677187020168e-15,0.0014391587390254184,1.7303232371665145e-06,0.005634209987461473,0.0,0.9943640596892983,2.6542858816974268e-17,0.9926767226889005,0.007263649654027801,1.3967731698157175e-16,1.4782730376033517e-15,5.9627657066392984e-05,0.0
524,0.9999458130296768,5.418697032148509e-05,1.4741764265245777e-08,0.0006803513058838227,0.999319633952355,0.0020849244815231214,0.0,1.3367959393167036e-08,0.9979150621505184,1.539014733091387e-05,0.999867580936562,0.0,0.00011702875185996013,1.6424569425816334e-10,2.513413082630222e-05,0.9999391951706242,1.6032238337656203e-11,3.534236595443407e-10,3.5670329094887174e-05,0.0
525,0.003667524481221585,0.9963324755187778,0.007751733368110675,1.1839878557382978e-09,0.992248265447903,8.471835119380903e-09,0.0,0.007897320004112763,0.9921026715240552,3.777774347174769e-07,0.9999726416271641,0.0,3.47518255107071e-20,2.6980595398986596e-05,1.0251014387812548e-20,0.9998790291892293,0.00011926001415778704,1.6636226093472011e-06,4.717400672327306e-08,0.0
535,0.9999999999905,9.502533551465505e-12,6.761505572671795e-17,0.9999024136651377,9.758633486418317e-05,0.9999716914910023,0.0,2.3838863502102054e-17,2.8308508997144645e-05,3.2012090428500097e-09,0.0050206768644012545,0.0,0.9949793199343909,3.70482554932978e-18,0.9934715649174617,0.0065279549352044814,1.2071043578603612e-17,3.965058398138825e-18,4.80147331765676e-07,0.0
537,0.9999543103239326,4.568967606409149e-05,1.0124511897264036e-07,0.00020713588504679703,0.9997927628698314,0.0008691910469801579,0.0,1.0414963731763997e-07,0.9991307048033794,2.549477984564366e-07,0.9999986248667985,0.0,1.119935589565029e-06,2.498134500526954e-10,2.755370055827902e-07,0.9999992264658396,1.1583706816415389e-10,6.32624463917216e-11,4.97818058816822e-07,0.0
540,0.9999999983913384,1.6086621821813974e-09,1.3416385954467582e-12,0.999999999984432,1.4229191151648733e-11,0.9999999999958007,0.0,5.696381625191164e-13,3.6317986663491e-12,4.103160065250105e-19,0.9999999999951328,0.0,4.854170830018486e-12,1.0181591479286421e-14,7.28033783717907e-12,0.9999999999922906,4.323037753939179e-13,1.533819700777099e-16,4.8573207983324205e-18,0.0
544,6.061715245606996e-07,0.9999993938284736,0.009632013193161865,1.5533434157306072e-20,0.9903679868068377,4.3612110513887756e-20,0.0,0.005010876727166165,0.9949891232728271,0.9999982476321356,2.103973525705545e-07,0.0,4.56320134217934e-21,1.5419705127160283e-06,4.265319036831824e-22,2.766585949398399e-07,9.112127714582255e-09,0.0004942690384817795,0.9995054451907983,0.0
545,3.546088026946924e-07,0.9999996453911979,0.0913236296794347,1.8089506766227314e-14,0.9086763703205505,5.6661718634590416e-14,0.0,0.06146806504596585,0.9385319349539772,0.9403691736356946,0.008008054323540533,0.0,3.230864199526916e-12,0.05162277203753791,1.7581214235686277e-14,0.0013735737740322275,8.358552494419501e-05,0.9818208763879387,0.01672196431306415,0.0
546,0.9999999999974136,2.583895922693658e-12,6.645274584306264e-17,0.9997038257815712,0.00029617421843098176,0.9998972558219642,0.0,2.599418564728468e-17,0.00010274417803896403,6.058147088975958e-09,0.00015269997773065906,0.0,0.9998472939641246,3.6342964840654812e-19,0.9995250184643786,0.00047189240906881627,4.028588224907773e-19,5.3231978158561116e-18,3.0891265531382822e-06,0.0
547,5.795150165880283e-11,0.9999999999420481,0.9952291849314423,1.4235601752177352e-19,0.004770815068551161,1.2786898676460408e-18,0.0,0.9924705084526613,0.007529491547339993,0.0004831903133480952,0.0073622696470800044,0.0,1.760584780504408e-26,0.9921545400395709,1.5707950329882055e-28,0.0010696376659029682,0.003006728050808449,0.9959218877033422,1.746579946849415e-06,0.0
548,5.631027142284674e-25,1.0,1.0,7.581776570269153e-34,7.730712913393223e-29,1.6219270777372356e-33,0.0,1.0,7.229368548622423e-29,4.155990284549958e-33,5.919825499676419e-11,0.0,1.272815427584706e-51,0.9999999999407976,2.3530728593317936e-55,9.422614198227373e-22,1.0,2.711154078726317e-41,4.018289424764866e-37,0.0
551,0.9999999999993108,6.922240847072041e-13,4.3038378484224796e-19,0.9999276194476943,7.238055230712791e-05,0.9999715703916088,0.0,1.268751623136797e-19,2.8429608392678547e-05,8.936864796531393e-08,3.506666552366988e-07,0.0,0.9999995599646967,1.1545870403941942e-22,0.9999909552768869,4.1233542989514663e-07,7.986326322698708e-24,5.316874535008241e-19,8.63238768272969e-06,0.0
556,0.9999999990126724,9.873306974720245e-10,1.0823417826433195e-14,0.9864071807142472,0.013592819285740241,0.9956768575160072,0.0,2.9120917050917386e-15,0.004323142483992504,1.4775672906124701e-05,4.19610435129168e-05,0.0,0.9999432632835793,1.9737087947160392e-17,0.9990017733040477,8.538665941725343e-05,5.419037112738272e-19,1.0643073368333825e-14,0.000912840036524898,0.0
558,1.1636340825288086e-08,0.9999999883636548,0.36945961622757933,2.299642795850431e-32,0.6305403837724229,1.046586689600557e-31,0.0,0.22198332991714095,0.7780166700828585,0.9996627542963763,4.152580213304837e-08,0.0,5.476511295110925e-16,0.00033720417782135407,3.1905134605019893e-31,2.75135224911235e-08,4.036171391134368e-07,0.0768277669593461,0.9231718019099956,0.0
559,0.9999999999997371,2.613444098551447e-13,6.962874795278889e-20,0.9999909003182584,9.099681743222122e-06,0.999995971620748,0.0,2.639656008314905e-20,4.028379252466698e-06,2.9475460411003863e-09,2.190167846248167e-07,0.0,0.9999997780356684,3.742055633743023e-23,0.9999988936291234,2.6559453645095825e-07,8.259864392370343e-24,2.0395465719334275e-20,8.407763406444952e-07,0.0
561,0.9999998318705038,1.6812949317290968e-07,4.957425233838037e-11,0.009431169076038236,0.9905688308743863,0.026921724916046934,0.0,4.0974624637292956e-11,0.9730782750429791,0.036906527685005235,0.1418373060186575,0.0,0.8212561662929959,3.3416267910107855e-12,0.06895242765722921,0.15691732106024256,1.2040377873897185e-12,4.668927965238293e-10,0.7741302508144345,0.0
564,4.004446100341889e-14,0.9999999999999574,0.999999942057359,3.371157572369478e-24,5.794263847707203e-08,3.496528862049165e-23,0.0,0.9999999357102801,6.428972179266657e-08,3.254454621084131e-11,3.761104282564856e-05,0.0,3.5443942487806274e-44,0.9999623889246267,7.526686469789546e-48,2.1419532188966846e-08,0.9999999785804621,4.5735586166714375e-17,2.9647254860556718e-15,0.0
565,0.9999999343484326,6.565157081614854e-08,1.350789742987202e-10,0.41241236463455117,0.5875876352303666,0.7090082040848958,0.0,6.8073217787303e-11,0.29099179584703255,1.2018908046936984e-06,0.9912705466618017,0.0,0.008728251447051296,3.4134437054067607e-13,0.0027165090823858687,0.9972789624200177,6.570251708269354e-13,4.635156777485066e-13,4.52849647695999e-06,0.0
572,0.9999999999992255,7.775527238383068e-13,4.229645607930882e-19,0.9999980712576415,1.928742356321644e-06,0.9999994232398806,0.0,1.4081974196858725e-19,5.767601166033106e-07,1.2702285105218544e-10,0.00013486093827615024,0.0,0.9998651389347024,1.4336822048878398e-20,0.999895415974551,0.00010457883473580964,1.4286605491611802e-19,3.954432607765934e-20,5.190716717686238e-09,0.0
575,0.015999285511399168,0.9840007144885977,0.0006233957998579349,4.793758757211761e-10,0.9993766037207659,2.5832742285844445e-09,0.0,0.0005596993624433301,0.9994402980542799,2.9235568158396273e-06,0.9999914679007179,0.0,1.1372935970617854e-10,5.608428739966129e-06,1.032362364733323e-11,0.9999913375860268,7.198852856023635e-07,7.486896782955841e-06,4.556215780879742e-07,0.0
578,0.9999992603704193,7.396295830278832e-07,2.2945556577365695e-10,0.0021735590958528264,0.9978264406746936,0.00879629902154812,0.0,2.0642331876876257e-10,0.9912037007720298,0.00047217413920013987,0.9973814926550671,0.0,0.0021463331966501287,9.079147914827067e-12,0.0005734297886478496,0.9946155409717274,1.4264129393762225e-13,4.3861426900787765e-10,0.004811028800867334,0.0
580,4.1729098189842845e-23,1.0,0.9999999999999716,5.4892848467243395e-58,3.044474747151342e-14,3.5419327782473056e-57,0.0,0.9999999999999432,5.194937803674809e-14,5.584070075978459e-20,4.2106716355850915e-14,0.0,8.48133052552516e-48,0.9999999999999574,1.6230754632048583e-64,3.1168790006505546e-16,1.0,7.076690247542217e-18,2.263863901379266e-25,0.0
583,0.9999997117248813,2.882751211834855e-07,2.1568120687391228e-11,0.04307788921012226,0.9569221107683099,0.1312801106848644,0.0,1.516994988009796e-11,0.8687198892999657,0.07005638216068039,0.0008997898828221076,0.0,0.9290438279564701,2.7276537912986228e-14,0.04024038530964975,0.00026589673508317917,8.630506653327491e-16,2.0437641121303447e-11,0.9594937179348278,0.0
588,0.9999999999999929,7.264135631633634e-15,8.326874996554771e-23,0.9999992845230424,7.154769569951968e-07,0.9999996482195869,0.0,3.187057484285356e-23,3.517804123550723e-07,4.2379390992174095e-10,4.6480449591276675e-09,0.0,0.9999999949281602,5.031101600893697e-26,0.9999999067738593,4.4465891967137965e-09,2.6177930041040675e-27,2.513716223870291e-22,8.87795524122885e-08,0.0
590,0.9999999999999964,2.1653485490774045e-15,8.249899439542318e-23,0.9999999218301272,7.816987443025049e-08,0.9999999731316688,0.0,3.2023289189645223e-23,2.686832998287673e-08,2.235406230320751e-12,8.815881588482222e-08,0.0,0.9999999118389485,2.1397383758380885e-25,0.9999998907464007,1.084897099248808e-07,1.3746442762068013e-25,1.5535149781473175e-23,7.63890432782241e-10,0.0
592,0.5654717110321893,0.4345282889678094,4.134726326545806e-05,1.3506059740014931e-08,0.9999586392306772,1.919953550951899e-08,0.0,2.413531481434408e-05,0.9999758454856479,0.00327443642796823,0.9967234076255593,0.0,1.4382876966418463e-08,2.1415635947435224e-06,4.152989114387718e-09,0.9989354789019651,1.1112993249223918e-07,0.00015331100072326736,0.0009110948143865916,0.0
594,0.9997231627171483,0.000276837282849125,7.3412126886266184e-06,0.001972029404216111,0.9980206293830952,0.008060012617457337,0.0,8.574302972013427e-06,0.9919314130795693,8.555346549857231e-10,0.9999999970097377,0.0,3.0949015456185354e-16,2.1347290450480976e-09,2.1469887422517118e-16,0.9999999634844918,3.5013096030907373e-08,1.6575431352998882e-11,1.485835407959589e-09,0.0
599,0.9379643340044864,0.06203566599551021,6.158690898222734e-05,1.511199931963727e-14,0.999938413091001,2.8315932720488194e-14,0.0,5.125965275080576e-05,0.9999487403472206,6.00645917689211e-05,0.9999391956554976,0.0,1.693474634230485e-08,7.228179805695618e-07,7.408565380970991e-17,0.9998640625449106,0.00010264559493363754,9.057078155297707e-17,3.3291860150973604e-05,0.0
600,0.9999999999999503,4.953742017621616e-14,1.5833837320495933e-20,0.999997558630436,2.4413695626541305e-06,0.9999991588118625,0.0,5.558734428831023e-21,8.411881374944575e-07,1.1254288487507455e-10,1.1894218317195423e-06,0.0,0.9999988104656238,2.1083259461507146e-23,0.9999986339744411,1.3277525584411465e-06,8.790885998652373e-23,2.731034266802306e-21,3.8272999686836264e-08,0.0
604,1.0,1.1719940262600872e-16,1.3460495977927815e-25,0.9999999974159302,2.5840714924425833e-09,0.9999999990630322,0.0,5.254286789581639e-26,9.369667703908038e-10,1.0932155498327665e-13,6.971244437381922e-10,0.0,0.9999999993027657,2.493489672075006e-28,0.9999999994052224,5.606874785832266e-10,2.1529133041202346e-28,1.8440373701898103e-26,3.408880783672212e-11,0.0
607,0.9999999980416092,1.9583882694776402e-09,1.4842197224289152e-13,0.9978811094852266,0.002118890514624876,0.9992971904564022,0.0,5.283899362104786e-14,0.000702809543547915,8.728854893212185e-07,0.014016376116831685,0.0,0.9859827509976736,3.807161763702905e-15,0.9877537049809371,0.012202668542506163,8.131807960988994e-14,1.734619140330095e-15,4.362647647046682e-05,0.0
609,4.422804313054558e-22,1.0,0.9999065113862192,2.107933999115683e-33,9.348861377899502e-05,1.8931852477630917e-32,0.0,0.9997972440651778,0.00020275593482417761,4.5362332027242316e-11,1.6045498100527617e-07,0.0,2.7651832207033224e-31,0.9999998394996568,3.5780541160510035e-34,4.1154997777037565e-09,1.9951456782837686e-05,0.9999800444276726,4.651449908701979e-14,0.0
614,0.9999999961280892,3.871908789124107e-09,1.623829069762311e-13,0.9719162912543932,0.028083708745445857,0.9893305399114914,0.0,5.0321153422693175e-14,0.010669460088455929,6.172098534738905e-05,0.0025071859719887394,0.0,0.9974310930426599,1.1817360699560128e-15,0.9932828727067062,0.004736486821753267,1.974042173647716e-17,7.013271810980112e-13,0.001980640470841716,0.0
615,0.930022162573289,0.0699778374267104,2.6076641158052237e-07,1.580674462169648e-08,0.9999997234268418,7.707548273995359e-08,0.0,2.015734660897075e-07,0.9999997213510488,0.8847664188787722,0.11523270432531385,0.0,8.082329849550097e-07,6.856293070823981e-08,5.488017126127391e-08,0.024901385738029774,2.2449935114859485e-10,2.599705306135103e-05,0.9750725621042361,0.0
616,0.9791241170889365,0.02087588291106616,1.7186626964116432e-07,1.567670852978929e-07,0.9999996713666419,3.74672781704253e-07,0.0,1.0805913853592178e-07,0.9999995172680826,0.6792900552841992,0.3206968064256948,0.0,1.3098505676282459e-05,3.97844284809313e-08,2.388417799751894e-06,0.6048774412520972,4.4777800422431307e-10,6.39044354884151e-05,0.39505626544683753,0.0
618,0.9999999999999076,8.908525688540993e-14,6.342899292816062e-20,0.9999889159175221,1.1084082481331438e-05,0.9999964286347771,0.0,1.9592796986970292e-20,3.5713652213250592e-06,4.131884633915672e-10,3.5930432459034032e-06,0.0,0.9999964065435639,1.5029602492084626e-22,0.9999928966223925,6.956187112168545e-06,3.6146121894030824e-23,2.0720319775914362e-20,1.4719049349411429e-07,0.0
620,0.9999999999986358,1.3655836164013741e-12,1.5869850985378064e-18,0.9999745143596395,2.5485640361678936e-05,0.9999914348503609,0.0,5.673588656692716e-19,8.565149638011265e-06,7.296032569918996e-10,6.675889958657685e-05,0.0,0.99993324037081,9.363728059828781e-21,0.99990797168149,9.192763254120219e-05,2.588629711653471e-20,1.6438965581580185e-19,1.0068596797444611e-07,0.0
621,0.9999957426605692,4.2573394335924946e-06,1.738342595211695e-08,1.6431756461100853e-09,0.9999999809733995,2.686685832270562e-09,0.0,1.3650828987398574e-08,0.9999999836624839,0.008780564832886428,0.39026527631877944,0.0,0.6009541579700245,8.7831298470438e-10,2.36912323902824e-09,0.8056797818979685,8.741924431535378e-10,1.2153161887541497e-08,0.19432020270555247,0.0
625,0.9998518029920896,0.00014819700791330793,1.4416523967066592e-09,8.536378573807063e-06,0.9999914621797751,1.9172177994385383e-05,0.0,8.910781186217688e-10,0.9999808269309252,0.9975718851075521,0.0008259536761338863,0.0,0.0016021611743562002,4.1961335227528685e-11,4.652129845168022e-06,4.706371378358329e-05,4.5858384283728236e-15,7.883012534189956e-09,0.9999482762733513,0.0
631,0.9978758632338048,0.0021241367661985113,1.1250489814427249e-05,0.00012610042963007525,0.9998626490805569,0.0005848156080133582,0.0,1.4132392099441861e-05,0.9994010519998874,2.445034978364098e-10,0.9999999969520914,0.0,8.00819423578576e-10,2.0025839528883203e-09,2.7147703100545363e-10,0.9999993904908077,6.087385355979535e-07,3.2128658549947514e-21,4.991774186270183e-10,0.0
632,0.9998011432636438,0.0001988567363528929,1.4383836085609242e-07,6.543976853660441e-05,0.9999344163931023,0.00017423776249145349,0.0,1.2097253483555429e-07,0.9998256412649743,0.001334058696449579,0.9984879230191753,0.0,0.00017801228070503332,6.0036688167767984e-09,1.4215442781277604e-05,0.9959028098290764,4.142839173694395e-10,7.588488081510066e-08,0.004082898428978725,0.0
634,1.2795770089064663e-06,0.9999987204229883,0.005413425634312231,4.03847231613022e-14,0.994586574365647,2.4150162172467164e-13,0.0,0.0028400895715735954,0.9971599104281873,0.9999976756806047,2.6142020968273914e-07,0.0,1.1978409099835012e-14,2.0628991714591506e-06,3.149730807009435e-15,7.794569050274107e-07,5.202835156242876e-09,0.01837579010441588,0.9816234252358406,0.0
636,5.943814360094489e-24,1.0,0.9999999999764952,6.188065290298495e-49,2.3504089729556913e-11,1.1175283733834156e-47,0.0,0.9999999999277875,7.221442289162312e-11,3.296620506654518e-07,2.230834510880665e-17,0.0,1.6298625598449925e-39,0.9999996703379469,6.248099037123762e-50,4.664107936925662e-20,3.7364197750376075e-08,0.9999999626354785,3.244438061768314e-13,0.0
645,0.999999999996799,3.202068912059758e-12,1.4699989899710658e-17,0.9999748117119807,2.5188288020438818e-05,0.9999924675732719,0.0,4.904058326789543e-18,7.532426727546549e-06,2.3699311086916402e-09,4.098342527387579e-05,0.0,0.9999590142047953,8.38224533107849e-20,0.9999472690007797,5.247581104243171e-05,7.523032969870204e-20,3.791840473805613e-18,2.55188177890066e-07,0.0
648,0.6020850986325265,0.39791490136747576,1.5909210127026455e-05,3.559496678368097e-07,0.9999837348402042,1.4427508981901815e-06,0.0,1.2219237582843792e-05,0.9999863380115204,0.0018076924634823548,0.998190750085834,0.0,3.5084353035117084e-07,1.2066071534134963e-06,3.87233002464177e-08,0.9979732166355977,2.2369378069885914e-08,2.2800741597158355e-05,0.0020039215301252866,0.0
656,0.0005581428445640019,0.9994418571554334,0.016770877967179344,1.4157997114903456e-10,0.9832291218912391,1.0184216819927585e-09,0.0,0.015952646866499772,0.984047352115079,1.4093099987133169e-05,0.9998555120300797,0.0,1.2913080521732256e-12,0.00013039486864090347,2.5501182307537865e-13,0.9994328909827771,0.0005452685398344073,2.8224979174274078e-06,1.901797921801819e-05,0.0
657,8.311025767890907e-26,1.0,0.9999999999999716,1.2299070220147784e-60,3.5432195526022223e-14,2.1539384805616468e-59,0.0,0.999999999999929,6.945620257323236e-14,2.3390128581891245e-13,3.0696490153289157e-18,0.0,8.46105235433305e-53,0.9999999999997726,1.8860092303017895e-61,9.086524140574338e-17,0.9198351287083996,0.08016487129158176,1.3235781753737602e-14,0.0
658,2.3524398226730267e-16,1.0,0.9999999926545229,5.585600839550365e-38,7.3454772203242285e-09,1.0176337909487254e-36,0.0,0.9999999918297817,8.170213694147562e-09,9.158773509704968e-12,1.2314423591672066e-08,0.0,1.2074242745243818e-32,0.9999999876764178,2.3847609663590396e-40,8.416761960367032e-10,0.9999420733482313,5.792581004536137e-05,4.4141303626345557e-14,0.0
665,1.9160190052055642e-14,0.9999999999999787,0.9999631043649122,2.6744774595812986e-25,3.6895635088298775e-05,2.285037088702634e-24,0.0,0.9999244027848728,7.559721512673946e-05,0.0017242796010609645,1.4623241141648294e-07,0.0,1.2799761911641379e-24,0.9982755741665256,1.4752333190402617e-27,4.648854311145707e-09,9.766428029226263e-05,0.9999021824321411,1.4863871067532427e-07,0.0
667,5.738512193966871e-08,0.9999999426148792,0.9838115946272662,1.4100610983507725e-14,0.016188405372717325,1.2141796224097694e-13,0.0,0.981086851090177,0.018913148909701336,9.873377529288464e-05,0.606928723845073,0.0,3.5641783685782326e-24,0.39297254237962886,2.2168504286744725e-26,0.011411800500246696,0.9885263230608567,6.151989667876202e-05,3.565422206603212e-07,0.0
670,0.9999999995973425,4.026564073436321e-10,4.178795919821295e-15,0.9910570645054582,0.00894293549453941,0.9970991383407408,0.0,1.2973041991351641e-15,0.002900861659255366,1.1511814624727634e-06,0.00013709081207544254,0.0,0.999861758006463,4.8461232427909636e-18,0.9993805554469825,0.00038480261200055034,4.402555869560231e-19,5.20810372633717e-15,0.0002346419410116398,0.0
671,1.1647690156169775e-06,0.999998835230979,0.022338421276368123,7.138485623526218e-22,0.9776615787236359,2.109428259092946e-21,0.0,0.012025388196423029,0.9879746118035827,0.9999310268292199,1.4099863225597958e-06,0.0,3.323419845923789e-14,6.756318442240049e-05,2.2162337269261203e-23,6.451046312613308e-07,1.3207310200373478e-06,0.000806809898017015,0.9991912242663318,0.0
672,1.4359678738948336e-19,1.0,0.9999999998867537,8.871760569588527e-51,1.1324722840832658e-10,9.025146096570784e-50,0.0,0.9999999997934026,2.065994669207048e-10,3.747417020627336e-12,1.0606390384367157e-11,0.0,8.18050142840427e-36,0.999999999985647,2.432223011307706e-51,1.4576913377393766e-11,0.9903101633671442,0.009689836618202788,7.323982152783496e-14,0.0
676,0.9999972553023476,2.7446976516810397e-06,1.5905056307776493e-08,0.006962517328378033,0.9930374667665625,0.02206623980434358,0.0,1.3333095831273191e-08,0.9779337468625626,0.00021023491993266277,0.998000141282459,0.0,0.001789623649043427,1.4856452291289334e-10,0.000869854919585834,0.9974739179079967,4.432888247232577e-11,3.3471793342999497e-09,0.0016562237809128674,0.0
684,0.9965435045271114,0.0034564954728907426,2.807787848043487e-07,5.85141382714245e-15,0.9999997192212117,2.5429711334425227e-14,0.0,2.396724794627592e-07,0.999999760327498,2.0379066725145058e-07,0.9999997939090405,0.0,1.5164762931610627e-15,2.300287991273151e-09,1.8486792033073956e-16,0.9999999320140512,6.945107988100861e-11,1.2738674957008228e-09,6.664263111194767e-08,0.0
685,0.9996364387308897,0.00036356126911272466,3.54903327950238e-08,0.00013865564748972742,0.9998613088621743,0.0005464939561156268,0.0,2.8739483123793672e-08,0.9994534773044008,0.019665505724542242,0.9780433442954084,0.0,0.0022911469357198935,3.0443268934623973e-09,0.0005098963360740407,0.930652674689868,8.758278422145283e-11,2.0230317884490535e-07,0.06883722658329837,0.0
686,0.05221602314277521,0.9477839768572247,1.5601555275202946e-05,1.1457013797075194e-16,0.9999843984447276,3.4769499611234246e-16,0.0,1.012720221787146e-05,0.9999898727977842,0.9949683836038885,0.005030067273971715,0.0,8.287202515962251e-08,1.4662501177491907e-06,7.378147333086735e-17,0.003183175488118641,5.640735595284182e-09,0.00010871329088766128,0.9967081055802558,0.0
687,2.0926915833411452e-30,1.0,1.0,6.842660084697375e-61,2.0867983748099434e-17,1.2341100878004988e-59,0.0,1.0,4.4793147192592735e-17,1.445387460553667e-19,3.7125012294594825e-20,0.0,9.158531386046383e-64,1.0,1.254829310853142e-64,2.551033752785974e-19,0.9993784261043469,0.0006215738956572513,1.982757253725039e-22,0.0
689,0.9999509111548416,4.9088845156322146e-05,5.7683139935943033e-08,0.0010298462793255617,0.998970096037536,0.00391843737012118,0.0,5.506912354326648e-08,0.9960815075607576,7.913165713199861e-07,0.9999818529323992,0.0,1.735569052046788e-05,6.050762981911708e-11,6.016108725225233e-06,0.9999906599169024,1.2657911336431724e-10,4.5620822641256534e-11,3.323802171298616e-06,0.0
691,3.3470583608860314e-17,1.0,0.99999995244042,2.777514014625689e-38,4.755958162408708e-08,2.207431853117931e-37,0.0,0.9999999189064572,8.109354444318892e-08,4.005305931970937e-07,9.876001651619254e-11,0.0,7.37266430035698e-31,0.9999995993706484,2.339221677927734e-40,9.986900770921296e-11,0.01871599505122518,0.9812839817699287,2.3078975371478604e-08,0.0
692,0.9999604258447644,3.9574155237857004e-05,8.505367641147033e-08,0.0031571001376682457,0.9968428148086576,0.014963030381000938,0.0,8.614612654910743e-08,0.9850368834728727,1.861982013804809e-07,0.9999890575055722,0.0,1.075624723021594e-05,4.8999932895344636e-11,6.820902219523861e-06,0.9999925554407693,8.580503056706043e-11,4.2449427829469374e-11,6.235287558266033e-07,0.0
693,2.886858753719632e-14,0.9999999999999716,0.999999972516051,3.762201746463653e-43,2.7483945841149693e-08,3.4897602899924624e-42,0.0,0.9999999690847692,3.0915224818548144e-08,1.5174149714314361e-13,6.941917554573865e-07,0.0,3.922226374363097e-30,0.9999993058080883,4.640102001293944e-47,4.6918520814728474e-09,0.9999999953081442,2.0720347678152522e-17,1.463092922697941e-16,0.0
699,0.9999999999979892,2.0117425975176806e-12,1.7881399478310723e-17,0.9999377458248389,6.225417515754909e-05,0.9999798210997688,0.0,6.880003056639675e-18,2.0178900234670726e-05,4.230390064514637e-09,0.0005179072356018238,0.0,0.9994820885340076,4.859670968078084e-19,0.9992935853871135,0.0007049127393101293,3.0930548330120995e-18,1.1233974023955213e-18,1.5018735768222905e-06,0.0
700,0.9999999999939462,6.054068898795834e-12,5.238878797460147e-41,1.0,2.3962470753678247e-27,1.0,0.0,1.017110558100054e-40,5.427213658235941e-27,6.137368620102476e-30,4.397054604433337e-29,0.0,1.0,2.3524885673931375e-43,1.0,5.136587173697972e-29,2.9060217380994093e-52,6.122704900546942e-40,1.6740029543362035e-27,0.0
703,0.9999945504280618,5.449571937182369e-06,9.119744924952538e-10,0.00879759641813291,0.9912024026698897,0.018402037419238824,0.0,7.627051203256176e-10,0.9815979618180545,0.033800932010905456,0.004998581915707934,0.0,0.9612004860273182,4.6069208286547756e-11,0.024873837227346516,0.004071880774458277,3.839569128059618e-13,2.3519196938029045e-09,0.9710542796458913,0.0
704,0.9999991587222951,8.412777064682774e-07,3.7497704665728665e-10,0.012869497023473155,0.9871305026015476,0.03885996590788677,0.0,3.1388097776538587e-10,0.9611400337782291,0.22044586509488148,0.24624568408799757,0.0,0.5333084507771977,3.9925269101808925e-11,0.0331850099900121,0.06794168860818699,1.1286018052975814e-12,2.553427830875895e-09,0.8988732988472451,0.0
705,0.9999999999896971,1.0299500049558211e-11,6.042212553727614e-17,0.9994693983080171,0.0005306016919814808,0.9997684331318616,0.0,2.0259192619655802e-17,0.00023156686814018796,1.9788147550691288e-07,8.386159757797034e-06,0.0,0.999991415958769,3.8002986616140594e-20,0.9999513671657014,2.126894064566565e-05,1.728519943583715e-20,3.7470056597286687e-17,2.7363893655859544e-05,0.0
713,0.9999999999999716,2.7541998819402395e-14,1.0332413058171279e-21,0.9999995029941671,4.970058357203467e-07,0.9999998152948735,0.0,3.7550432378834787e-22,1.8470512951561604e-07,5.153830558599126e-11,1.0020753790270596e-07,0.0,0.9999998997409257,3.066360117775936e-24,0.9999998913219331,1.0227104527739492e-07,2.4828119766460877e-24,1.0343917178283715e-22,6.4070205235944094e-09,0.0
716,0.9999992096725304,7.903274725550887e-07,2.6855487374707265e-10,0.030756209067002927,0.9692437906644406,0.07081224116316902,0.0,1.8330634365532759e-10,0.9291877586535225,0.037670646380288164,0.07937807400323171,0.0,0.8829512796095326,6.949739080337293e-12,0.15516161853746324,0.13872389123507148,2.193966274530641e-12,1.1627874106607727e-09,0.7061144890624864,0.0
722,0.9999998970631037,1.0293689527489865e-07,1.4295227504678922e-10,0.1564722539786082,0.843527745878436,0.3422430380506718,0.0,8.655428256094163e-11,0.6577569618627728,0.0017418410660056253,0.07451998283104153,0.0,0.9237381761009827,1.9715291983444947e-12,0.7413479660395904,0.19166601585718485,1.8818585844762296e-13,4.209234836167152e-10,0.06698601768211375,0.0
727,0.02365913075353347,0.9763408692464668,0.0002358267763307952,5.953289795068317e-18,0.9997641732236716,2.0081499672582957e-17,0.0,0.00017453610713344527,0.9998254638928695,0.001803983936872255,0.9981127128234821,0.0,4.041854149722076e-17,8.330323964843347e-05,4.587716015498467e-18,0.9995935988379658,3.414471298935794e-06,7.267426727341846e-05,0.0003303124234596422,0.0
728,0.9999999870306624,1.2969335537120353e-08,1.1231429075425875e-11,0.7885318392628295,0.21146816072593905,0.9091128864147798,0.0,4.892070815662149e-12,0.09088711358032471,0.00010937751669488496,0.03203184987885324,0.0,0.9678587726043305,1.2242585752229289e-13,0.885565839596864,0.07785194499916258,1.5046339642654302e-13,1.288219458975216e-12,0.03658221540253383,0.0
729,0.7437635871884742,0.25623641281152687,4.316275520404576e-07,2.1411049546581465e-08,0.9999995469614009,8.88598507851923e-08,0.0,3.212328831143252e-07,0.9999995899072674,0.9994081895789871,0.0005881888433277725,0.0,3.614479195481065e-06,7.098488406422876e-09,2.7687972315712675e-08,0.00012835461500044953,2.2168096620529444e-13,1.422668659866041e-05,0.9998573910102097,0.0
730,4.2169106594352727e-07,0.999999578308934,0.2086818595132244,1.9092960362676177e-14,0.7913181404867535,9.08551217978017e-14,0.0,0.1587989148489044,0.8412010851510077,0.010436170718175541,0.6491985745230692,0.0,5.606757939849937e-13,0.34036525475819496,3.825997841706196e-15,0.2786378072159419,0.0008987285512668169,0.7202142238719645,0.00024924036082403473,0.0
731,0.9999999934852468,6.514752536889898e-09,1.0910206524280757e-12,0.974081369316342,0.02591863068256891,0.9932475986564624,0.0,2.920075176789709e-13,0.0067524013432481295,3.17537315294404e-05,0.0020466180282067235,0.0,0.9979216282402598,4.257922947663879e-15,0.990757968379787,0.003637064774735372,2.673575607545676e-15,1.5951039432449558e-13,0.005604966845317377,0.0
735,0.29597885114037703,0.704021148859623,5.755109701987797e-08,3.6923602944757695e-10,0.99999994207967,1.2996861007964832e-09,0.0,3.44061071953326e-08,0.999999964294205,0.9999994600298018,5.359180225238761e-07,0.0,3.962670234740329e-09,8.950385975961832e-11,5.615973468848539e-11,1.3040253381487617e-07,3.555322357172081e-14,2.5660002213349934e-08,0.9999998438812676,0.0
737,0.8464620070201676,0.15353799297983542,2.9548786108016663e-06,9.478981315700221e-07,0.9999960972232589,5.4514187577425525e-06,0.0,2.7850175990597696e-06,0.9999917635636405,0.06906048546216985,0.9309091440412705,0.0,2.7840186010205957e-05,2.530310552246466e-06,1.5378691567180091e-06,0.6964812231595731,2.0485455681401557e-07,3.852051623587873e-06,0.3035131820650881,0.0
738,4.75108325424562e-22,1.0,0.9999999999877645,2.155386164038923e-63,1.2235964673662047e-11,1.9688658667117077e-62,0.0,0.9999999999730562,2.6941965540881014e-11,1.1329230177726825e-11,7.835200044284495e-15,0.0,1.8920839519079416e-47,0.9999999999886597,5.3907297012089e-65,5.941520427702126e-15,0.9989924325230359,0.0010075674769406257,2.345662659944755e-14,0.0
742,6.919199964321044e-14,0.999999999999929,0.9998586146338599,2.4864376644628603e-33,0.00014138536613547212,2.2849995353679912e-32,0.0,0.9997454023112138,0.00025459768878022005,0.002827308746333134,4.127708522572471e-08,0.0,6.676728935347103e-23,0.9971726499765748,5.661727909276033e-35,1.116838285888726e-09,3.063719596442129e-06,0.9999955744403779,1.3607231868849718e-06,0.0
743,0.9999999992984527,7.015488022907804e-10,3.4154290345029346e-13,0.9736924875544326,0.026307512445226753,0.9914625764074659,0.0,1.1347327485736089e-13,0.0085374235924206,1.8001521642944507e-06,0.11768934289962919,0.0,0.8823088569481994,5.594764379005145e-15,0.6783412881998363,0.3215260034886424,1.1002791338686297e-15,3.053786721070641e-13,0.00013270831121671718,0.0
749,0.9999999829107084,1.7089288772245795e-08,3.722441850784498e-12,0.8649184423606819,0.13508155763559498,0.9552628475770492,0.0,9.583320888766648e-13,0.044737152421994615,7.855611779216927e-05,0.0016903824304445802,0.0,0.9982310614517587,2.4178043798936883e-15,0.991881844488076,0.004732977379644967,2.466219050796348e-16,3.7529870934162155e-12,0.0033851781285252677,0.0
751,6.724117953284229e-14,0.999999999999936,0.9998876084128011,5.400268109261712e-34,0.00011239158719933312,4.948671406893166e-33,0.0,0.999731784689312,0.00026821531068636225,0.042962592776844416,9.378057779575579e-09,0.0,4.874954786363701e-23,0.9570373978450999,3.1590698343377856e-36,1.9892977126648963e-11,1.1967539749116664e-07,0.9999994334149818,4.4688972793605173e-07,0.0
753,0.9851386538567617,0.014861346143241062,3.231133484966798e-07,5.821549965117784e-07,0.9999990947316538,2.5952016762924905e-06,0.0,2.7553556623832246e-07,0.9999971292627586,0.1302055978086152,0.869673960553812,0.0,0.00012022719684723885,2.1444072728994207e-07,5.883372528250437e-06,0.45534006262556737,1.6068825792253516e-09,1.4252398779594739e-06,0.5446526271551424,0.0
755,0.999998634605427,1.3653945746304997e-06,6.286078131088815e-08,0.9999999242716371,1.2867579057739787e-08,0.9999999717114894,0.0,2.467551250194802e-08,3.6129991742435665e-09,2.5716270327882613e-15,0.9999999999803606,0.0,1.902170599764666e-12,1.7737303514754746e-11,1.8614717885970672e-12,0.9999999986410799,1.354692433485368e-09,2.3403149654367426e-12,2.6999615819232733e-14,0.0
761,6.21206294821857e-05,0.9999378793705155,0.0006844710487123365,3.9444030220505193e-13,0.999315528950891,1.349932004417077e-12,0.0,0.00031316906627690467,0.9996868309323709,0.9999996469487568,1.6991113913738683e-07,0.0,6.449729656784223e-13,1.831394615555355e-07,5.261257402475421e-14,4.032714021714234e-07,2.859179650608607e-10,0.0035089133876405358,0.9964906830549846,0.0
764,0.9999805882126475,1.9411787349343523e-05,5.424216664762436e-11,5.650611684230769e-12,0.9999999999401084,1.0106371101225024e-11,0.0,2.5626466833502917e-11,0.9999999999642668,0.9991973651096374,1.672329050642274e-07,0.0,0.00080246765743359,2.5868057428389205e-14,1.921800154162521e-13,4.6133735297552e-09,1.5583294052347604e-18,2.6807397810412646e-11,0.9999999953596301,0.0
769,6.393495578756628e-09,0.999999993606508,0.999741716316392,1.4067680877174313e-17,0.00025828368360386757,1.1342733834778925e-16,0.0,0.9997818214527548,0.00021817854724424455,9.87934318905007e-10,0.13227319931188775,0.0,3.0679286838466857e-28,0.8677267997001814,3.7074416687276954e-31,0.00040680357808784486,0.9995931964216066,2.26625496712896e-16,2.9880610233015535e-13,0.0
770,0.9972602373864017,0.002739762613597295,5.594509443178254e-09,3.369922194436688e-07,0.9999996574132713,7.482650975692285e-07,0.0,2.9430966903305263e-09,0.9999992487918071,0.9999990190725306,3.805068048634645e-07,0.0,6.004198222887365e-07,8.421999611546465e-13,1.0691489431054365e-08,4.007724886914038e-08,1.0546206351072922e-14,6.936108465137202e-10,0.9999999485376434,0.0
773,1.6742712435377064e-19,1.0,0.999999999974122,5.1378375534657925e-34,2.5877519330505136e-11,3.2446773863194864e-33,0.0,0.9999999999594422,4.056441836722302e-11,1.595399836894798e-15,6.629348073243359e-09,0.0,4.927171418223335e-45,0.9999999933706505,1.7776571503397166e-48,1.186957584825865e-10,0.9999999998813109,1.708047787495896e-24,1.0517461039244447e-19,0.0
776,0.9999999979842258,2.01577107301512e-09,1.4460350670530985e-13,0.9239421170741173,0.07605788292573673,0.9732849032219342,0.0,4.3693461539570556e-14,0.02671509677801993,0.00014083726371912197,0.000760484606166705,0.0,0.9990986781301109,1.870389577786742e-16,0.9823599809141024,0.0018111939237455364,9.243408531402442e-17,1.0030544750290874e-13,0.015828825162048477,0.0
777,0.8700718474916725,0.12992815250832462,2.170235149195989e-06,1.0374910024062551e-07,0.9999977260157484,3.2424106817847774e-07,0.0,1.5554296550197188e-06,0.9999981203292778,0.001482137235956676,0.9985172847413727,0.0,4.7421713389976286e-07,1.0380553965733814e-07,7.63597541262665e-08,0.9996464474093828,3.6569896658276387e-09,2.836817462137703e-06,0.0003506357564087681,0.0
784,1.0,4.414689931063325e-16,8.697465151228718e-24,0.9999999598943256,4.0105675862910316e-08,0.999999985142825,0.0,3.7034363650051205e-24,1.4857175159194806e-08,1.2394809548562033e-12,1.079633879833807e-07,0.0,0.9999998920353712,3.585652111083907e-26,0.9999999166550103,8.279694495839911e-08,3.621268698316911e-25,6.021142802931239e-25,5.480447878543815e-10,0.0
785,5.820556889762204e-19,1.0,0.9999999933309454,1.4209796470665308e-41,6.669054320982578e-09,1.5014280072490796e-40,0.0,0.9999999857485165,1.4251481425524113e-08,2.784924632984107e-07,7.338474990663137e-13,0.0,9.856716389889152e-33,0.9999997215068067,2.4595325095496945e-41,6.322050200676572e-14,8.183960200830769e-05,0.9999181602912239,1.0670498783073012e-10,0.0
787,0.9998772311867391,0.00012276881326185224,3.493240135027563e-09,0.0002818513406706624,0.9997181451660907,0.0009811323465374476,0.0,3.07676625732869e-09,0.9990188645766996,0.6021265804276827,0.374701555356128,0.0,0.023171857284383937,6.931807996348336e-09,0.0008609752702516929,0.0455936970772331,1.051620877888384e-11,1.0842590444301872e-07,0.953545219216097,0.0
788,0.9999999999803109,1.968894007691911e-11,1.6179137927505668e-16,0.9995518373562733,0.0004481626437235541,0.9997906373989703,0.0,7.134520343187162e-17,0.0002093626010316181,1.3525468337798924e-06,4.34124345045715e-05,0.0,0.9999552350186632,1.879297342072902e-18,0.9997908632697688,2.9981662434322568e-05,3.293094039145466e-19,2.0372118332968277e-16,0.000179155067795562,0.0
789,0.7036942385083431,0.29630576149165855,3.1081738304632964e-06,7.764230412260465e-08,0.9999968141838679,2.1470894178285624e-07,0.0,1.6218776191323505e-06,0.9999981634134397,0.9999218048300309,7.6847556300763e-05,0.0,1.314144734734156e-06,3.346893600739229e-08,2.598299330369819e-07,0.0001237437005982209,2.3702102124223116e-11,0.0003325111393811406,0.999543485306388,0.0
792,0.9601722210761223,0.039827778923878544,9.038803174138169e-05,2.6293177131453617e-14,0.9999096119682351,1.7140547615360455e-13,0.0,0.00010469394144811189,0.9998953060583778,1.6266326298369704e-08,0.9999998750448291,0.0,6.380640725319255e-10,1.0805077787630636e-07,4.4317485474599327e-16,0.9999989443405285,1.002502240704091e-06,1.5816376405747776e-09,5.157558978867498e-08,0.0
794,1.035525074951362e-10,0.9999999998964455,0.8593133191436227,7.925313983955274e-21,0.1406866808563763,3.5073950053955525e-20,0.0,0.7584079793614393,0.2415920206385584,0.8192481298894881,2.9783998842519776e-06,0.0,1.1676731107240864e-18,0.18074889171062175,1.7047187913749435e-22,4.31839962678049e-08,3.853387035668467e-07,0.9998044871815803,0.00019508429571780025,0.0
795,0.9999392319275509,6.076807244619758e-05,5.205126487391282e-09,0.0005521138103303845,0.9994478809845453,0.0015963628477826224,0.0,4.12823866008318e-09,0.9984036330239762,0.0015204772130971355,0.9949600979212752,0.0,0.0035194245201629498,3.4546672847859034e-10,0.0006941174954431601,0.9921512433754035,3.0860266018081417e-12,3.124433010079919e-08,0.007154607881734168,0.0
796,2.707205028083675e-10,0.9999999997292832,0.9890291309155401,7.68712326569982e-27,0.01097086908446238,3.755077820503192e-26,0.0,0.9731545478490132,0.02684545215098615,0.909094984477496,1.9143505798097192e-05,0.0,2.2386103039655888e-17,0.09088587201671286,1.284951932139808e-28,2.0401350644796793e-07,3.965741054507067e-06,0.9999143523133771,8.147793206228238e-05,0.0
797,0.9999956802129057,4.319787093021597e-06,4.2884814946606846e-10,0.0005260779853838031,0.9994739215857673,0.002226971850067338,0.0,3.433789834837468e-10,0.9977730278065543,0.0029639429349034856,0.9885512456597387,0.0,0.00848481139252551,1.2832712573979163e-11,0.001748858954657929,0.9841608627875867,2.6642252319473764e-12,3.21655518152366e-09,0.014090275038535648,0.0
799,1.736147016470126e-25,1.0,0.9999999999921982,4.583864009349866e-62,7.805631461009886e-12,9.206858736427244e-61,0.0,0.9999999999786411,2.136570785103067e-11,1.9106230230912777e-09,3.0491423583997067e-19,0.0,2.3258324637110403e-45,0.999999998089379,6.111059610569985e-63,4.916597295301736e-21,3.5257021636226265e-15,0.9999999999999716,2.5778550031304964e-14,0.0
801,0.0001281819730126748,0.9998718180269874,0.24050251917683083,1.765634834227507e-17,0.7594974808231708,1.5064483276243914e-16,0.0,0.2590026074581794,0.7409973925418225,5.593045114299621e-07,0.9994978077185984,0.0,2.871200617740104e-14,0.0005016329768595336,2.3736172564746566e-20,0.9911660792266352,0.008827528076712322,4.8055070792075645e-06,1.5871895761666394e-06,0.0
802,1.2538059435492907e-22,1.0,0.9999999999970015,1.7069860884900432e-47,2.9976265013662108e-12,2.1110199422198178e-46,0.0,0.9999999999938325,6.164514515537206e-12,6.007806037760031e-16,8.938957480263029e-12,0.0,2.4753758275527637e-42,0.9999999999910614,5.909519822895262e-50,2.1973492944641787e-12,0.9999999999972715,5.255574562703587e-13,7.216282617529362e-20,0.0
804,0.999999999994202,5.8013127362832836e-12,3.7889722471694806e-17,0.9988415004287571,0.0011584995712411762,0.9994331270017875,0.0,1.5057669716028827e-17,0.0005668729982143506,2.1162063307715915e-07,1.2812257202090077e-05,0.0,0.999986976122167,2.5299424018165576e-20,0.999974937497032,8.872371177886374e-06,3.953565160455902e-21,1.1291334799587629e-17,1.619013179066928e-05,0.0
814,3.94089614369242e-12,0.9999999999960565,0.9991599662750306,6.425697784794801e-23,0.000840033724967205,5.348808016230833e-22,0.0,0.9984207210487017,0.0015792789513007404,0.002824221858232921,1.2208946689353382e-06,0.0,8.711589853578832e-21,0.9971745572471025,2.788040813771926e-24,1.1422935883439168e-08,5.3359087560601216e-06,0.9999944394370729,2.1323123158216937e-07,0.0
817,4.268848515449167e-34,1.0,1.0,1.9467255064874737e-60,1.2395123859249749e-27,1.5847391481692524e-59,0.0,1.0,9.249239019722852e-28,1.9214623120372125e-44,8.986464641479911e-22,0.0,6.528790411458624e-93,1.0,3.766118764122668e-98,2.2724940383926248e-27,1.0,4.568259932106447e-34,4.813683370639697e-52,0.0
818,6.974355295423054e-12,0.9999999999930225,0.9951878442934315,1.2948758832953726e-21,0.004812155706566715,1.0717851400878637e-20,0.0,0.9904929078364624,0.009507092163535884,0.08138522537600133,0.00010345662191761439,0.0,1.3305126396363298e-19,0.9185113180020787,4.250252627097215e-24,1.8019061552542288e-07,1.198230932112255e-06,0.9999976414143209,9.80164134095997e-07,0.0
821,1.0515397205530137e-08,0.999999989484607,0.9108996045024632,5.550146273934068e-23,0.08910039549754246,4.563235937942175e-22,0.0,0.8562805960462961,0.14371940395370467,0.07005123789213273,0.0011478462707312862,0.0,4.802333672403803e-15,0.9288009158371296,1.874472242396962e-21,0.0007867045058681902,0.0071576385693641765,0.9616741297925033,0.030381527132269475,0.0
822,3.152022679395672e-25,1.0,0.9999999999999858,1.1698221334252055e-52,1.3310126235489636e-14,1.663412201564267e-51,0.0,0.9999999999999716,2.8962201538225386e-14,3.500524823795841e-14,1.4784324020179863e-17,0.0,7.889484754495776e-45,0.9999999999999645,1.7949264499994541e-53,3.963077893912202e-16,0.415929204086555,0.584070795913445,1.5093956606052645e-16,0.0
825,3.3430704992118477e-19,1.0,0.9999992606236423,2.0676889280043365e-32,7.393763561490293e-07,2.254703081010077e-31,0.0,0.9999979280423339,2.071957665057876e-06,0.005139831931372613,6.12518567915344e-13,0.0,1.415070043597154e-30,0.9948601680680218,1.3277098549423865e-35,9.50725327065336e-16,6.160485487245065e-08,0.9999998427815252,9.561361884513746e-08,0.0
827,1.6576569361897687e-08,0.999999983423436,0.04797431036406489,2.8115844245214253e-17,0.952025689635931,1.0266033289102899e-16,0.0,0.02349146101117014,0.9765085389888232,0.9994226400976166,2.1308366353214712e-05,0.0,3.9860797068789296e-17,0.0005560515360364885,9.339692987376816e-19,3.136273992917471e-05,1.3454390818070035e-07,0.9710920169990322,0.02887648571713092,0.0
833,7.919055123147911e-22,1.0,0.99999999997776,1.407352689736661e-59,2.2235020518166528e-11,1.2645088443378622e-58,0.0,0.9999999999534452,4.6551929400756003e-11,1.4892319636485364e-13,2.0767782415740536e-13,0.0,9.701520186798455e-46,0.9999999999996447,5.492268706475412e-60,5.976012487076656e-13,0.9968804604254833,0.003119539573915585,6.2909387160923466e-15,0.0
834,2.418751108522772e-20,1.0,0.9999999999933493,2.192386076630422e-45,6.653491480062046e-12,1.1929106491585714e-44,0.0,0.9999999999840554,1.5938308828724818e-11,0.8718343635690109,8.298635550918385e-18,0.0,1.365630553362416e-28,0.1281656364309937,9.880777994197942e-47,4.2771773882352905e-19,2.1516176325773632e-05,0.9999784837848971,3.8775793640418354e-11,0.0
842,0.9999015026967129,9.849730328377093e-05,3.4306521456464452e-09,0.0001323792038282299,0.9998676173655204,0.0005939251046949987,0.0,2.913928165647495e-09,0.9994060719813762,0.9771818820420312,0.004926847461267045,0.0,0.01789127036306857,1.336354319131659e-10,3.298490576311326e-05,0.00021473294481266385,6.859770511179031e-13,6.421296284231495e-10,0.9997522815066068,0.0
847,2.033595185700323e-10,0.9999999997966427,0.4903828503897083,2.1373758961735565e-17,0.5096171496102847,1.1583983677700184e-16,0.0,0.23518996066085657,0.764810039339147,0.9999873369713576,1.9058504149587074e-09,0.0,2.544191112781683e-18,1.2661122790750044e-05,1.4237634890159668e-19,1.0049536861377118e-09,9.357847184543965e-11,0.9872775772981979,0.012722421603267397,0.0
849,2.6185738140145683e-05,0.9999738142618582,0.006709952903484566,1.9080522640880283e-12,0.9932900470946102,8.869450711572989e-12,0.0,0.0044627814744554305,0.9955372185166756,0.0011837262778460031,0.9986247638789906,0.0,1.2089979017991541e-13,0.00019150984303900083,1.6063748376388197e-14,0.9987247741336908,5.415668381510874e-05,0.0010931867693967827,0.00012788241307969947,0.0
856,0.9999999999999964,3.1538123472322904e-15,4.2252917399311357e-23,0.9999999559644027,4.403559597443301e-08,0.9999999821843667,0.0,1.7764150347022454e-23,1.781563150285047e-08,2.201099205249138e-12,7.201133449534359e-07,0.0,0.9999992798844523,4.025523440503476e-25,0.9999994357951245,5.639180194474493e-07,7.420606845757688e-25,8.467714318164732e-24,2.8685600960608753e-10,0.0
858,0.0031176576633768003,0.9968823423366238,0.0001910305214127895,6.299814622730986e-11,0.9998089694155925,1.95828910880105e-10,0.0,0.0001426658454725455,0.9998573339586974,0.0008456386452114166,0.9991270491347974,0.0,3.461415045702559e-10,2.731187384669118e-05,1.8702952844681756e-11,0.99962556515504,2.304587910874415e-06,0.00021389356297897517,0.00015823667536377252,0.0
867,1.2851966722504566e-22,1.0,0.9999999999963194,2.7699760115883596e-38,3.6771361352327315e-12,2.008228087736347e-37,0.0,0.9999999999932001,6.799106031333283e-12,5.189912962831666e-13,2.306413269660823e-14,0.0,6.635111479835984e-40,0.99999999999946,5.252009674201753e-41,7.570854094063942e-14,0.9705268322815824,0.029473167718340295,5.762163550786552e-15,0.0
870,0.033645751430452016,0.9663542485695505,1.8186311470627226e-05,2.405477236242222e-10,0.9999818134479795,1.0613456750296424e-09,0.0,1.2404635509765521e-05,0.9999875943031422,0.9996537847670692,0.00034573078564673483,0.0,1.2245031987360826e-08,4.7220224935633555e-07,1.0371639745393676e-10,0.00016773171545359463,4.269349874919788e-09,2.666612292248608e-05,0.9998055977885568,0.0
872,4.338582781479344e-08,0.9999999566141762,0.8210546355357836,3.086303299677102e-14,0.17894536446419165,1.39430802730158e-13,0.0,0.6245159445649885,0.375484055434869,0.9999892476963164,4.500808634538143e-09,0.0,5.425066002568726e-16,1.0747802873880168e-05,2.2637033381896e-16,3.385083280516794e-08,9.594082862331329e-06,0.08872360874165995,0.9112667633246424,0.0
876,1.6740859109137656e-10,0.999999999832589,0.7159169120632367,2.5443021085513168e-19,0.2840830879367606,2.2352736915075563e-18,0.0,0.5107184012419445,0.48928159875805244,0.9996229626397604,2.7583442241325783e-08,0.0,1.1362320641325702e-18,0.00037700977679650015,1.049135942326431e-20,3.85050649840115e-08,5.932498497912018e-07,0.8406904594668643,0.15930890877822035,0.0
877,1.2039646246058105e-16,1.0,0.9999999828151404,9.083007880241853e-30,1.7184854117748678e-08,8.676363611033109e-29,0.0,0.9999999749661729,2.503383374311382e-08,1.0498190169650441e-09,7.083471010155835e-10,0.0,3.069360267098903e-38,0.999999998241833,2.3894950346826995e-40,8.454802045193094e-11,0.9999999999027551,8.927803224929654e-13,1.1798155738932725e-11,0.0
878,1.9217369799266888e-08,0.999999980782633,0.9726128955789628,1.0863782727351532e-16,0.027387104421036482,4.602170633148183e-16,0.0,0.9595830329685666,0.04041696703143563,0.0005581431475992416,0.08263097657777019,0.0,2.4412487641746015e-16,0.9168108802746262,5.518242102181755e-18,0.040726388240374056,0.09370082592002688,0.8655643102266237,8.475612972368162e-06,0.0
879,1.0,1.919489484467046e-16,3.192014817245552e-24,0.9999999879973416,1.2002658401707653e-08,0.9999999954140364,0.0,1.522898218144291e-24,4.585963293704997e-09,1.2664898160323458e-13,3.210134017455329e-08,0.0,0.9999999678985324,1.2012659761403616e-26,0.9999999474002244,5.2476613751858214e-08,1.5099667514550038e-26,2.5207705099138323e-25,1.231630682108908e-10,0.0
880,8.7406610457018e-16,1.0,0.9999897637570238,1.4992264226456311e-35,1.0236242978841454e-05,1.9200052503139682e-34,0.0,0.9999729448546439,2.7055145353573173e-05,0.7818587465008268,1.2250742868492185e-11,0.0,2.404485100276445e-24,0.21814125348692084,4.75428725698159e-37,2.871626181733195e-14,1.0015121982954771e-07,0.9999768445130262,2.3055335725072588e-05,0.0
882,1.0,3.883059640588788e-17,4.605471506584715e-26,0.9999999988177599,1.1822404792176138e-09,0.9999999995357705,0.0,2.0843508212507684e-26,4.642294511543562e-10,3.046694250532528e-14,1.861256385118825e-09,0.0,0.999999998138712,1.0260144173150571e-28,0.9999999981205292,1.8639753887211386e-09,9.621711338903522e-29,8.109115822924074e-27,1.549548267488591e-11,0.0
886,0.9999991401280399,8.598719589442374e-07,5.126243558003407e-09,0.019289048429417678,0.9807109464443406,0.07709065057962859,0.0,5.018937456345615e-09,0.9229093444014327,2.9070071166888706e-07,0.9999083954444143,0.0,9.131385026784291e-05,4.6038483025405995e-12,4.722351760085143e-05,0.9999500449156129,7.83525925473151e-12,3.350698822503124e-12,2.731555602822439e-06,0.0
888,1.0,2.0217522676660143e-15,6.73324471957995e-24,0.9999998823631839,1.1763681463374446e-07,0.9999999502635658,0.0,2.4380411272799044e-24,4.973643528072053e-08,1.4822928591412635e-11,5.032140499591123e-09,0.0,0.9999999949530363,5.00827163354088e-27,0.9999999876682963,6.913213611461565e-09,4.067699088983275e-28,1.0075474027163472e-23,5.418489843595712e-09,0.0
895,0.6049746065172741,0.39502539348272925,6.30919878498861e-06,3.348157127760037e-09,0.9999936874530567,1.9206525030645075e-08,0.0,6.079233311875862e-06,0.9999939015601604,0.00023572610497790334,0.9997638124086445,0.0,1.3256901677805159e-08,4.48229476312816e-07,5.6373934017722e-10,0.9997468704010596,1.4793604350557105e-08,7.336353607227826e-07,0.00025238060623878586,0.0
900,0.0025471258060381667,0.9974528741939555,0.011346346812826246,1.4808696417290694e-09,0.9886536517063033,5.689244196966822e-09,0.0,0.009520639777293437,0.990479354533463,1.2990160027354303e-08,0.9999819278300204,0.0,1.2182420442628128e-12,1.8059178599405137e-05,3.349956578372818e-13,0.9999880951286582,1.1276230567159297e-05,6.279822995213838e-07,6.581374811917347e-10,0.0
901,0.9999999999983302,1.6683731761209042e-12,3.4248459722825304e-18,0.9999829397160147,1.706028398786319e-05,0.999994662412702,0.0,1.1646593284097652e-18,5.337587300115279e-06,9.061622395345553e-09,5.665695574909924e-06,0.0,0.9999943252428031,1.248642108526304e-20,0.9999932023859058,5.325661827256557e-06,4.105297471168565e-20,3.598659758803416e-19,1.4719522651207545e-06,0.0
904,4.347199717500441e-14,0.9999999999999574,0.9999999995826983,6.551228316624921e-19,4.17298912615362e-10,4.219193621587712e-18,0.0,0.9999999995089439,4.910510522323548e-10,1.4011895280774515e-11,0.9999999941173314,0.0,1.4893447493525256e-36,5.868661805697162e-09,2.1550815399068384e-39,1.8023680191114495e-11,0.999999999981938,1.4956518141438445e-22,4.419030172721641e-14,0.0
907,0.9999899900839032,1.0009916093553692e-05,1.2682091501134867e-09,0.0007663625232465111,0.9992336362085434,0.0035087038130404216,0.0,1.0978965968709332e-09,0.9964912950890631,0.030497663668299785,0.9415396828719669,0.0,0.027962653376451423,8.328476451014023e-11,0.002986906851391973,0.4502861582226282,2.2962553997737475e-11,2.6789172152587845e-09,0.5467269322241033,0.0
913,0.9453654491272953,0.05463455087270517,3.1487823893039844e-07,5.004778600176744e-07,0.9999991846439029,2.229658827057707e-06,0.0,2.2998554453383774e-07,0.9999975403556272,0.9980240817436393,0.0019599782283858604,0.0,1.593244819698699e-05,7.579781334449391e-09,3.05666918449367e-07,0.00023838496257954508,5.2338800662005455e-11,4.806125215234682e-08,0.9997612612569113,0.0
914,0.8577443500133924,0.1422556499866055,6.295364936793755e-05,1.0425390770038586e-06,0.9999360038115579,5.267993312581468e-06,0.0,6.465501134289578e-05,0.9999300769953462,9.99278613958107e-05,0.9998993715581547,0.0,1.1227241733203355e-08,6.893532103627856e-07,5.057362509108118e-09,0.9997795093071892,1.00258840197722e-05,1.9814876986015155e-07,0.00021026160265768626,0.0
916,0.9999999999956373,4.363026401003869e-12,3.275130374076825e-17,0.9998457639891314,0.00015423601086632277,0.9999485906119198,0.0,1.1357027569486742e-17,5.140938808146508e-05,2.270046180207663e-08,2.4312022840579495e-05,0.0,0.9999756652766972,8.561206073739286e-20,0.9999296673523622,6.406599775930824e-05,4.888061425979227e-19,1.7558226062548482e-18,6.266649878700149e-06,0.0
917,0.9972435294250731,0.0027564705749248413,7.455672228365531e-07,5.183503486890556e-14,0.9999992544327235,2.1866157620826849e-13,0.0,6.182007101785003e-07,0.9999993817990706,0.00044115181177652727,0.9995588389882644,0.0,1.546688765543852e-14,9.199945414650803e-09,6.853009301278002e-15,0.998048974265682,8.456700361880217e-09,6.836116642953165e-09,0.001951010441497209,0.0
919,1.0,6.064463410595679e-16,2.1826102106442692e-23,0.9999999085149838,9.148501504196417e-08,0.9999999685061955,0.0,8.566648867497179e-24,3.1493802832088176e-08,1.828241296482016e-12,2.422882281364092e-07,0.0,0.9999997577099444,6.416094634077817e-26,0.9999996624578708,3.364615215379999e-07,6.913479242886458e-26,5.540936678636484e-24,1.080607090750993e-09,0.0
924,0.9999999999983586,1.643068998765008e-12,3.400512979267193e-18,0.9999781550575233,2.1844942476943534e-05,0.9999929492744871,0.0,1.2437572886038929e-18,7.050725514583529e-06,8.501481025901555e-10,0.0027570840646339583,0.0,0.9972429150852172,3.275499964673497e-19,0.9964636241245735,0.003536207966763191,1.0748177451956551e-19,1.17706361684609e-18,1.6790866199297809e-07,0.0
925,0.9999950343498735,4.965650124980603e-06,1.4268173345934853e-09,3.2274805694683155e-11,0.9999999985409076,1.0561165496369122e-10,0.0,1.394923710783948e-09,0.9999999984994616,1.0553051825967223e-06,0.9999989446797768,0.0,1.284810468298342e-12,1.3754223264002665e-11,3.281194616253569e-13,0.9999959275503305,2.4684256001001483e-12,3.0334361912190802e-12,4.07244383787731e-06,0.0
926,0.031052075389362,0.9689479246106358,1.1242837950123714e-05,1.6285581367654932e-09,0.9999887555334891,7.640274861228163e-09,0.0,7.820432386339125e-06,0.9999921719273397,0.9960084947321807,0.00399007605649036,0.0,5.932577955624278e-08,1.3698855514783201e-06,3.381457622963222e-09,0.002227422112089889,1.8968706109666064e-09,0.00010968131866539156,0.9976628912909151,0.0
928,1.4208938022195998e-05,0.9999857910619749,0.00016291100450083198,3.569423513988774e-14,0.9998370889954629,9.853735868213335e-14,0.0,6.234421198002442e-05,0.999937655787922,0.9999999976515284,6.048269971622193e-10,0.0,8.377992674700284e-15,1.743635482512414e-09,6.179854379894383e-16,1.1267637585338645e-09,5.3166636883948023e-14,0.002048712218276807,0.9979512866549034,0.0
930,0.9982532830440992,0.0017467169558991382,2.1329697686908005e-08,5.657098691249432e-07,0.9999994129604364,1.1089453219530292e-06,0.0,1.2477566781140466e-08,0.999998878577113,0.8793126130781205,0.12063157332911158,0.0,5.580781485051814e-05,5.777915529483191e-09,2.7366397907094417e-06,0.05775617370515257,5.479013919198046e-11,2.1535693096216696e-06,0.9422389360309579,0.0
931,0.9999460229423129,5.397705768616289e-05,5.466630925478342e-08,0.005192163287577728,0.9948077820461165,0.025793204311056316,0.0,6.12850649311748e-08,0.9742067344038765,1.4926909345679078e-05,0.9995728616274822,0.0,0.0004122107320438515,7.311286310547662e-10,0.00011270027349755696,0.9998155177555164,8.412672651551027e-11,1.1131837273858673e-09,7.178077367356916e-05,0.0
934,0.995641480702212,0.004358519297784797,1.5112260509715575e-06,1.8414902226900304e-05,0.9999800738717207,5.3146916807530436e-05,0.0,1.3241098009273487e-06,0.9999455289733928,7.211942950935333e-07,0.9999992642424764,0.0,9.781211805393327e-09,4.782020172323253e-09,4.898089544519979e-09,0.9999947741624221,3.193503124582027e-09,1.2879519096128916e-09,5.216458033265105e-06,0.0
937,0.8843249061119214,0.11567509388808132,6.720145762278803e-06,2.1022667982004776e-15,0.9999932798542367,7.0676804901295645e-15,0.0,5.463046609029669e-06,0.9999945369533816,0.0003527107818878709,0.9996465802094436,0.0,2.9708733283893614e-07,4.119213367452167e-07,4.727996562316413e-16,0.9994212523608361,1.417297877906761e-07,3.144468442206476e-07,0.0005782914625303988,0.0
940,5.661868834062026e-15,0.9999999999999929,0.9999823541823027,3.6290701783873896e-35,1.7645817697546336e-05,2.709329233828017e-34,0.0,0.9999528391440813,4.716085592028258e-05,0.06705741788275069,9.329552439037685e-09,0.0,1.2820416467025483e-24,0.9329425727877024,1.4655617800200076e-37,1.6896755599068655e-11,9.457257913511312e-07,0.9999980614966648,9.927606438427882e-07,0.0
947,0.9999999917154483,8.284548598073617e-09,4.405462921444823e-12,0.17420162111878743,0.8257983788768045,0.5550630420076422,0.0,2.4452392965612763e-12,0.4449369579899094,0.0038653791979398836,0.0035380839335746404,0.0,0.9925965368684617,2.484653358160934e-14,0.23406992167144858,0.0028396345240397666,1.3128769032527556e-23,5.555595243280544e-12,0.7630904437989543,0.0
950,0.9999999999999929,7.295772759984165e-15,4.533780234278606e-22,0.999999723355745,2.7664425678929717e-07,0.9999998917951155,0.0,1.806489805359281e-22,1.0820488390404709e-07,4.35692785407567e-11,5.224788305220418e-08,0.0,0.9999999477085466,7.600097223638331e-25,0.9999999384807144,4.425485159447606e-08,9.824656069895984e-25,6.078134633302807e-23,1.726443532451774e-08,0.0
952,0.9999999951007652,4.899237113032792e-09,7.232456763856198e-13,0.9987834303032221,0.0012165696960549945,0.9994734980913702,0.0,3.939065206855621e-13,0.0005265019082324927,2.7470721005811412e-08,0.9999999723814245,0.0,1.477587235530205e-10,9.927806525572459e-14,4.779648044082178e-10,0.9999882605096743,2.968021704639999e-11,4.982456596007259e-33,1.1738982679892994e-05,0.0
954,5.736818526037858e-12,0.9999999999942588,0.9999996381151648,2.290511650895256e-23,3.618848397669498e-07,1.0990488511411616e-22,0.0,0.9999996609240618,3.3907593509709275e-07,3.943814959578127e-15,0.005216002082793131,0.0,1.027479972011928e-28,0.9947839979171968,1.6176771751983234e-32,2.8975188715873756e-06,0.9999971024055002,7.562970925398814e-11,2.1476235101974787e-20,0.0
957,6.129510651689345e-31,1.0,1.0,7.643352677784333e-75,8.925680359025227e-18,1.0088010024432952e-73,0.0,1.0,2.982293253146138e-17,9.733690552130577e-15,3.814151734542546e-22,0.0,7.506501910906161e-68,0.9999999999999858,6.461528584794112e-82,3.5474501823687366e-21,1.0,2.851690663267174e-18,2.7185484304804633e-17,0.0
960,1.5465615665142618e-08,0.9999999845343838,0.812650929596941,8.85860118532571e-24,0.18734907040306253,3.845306915649789e-23,0.0,0.627094677407092,0.37290532259291165,0.9971540672024733,4.74251937961874e-06,0.0,2.062690699822366e-15,0.0028411902781456206,9.842247390880933e-26,1.46953475205866e-06,7.002497922327898e-07,0.9974294295215393,0.002568400693913811,0.0
962,0.9999260716236948,7.392837630728465e-05,1.2148552260211152e-14,0.019552353336518825,0.9804476466634682,1.2002665916774838e-09,0.0,1.1133399196834466e-14,0.9999999987997228,2.392651144753141e-12,0.9999999999968736,0.0,7.364472634358614e-13,3.671781583659954e-17,3.255099547267387e-13,0.9999999999982379,2.977261595341349e-16,1.1325713866696404e-17,1.439471143468624e-12,0.0
963,0.9973125066337455,0.0026874933662516874,9.31343917236943e-06,2.5033797978031918e-05,0.9999656527628474,5.271264471066886e-05,0.0,8.438773203305265e-06,0.9999388485820856,0.00010729941112462697,0.9998904600309868,0.0,1.981624360673396e-06,2.5893352786852555e-07,4.801119866961502e-07,0.9998999952531177,1.2010079160361265e-06,5.912841979416527e-08,9.826449856108051e-05,0.0
964,2.281042811983656e-12,0.999999999997712,0.9999621823733662,1.9613752381692684e-29,3.781762663204891e-05,1.1213270670458033e-28,0.0,0.9999373693701562,6.263062984010347e-05,5.5752812954437205e-05,3.875575319519525e-07,0.0,2.181065722242699e-22,0.9999438596295134,5.767228062382168e-31,3.9973649192003145e-07,0.021920657311839002,0.978074300170008,4.642781657790385e-06,0.0
965,0.9999979155822966,2.0844177034066608e-06,2.3584458498037446e-09,0.0017814149566498536,0.9982185826849066,0.005291606691882924,0.0,1.9447644793212093e-09,0.994708391363351,0.0016455904321518455,0.982398384093582,0.0,0.015956025366534066,1.0773333192733316e-10,0.0026313437657526136,0.993592920922569,9.00832428835768e-11,5.802859114994896e-10,0.0037757346413096215,0.0
966,0.9999972066452051,2.7933547924329204e-06,8.17254434637614e-09,0.01925892004310059,0.9807410717843582,0.06589901671732697,0.0,7.88544677241144e-09,0.9341009753972245,5.3315409174837445e-05,0.9819836531902664,0.0,0.01796303125135093,1.4920552028425735e-10,0.003961904579182982,0.9951628074193888,4.487034003018243e-12,1.3904035162084653e-09,0.0008752866065361299,0.0
967,3.455566210652789e-05,0.9999654443378945,0.004576581044536188,8.301128033324059e-13,0.9954234189546329,2.213044747541498e-12,0.0,0.002803693183912072,0.9971963068138753,0.9984782523223495,0.001371533326403719,0.0,3.6321629513042977e-12,0.00015021434761581756,7.19123433725485e-13,0.008911225031266595,4.958748775041646e-06,0.3408396094261095,0.6502442067931267,0.0
974,9.603847142690441e-12,0.9999999999903935,0.9102775323401467,2.777473436337448e-20,0.08972246765985865,2.1642854966077965e-19,0.0,0.7658945357254715,0.23410546427453507,0.9999934379471336,7.786648589686194e-12,0.0,2.3085270207818183e-20,6.562045078301179e-06,1.996888094250923e-22,4.760726095449474e-12,2.9234494521213647e-10,0.9952169846129699,0.004783015089927695,0.0
976,8.039813178983428e-05,0.9999196018682075,0.005647432783941464,4.937279887881988e-12,0.9943525672111205,1.7678849324405174e-11,0.0,0.0038171453289698575,0.9961828546533509,0.9997687448572364,8.653478477158076e-05,0.0,2.0304014534357106e-11,0.00014472033768670058,6.445822503670008e-13,6.911490777801243e-05,5.4454330931653434e-06,0.0034586281603801354,0.9964668114981045,0.0
977,2.8361832192682773e-28,1.0,0.9999999999992042,2.0239284646022596e-45,8.017611325628105e-13,1.0068725543221559e-44,0.0,0.9999999999987352,1.2710769932603953e-12,4.0843391093717354e-25,1.7868753261547772e-11,0.0,3.385180522509777e-49,0.999999999982137,4.942057893966332e-53,9.254013430203947e-15,0.9999999999999858,2.9518840567225517e-18,1.1908528262364965e-29,0.0
981,8.951084878054309e-09,0.9999999910489095,0.9730989350441516,1.1432471935184337e-23,0.026901064955851362,9.073040817811742e-23,0.0,0.9566829428596668,0.043317057140339885,0.004896668296926785,0.00570010117863722,0.0,3.4402102073787567e-15,0.9894032305244275,5.203304533043434e-23,0.0005188475652903352,0.0001254304003810564,0.9992673368618602,8.838517246954821e-05,0.0
982,0.9998355760072223,0.00016442399277826646,1.5251982849537288e-07,0.000468361843286741,0.9995314856368814,0.0012788966539481741,0.0,1.2549628500054647e-07,0.9987209778497684,6.699064800625814e-05,0.999898018579234,0.0,3.4989678102468e-05,1.0946577402252031e-09,9.91524723377553e-06,0.9999106314504629,9.746722446994175e-10,2.461336623881921e-09,7.944986629213996e-05,0.0
983,0.05866447212485417,0.9413355278751472,6.1014396184259765e-05,1.7332493839515674e-17,0.9999389856038147,3.7461698759917774e-17,0.0,3.63026054397415e-05,0.9999636973945609,0.5877547129829864,0.4121792952089298,0.0,5.265357577232583e-07,6.546527232565913e-05,4.289836679116333e-16,0.8015245244286299,3.618118170135809e-07,0.002820161148888922,0.19565495261066687,0.0
984,0.9938065602648323,0.006193439735169955,6.882304909861022e-06,7.256116458096105e-05,0.9999205565305068,0.00032601872937309975,0.0,6.820933133504336e-06,0.9996671603374906,9.749066664608267e-08,0.9999998213859005,0.0,7.434480469090139e-08,6.778631614562509e-09,2.4489648764906753e-08,0.9999998857421483,2.165167640000268e-08,7.393870104449579e-10,6.7377136252373e-08,0.0
985,1.0,1.4302821750127861e-18,2.2414562962041e-22,0.9953107375145379,0.004689262485461107,0.9985184317298836,0.0,8.391369817692471e-23,0.0014815682701141426,1.4560599349286758e-07,1.9441104504546573e-11,0.0,0.9999998543745683,7.447563296725395e-25,0.9998929398744991,9.954681262098143e-11,2.1870027534217757e-24,8.498119893798338e-24,0.00010706002595614347,0.0
986,0.9789249286573823,0.021075071342620846,2.6456241910008486e-06,4.266661923988611e-13,0.9999973543753848,1.307011509685722e-12,0.0,2.6267944630901314e-06,0.9999973732042274,7.679561197037458e-06,0.9999920963379894,0.0,1.7294722065091483e-07,5.115359201920789e-08,1.8528975466978214e-15,0.9998904737970614,2.2396152122543609e-07,3.0627772123522976e-09,0.0001092991786418916,0.0
987,3.1093608616267813e-17,1.0,0.9999999289602809,1.908160531593725e-46,7.103971539476956e-08,2.4437389095168543e-45,0.0,0.9999998518573644,1.4814262985104363e-07,3.6397381418563496e-07,3.8902200058085344e-18,0.0,6.026351845006181e-40,0.9999996360261841,2.4045141520538797e-47,1.2213974540839211e-18,0.0002206199415209169,0.999779376737962,3.3205140004312653e-09,0.0
992,0.9985438751807174,0.0014561248192839417,4.049194142842784e-08,5.02545893071036e-13,0.9999999595075558,1.3718265995143029e-12,0.0,2.879155630397251e-08,0.9999999712070751,0.9960328281361996,0.001710319087720377,0.0,0.0022568507550786436,2.021003375768064e-09,8.467873542989314e-13,0.0005667179715646547,1.1496352713685356e-13,8.050590758479009e-07,0.9994324769683953,0.0
995,0.9999999997753619,2.2463718874283189e-10,2.651717704969506e-14,0.9999645226008725,3.5477399099536784e-05,0.9999834905109505,0.0,1.3969613004223558e-14,1.650948903887832e-05,1.8557456796825476e-10,0.9978298525147344,0.0,0.002170147299685022,4.75960385412962e-15,0.00656526655366967,0.9934347278929896,1.774926124483954e-11,2.182922403057981e-26,5.5355943301312255e-09,0.0
1000,1.3967677321184237e-07,0.9999998603232241,0.006799987891014116,2.9665656946195927e-15,0.9932000121089825,8.962829435057273e-15,0.0,0.003216540796450829,0.9967834592035376,0.9999996619240367,3.2769104393749016e-09,0.0,9.826117733877715e-16,3.3479905059857627e-07,6.576723675479491e-17,6.8272014736909484e-09,2.426715000434776e-11,0.016242790952057277,0.9837572021964753,0.0
1005,0.9984240002212265,0.0015759997787731998,1.6691945025761555e-08,3.6590785885528674e-06,0.9999963242294696,7.791386705913924e-06,0.0,9.826870083257126e-09,0.9999921987864269,0.9359609207863445,0.06365566934282597,0.0,0.00038340914096590613,7.298625717800907e-10,1.0057285089438344e-05,0.017934036483829234,1.0239896088504075e-11,6.986967629230831e-07,0.9820552075240762,0.0
1013,0.48264105897111464,0.5173589410288866,1.1432778386580214e-06,1.0831261350632301e-09,0.999998855639036,3.9989747507282525e-09,0.0,6.99761155091767e-07,0.9999992962398697,0.14220611126632407,0.8577929753095982,0.0,3.215133687700064e-07,5.919107061057114e-07,2.168490062072438e-08,0.9638752671172149,1.2212361751892898e-09,0.00046922970157520466,0.035655480275074945,0.0
1019,4.550708883253203e-13,0.9999999999995453,0.9999780524750199,1.1062287561341095e-30,2.1947524986406285e-05,1.1771930186759314e-29,0.0,0.9999677750006983,3.2224999296327126e-05,9.316736495839623e-07,6.870006159387414e-06,0.0,6.79356742516868e-25,0.9999921983201936,6.143144802018069e-32,2.5190001910160867e-06,0.9999973664786383,3.012057224081775e-12,1.1451815390176088e-07,0.0
1020,0.769065743936538,0.2309342560634556,0.00013695726979721958,2.125602714566993e-06,0.9998609171274879,6.68104366288141e-06,0.0,0.00012612528643105242,0.9998671936699077,1.6752084117022862e-07,0.9999997019450664,0.0,1.3590260771309956e-10,1.3039819256668797e-07,3.945516065697935e-11,0.9999992622277055,7.145933583580018e-07,1.1563211322738371e-08,1.157627075737056e-08,0.0
1021,6.8039895704637315e-06,0.9999931960104269,0.0013563188850762651,4.721797251395347e-13,0.998643681114454,1.4245450446466813e-12,0.0,0.0006426263893583581,0.9993573736092154,0.9997802347375079,0.00021050934829336398,0.0,9.305169320666601e-13,9.255913266525301e-06,4.684091382624433e-13,0.0010667015121560565,8.63116906044345e-08,0.06511064083415412,0.9338225713415331,0.0
1026,0.9999978236257783,2.1763742250690934e-06,4.261837343253494e-10,0.006104347253361109,0.9938956523204561,0.0110854666081289,0.0,2.9261263370041963e-10,0.9889145330992587,0.003207950165965894,0.9693517327989851,0.0,0.027440317026431377,8.620073336539775e-12,0.013400412245852958,0.9741675701729767,2.130275069621397e-11,2.069389056515363e-10,0.012432017352927816,0.0
1027,0.9999859891104553,1.4010889541375342e-05,1.6284895952200137e-08,0.004918125282834971,0.9950818584322718,0.023741174771213208,0.0,1.6104597837524044e-08,0.9762588091241899,0.005555747152366118,0.9793360748592392,0.0,0.015108176899250005,1.0891433274503956e-09,0.004960020625951774,0.9232345201500375,3.605181748034382e-10,5.97025641357268e-09,0.07180545289323663,0.0
1028,0.9999985497380877,1.450261913862356e-06,5.395068209117599e-09,0.007061452335920913,0.9929385422690084,0.01945746833694587,0.0,4.4996912069085055e-09,0.9805425271633628,6.750987681991167e-05,0.9978627221302198,0.0,0.002069767930496001,6.246492407717248e-11,0.0004541843540068575,0.9993475384324106,1.1692579151642532e-11,2.8334606666948096e-10,0.0001982769185405762,0.0
1029,1.2475966954001426e-13,0.9999999999998721,0.9999960362755443,4.711573966513352e-33,3.9637244555025185e-06,4.477149099113032e-32,0.0,0.9999941342852108,5.865714790135125e-06,1.9148105696164268e-07,1.3771039864425427e-06,0.0,1.0841742070533752e-25,0.9999984314149596,3.8882467140397875e-34,7.000661711053004e-06,0.0986044474568511,0.9013885369447897,1.4936644958952025e-08,0.0
1030,5.3890935456752175e-12,0.9999999999946141,0.9999160675493667,3.3298833866391407e-22,8.39324506341011e-05,2.8299615334114786e-21,0.0,0.9998872624512438,0.0001127375487538148,2.7176177508540627e-06,9.573512140716339e-06,0.0,1.9534668822927211e-22,0.9999877088701071,3.180947194827522e-23,2.4562629292493962e-05,0.9229126501346759,0.0770619634864734,8.237495557981916e-07,0.0
1033,5.264788417272718e-13,0.9999999999994742,0.9999983949898541,2.73588245416497e-31,1.6050101472914866e-06,2.1882675781740447e-30,0.0,0.9999980625033811,1.93749661832946e-06,4.091017331503837e-09,8.01041552857803e-06,0.0,1.0901197300880458e-40,0.9999919854934516,1.9636182094128485e-51,1.7037021346033195e-07,0.9999998296093228,2.858572100590279e-14,2.042882202694615e-11,0.0
1036,2.399284222520863e-07,0.9999997600715748,0.007298657768423837,1.8370420385087768e-15,0.99270134223158,7.550663738079356e-15,0.0,0.004056211915568144,0.9959437880844175,0.9998872036847465,4.2196964343133175e-06,0.0,3.524562051523906e-14,0.00010857661878432316,3.543208069417468e-16,5.694265386747876e-06,1.5413639492030214e-09,0.9194881986328701,0.08050610556038153,0.0
1039,3.7229405020538135e-09,0.9999999962770616,0.9698450740106276,9.391200602412555e-18,0.03015492598937244,7.747334557229219e-17,0.0,0.9538946496956359,0.04610535030436363,0.0011711755880188933,0.005169400983026859,0.0,3.9129493646892606e-17,0.9936594234289524,1.496836743564119e-19,0.0011458118446027374,0.00024824759582429685,0.9985992064645025,6.734095069300601e-06,0.0
1040,0.9983284885666494,0.0016715114333514878,3.14492559700954e-08,3.636359743203826e-05,0.9999636049533127,9.626741168677948e-05,0.0,2.0406856886580048e-08,0.9999037121814547,0.9863279143927898,0.009475768583716229,0.0,0.004196315345149984,1.6783423058237288e-09,0.00027728457839412175,0.0026732469095428,3.1368735328183946e-12,4.157656835541334e-07,0.9970490527432456,0.0
1042,3.872342756151967e-05,0.9999612765724416,0.7098869363231003,1.074797117442988e-10,0.2901130635694214,3.6319107879538196e-10,0.0,0.7078553074254625,0.29214469221134765,7.169045337403687e-09,0.9971658090601292,0.0,5.660409432392281e-16,0.0028341837708251525,6.604279873223473e-17,0.9850880289437943,0.014909291481288485,2.677382851273934e-06,2.1920664479200556e-09,0.0
1043,0.9999995814035453,4.18596453774301e-07,3.5941352988999092e-09,0.6054333488321135,0.3945666475737529,0.895692900008389,0.0,1.3690408359327123e-09,0.1043070986225675,6.792510984140632e-10,0.9998498577904946,0.0,0.00015014152939178042,8.649575648468741e-13,7.88902501315855e-05,0.999921107845922,3.299172127199022e-12,2.034139031621717e-14,1.9006287549181503e-09,0.0
1050,5.030174170294292e-13,0.9999999999995026,0.9999999430825869,7.625878237292621e-23,5.691740684339131e-08,4.785294220884288e-22,0.0,0.9999999251978294,7.480216824859887e-08,1.0949829198092742e-12,0.00010932199395294308,0.0,3.1058662481428336e-42,0.9998906780049536,2.6466900723747698e-45,2.0444672096179746e-07,0.9999997955532787,7.162796821430348e-17,1.9051039236787872e-17,0.0
1053,8.918014013459317e-11,0.9999999999108269,0.9998582180326643,7.467738136031924e-36,0.00014178196733098618,6.976289357727111e-35,0.0,0.9998447614259116,0.00015523857408285846,6.456090942963182e-08,0.0003597557616291091,0.0,3.8321372824109333e-23,0.9996401796774573,2.405783585033333e-39,2.6585676783031253e-06,0.9999960848325504,1.2563468030776983e-06,2.5297040524086073e-10,0.0
1054,8.44634064187891e-24,1.0,0.9999999999997868,1.7010271599024176e-56,2.1358030148089352e-13,7.256036845794256e-48,0.0,1.0,5.631763023860997e-20,1.2737788464050576e-22,1.0264329552885972e-14,0.0,4.778631715837823e-52,0.9999999999999858,2.602452726771689e-60,4.0196930632498387e-16,0.9999999999998437,1.5372192787678513e-13,4.3362319009095066e-26,0.0
1056,6.853947990636033e-05,0.9999314605200991,0.7433085584254167,3.6655992588826676e-11,0.2566914415379211,2.470304268128114e-10,0.0,0.7921042047036827,0.20789579504929326,6.959377001105149e-12,0.9999421355424434,0.0,2.467216470080484e-18,5.7864450600412404e-05,5.46300912841378e-19,0.9924752323166338,0.007524763856548692,3.819668212566451e-09,7.146977311921631e-12,0.0
1059,0.9999999999387867,6.121690930115002e-11,5.204654538138267e-16,0.9967120426972637,0.0032879573027369243,0.9989622983383163,0.0,1.6085167546090807e-16,0.0010377016616852142,2.111655551381262e-06,4.6971116700195705e-05,0.0,0.9999509172277512,3.556716056558271e-19,0.999433180152043,0.00018151274741556834,8.566945635211772e-20,9.535461455668393e-16,0.00038530710053749894,0.0
1061,0.9999999999907061,9.290704859149221e-12,6.490395273892862e-17,0.9999301276359956,6.987236400263803e-05,0.9999753258479144,0.0,2.308667034401928e-17,2.4674152083713913e-05,2.190297338525076e-08,1.7463109067378354e-05,0.0,0.9999825149879611,2.446797366167022e-19,0.9999784749556522,1.9033037288717777e-05,4.166606498454273e-19,3.975763744841671e-18,2.492007058400067e-06,0.0
1066,0.9999769652326213,2.3034767378991467e-05,4.979289343661438e-08,5.6404503147853024e-11,0.9999999501507032,2.7550165466371263e-10,0.0,5.569141791176127e-08,0.9999999440330798,7.064984634657109e-08,0.9999977986698738,0.0,2.1306110503833566e-06,6.922948103723258e-11,1.5566909149568107e-12,0.9999987607235076,9.829606582961841e-11,3.5104314453526574e-12,1.2391731317438e-06,0.0
1072,0.9999999999842473,1.5750343476171145e-11,1.1656128152442265e-16,0.9996627496153652,0.00033725038463643754,0.9998995547331512,0.0,3.176415129275779e-17,0.00010044526684889235,1.2083960508073943e-07,3.387723555144222e-05,0.0,0.999966001924846,8.948873317268571e-20,0.9999329578790589,5.0415476837748144e-05,4.4449975379519807e-20,4.4171993223116557e-17,1.6626644106633562e-05,0.0
1073,0.9999999999999787,2.3457404656234157e-14,1.6940506203697279e-21,0.9999995140660162,4.859339831518219e-07,0.9999997765906309,0.0,7.445261540894187e-22,2.234093693604965e-07,3.052128002478795e-10,1.772897593582092e-07,0.0,0.9999998224050282,4.010333994061861e-24,0.9999997482476847,1.3591104853620867e-07,2.8342228821841286e-23,1.0844170949519883e-22,1.1584126654089709e-07,0.0
1075,0.9960475272622554,0.003952472737743036,5.233559501715196e-07,5.674150594524034e-23,0.9999994766440443,2.239448183147454e-22,0.0,4.479184164407815e-07,0.9999995520815768,5.451424922866283e-07,0.9999994503325543,0.0,5.830995241364811e-16,4.524949961408213e-09,7.813616466541883e-23,0.9999993038724717,6.282610593429974e-10,1.1580814291698572e-09,6.943411856847611e-07,0.0
1076,0.00022047962047833808,0.9997795203795222,0.031510966861171906,5.910800412384487e-10,0.9684890325477448,3.8565165046512e-09,0.0,0.025301031014020748,0.9746989651294674,0.01357993747261182,0.9803526026686059,0.0,1.448521824540932e-17,0.006067459858788185,5.332250508941676e-18,0.9781082050018098,0.010560998160792073,0.0045704630159006145,0.006760333821493867,0.0
1077,0.03981914426308172,0.9601808557369175,2.6152682357463155e-07,2.612601001707464e-12,0.9999997384705623,1.2929631034178537e-11,0.0,1.2674724964640435e-07,0.9999998732398234,0.9999976282763742,2.371449793527827e-06,0.0,6.196931060202415e-11,2.1186634107593106e-10,5.222611162356554e-12,5.284021699250494e-06,1.692920805368462e-13,1.4948851644986207e-05,0.9999797671212619,0.0
1079,2.3954375954040974e-07,0.9999997604562341,0.6682513798445797,5.812309844526974e-14,0.3317486201553625,3.741653878961459e-13,0.0,0.5882695232346931,0.4117304767649383,0.0026335341312434942,0.4044427894186625,0.0,2.3198201294214182e-14,0.5929236764500755,1.9987055065487735e-15,0.12023045842007628,0.8797385637810985,1.6456865517665515e-11,3.09777823703423e-05,0.0
1080,0.00017282638921433543,0.9998271736107929,0.002252984667091894,9.149569591744208e-20,0.9977470153329134,3.125933991562962e-19,0.0,0.001359801887502771,0.998640198112496,0.9999847852526764,3.694190394861901e-06,0.0,4.755167503674128e-11,1.1520509374800504e-05,2.2219573240673927e-19,7.569454017886992e-07,1.599623988196845e-08,0.00012588771540564709,0.9998733393429519,0.0
1082,0.9999999999228919,7.711045531133017e-11,2.454226398993548e-15,0.9992436937428788,0.0007563062571165151,0.9996830805303606,0.0,9.019479421004019e-16,0.00031691946963852054,6.639615804454815e-08,0.00039754848934012664,0.0,0.9996023851145016,7.107211261434334e-18,0.9992756013090996,0.0007198474667687954,1.3841366042079595e-17,2.7263544939036934e-16,4.551224129200724e-06,0.0
1083,0.9999999999988489,1.1502440259759534e-12,3.5139346146286544e-19,0.9999383983928732,6.160160712844694e-05,0.9999783383272847,0.0,1.0081697934293234e-19,2.1661672717506715e-05,7.326776185903027e-08,2.3930058343446017e-07,0.0,0.9999996874316528,8.016259021711167e-23,0.9999799406054373,4.5376891748725836e-07,1.6016515542438e-23,2.371161914244804e-19,1.9605625647828646e-05,0.0
1085,1.4754296219912647e-10,0.9999999998524558,0.5555505981688657,7.544219100282474e-19,0.4444494018311376,3.3750087258027553e-18,0.0,0.3124539324125979,0.6875460675874021,0.9996960924321379,1.8283437159264693e-08,0.0,9.472240983203508e-19,0.0003038892844284067,4.174177024731443e-20,4.342473758828845e-08,3.084773004903568e-07,0.8265309056084444,0.1734687424895152,0.0
1091,0.00032564701384313625,0.9996743529861598,0.01730754597359123,6.82219319814458e-11,0.982692453958187,2.361576344926479e-10,0.0,0.010691278043861722,0.9893087217199774,0.004019806054764415,0.9955243151869805,0.0,2.0281939901879275e-11,0.00045587873797352246,3.353216731207103e-12,0.9971706447381793,0.0004613280512043124,0.002072403646972077,0.0002956235602884986,0.0
1092,2.408787627548806e-05,0.9999759121237192,0.0002034246722301387,2.3165371491347594e-13,0.9997965753275367,5.908606594420222e-13,0.0,9.635088773621193e-05,0.9999036491116708,0.9999999413611124,3.2499743007953395e-08,0.0,2.0841340865090065e-13,2.61389422867956e-08,1.2395574372180725e-14,7.885843296061117e-08,4.2898727478819647e-10,0.0005175876261989631,0.9994823330863658,0.0
1093,8.108253791515918e-18,1.0,0.9999999995687006,2.5233595672901714e-39,4.3130032006040567e-10,2.4325954984214035e-38,0.0,0.9999999993677449,6.322563540199333e-10,2.1587739878300303e-13,1.9343888086159841e-10,0.0,5.077782398082802e-35,0.9999999998063487,1.2390155424466578e-41,1.4664114272320398e-10,0.9999999998522355,1.1182706242222127e-12,7.791765879225513e-16,0.0
1096,0.9979919409752747,0.00200805902472206,4.1802726426703007e-07,5.238392674610231e-05,0.999947198045989,0.00023409390841917842,0.0,3.8025228263925047e-07,0.9997655258393008,0.002057089054950708,0.9978618588841692,0.0,8.102863597710579e-05,2.342490164501447e-08,1.2253425944756858e-05,0.9904583047042201,3.22582777938421e-10,3.3920696512579036e-07,0.009529102340285334,0.0
1099,2.0880103336967202e-08,0.9999999791198919,0.9987081066025573,5.219485993135781e-32,0.0012918933974459493,2.5749216153962363e-31,0.0,0.9982687781803762,0.0017312218196243838,6.770068936525526e-05,0.009311509472329834,0.0,1.7853256397290973e-17,0.9906207898383093,7.71585469141797e-35,0.0005767543874702962,0.9988500367481481,0.0005692435365840393,3.9653277930478585e-06,0.0
1101,0.00022662990337407338,0.9997733700966278,0.0039428068680729305,4.151713436769023e-12,0.9960571931277756,1.3567037537218814e-11,0.0,0.002695124144543815,0.9973048758418874,0.35375858404656907,0.6373767698093233,0.0,6.517335738585725e-10,0.008864645492371573,5.063956847257955e-11,0.69512764164625,9.644213262730265e-05,0.1322145502465459,0.1725613659239347,0.0
1103,0.9999999999999964,5.24683927795893e-15,3.9867044124627933e-22,0.9999999407215068,5.92784918117486e-08,0.9999999740274038,0.0,1.9603632106935686e-22,2.5972597683483324e-08,1.2826596469308929e-12,1.5746383908009015e-06,0.0,0.9999984253603279,3.0379907164188024e-24,0.9999985987835498,1.4008767708466558e-06,1.474732449182551e-22,4.6820292145426615e-24,3.3967877914430436e-10,0.0
1104,1.0,2.6316588123202747e-17,6.161686046488638e-26,0.9999999981623375,1.837662980752862e-09,0.9999999991900417,0.0,2.95608029746628e-26,8.099588999271099e-10,5.851972400695203e-14,4.12763455539594e-09,0.0,0.999999995872308,1.37410607384749e-28,0.9999999962723329,3.681333441081964e-09,1.5334445121952233e-27,2.4320119138720985e-27,4.6333122628068806e-11,0.0
1106,5.145826869640723e-34,1.0,1.0,7.299127117389394e-60,2.6081140931610868e-24,8.285271670606519e-59,0.0,1.0,7.18400624034383e-24,3.8597213605896515e-21,2.440292146395883e-19,0.0,8.153903871036448e-62,1.0,9.812846239065984e-72,3.901798066992736e-20,1.0,2.6891195873868726e-29,4.9582228250844055e-25,0.0
1112,0.9999997887754343,2.1122456778837444e-07,8.744911104398643e-11,0.0771529640968338,0.922847035815714,0.15841108447064509,0.0,5.5123570591118903e-11,0.8415889154742334,0.005355823367682825,0.044633699482032774,0.0,0.9500104771497568,5.298593656242639e-13,0.777814329015795,0.14815233735735697,6.301544901926155e-14,1.4840738535646426e-09,0.07403333214271,0.0
1116,0.059029158476654256,0.9409708415233425,4.170100462932025e-05,1.2658358402928814e-09,0.9999582977295364,3.8654630213149395e-09,0.0,3.374490967216823e-05,0.9999662512248647,2.5483711940011454e-05,0.999973397212702,0.0,2.2661823625938921e-10,1.1188487393684804e-06,2.0061631009767308e-11,0.999979445312113,8.373086496809814e-08,3.4442209234493466e-07,2.0126514866929205e-05,0.0
1122,0.00023940767197133154,0.9997605923280243,6.358165230066056e-05,8.460138475568218e-13,0.999936418346853,3.1707604528908888e-12,0.0,3.5739011036096913e-05,0.9999642609857953,0.9999621522968962,3.654303022314873e-05,0.0,1.6450623473684687e-11,1.304656430607899e-06,1.2130280567762351e-12,4.294788282543814e-05,8.880447537155842e-10,0.00048367438158358533,0.9994733768463321,0.0
1123,1.7292450389156173e-05,0.9999827075496095,0.09719149006064452,3.905942229650677e-12,0.9028085099354495,1.2409735716066192e-11,0.0,0.07130997196902121,0.928690028018565,0.009631771660873015,0.9601918744356763,0.0,1.4065039336604504e-11,0.030176353889386682,8.747956953621705e-13,0.9688518302867855,0.009617342948127324,0.021002981667022563,0.0005278450971840003,0.0
1126,0.9999999974511908,2.54880603137548e-09,4.8262140794558214e-12,0.977041876180736,0.02295812381443936,0.9924162726655015,0.0,1.8874926925110824e-12,0.007583727332607535,2.2119437200890944e-08,0.9948124426459214,0.0,0.00518753523461309,2.6179882774167536e-14,0.006021353030218203,0.9939785566110518,4.706944867165058e-13,5.226445069907442e-15,9.03582530480664e-08,0.0
1127,0.9652225140570336,0.03477748594296379,2.7720907355065465e-06,6.123739532980566e-14,0.9999972279092031,2.251567443066641e-13,0.0,2.2989170369316334e-06,0.9999977010827401,0.0003645633603836098,0.9996263476549236,0.0,8.57747795347032e-06,5.115067376080288e-07,3.3647737307717716e-12,0.99984259545371,3.9954261629897886e-08,1.274711400052947e-06,0.000156089877262595,0.0
1129,0.999999999963336,3.666401946279275e-11,8.143516643902912e-16,0.9943569899186487,0.005643010081347494,0.9967688146887803,0.0,3.5394406129629336e-16,0.0032311853112214108,9.063276967456615e-07,0.0003655892565625132,0.0,0.9996335044157426,8.487871411248585e-19,0.998227955016199,0.0017457890781581898,4.3751297819372635e-20,1.3394047763216674e-14,2.6255905630525923e-05,0.0
1131,2.2474846613340806e-20,1.0,0.9999999999999432,2.293616504058177e-51,6.272950253912152e-14,1.8676481305896678e-50,0.0,0.9999999999999147,8.919379003332553e-14,2.204543770443158e-17,1.2190261669077455e-11,0.0,2.584604769107923e-56,0.9999999999878071,3.274025563606996e-74,2.6978025793301692e-15,1.0,7.793851085533611e-19,3.834646538753848e-23,0.0
1135,0.015851539338979096,0.9841484606610267,4.549527481246644e-06,3.4643887916025295e-17,0.9999954504725147,9.956355580498993e-17,0.0,2.7386349029657384e-06,0.9999972613650938,0.9999876248740209,1.2365240922329684e-05,0.0,1.8075096456773083e-16,9.88505497315224e-09,3.208024870144145e-18,3.348581509536717e-06,2.7017389883761068e-11,6.085564476328535e-07,0.9999960428350286,0.0
1142,0.9999830477125172,1.69522874839405e-05,1.5147255738475517e-09,0.00014825932831017137,0.9998517391569649,0.0005886558969354506,0.0,1.3555234337653335e-09,0.9994113427475423,0.003504209007048981,0.9952671642903159,0.0,0.0012286266423206275,6.031506502859629e-11,0.0003442593890076589,0.9740046105661467,2.4136565507866967e-11,3.205882846236581e-09,0.02565112681482765,0.0
1143,0.9999999999999716,2.944548161698955e-14,5.610139386288298e-21,0.999999071878542,9.281214586242661e-07,0.999999673826501,0.0,2.1963838041249082e-21,3.26173498647203e-07,5.604539585451629e-11,2.5550782727455254e-07,0.0,0.9999997444361284,7.730966824575449e-24,0.9999996537523006,3.1920156012911275e-07,1.1188627626635755e-22,1.6442482290435206e-22,2.704613863948079e-08,0.0
1149,0.9999992806862494,7.193137538257435e-07,2.2935969480541952e-10,0.032830140191762607,0.9671698595788755,0.08142222470317748,0.0,1.2874694363006504e-10,0.9185777751680768,0.4186408719023221,0.002490756108208561,0.0,0.5788683719887008,7.656306542076005e-13,0.05395785438242118,0.0007667903497187045,1.0288813205040603e-15,4.379641792873335e-09,0.9452753508882159,0.0
1155,2.2774178747483997e-08,0.9999999772258266,0.009076957606722655,6.148174908948371e-17,0.9909230423932825,1.6113643006528388e-16,0.0,0.0026107655966007798,0.9973892344033921,0.9999999864226439,3.339460773556614e-11,0.0,2.1740426879440624e-18,1.3543959041894343e-08,4.793260553026811e-19,2.402002022843809e-10,4.3915548206120926e-13,0.8133062473991226,0.18669375236023444,0.0
1157,0.996544275085231,0.003455724914769066,2.9445742776522703e-06,4.751755714916726e-13,0.999997055425241,2.1941358497453045e-12,0.0,2.945170375792091e-06,0.9999970548274346,5.623196790857843e-07,0.999999203719871,0.0,2.0538319983109487e-07,2.85772464234604e-08,1.5425335234769205e-13,0.9999979215525484,1.8305848738058995e-08,1.2007144723695078e-09,2.0589407288357338e-06,0.0
1158,4.275588033999977e-10,0.999999999572438,0.8968085730359575,2.8297396199858753e-19,0.10319142696404367,1.3419562915674907e-18,0.0,0.7852900508730014,0.21470994912699465,0.9867816498480226,6.380129288764626e-07,0.0,7.500577215550522e-19,0.013217712139050774,1.5927968501986914e-21,3.434775990264123e-08,2.1440446996360614e-06,0.9998020435173607,0.000195778090174183,0.0
1160,0.327129166247068,0.6728708337529257,0.00027383738868612856,7.387668537440942e-08,0.9997260887346321,2.5837301224873697e-07,0.0,0.00027934188884321383,0.9997203997381457,9.68011625523331e-07,0.9999931269811322,0.0,4.311528400763754e-10,5.904576087252308e-06,2.543908097794684e-11,0.9999983778669812,2.636661684806376e-07,7.888021845271311e-07,5.696392275440047e-07,0.0
1161,0.4514300886219299,0.5485699113780689,1.5466121429329727e-05,3.689741012889019e-08,0.9999844969811623,1.9305134142016762e-07,0.0,1.4368039392046527e-05,0.9999854389092641,2.308889256663281e-05,0.9999762701822488,0.0,1.2158728557344059e-08,6.287664555622132e-07,1.1041199254230089e-09,0.9999821012275094,7.605913417177846e-09,1.1740549323740113e-06,1.6716007528256576e-05,0.0
1162,0.9618700855771641,0.038129914422842484,1.122741640636819e-06,1.273176551851554e-07,0.999998749940701,4.726531061323252e-07,0.0,9.924743889933825e-07,0.9999985348725037,0.00837018289287067,0.9916276036621456,0.0,1.93553053933304e-06,2.7791444218236873e-07,1.1669697871828916e-07,0.8453350165551431,3.4697065702707875e-16,4.259436589093266e-06,0.154660607311285,0.0
1165,0.9988683975749325,0.0011316024250717016,3.206351792069372e-08,1.4665886054663167e-13,0.9999999679363333,4.630221479129262e-13,0.0,2.0923957536287494e-08,0.9999999790755825,0.004286107656975469,0.9957138891478432,0.0,1.3662156115513182e-13,3.19504415753993e-09,1.1007926891751387e-13,0.9659063056866556,3.3391099043363298e-09,3.969969977739495e-09,0.0340936870041487,0.0
1166,1.524121096021256e-08,0.9999999847587874,0.034580248296692664,1.9016163469458495e-16,0.9654197517033138,8.13981559234672e-16,0.0,0.01571454311107279,0.9842854568889273,0.9999988133328166,3.35191482322775e-11,0.0,6.548828606244184e-17,1.186633667511466e-06,3.973029008343256e-18,2.1486105138916696e-10,3.3431266896875337e-10,0.09643115323013358,0.903568846220696,0.0
1167,0.999976821741803,2.3178258200220577e-05,6.262424575791392e-08,0.1361319218400842,0.8638680155356669,0.5066090777499287,0.0,4.2179041268291856e-08,0.4933908800710279,0.011964567538375182,0.9759350174542235,0.0,0.01210041266158627,2.3458132493137002e-09,0.010999062126727252,0.7233623018844786,7.709482432293114e-08,6.105398725397577e-10,0.26563855828342736,0.0
1170,1.519430263825047e-06,0.9999984805697327,0.9457370344446567,1.5622750278936462e-14,0.054262965555324935,1.0707469515753822e-13,0.0,0.9496458492427093,0.050354150757182005,7.472312882988445e-10,0.9951397487162538,0.0,1.2309453772425585e-17,0.0048602505365159315,1.2030302165860647e-18,0.9974000153945686,0.0025482785807519888,5.170599673886262e-05,2.794140563553359e-11,0.0
1171,8.2084437378798e-05,0.9999179155626218,0.1257349861693335,1.82736660900943e-11,0.8742650138123887,8.390226680411586e-11,0.0,0.12096262555076212,0.879037374365339,8.198091856263505e-07,0.9964264131788294,0.0,2.1105035040415295e-13,0.003572767011776465,3.275044570775962e-14,0.9993864890989006,0.0006132979963092756,5.71575219490082e-13,2.1290418275851007e-07,0.0
1172,4.901648506306381e-16,1.0,0.9999925043769738,7.295253394765892e-30,7.495623032571881e-06,5.837903073190638e-29,0.0,0.999986154994749,1.3845005248772725e-05,3.339692220700978e-06,2.2860861973983265e-08,0.0,2.2246680042776654e-28,0.999996637446917,1.9965165548458018e-32,4.092477588439857e-10,1.4924331927817174e-06,0.9999985070815203,7.603863525385228e-11,0.0
1173,1.4445362498559895e-05,0.9999855546375036,0.014958324222920379,2.70704229307729e-13,0.9850416757768081,6.547063869764381e-13,0.0,0.007960862401390687,0.9920391375979579,0.954486348231465,0.03948139794241312,0.0,4.192967005497337e-12,0.006032253821931079,1.2580532253389848e-13,0.02068859951882501,2.3233607481349963e-06,0.9695336131676612,0.009775463952639797,0.0
1175,1.0,1.0992707457629132e-15,2.9456650875072566e-23,0.9999999847001143,1.5299884933313752e-08,0.9999999944470872,0.0,1.2915540128031699e-23,5.552912149364237e-09,4.322035963899254e-13,1.1233689411081939e-05,0.0,0.9999887663101554,2.5556688637400814e-24,0.9999909466561702,9.053300921155556e-06,1.536357424521634e-23,5.04983198254292e-24,4.2910445380693607e-11,0.0
1176,0.999999999616243,3.837575612099322e-10,1.0294805534865093e-14,0.9992233673246824,0.0007766326753060245,0.9997474854698687,0.0,3.1165766918811477e-15,0.0002525145301265967,1.2649388035300482e-06,0.0017466872144621902,0.0,0.9982520478467315,1.2061956870805886e-16,0.9988810928041583,0.0010693437491981126,3.922440901657403e-15,3.3547375176431983e-16,4.956344664086455e-05,0.0
1178,3.5792434879831296e-21,1.0,0.9999999999827196,3.90144455954719e-36,1.7281642073855178e-11,5.23251775608149e-35,0.0,0.9999999999613749,3.8629596095454406e-11,1.3974157829422159e-11,6.062109260884974e-13,0.0,1.6140515448630563e-46,0.9999999999854197,2.1696005909272593e-47,1.5024135401118015e-12,0.9999999998664322,1.3203326506640593e-10,3.728482064112272e-14,0.0
1179,0.9999999970429627,2.9570374103523092e-09,3.0229179846671845e-12,0.9584938935450864,0.041506106451889915,0.9880345170609987,0.0,1.0163460881406429e-12,0.011965482937986232,3.2260043853567816e-08,0.9414088991022046,0.0,0.05859106863773002,2.1058428805921937e-14,0.0226670885786382,0.9773325309769474,2.1073861410989786e-14,1.513222826867301e-14,3.8044437978877565e-07,0.0
1181,0.9999999999990052,9.93217015547207e-13,1.1093081186729666e-18,0.9999399537256866,6.004627431216101e-05,0.9999821741431256,0.0,3.65856853723042e-19,1.7825856873892265e-05,4.335362915519275e-09,3.8685981685426405e-06,0.0,0.999996127066467,2.132010505601236e-21,0.9999908774878189,7.260544562016261e-06,1.266152752417831e-21,1.857555936137982e-19,1.8619676204418232e-06,0.0
1184,7.537699210933176e-17,1.0,0.9999952532572359,5.7822691361367256e-37,4.746742763175567e-06,6.736708575808766e-36,0.0,0.9999888693190839,1.113068091559347e-05,0.6616968402417582,8.876913691066292e-13,0.0,2.3406931406625963e-26,0.33830315975735104,7.451921011086549e-39,4.753063000844108e-15,1.325606796035797e-07,0.9999243440099403,7.552342937654537e-05,0.0
1187,0.9999999645104516,3.5489549280536055e-08,2.152690290618705e-11,8.075537760607932e-17,0.9999999999784706,1.1699336302879668e-16,0.0,1.4985261268772355e-11,0.9999999999850147,0.004336369354040964,0.00020417948001779946,0.0,0.9954594511659266,1.69949177534474e-14,3.7801395946167875e-17,0.00028843549246407226,5.322510879910487e-16,7.2097691875530694e-12,0.9997115645003254,0.0
1190,8.676119995055511e-17,1.0,0.9999999904750752,3.0711175359985136e-47,9.524930800057395e-09,3.139053340743646e-46,0.0,0.999999988775869,1.1224126138142179e-08,4.2532838409565023e-14,2.043948827183144e-08,0.0,5.180069525318571e-42,0.999999979560471,1.355016448808775e-49,4.418205640811094e-09,0.9999932278971302,6.767684666181621e-06,1.2722728608501301e-16,0.0
1191,4.328149642770241e-05,0.9999567185035738,0.0013414045535879936,3.6447352965734055e-13,0.9986585954460446,1.6710306799356762e-12,0.0,0.0008058934762893551,0.999194106522039,0.9592047881938535,0.04048373239653242,0.0,3.577608111582697e-11,0.0003114793738392478,3.2455440285673753e-12,0.11445128341347029,4.281367304732703e-06,0.17832402462794666,0.7072204105880319,0.0
1193,2.052817582241586e-12,0.9999999999979536,0.9999981865774388,1.4289483464090034e-30,1.8134225669909972e-06,1.0422144159916531e-29,0.0,0.9999978720596562,2.127940343901325e-06,1.016180554751511e-10,2.7232961823954408e-05,0.0,6.880806874452494e-25,0.9999727669365598,5.489983025518011e-32,1.4100781096854462e-05,0.9998217728086586,0.0001641263944581827,1.5790667819281792e-11,0.0
1196,0.9999999998405329,1.5946692158136858e-10,1.2217718046125967e-14,0.9950240055368186,0.004975994463167265,0.998068454685747,0.0,4.117156989746466e-15,0.0019315453142514714,7.980558663080621e-07,0.0018705658598585986,0.0,0.9981286360842727,8.033953238049296e-17,0.9978764642681095,0.0020426983987707637,5.047600070614651e-16,2.09688448618158e-24,8.083733311784318e-05,0.0
1197,3.3001951495589937e-06,0.9999966998048564,0.0006399969069701086,6.193863017454257e-15,0.9993600030930209,1.8581091503195083e-14,0.0,0.0003091936398727208,0.9996908063601119,0.999999191414716,6.049968927728423e-07,0.0,1.6657451863838032e-15,2.0358838851853026e-07,1.205939837830236e-16,4.1324473174693374e-07,2.0423346909886e-08,5.322797367527616e-05,0.999946338358243,0.0
1200,5.980256944749201e-07,0.9999994019743011,0.7101254472602591,4.028742920747542e-22,0.28987455273974155,2.9142410466069348e-21,0.0,0.597628295768098,0.40237170423189844,0.00995225543908803,0.48583629438457876,0.0,2.6174131341299104e-15,0.5042114501763248,1.4707363265329092e-22,0.024477334680985393,0.9665264279866639,0.008684649135148187,0.0003115881972002155,0.0
1203,4.067590352299421e-05,0.999959324096482,0.2086065775226077,1.797883870369657e-10,0.7913934222976017,9.392633931473754e-10,0.0,0.2043850237242188,0.7956149753365213,2.825495836839305e-07,0.9996503655740886,0.0,3.736927975714875e-22,0.00034935187632672567,9.493205818333763e-23,0.9998502453626713,0.00014956934140792122,1.625689936119969e-14,1.8529590191552036e-07,0.0
1207,0.9999998896745258,1.1032547506606408e-07,1.5732212817817196e-10,0.1941332899703166,0.8058667098723615,0.51125593830314,0.0,9.495602003058175e-11,0.48874406160190714,0.0004166563583364605,0.029520798487670526,0.0,0.9700625451529528,1.0380448078817457e-12,0.8826545216287639,0.07947719869202904,1.0638922827523913e-13,2.711183756013256e-10,0.03786827940798342,0.0
1208,4.98573336603079e-57,1.0,1.0,3.963640128512635e-98,7.543890557156312e-51,1.57268157581373e-89,0.0,1.0,8.588552221502227e-58,7.616704362222165e-72,2.0385902122672076e-24,0.0,7.5532571413089935e-112,1.0,5.540084712585621e-131,6.340219538636002e-45,1.0,3.9765069777461005e-63,1.4599047226576055e-78,0.0
1209,1.320965132812139e-15,1.0,0.9999967631562346,1.9798670049003026e-35,3.2368437677365406e-06,1.5105069592801483e-34,0.0,0.9999920187700831,7.981229915926472e-06,0.029100444837371595,1.2057868957591556e-10,0.0,1.3263825006662938e-24,0.9708995550420475,3.8688065241052664e-36,2.5458054347068197e-12,8.398181281652091e-05,0.9999000300844684,1.5988100166172435e-05,0.0
1210,0.005967868771372683,0.9940321312286272,0.0326537633884747,6.98889055754441e-08,0.9673461667226159,2.5633674102367353e-07,0.0,0.028097566381901896,0.9719021772813553,2.817447047193789e-06,0.9998857425455332,0.0,2.2240426073958568e-12,0.00011144000519419771,9.188095082195842e-13,0.9985729597895913,0.0014253039326476286,4.8304060362559276e-15,1.7362768379945335e-06,0.0
1212,0.9998713418459968,0.0001286581540027149,9.755495976884636e-09,0.00018229170984563334,0.9998176985346613,0.000489943501039794,0.0,6.934907258204417e-09,0.9995100495640529,0.027951141357097295,0.9701642897941932,0.0,0.001884567826209957,1.0225021106953522e-09,0.00032880221548551577,0.86863224854266,2.2244376619300265e-12,2.3152318226551666e-07,0.1310387177164513,0.0
1214,0.99997671207338,2.328792662299125e-05,2.8944877678274063e-08,4.847411331174329e-12,0.9999999710502725,1.2370906043393957e-11,0.0,2.2844563212635776e-08,0.9999999771430625,0.7105613998995809,0.1369976412694997,0.0,0.15244095199299432,6.83792679992933e-09,9.586241260508542e-12,0.016066436254161535,2.7149192792383247e-10,3.132271497800354e-08,0.9839335321420456,0.0
1215,2.175511279717827e-20,1.0,0.9999999921246356,7.985665386916232e-43,7.875366527181933e-09,1.091437223998878e-41,0.0,0.9999999717660093,2.823398948403694e-08,0.0015258580051542197,9.232555134203314e-15,0.0,9.838669686896477e-32,0.9984741419948359,1.1401067866562726e-43,2.2022916732740853e-18,2.4467533308538785e-09,0.9999999966133188,9.39925404571477e-10,0.0
1216,0.9999999999976836,2.3178867470894152e-12,4.352994156325692e-18,0.9995331596908695,0.00046684030913315966,0.9997803836747546,0.0,1.5302763269139004e-18,0.00021961632524427366,1.7132354650641723e-07,4.037788388063219e-05,0.0,0.9999594507925743,1.177493005578724e-20,0.9999359474363583,5.073358453133973e-05,2.9241078692437525e-21,4.766286028242162e-18,1.3318979113639351e-05,0.0
1217,0.9999999999980176,1.9839257918789936e-12,1.745352357414883e-18,0.99993698879256,6.301120743645141e-05,0.999978614566641,0.0,5.459642525313164e-19,2.1385433358837906e-05,4.752766437514256e-09,5.581425255495836e-06,0.0,0.9999944138219795,1.7650996528295323e-21,0.9999916249129643,7.29347731017991e-06,3.638914824275611e-22,3.5159953733511607e-19,1.081609728067617e-06,0.0
1221,1.2121169870696954e-07,0.9999998787883018,0.9925812166218717,5.576894833337159e-23,0.007418783378131115,2.782020021485855e-22,0.0,0.9916515800182952,0.008348419981707454,6.3085672159601e-06,0.16154489806442232,0.0,2.6611136989184822e-17,0.8384487933683641,2.0527061831370082e-26,0.03575092981899267,0.9628042986287798,0.001444635730015968,1.3582220981485218e-07,0.0
1222,0.9990083629869725,0.0009916370130287858,9.264401991811099e-09,2.321258814530357e-12,0.9999999907332793,7.115317961219593e-12,0.0,6.187560784918734e-09,0.999999993805325,0.9191238344355454,0.08087616512121328,0.0,9.136452799250762e-11,3.51877466431311e-10,3.6990351446058845e-12,0.013123460167207874,1.1512460784450278e-12,1.1431608955380209e-08,0.9868765283963348,0.0
1223,0.039280091269646426,0.9607199087303557,2.180689401744084e-05,8.089184532750689e-10,0.9999781922970653,2.9536653122849485e-09,0.0,1.2932208203923656e-05,0.999987064838131,0.7240714992563609,0.2759223549164275,0.0,2.0170662050880061e-07,5.944120594353431e-06,1.7899965564594182e-08,0.23003257855506828,6.169863983598927e-08,0.00032506803056518154,0.7696422738157647,0.0
1224,2.4117923664360726e-19,1.0,0.9999999998209432,1.868606509163149e-51,1.7904993732532535e-10,2.8830545005557205e-50,0.0,0.9999999997284164,2.7158674804584085e-10,2.227476815118723e-12,4.233185364274936e-12,0.0,8.265397171932291e-44,0.9999999999935341,2.9988907689618424e-58,4.140692071780188e-11,0.10850642328039839,0.8914935766780785,1.1116337662679263e-13,0.0
1225,0.9999999999990941,9.049662429128395e-13,1.6249212652023258e-18,0.9998801149174235,0.0001198850825750503,0.9999633650666019,0.0,4.539454905054007e-19,3.663493339858809e-05,3.5068056694660054e-09,6.645345977992842e-06,0.0,0.9999933511472167,1.3684844051466533e-21,0.9999847739433317,1.4608496321008214e-05,1.1691954201994933e-22,1.2514430893843735e-18,6.17560345503574e-07,0.0
1226,4.6446840363804867e-14,0.9999999999999574,0.9999999999999574,5.78535861578067e-32,4.316118887788791e-14,3.011782479539733e-31,0.0,0.999999999999929,7.502943502838379e-14,3.128149519718003e-11,4.1519460870955076e-09,0.0,4.010622470235838e-31,0.9999999958167791,3.45760366411228e-41,1.023383739264519e-09,0.04094914711424821,0.9590508518622775,9.094965217277028e-14,0.0
1227,0.9999997517419128,2.48258085139613e-07,1.336075307965873e-10,0.024152384912447762,0.9758476149539461,0.059755825043190214,0.0,1.0908977744700711e-10,0.940244174847719,0.00941514370934369,0.020421581379456023,0.0,0.9701632749092836,1.9200743120377643e-12,0.0633830048521708,0.053673743840460315,7.797146262866619e-14,1.0169360607232917e-09,0.8829432502903554,0.0
1229,0.002108033793296678,0.9978919662067001,7.206974373100149e-06,3.455704439397199e-11,0.9999927929910728,1.5334929128261952e-10,0.0,3.216469912591824e-06,0.9999967833767448,0.9999999999433697,3.401952071354155e-11,0.0,6.339726145063259e-12,1.6271006306690704e-11,3.0152567043485367e-13,1.59897084027082e-11,7.949004860975555e-15,1.2143834734612372e-06,0.9999987856002248,0.0
1230,0.9889646877491339,0.011035312250865974,5.014271933597521e-08,3.084199568969384e-08,0.999999919015284,1.1089240927553166e-07,0.0,3.4902052219794595e-08,0.9999998542055373,0.3665700185742561,0.6334245186107793,0.0,5.426820448119476e-06,3.5994516070076475e-08,1.2482671061306709e-07,0.10893048778535018,1.0167008663338995e-18,2.2739887388296156e-06,0.8910671133992039,0.0
1233,0.9994155926859851,0.0005844073140134796,5.977313410978721e-08,0.00011861829977629275,0.999881321927091,0.0003510360275487368,0.0,4.78789506886881e-08,0.9996489160935034,0.015884542881693726,0.9839118767532227,0.0,0.0002035718969718563,8.468114618014257e-09,7.530968468012963e-05,0.8725769748022992,1.1101797352040137e-09,2.322490939816385e-16,0.12734771440284104,0.0
1235,1.2028272563931148e-13,0.9999999999998792,0.9999402466625106,4.9336793590906035e-24,5.9753337491635294e-05,4.8661940598537813e-23,0.0,0.9998940624016324,0.00010593759836601079,0.024868534445814175,1.731347982388502e-08,0.0,4.422927763384348e-22,0.9751314482407051,1.0951600457234982e-25,1.221044556193e-10,3.2401382474831985e-06,0.9999889805820442,7.779157602415862e-06,0.0
1238,2.0209977689923587e-05,0.9999797900223087,0.017231260427399114,1.1015424480587999e-13,0.9827687395724974,4.992095660006912e-13,0.0,0.01275033554324647,0.9872496644562534,0.00023821479618678511,0.9957763021035332,0.0,3.841212057616224e-13,0.0039854830998985276,1.47411134452829e-14,0.9850787470472411,7.317010944824164e-06,0.014891493133354052,2.24428084485795e-05,0.0
1239,0.9999999998364899,1.635076914218414e-10,4.766579144537981e-15,0.9941786383775049,0.005821361622487028,0.9981802057597103,0.0,1.2138331049173365e-15,0.0018197942402909174,1.251083990904571e-06,0.00034908189361470074,0.0,0.9996496670223924,4.160181729668747e-18,0.9993172630972279,0.000609199866971286,8.063638063339078e-19,2.5376195674030475e-15,7.353703580017809e-05,0.0
1240,1.9160280904084178e-07,0.9999998083971887,0.6383820759683076,1.5715708658201285e-14,0.3616179240316741,6.787014267431123e-14,0.0,0.43566827485204046,0.5643317251478899,0.8517694593915921,0.0025337351751262274,0.0,4.8741601176971766e-14,0.14569680543323713,3.071927646040949e-16,0.00012191657053269386,6.564001329424978e-05,0.9983657133345442,0.001446730081629637,0.0
1241,0.9999999999992397,7.596011806247009e-13,7.406551769402212e-19,0.9999455838640086,5.441613599112659e-05,0.999982019082672,0.0,2.382918871896139e-19,1.7980917327305842e-05,4.3939234499346e-09,8.308505576728891e-06,0.0,0.9999916871004992,7.164375634157329e-22,0.9999873553526346,1.2023754990919522e-05,2.4120309786920437e-22,4.616013263076057e-19,6.208923729435907e-07,0.0
1242,0.9999999999987494,1.2506220630959042e-12,1.3467685293985052e-18,0.999927624201414,7.237579858813899e-05,0.999969576058538,0.0,4.906907714881773e-19,3.0423941462605083e-05,3.4128875193546596e-08,2.031392829606355e-06,0.0,0.9999979344782959,1.858142753085356e-21,0.9999915936405995,4.009917418403819e-06,5.585540590179252e-22,8.435532039952071e-19,4.396441981969633e-06,0.0
1244,0.9999999999999822,1.6874853169333514e-14,2.947792417554035e-21,0.9999994100742206,5.899257779809471e-07,0.9999997774573898,0.0,1.2040583441924444e-21,2.2254261005757373e-07,5.787205306481847e-11,3.8382988016621667e-07,0.0,0.9999996161122473,8.166339764904384e-24,0.999999419906247,5.57255878868689e-07,7.16720149151642e-23,3.310684019792247e-22,2.2837873625969612e-08,0.0
1247,1.9579227935781813e-11,0.9999999999804174,0.9999991151295482,1.9651520135898075e-36,8.84870446602275e-07,1.8086311174833297e-35,0.0,0.9999991969481199,8.030518841510991e-07,1.6222762993589983e-13,0.03666913651879969,0.0,5.623108232136297e-49,0.9633308634810354,1.6821544191822047e-58,1.091497003688102e-05,0.9999890850299632,2.761141956806609e-19,7.442966444923432e-18,0.0
1248,0.3298502231397305,0.670149776860276,0.0013625324392755823,1.4021735960288724e-06,0.9986360653871291,1.2738115307424762e-05,0.0,0.0018202759789693848,0.9981669859057247,6.333823561374338e-10,0.9999997293653646,0.0,3.830732104151489e-20,2.7000124989904203e-07,3.8181863121237745e-20,0.9999546037282685,4.5392351431203835e-05,2.0352137199668363e-10,3.716776594239395e-09,0.0
1251,3.034125892375794e-14,0.9999999999999716,0.9999452969720338,1.14136547356289e-25,5.470302796631358e-05,1.3917073988252629e-24,0.0,0.99989818113275,0.00010181886724860547,0.0003848323218015673,3.002409295814291e-07,0.0,1.526821188970955e-24,0.9996148674372719,1.769575524934485e-26,5.9882241384706e-08,0.0006001790879448813,0.9993994405479009,3.204819142365774e-07,0.0
1257,6.461028697619936e-12,0.9999999999935341,0.9994869287651367,4.008707627838002e-21,0.0005130712348643532,2.0733470076759533e-20,0.0,0.9991008242917095,0.0008991757082952124,0.007426136966813257,4.9177064719360246e-06,0.0,4.1257531843045044e-21,0.9925689453267147,1.0862699656492534e-22,2.760957480340193e-06,0.19702606223935623,0.8025667155600897,0.0004044612430696799,0.0
1261,5.971390740692607e-06,0.9999940286092595,0.00114182054863253,9.317590512849105e-22,0.9988581794513651,4.649256371044758e-21,0.0,0.0005730913934961394,0.9994269086065016,0.9999998460677849,4.027896621448649e-08,0.0,1.0477134285490324e-13,1.1365314478872361e-07,1.282167508313269e-22,1.262722709594682e-07,5.7589811194311575e-11,0.013878857270178608,0.9861210163999632,0.0
1262,0.9999889275016989,1.1072498302227882e-05,5.3438501053043835e-11,2.343719971780254e-05,0.9999765627468413,8.557832487192434e-05,0.0,3.666863541792129e-11,0.999914421638457,0.02316721455769701,0.9720606466235621,0.0,0.00477213880336409,1.5377671660294758e-11,0.0005917323251590109,0.9745831032787907,6.293242939696627e-15,5.4877611266544455e-08,0.02482510951843628,0.0
1263,0.5319604058955677,0.4680395941044282,1.7811611590972229e-06,4.3327786821424546e-16,0.9999982188388419,9.443898615523883e-16,0.0,9.72736581746811e-07,0.9999990272634177,0.9999995316920152,4.556988558695404e-07,0.0,1.2168326756792608e-08,4.4080419457603384e-10,5.792320210607222e-18,4.8211047126225246e-08,2.296357437194202e-12,5.499437812066273e-08,0.9999998967922803,0.0
1264,0.9983204937486245,0.0016795062513725106,1.2439853233383087e-05,0.0007005297317932199,0.9992870304149712,0.003898125447850922,0.0,1.5659444154178528e-05,0.9960862151079946,4.314811923750609e-09,0.9999999915129507,0.0,2.816135731846098e-09,1.3561042478272031e-09,2.5678729008527184e-09,0.9999985607298979,1.3654221811348942e-06,2.463737076904136e-21,7.128004860253026e-08,0.0
1266,0.9999999584625465,4.153745176623579e-08,6.221027763035314e-11,0.9999999998776872,6.010449291098511e-11,0.9999999999763673,0.0,1.501770315797198e-11,8.617541535877963e-12,5.0366133422869205e-17,0.9999999999997442,0.0,1.6296801133938555e-19,2.5442113096763105e-13,1.3080188091132783e-19,0.9999999999926175,7.342847795138613e-12,3.66995757777428e-14,6.59501028497597e-16,0.0
1267,0.9999956713165512,4.328683445586103e-06,1.0742425935228733e-09,0.005985972937117823,0.9940140259886384,0.015898733733570876,0.0,8.714966607726757e-10,0.9841012653949296,0.00024089252682782955,0.9871409636888524,0.0,0.012618143764475339,1.984343993738399e-11,0.004823987430232447,0.99378178174042,2.006697151489687e-12,4.84212327428155e-10,0.0013942303431253825,0.0
1273,0.999999999997776,2.227053338145181e-12,1.6406702641830812e-18,0.9999208504829478,7.914951705027389e-05,0.9999678739950095,0.0,5.106558155463915e-19,3.212600498741643e-05,6.269621839322696e-08,2.966063296181594e-07,0.0,0.9999996406974537,7.0573136953548655e-22,0.9999907691326518,4.1034457319582907e-07,5.769034749978533e-23,3.927136286574518e-18,8.820522772790233e-06,0.0
1278,5.721387576619058e-05,0.9999427861242352,0.0012167285027850207,2.789846941872837e-13,0.9987832714969365,8.504911516730359e-13,0.0,0.0006042912422546129,0.9993957087568984,0.33449116251977407,0.664673722073459,0.0,1.5742273651757576e-11,0.0008351153910269234,1.6244536644248375e-12,0.5604448955969284,2.5243882093518344e-06,0.41922127746735904,0.020331302545879674,0.0
1279,1.1656304539732539e-18,1.0,0.9999999106809878,4.703076350753071e-40,8.931901268261923e-08,7.674880154112757e-39,0.0,0.9999997810738064,2.1892619081936333e-07,0.00030450161875178504,2.367429208137312e-12,0.0,1.0803672037431687e-29,0.9996954983788828,8.225572334704381e-42,1.9555555048295787e-14,1.6243484898908625e-06,0.9999983692534126,6.398076684205667e-09,0.0
1281,1.1156211391986523e-25,1.0,1.0,1.2605856908895383e-53,1.1378211390625467e-15,1.323542824167691e-52,0.0,1.0,2.776820021028084e-15,1.5476980701670312e-16,9.372460572271125e-17,0.0,3.734242833589868e-48,1.0,2.2584542252574288e-58,4.950753529043711e-18,0.9999999999999574,3.811962277335482e-14,3.3068438155053256e-21,0.0
1282,5.578242085321146e-08,0.9999999442175793,0.9895297399580377,2.614008207090434e-23,0.01047026004196147,1.5459319525939628e-22,0.0,0.9867741884311894,0.013225811568812907,7.684173347084212e-05,0.01432037748586185,0.0,9.196659226296915e-18,0.9856027807806658,6.398055944564545e-26,6.987208517437832e-05,0.9999277847926125,2.6846293890152336e-14,2.343122179619563e-06,0.0
1285,0.9980763580255612,0.001923641974436631,1.0610888413537629e-07,1.4491803536113794e-05,0.9999854020875791,5.680784589109334e-05,0.0,8.353572792042439e-08,0.9999431086183831,0.005267411036957554,0.9946589092892069,0.0,7.36729670299806e-05,6.7068039518131274e-09,1.9879802457474276e-05,0.9884260721525837,1.8342544296072687e-09,1.6329227532258842e-07,0.01155388291842789,0.0
1287,0.011714054302117678,0.9882859456978792,3.3265649781380637e-06,1.157747021239449e-11,0.9999966734234441,4.538450588018563e-11,0.0,1.9482200447428256e-06,0.9999980517345727,0.999988626283852,1.1360414049681154e-05,0.0,4.83258279842323e-10,1.2818837300874495e-08,6.214495366966257e-12,1.8908079584029073e-05,2.4056444052035315e-12,5.859387807152263e-05,0.9999224980337229,0.0
1296,1.544361834509323e-06,0.9999984556381621,0.04664014167526822,3.8272593781781235e-13,0.9533598583243549,1.0168127990242635e-12,0.0,0.021085433029473792,0.9789145669695145,0.9999717616727133,2.8150260394152995e-07,0.0,2.0715570361803914e-13,2.795682447492782e-05,1.8157964090062788e-14,2.6368288171191077e-07,1.894975365309513e-06,0.008238188305784194,0.9917596530359438,0.0
1297,0.9999996368348738,3.631651233966322e-07,2.352234384627895e-10,0.9840604580850704,0.015939541679705026,0.9949018591384369,0.0,9.211673151135859e-11,0.005098140769447109,7.490778039783286e-09,0.9999564716969435,0.0,4.352081063358611e-05,1.6446560844706862e-12,7.095865119947348e-05,0.999928536355057,2.70262855425558e-09,4.923089209768236e-15,5.022911108841594e-07,0.0
1298,0.019903967793682913,0.9800960322063142,0.0029234533637989557,1.7889890509949627e-16,0.9970765466361999,7.420367021687031e-16,0.0,0.0025492407000391685,0.9974507592999625,0.16738244223276913,0.8301094762163644,0.0,4.834762818626624e-15,0.002508081550862527,4.877679004138189e-24,0.7424902359351206,0.0001717026113421752,0.007307871388154562,0.25003019006537586,0.0
1306,0.9999785223869588,2.147761304455292e-05,8.113360512278398e-09,9.143441016783972e-12,0.9999999918774947,3.335314380332968e-11,0.0,7.295936222784357e-09,0.999999992670709,0.9643802061252268,0.01832063221978823,0.0,0.017299161073992236,5.809951678918895e-10,1.6858433697923612e-12,0.0005538756679220774,3.408852432946254e-11,2.9154295015772594e-10,0.9994461240047603,0.0
1307,0.9999999685057195,3.149427738823099e-08,7.79786728294888e-12,0.185609103696645,0.8143908962955555,0.5227272645605819,0.0,4.258916360487778e-12,0.4772727354351595,0.001727394277515104,0.031081566105610813,0.0,0.9671910396168445,2.9441405198964855e-14,0.8317869184965164,0.07063184233360542,6.1921452678620926e-15,4.6944818785456586e-11,0.09758123912292754,0.0
1311,0.01038664026777466,0.9896133597322185,3.6314954697933273e-07,1.142003751514758e-11,0.9999996368390305,2.451320184878228e-11,0.0,1.5974917309662817e-07,0.9999998402263145,0.9999999996036237,3.891391312441179e-10,0.0,2.8867451018454682e-12,4.353473566222854e-12,5.488697073183494e-14,1.726798388718433e-10,6.503181920012568e-17,1.0105849235624754e-06,0.9999989892423421,0.0
1312,0.28276091628676875,0.7172390837132295,4.863346971080923e-06,2.0447471134671393e-09,0.9999951346082823,1.4118708085225999e-08,0.0,3.973429346256941e-06,0.9999960124519511,9.659137210988584e-06,0.9999901944023007,0.0,2.9365718873362376e-18,1.464604823048454e-07,1.0826772554501776e-18,0.999991284701302,1.3512380148870167e-07,7.637604664672907e-08,8.503798851932424e-06,0.0
1317,0.9999999999999929,8.37432376067734e-15,1.963129313541045e-22,0.9999996832401661,3.16759832653213e-07,0.9999998558411602,0.0,7.21693611599838e-23,1.441588405359828e-07,2.220388698764352e-10,9.360741879966977e-10,0.0,0.9999999988418864,7.467781925401602e-26,0.9999999447957622,9.468543192609874e-10,7.767506883470926e-27,2.2107499997202044e-22,5.4257382956208205e-08,0.0
1319,2.7991184165565387e-05,0.9999720088158411,0.04877324843337309,3.1135231439059347e-12,0.9512267515635118,1.4883036246609132e-11,0.0,0.03637729240545736,0.9636227075796667,0.00023567309502913947,0.994558083017527,0.0,1.733853466786045e-21,0.005206243887448019,2.6933405649320387e-22,0.9960391088126095,0.003138462113265878,0.0007308138561314227,9.161521799250271e-05,0.0
1321,0.999999999998991,1.0120676936329437e-12,4.786758151580378e-19,0.9999386878513516,6.131214865054342e-05,0.9999756372024377,0.0,1.4888872813475772e-19,2.436279756111591e-05,1.846811709652364e-08,1.1193038948867513e-06,0.0,0.9999988622279872,4.695047500299698e-22,0.999995388788973,1.2611679515940803e-06,6.678113853661676e-23,3.155265927382576e-19,3.350043074657565e-06,0.0
1322,3.9075428082226464e-11,0.9999999999609201,0.8860951718487751,3.421011511658458e-21,0.11390482815121977,3.91762384419542e-20,0.0,0.8064942163584212,0.19350578364157833,0.10386632630531789,0.004219762324575946,0.0,4.0860862160467907e-19,0.8919139113701129,5.756788875395984e-23,3.802284929958456e-05,2.0332392658515844e-06,0.9999562232092325,3.7207021966123236e-06,0.0
1326,7.038560157004532e-13,0.9999999999992966,0.9998457024590586,1.576301738173095e-22,0.0001542975409397818,1.1448856861107238e-21,0.0,0.9996772289019931,0.0003227710980049364,0.012538492991260194,5.143646001765563e-07,0.0,5.822553847642552e-21,0.9874609926441414,1.2637596602793358e-24,3.191836368801273e-09,7.950136220615016e-07,0.99999809610727,1.1056872727276263e-06,0.0
1331,0.9999995614820245,4.3851797513440957e-07,5.2524975763821e-10,0.054567060013067326,0.9454329394616806,0.26866010696960674,0.0,4.5861439578521176e-10,0.7313398925717769,0.0005971620734205511,0.5451312127497928,0.0,0.45427162516218517,1.4603332897050744e-11,0.10762364488669908,0.8555527792601925,1.661075670648568e-11,2.845484755237317e-11,0.036823575808040444,0.0
1333,3.486901083187877e-10,0.9999999996513083,0.9751386992795369,2.8886460668250434e-25,0.024861300720458033,1.398765433149227e-24,0.0,0.9568521751209486,0.04314782487905094,0.8516105096457741,0.0001028965615096579,0.0,5.40213941481883e-32,0.14828659379271728,2.136571245055742e-33,4.42881530354232e-05,0.0049172507976749874,1.7619330037532346e-10,0.995038460873102,0.0
1334,7.685498746195278e-13,0.9999999999992326,0.9923018763396918,2.0158798447751515e-21,0.0076981236603106025,1.7336132353563828e-20,0.0,0.9805504794723281,0.01944952052766886,0.9966305998995275,2.7247765680780086e-09,0.0,4.491810136746652e-21,0.0033693973756977014,9.755381264350007e-25,4.210868320382198e-11,3.537917960221026e-10,0.9995736373538747,0.0004263622502280905,0.0
1335,1.6945219022107785e-11,0.9999999999830607,0.9996095467523209,1.5236860615772013e-29,0.0003904532476810102,8.839633673602065e-29,0.0,0.9993791647261581,0.0006208352738389609,2.2953766560641955e-06,0.00041274216195646843,0.0,9.197054761677658e-22,0.9995849624613875,3.888854127151472e-29,0.00033368265521384045,0.012326621265596603,0.9873396705938564,2.5485333887608598e-08,0.0
1336,1.9542957707350136e-10,0.9999999998045723,0.9999510992602084,2.5180721023784476e-36,4.890073978727275e-05,1.91008445376644e-35,0.0,0.9999525165588766,4.748344112229432e-05,8.856435564743951e-10,0.0018309652006301366,0.0,2.6751708705993856e-30,0.9981690339137287,3.868648265987612e-38,6.985774397859786e-05,0.9999248522265661,5.290026157811161e-06,3.290495720697272e-12,0.0
1341,0.999999999997307,2.6965015062532566e-12,5.523180372719202e-18,0.9998409897061095,0.0001590102938910938,0.9999479109443287,0.0,1.6768036239351878e-18,5.20890556706393e-05,4.5288245597254006e-09,9.112954434080736e-05,0.0,0.9999088659268369,1.4285981532082485e-20,0.9997859707035164,0.00021364206020572292,2.8234535731135218e-21,4.033599204218588e-18,3.8723628131821644e-07,0.0
1345,0.9999999997630837,2.369132822242715e-10,1.110168053726185e-14,0.9775963786665721,0.02240362133341446,0.9921531557172857,0.0,3.1070948604476207e-15,0.00784684428270834,7.879973854161636e-06,0.0001953698635306319,0.0,0.9997967501626143,3.027588852092552e-18,0.9979979303395526,0.0005583934164484937,5.99604149674518e-18,3.587714675741027e-15,0.0014436762439922197,0.0
1351,0.9999999997779625,2.2203406963574108e-10,1.5880042222849958e-14,0.9992488449310145,0.0007511550689717508,0.9997490435470103,0.0,5.380974537560826e-15,0.0002509564529862489,1.5431724324985352e-07,0.008178064698155149,0.0,0.9918217809845989,2.500775613780117e-16,0.9941148044097018,0.005863275486267916,2.0832686231759828e-14,7.452030217511372e-17,2.192010400949778e-05,0.0
1352,1.0769413981786117e-05,0.9999892305860203,0.01304555896736517,1.2131599636877363e-19,0.9869544410326416,3.0241995587557606e-19,0.0,0.006361710978091748,0.9936382890219101,0.9999976124150091,6.638761709579491e-07,0.0,5.819937529668219e-13,1.7237082332067343e-06,5.6426546489162885e-22,4.832857535270132e-07,1.5059272053870633e-07,0.00038437985721518795,0.9996149862643162,0.0
1353,1.0886691439207952e-22,1.0,0.9999999999717772,8.153012925732046e-56,2.8220855468346192e-11,8.584522490514992e-55,0.0,0.999999999924583,7.54125606036754e-11,2.4965154420035517e-09,5.728459491817609e-16,0.0,8.576606850168617e-39,0.9999999975034868,2.3801129035253758e-57,9.495697241788002e-17,0.0001183270271375146,0.9998816729726812,1.8055086444113356e-13,0.0
1361,3.460623246363329e-27,1.0,1.0,6.908926056526843e-62,6.070872655079898e-22,8.837735365583706e-61,0.0,1.0,1.957472399217557e-21,2.0442132514154375e-18,2.2125641211453683e-19,0.0,2.6285122014852914e-54,1.0,3.5008721193211393e-72,2.256577574233949e-20,0.00023056998575165863,0.9997694300142456,9.606580155001238e-24,0.0
1362,1.7824380363675203e-16,1.0,0.9999993989115511,9.152652620195608e-29,6.010884494502584e-07,7.778832965906575e-28,0.0,0.9999988644663825,1.1355336112536807e-06,1.9868426651605897e-06,4.1432537373443e-09,0.0,1.8016167679221474e-27,0.9999980090140848,5.1491281917741115e-30,1.1633528488737905e-09,0.001180458350329872,0.998819529506103,1.0980221182531931e-08,0.0
1364,7.571331372959762e-06,0.9999924286686259,0.15818435312775153,1.9513753544300727e-12,0.8418156468702942,6.2557678513312035e-12,0.0,0.11904764534870999,0.8809523546450361,0.0014407207224193547,0.9542471663879866,0.0,6.897817036815905e-12,0.044312112882699685,2.535969103111031e-13,0.9074507122331723,0.00031743212945021686,0.09200036702631557,0.0002314886108117038,0.0
1365,0.9936191937625929,0.006380806237405151,4.710400904719228e-07,1.7387349499840074e-05,0.9999821416104127,0.00015220728409155124,0.0,5.66933537308686e-07,0.9998472257823684,3.252982026729026e-06,0.9999967414000196,0.0,3.491189151551778e-15,5.617950701933593e-09,9.869814865432916e-16,0.9999797229165226,1.0276527969063045e-08,9.736744716526805e-10,2.0265833271745898e-05,0.0
1369,0.9999532517855153,4.674821448418557e-05,3.7173066828991936e-07,0.01052659643223522,0.9894730318370972,0.029759790737375655,0.0,3.6650498284800235e-07,0.9702398427576431,3.6574943386762528e-09,0.9999999448252284,0.0,5.149839743705439e-08,1.8881026857954424e-11,3.0564156655987444e-08,0.9999999678779693,7.425673059326079e-10,7.876036271573456e-13,8.145192672008481e-10,0.0
1378,1.0676259033916261e-28,1.0,1.0,1.922646994807859e-48,3.9174755901734944e-22,9.81637275572616e-48,0.0,1.0,5.863677747391488e-22,1.580746260675315e-15,1.3981820178239297e-14,0.0,6.2294204971508915e-49,0.9999999999999858,1.2561626139306969e-51,1.4539716676198374e-15,0.9999999999994031,5.9340253062936e-13,2.126076448863829e-26,0.0
1383,0.9985884216917278,0.0014115783082690595,1.5763279517535217e-06,0.00019795100029566435,0.9998004726717558,0.0007469941192772363,0.0,1.5262688853344692e-06,0.9992514796118384,5.446332039437831e-07,0.9999989642214295,0.0,4.892385421687183e-07,1.906825567015125e-09,3.030641929518548e-07,0.9999987439368853,2.4375107896179955e-08,3.0577994927355296e-10,9.283180362562595e-07,0.0
1388,0.5410396745167664,0.45896032548323495,5.328723633460979e-05,5.875808401338283e-08,0.9999466540055846,2.9536366654957555e-07,0.0,4.9774651980271496e-05,0.999949929984352,3.6118236505512417e-06,0.9999954717619695,0.0,4.064635838916918e-17,9.164143767681104e-07,6.800624153667519e-18,0.9999813868619291,1.6201553485078701e-07,4.868201321231141e-07,1.796430240630162e-05,0.0
1393,0.9999999999999076,8.996742943866512e-14,1.1086302954401726e-19,0.9999985563267135,1.4436732889430383e-06,0.999999247587289,0.0,6.13510665142473e-20,7.524127092895775e-07,3.533739113897342e-11,0.00011396993361183124,0.0,0.9998860300310489,2.5207050835572825e-21,0.9998846488278658,0.00011535053312283788,1.0614473697821911e-20,1.387343089294037e-20,6.390113201535588e-10,0.0
1397,0.9999999999973923,2.6084977783986783e-12,7.855852568576452e-17,0.99987531307083,0.00012468692917138634,0.9999425690658013,0.0,3.778841531677224e-17,5.7430934198769914e-05,1.3525553151160634e-09,0.00895048767010946,0.0,0.9910495109773343,3.997894977488343e-18,0.9868168466154363,0.013183130319607515,3.409207464025887e-18,1.0899962137869619e-17,2.306495732405447e-08,0.0
1405,1.0,3.703901309148947e-17,2.591733465403979e-25,0.9999999797611994,2.0238801309583987e-08,0.9999999847563467,0.0,1.6771170484671686e-25,1.524365447046578e-08,8.548498967198544e-13,2.124578524705829e-09,0.0,0.9999999978745677,1.7220492931977342e-28,0.9999999940953934,5.5128996634117896e-09,2.2447371940776587e-28,1.6427615527902492e-25,3.917071209170322e-10,0.0
1419,0.9999999970912654,2.9087324551894426e-09,2.5368726859046237e-12,0.9993706541944798,0.0006293458029803438,0.9998235297058338,0.0,1.0899459902534006e-12,0.00017647029307601536,3.375504301620342e-13,0.9999800340005098,0.0,1.9965999144772637e-05,1.1409973171363152e-14,3.1132324929241234e-05,0.9999688676658235,5.36134945786163e-12,7.004843279768046e-18,3.889143376818021e-12,0.0
1424,0.9999825783166274,1.74216833739502e-05,6.268483442789464e-08,0.009651139127532255,0.9903487981876362,0.037214760811453015,0.0,5.0031986747372496e-08,0.962785189156561,1.193892295860215e-07,0.9999998805960431,0.0,3.4948424910719254e-13,1.4377651048733734e-11,9.31827042664468e-14,0.9999997660332117,3.338928860008665e-11,2.6659414440068428e-11,2.3390664447527494e-07,0.0
1426,0.999999999260929,7.39073847017227e-10,3.0753762500165755e-13,0.9994192086115105,0.0005807913881825664,0.9998651431358664,0.0,1.1027216465982975e-13,0.00013485686402475835,1.3363624004057963e-11,0.9999999999639826,0.0,2.264173956943087e-11,1.2328110693585427e-14,2.573761965223377e-11,0.9999999978390335,9.663362194012797e-13,1.0036185444863811e-16,2.1342610972742066e-09,0.0
1428,0.99999999510554,4.894457634702964e-09,8.821023342995655e-13,0.9982565577780874,0.0017434422210295003,0.9995579273558511,0.0,2.751031620320077e-13,0.00044207264387174244,2.0492463278088146e-06,0.25137416485346026,0.0,0.7486237859000969,1.1503826719405405e-13,0.8048246252904345,0.19513549681052147,4.708747302581832e-12,1.5831596255923618e-14,3.9877894317973556e-05,0.0
1430,0.9999994068498008,5.931501959464719e-07,3.1773990936543637e-09,0.09712047732226126,0.9028795195003417,0.30499220672523236,0.0,2.947488265252728e-09,0.6950077903272791,2.1815227979177158e-08,0.9997984082234125,0.0,0.00020156995808579974,3.2770782657774873e-12,0.00013084069262658457,0.9998685264607721,2.0043565500750685e-11,1.60785881693595e-13,6.32826395947823e-07,0.0
1431,0.0,1.0,0.0,1.0,0.0,0.0,1.0,0.0,0.0,0.0,0.0,1.0,0.0,0.0,0.0,0.0,0.0,0.0,0.0,1.0
1433,5.300591085844262e-16,1.0,0.9999821953408313,1.046382434192276e-28,1.7804659163732746e-05,1.172412922466904e-27,0.0,0.9999582019797292,4.179802026444492e-05,0.008460040216719582,2.477258309763942e-10,0.0,3.882719314349493e-26,0.9915399595355516,2.8683345649931434e-30,1.0410568088699805e-12,9.473328238469183e-07,0.9999985701110594,4.825550782394139e-07,0.0
1435,6.959745116364552e-06,0.9999930402548823,0.9135823295113512,1.5242041104001904e-18,0.08641767048864538,7.467100228605784e-18,0.0,0.9111329078487443,0.08886709215125997,8.556847419738373e-08,0.9962259053040416,0.0,8.27854158544453e-22,0.0037740091274905603,3.0763494689342375e-22,0.9867036651645159,0.013291234225977971,5.069785620561581e-06,3.0823883243060244e-08,0.0
1441,1.2816522737070581e-14,0.9999999999999858,0.999999996931848,5.8193734933704414e-30,3.0681512260715376e-09,3.7557116461010967e-29,0.0,0.9999999961898425,3.810163345957021e-09,8.764644707600824e-12,0.7955898072422612,0.0,2.134940346906739e-30,0.2044101927489791,2.651827351613257e-31,0.9605529098708018,0.0394470900648024,6.362862115849665e-11,7.629467558407134e-13,0.0
1445,6.035845646241248e-16,1.0,0.9999996754685541,4.736244933192091e-29,3.245314459379073e-07,6.00038049343601e-28,0.0,0.9999993224050194,6.775949874294982e-07,1.2262611271436068e-07,9.844192639406624e-08,0.0,4.340278273103094e-28,0.999999778931961,2.372691836167153e-30,1.8367029614341884e-08,0.0003963481027779302,0.9996036335236419,6.5511890222258066e-12,0.0
1451,1.9773145798993093e-17,1.0,0.9999999999461266,1.794717371655157e-31,5.386636079290324e-11,1.9280922783182996e-30,0.0,0.9999999999339195,6.607898696246898e-11,3.470533775608882e-18,1.9495547630510221e-07,0.0,8.701514217294367e-45,0.999999805044529,1.7765514438660925e-47,1.106167419160559e-09,0.9999999988938271,2.8101811415308185e-17,1.2213184601042421e-23,0.0
1457,0.9987207980989055,0.0012792019010919606,1.1385177636207408e-06,0.00014013336221613645,0.9998587281200221,0.0006733355531807835,0.0,1.2768685424973634e-06,0.9993253875782798,2.0691302583521864e-08,0.999999975243583,0.0,3.840790172620778e-09,2.243229510475379e-10,4.777787027568659e-09,0.9999997603245635,1.2096250837475243e-07,1.6836858479772585e-12,1.1393345824930731e-07,0.0
1462,0.9999999999999964,3.116099584583608e-15,1.175225207138452e-22,0.9999999875397876,1.2460211518837076e-08,0.9999999958183388,0.0,5.379321994276411e-23,4.181662209579755e-09,2.07438577585647e-13,1.6271340334408512e-06,0.0,0.9999983728657598,3.825328236587938e-24,0.9999986994174892,1.3005445189540081e-06,8.068964099492619e-23,1.5701870664606053e-24,3.799254412544584e-11,0.0
1463,0.9999551550493541,4.4844950648237945e-05,1.719848896043774e-09,0.00017320145756689697,0.9998267968225869,0.0005156778517253554,0.0,1.3567447557720951e-09,0.9994843207915326,0.24862412656622812,0.6889758893526119,0.0,0.062399983514433155,5.667295591413305e-10,0.0014443733922897886,0.07478187898712842,2.482473325174168e-12,1.0752335612422136e-08,0.9237737368657618,0.0
1465,0.8661329839279225,0.13386701607208043,0.0005431042407237592,2.2942622370131856e-05,0.9994339531369045,9.590947843166857e-05,0.0,0.0006130458225476297,0.999291044699021,5.446690843147779e-08,0.9999993764004483,0.0,5.26528679640229e-09,5.638673579752789e-07,1.8914192112217227e-09,0.9998024406290903,0.00019739148603572945,3.2012044149696465e-10,1.6567333278159048e-07,0.0
1467,1.0,1.219595873310027e-16,6.862184432793123e-25,0.9999999929873766,7.012624605671127e-09,0.9999999969969409,0.0,3.1847910950028426e-25,3.003059250200138e-09,5.163924050480339e-13,2.9922413795439236e-09,0.0,0.9999999970072437,1.3059210542247477e-27,0.9999999961384063,3.4233314614417956e-09,2.6528233339771845e-27,9.582833883182103e-26,4.3826231520630465e-10,0.0
1472,4.038619898780544e-22,1.0,0.9999999999994174,4.258053747483136e-45,5.801997714611566e-13,6.798902544829577e-44,0.0,0.999999999999261,7.357703582434058e-13,5.688089823778708e-17,5.547543621524812e-12,0.0,8.400937430710545e-57,0.9999999999944578,2.2014197436450637e-59,3.976342425147732e-13,0.9999999999996021,1.8455874902233046e-15,7.671214380904036e-20,0.0
1481,4.8403078048563756e-15,1.0,0.999970105586926,2.1294612766439536e-33,2.989441307833641e-05,2.867897593329684e-32,0.0,0.999945739129985,5.426087001794286e-05,0.0003108460220592433,1.8254579075165603e-08,0.0,1.3548071296709668e-24,0.9996891357233558,5.76658728795801e-35,1.8337333474911098e-09,5.0714068585987403e-05,0.9999489116318627,3.724658197714402e-07,0.0
1485,8.86459748547691e-07,0.9999991135402503,0.2032923141230814,3.713119832131604e-21,0.7967076858769205,1.6562940272172138e-20,0.0,0.154292387509143,0.8457076124908542,0.013419542397924372,0.8499390751280311,0.0,1.0935491937269398e-12,0.1366413824729542,1.3384264895347568e-21,0.9527176554128735,0.00664139573824526,0.0387920793842347,0.001848869464645167,0.0
1486,9.553727569141765e-06,0.9999904462724335,0.03420139593648479,1.003397501705447e-12,0.9657986040625083,6.904839457814497e-12,0.0,0.029102695416298577,0.9708973045767935,0.0006429173685495278,0.9934674400793027,0.0,4.094657028368496e-12,0.005889642548052014,1.5399785921366974e-13,0.9539336818652746,7.214345915906475e-06,0.04597629596605107,8.280782260116597e-05,0.0
1487,7.031476787713402e-10,0.999999999296854,0.99945651766698,1.9532536807536721e-28,0.0005434823330220669,1.3852070190923926e-27,0.0,0.9993726547172281,0.0006273452827707833,2.8969749050821312e-08,0.031092608393535885,0.0,1.2495143199645753e-21,0.9689073626367162,6.335337636027025e-30,0.23102623112085446,0.702066086859457,0.06690767835589466,3.663792067867038e-09,0.0
1488,0.9999999999800409,1.9958058586817544e-11,2.1894930513968223e-16,0.9999191195371713,8.088046282541689e-05,0.9999746645950314,0.0,8.80770527031103e-17,2.533540496962989e-05,3.7594783158520756e-10,0.0016498068528040955,0.0,0.9983501927712471,6.4115479384111245e-18,0.9974799611905484,0.002519932893191233,2.951091279298959e-17,1.2214760380399467e-18,1.0591625895899938e-07,0.0
1492,0.00019952875200301986,0.9998004712479915,0.0008820200778988252,1.5253499505239873e-12,0.9991179799205765,8.164593205032337e-12,0.0,0.0006943858724390965,0.9993056141193983,0.8968934930810714,0.10247639884389806,0.0,4.913846498793676e-11,0.0006301080258914868,2.648052706752426e-12,0.08219648065518338,1.4978672338479595e-05,0.0043336895617985755,0.9134548511080353,0.0
1493,1.0,1.0884849505922901e-18,3.2764881172234135e-28,0.9999999999037996,9.619982748176997e-11,0.9999999999613642,0.0,1.5923436289965442e-28,3.8634689119067537e-11,1.351674299161295e-15,3.5881794181822987e-10,0.0,0.9999999996411795,7.6261715137333535e-31,0.999999999700659,2.9779013541386947e-10,3.3052433932606056e-30,1.6647477006812876e-29,1.5504169714823196e-12,0.0
1496,0.00011343746550739807,0.9998865625344892,0.030227061455120916,1.5904097524882955e-11,0.969772938528975,6.97596919763356e-11,0.0,0.027798647173008267,0.9722013527572329,0.0008990238472759106,0.9824811038380665,0.0,5.698573527184966e-12,0.01661987230895971,8.391378323704166e-13,0.98847446044964,0.00746743474754921,0.0013240381464801703,0.002734066655492832,0.0
1497,1.6376356384561178e-18,1.0,1.0,2.6167414212063155e-37,4.2015500366629897e-16,3.4391763259735266e-29,0.0,1.0,7.245151254314537e-23,2.304703517358819e-28,0.9993584768457155,0.0,2.353733681387561e-33,0.0006415231542860941,1.225994020091118e-41,1.4972644566343132e-16,1.0,9.116704237358717e-30,1.3152573372072445e-28,0.0
1498,0.9999999999354046,6.459843954499185e-11,8.827932239245142e-16,0.9991349963011832,0.0008650036988126057,0.9997495832719413,0.0,2.8225092403409226e-16,0.0002504167280561412,2.7344192219124017e-08,0.00026675022954481394,0.0,0.9997332224262627,6.141080264082483e-18,0.9994640957850004,0.0005291845550511013,2.821248740795153e-18,8.527935406051124e-17,6.719659951269314e-06,0.0
1499,5.179584130129977e-17,1.0,0.9999991802995416,2.0334853444609493e-30,8.197004588125434e-07,2.3594247485871398e-29,0.0,0.9999981107588678,1.8892411311126432e-06,4.550052943999836e-05,2.177222579949423e-09,0.0,3.435509529078179e-29,0.9999544972933353,1.1759247049872475e-32,1.0167124436263441e-10,6.026558915319651e-05,0.999939730583292,3.725881629799194e-09,0.0
1501,0.05874415620460139,0.941255843795396,1.3338450030566955e-05,5.1936844196890265e-09,0.999986656356288,1.691515470230074e-08,0.0,8.209059140753159e-06,0.9999917740257064,0.9975315860809608,0.002467745285306734,0.0,1.3609406345124835e-07,5.325396715330527e-07,2.0985481242287892e-08,0.0073103178195684584,2.6692390639441954e-09,0.00132927653410041,0.9913603819916098,0.0
1502,3.1121389666787467e-43,1.0,1.0,5.057905672297919e-72,3.860212337276879e-31,7.520726240617694e-71,0.0,1.0,9.864821830066846e-31,3.630876439954553e-30,9.528293760638101e-27,0.0,8.48592011981258e-66,1.0,4.5304417907237306e-74,9.922913409059554e-34,1.0,1.9453988374275492e-17,9.738731218235707e-34,0.0
1503,0.9999999994259454,5.740569912343646e-10,8.716931385922646e-14,0.9850734837443181,0.01492651625559366,0.9954827572500153,0.0,2.9472948940476506e-14,0.004517242749955875,2.1386077869621115e-06,0.0005353983554504038,0.0,0.9994624630367609,4.288843419168486e-16,0.9973742704451908,0.0018374381805664026,1.4257405488359924e-15,3.2750370637515588e-15,0.000788291374236173,0.0
1504,1.7666471565346268e-07,0.9999998233352813,0.9727140380333285,2.879822506935812e-15,0.0272859619666705,3.275997670075519e-14,0.0,0.9732871572383208,0.026712842761643655,1.3798839777342695e-06,0.9338738288167368,0.0,2.3252360124396998e-17,0.06612479129928717,1.1805814422205828e-18,0.22054887830070583,0.7793856357154536,6.516585407512154e-05,3.201297663607015e-07,0.0
1516,0.9999999972724609,2.7275372000661474e-09,1.5748955505110003e-12,0.9963439009957616,0.0036560990026664546,0.9987877771655393,0.0,6.56034642808917e-13,0.00121222283380633,1.2990331681802887e-09,0.9974092526712952,0.0,0.0025907460296287917,3.9398264561299675e-14,0.0026221641934702344,0.9973777816127773,6.811390542186585e-13,1.8962742433847804e-15,5.419307238034604e-08,0.0
1517,0.9999999999998721,1.2710348841531415e-13,6.095588041520671e-20,0.999995157554438,4.842445563757299e-06,0.999997874708497,0.0,2.6732228481493264e-20,2.1252915037134935e-06,1.448474697327724e-10,6.941682002578028e-06,0.0,0.9999930581731499,3.041990637027144e-22,0.999990841318508,9.140254202079036e-06,7.528287014727324e-23,8.816724652001345e-21,1.842728904060162e-08,0.0
1518,0.002478158141176853,0.9975218418588216,0.0020979723130292336,3.9209793290814634e-09,0.997902023765989,1.490889551606918e-08,0.0,0.001454437955791205,0.9985455471353152,0.0052902537042326956,0.9942428398644824,0.0,2.6618993560291397e-16,0.00046690643128278797,5.1420613271186e-17,0.9955153857303076,0.00010564291925846399,0.0008737882316310488,0.003505183118801696,0.0
1520,0.9999999999717346,2.8263295457623418e-11,4.625469803687427e-16,1.7730319076851043e-12,0.9999999999982236,3.0531154008849483e-12,0.0,2.620683899238178e-16,0.9999999999969447,0.9999999999912035,5.570967019432436e-12,0.0,3.2254268028161494e-12,1.7747529949844025e-18,1.5215847812852785e-13,1.0277154531856753e-12,1.4667240578582375e-19,1.796449186255344e-16,0.9999999999988205,0.0
1521,0.0002502029282906488,0.9997497970717095,0.0005795465655171599,1.0932019754665088e-19,0.9994204534344809,2.2891378048092336e-19,0.0,0.00027000115898242745,0.9997299988410195,0.9999998177814031,1.262816427100264e-07,0.0,2.3973906561005e-19,5.593695214820543e-08,3.8458819349330235e-21,1.1097569132789188e-07,2.6960673479976272e-11,5.4976597957465406e-05,0.999944912399392,0.0
1523,0.9999999999999716,2.891678094386495e-14,1.1942961026609803e-21,0.9999995559762658,4.44023732665825e-07,0.9999997859133438,0.0,4.878131747050338e-22,2.1408665709893287e-07,1.8991740355487072e-10,9.530864882024099e-09,0.0,0.9999999902792176,6.972062427435077e-25,0.9999999196072157,1.0009804691199403e-08,3.371593472266276e-25,2.8891566945683687e-22,7.038297868267202e-08,0.0
1525,0.9999999999999751,2.5121071170607166e-14,2.0570412448745184e-20,0.9999974940198932,2.5059801073530948e-06,0.9999992382079117,0.0,7.23252582391205e-21,7.617920867592145e-07,5.3985427529223095e-11,1.7770041546371233e-05,0.0,0.9999822299044684,1.8437742707914356e-22,0.9999707020189434,2.928614524308558e-05,1.566242961435032e-22,4.543976661020083e-21,1.1835814327387225e-08,0.0
1526,0.9999999137958789,8.620412311199984e-08,3.220871452552672e-10,2.836488111135181e-09,0.9999999968414244,7.635245850792325e-09,0.0,2.7627030983539954e-10,0.9999999920884832,0.0013641787256389517,0.025918718448228354,0.0,0.9727171028235856,2.5484137240993766e-12,1.954859683609192e-06,0.21950127129178432,9.358058453028267e-13,9.994641115398448e-10,0.780496772848135,0.0
1530,0.8725832569925654,0.12741674300743447,1.3994827219459368e-06,9.815119300909527e-09,0.9999985907021608,3.850055802749024e-08,0.0,1.215869513395239e-06,0.9999987456299289,0.19318321874959163,0.8068149313821612,0.0,4.2159085738220884e-07,1.4282773921578682e-06,4.4472500054274506e-08,0.6246649977887413,1.8936231956706554e-08,9.980671867221969e-06,0.3753249581306609,0.0
1531,0.9991304529542148,0.0008695470457828228,1.959490410278872e-08,4.077150436560655e-05,0.9999592089007315,0.00012279467632951303,0.0,1.3063115400310604e-08,0.999877192260556,0.9977845595357661,0.0006402836140576987,0.0,0.0015751567890464303,6.112651393473154e-11,2.799384516499489e-05,0.00010268485018167355,8.476429534556101e-14,3.9312838877752494e-08,0.9998692819917312,0.0
1533,5.081049044232803e-07,0.9999994918950973,0.006256707791806554,4.135447295004188e-14,0.9937432922081525,1.7279386728853094e-13,0.0,0.002519433603255844,0.9974805663965732,0.9999999548909112,5.250401214228188e-10,0.0,1.6832913712587403e-23,4.4584048010321036e-08,4.940248321548876e-24,6.560036316508815e-10,1.066958341780505e-09,0.001210545624838338,0.9987894526521998,0.0
1541,1.0,1.391044028554232e-18,3.0222593411508306e-28,0.999999999782549,2.17450553416545e-10,0.9999999999035865,0.0,1.3973000579620274e-28,9.641440663088178e-11,5.480971749993073e-15,2.7952333365989074e-10,0.0,0.9999999997204725,5.067849571984421e-31,0.9999999997885531,2.0803812453542746e-10,4.142462586958519e-31,5.587774273200973e-29,3.409477920655714e-12,0.0
1542,0.23556462974806883,0.7644353702519278,9.49820866457608e-06,3.951545995954603e-17,0.9999905017913336,1.432166661160851e-16,0.0,6.16002156064949e-06,0.9999938399784385,0.21060482556279164,0.789391178800833,0.0,4.747716683467305e-15,3.995636371464656e-06,4.920725996191117e-16,0.9005966170514014,4.255175902286505e-08,0.00010509220512498848,0.09929824819171536,0.0
1543,0.9999999854324955,1.4567501011741149e-08,2.3419233573031563e-12,0.9297523752172674,0.07024762478039169,0.9790516001100379,0.0,5.916134407616662e-13,0.02094839988937034,3.634074475544163e-06,0.060084306213511116,0.0,0.9399120597119981,1.165918601031145e-14,0.8800351526749138,0.11983171365924379,5.492992003087986e-15,7.46333530655912e-13,0.00013313366509160076,0.0
1544,0.9999998529651927,1.4703480712536e-07,1.9272705631177655e-11,0.01916159302921556,0.9808384069515123,0.06533111583803174,0.0,1.5368069796143847e-11,0.9346688841465998,0.0012955146399705611,0.09829326423116473,0.0,0.9004112211282419,6.239257143637081e-13,0.33102207031468345,0.5793723897840543,7.674459852160849e-14,1.989218259366636e-10,0.08960553970226619,0.0
1545,0.9995353430523767,0.0004646569476231492,1.9171601786343806e-09,6.9802190701211524e-06,0.9999930178637692,1.3087175254577557e-05,0.0,1.1677108608300036e-09,0.9999869116570367,0.9999292992389613,9.833581870506366e-06,0.0,6.08671719038427e-05,7.2667379504072195e-12,2.487090327318735e-07,4.487159522568509e-07,1.6219761896187061e-15,5.636309403183249e-10,0.999999302011384,0.0
1550,0.9992670809756907,0.0007329190243107294,1.8627315877329294e-08,5.3624432483583194e-05,0.9999463569401981,0.00014800682628207922,0.0,1.2367386272070447e-08,0.9998519808063331,0.5750262218324816,0.40129985221497694,0.0,0.023673908551465558,1.740107230683731e-08,0.0017439848691764752,0.11646194934497683,1.0990478069711798e-11,3.7831485684756317e-06,0.8817902826262913,0.0
1552,2.8155297883100425e-22,1.0,0.9999999999604796,6.058267071299274e-47,3.952368485722638e-11,6.60273765634307e-46,0.0,0.9999999999010001,9.899872352074284e-11,2.17335256120793e-09,9.54115483752921e-15,0.0,1.7826231725999788e-38,0.9999999978266345,1.8121616432388663e-49,9.294703566174885e-16,4.657951866045319e-05,0.9999534204812505,8.488228735834692e-14,0.0
1554,8.347955357119845e-17,1.0,0.9999995943918348,7.419663449289749e-31,4.056081667821864e-07,7.100394782993957e-30,0.0,0.9999992663708346,7.336291598232022e-07,3.452064774030637e-07,8.894714407125998e-09,0.0,2.3254750401965652e-30,0.9999996458988024,1.9313979370360867e-32,6.190336916712867e-09,0.003351206672162184,0.9966487853189354,1.8185685573269576e-09,0.0
1561,0.9999888984164021,1.1101583594469707e-05,2.6395137825072636e-10,2.205488582950329e-05,0.9999779448502221,0.00012613136590983626,0.0,2.0750545399357445e-10,0.9998738684265883,0.3790301971007604,0.6102393227807117,0.0,0.010730480011958837,1.0657176282988682e-10,0.00020333066323346513,0.1214541716273336,1.1556077010507488e-21,4.726643686765805e-08,0.8783424504429955,0.0
1563,1.0070861150276822e-05,0.9999899291388488,0.004198981387114746,2.1356231473429543e-13,0.9958010186126695,9.058503314545271e-13,0.0,0.0029156399046676666,0.9970843600944269,0.006090023603961792,0.9927825617012228,0.0,2.213052451055047e-12,0.001127414692601444,2.014794880132843e-13,0.9939500912143584,6.280615163465688e-05,0.004981986160797435,0.0010051164730062133,0.0
1564,0.9999998952455923,1.0475440631933577e-07,2.369173260589097e-10,0.5563068930221913,0.44369310674089346,0.8622735164252499,0.0,8.996836499295313e-11,0.13772648348478223,9.081962807711105e-07,0.993839508855021,0.0,0.006159582947521346,1.179215681256054e-12,0.0016023984806354007,0.998387868597312,2.1152445512304546e-12,3.48668887698128e-13,9.732919588476243e-06,0.0
1565,0.005097240831367047,0.9949027591686329,0.0017694597502793626,1.6097507390271036e-09,0.9982305386399706,6.487820767546069e-09,0.0,0.001352523316551361,0.9986474701956257,0.0002607285567920443,0.9996655756679519,0.0,3.1602569108377033e-09,7.369261499979111e-05,1.415193088731135e-10,0.9996817921526922,2.3179722137988008e-06,0.0002664887773574757,4.940095622044103e-05,0.0
1567,0.9999999998880611,1.1194491565409016e-10,5.316697366730908e-16,1.3060825810154436e-06,0.9999986939174195,2.9212029410394095e-06,0.0,2.422952675318297e-16,0.9999970787970617,0.9999961864893149,2.7486709491950443e-15,0.0,3.8135106789072523e-06,1.7129233921921248e-19,8.061685060050538e-08,4.657378000369587e-16,1.7343666324969022e-23,6.031436216091831e-16,0.999999919383146,0.0
1568,0.9999999999999929,6.621522870011088e-15,1.0830675747682981e-18,0.008739058247942555,0.99126094175206,0.030125625822293868,0.0,9.127571044365257e-19,0.9698743741777069,0.012712264008891777,1.3275698233083575e-09,0.0,0.9872877346635356,3.8539761170217834e-20,0.10325713599565634,5.230685034515278e-09,1.3215849207041206e-21,2.94527082139939e-17,0.8967428587736622,0.0
1571,0.979856001424301,0.020143998575699082,5.581993075788555e-06,5.384199973994084e-05,0.9999405760071818,0.00015723585723160727,0.0,3.982191668374693e-06,0.9998387819510972,0.9146740423582814,0.0850972610094538,0.0,0.00022736071484254355,1.3359174236438386e-06,1.2144922409117701e-05,0.00398958844109971,7.695358316262822e-07,1.7590114726823032e-16,0.9959974971006589,0.0
1573,0.9999999999998082,1.9259391080850022e-13,3.6744759434947963e-19,0.9999974167661746,2.5832338273381488e-06,0.999999300055112,0.0,1.251504806848991e-19,6.999448885593179e-07,3.3459114760367347e-10,0.00019285863885473703,0.0,0.999807141026556,1.3392446287767471e-20,0.9998404390212282,0.00015945965048698595,2.262288204795205e-18,5.014701887852198e-21,1.0132828788587215e-07,0.0
1576,0.9999999972634654,2.7365381214152453e-09,1.0811141851887887e-12,0.9250485022980397,0.07495149770087774,0.9736104906355062,0.0,3.346542416891805e-13,0.026389509364157137,4.9191355810481194e-05,0.0004942599253921685,0.0,0.9994565487187965,1.2551213684191254e-15,0.9899420824251545,0.0016445258195297663,4.2088026396348504e-16,5.856806086212064e-13,0.008413391754728121,0.0
1579,0.9999945959544692,5.404045531489812e-06,1.1036468169483832e-09,0.003340924371717886,0.996659074524637,0.0085576025494382,0.0,8.980028347117444e-10,0.9914423965525588,0.5324778341347469,0.029282518182458323,0.0,0.4382396475984067,8.43897125383163e-11,0.003937296083380617,0.002401123623155145,6.506401023496456e-14,3.775188069776987e-09,0.9936615765182111,0.0
1580,0.8105769014013444,0.1894230985986541,0.000186119862237208,2.1360535461728756e-06,0.9998117440842174,7.869019348556644e-06,0.0,0.0001665995289270051,0.9998255314517243,2.182557715341131e-06,0.9999974357006971,0.0,6.505375491905117e-09,3.7523621389492175e-07,6.8717215819602e-10,0.9999984575590263,8.133918773169514e-07,3.62014491102049e-08,6.921604763873653e-07,0.0
1583,0.999999991160692,8.83931148608963e-09,9.20039707187743e-13,0.9614015698592874,0.03859843013978907,0.9815783750511599,0.0,2.9266853202198823e-13,0.018421624948546062,0.00029170691546316223,2.3263482423529287e-05,0.0,0.9996850296021094,9.573919291861158e-16,0.9832250670041707,5.045577091402014e-05,7.19573112296274e-17,1.1881106905286122e-12,0.01672447722372434,0.0
1584,0.05083891117075082,0.94916108882925,3.18672987204787e-05,6.398565701264273e-10,0.9999681320614229,2.2339798519456303e-09,0.0,2.3656779215089888e-05,0.9999763409868084,0.00032701646850431365,0.9996634840425511,0.0,8.232244733636437e-09,9.491256696512653e-06,5.07205707804036e-10,0.9997791776721681,6.4067115462840886e-09,0.00015565387537948343,6.516153853167716e-05,0.0
1585,2.0788696036450224e-15,1.0,1.3339323353846588e-09,2.8725595218302334e-15,0.9999999986660697,2.607857344966093e-22,0.0,7.867266831066624e-10,0.9999999992132729,0.9999999998726423,2.477767700767829e-11,0.0,3.139414703521104e-22,1.0258036517108736e-10,1.771152411489061e-23,3.7352745286465435e-11,1.2777824908729966e-12,0.9999999982159977,1.7453700880178949e-09,0.0
1589,2.9816028374233195e-19,1.0,0.9999964618339655,1.4522729988319413e-27,3.53816603137741e-06,1.019121232243496e-26,0.0,0.9999961863672513,3.813632746235406e-06,7.408311941553996e-18,0.016862768868323063,0.0,1.880186860636688e-38,0.9831372311316832,1.552293916884995e-40,0.00011161551033829274,0.9998883844896554,3.197291620109145e-15,1.6089494474506478e-20,0.0
1596,0.9999999999997513,2.500693956296174e-13,2.311852319159914e-20,0.9999970120501747,2.987949824236029e-06,0.9999987651556544,0.0,8.318662169601375e-21,1.2348443469877312e-06,1.2904731916630912e-09,3.7714109939228024e-08,0.0,0.9999999609954181,3.5887035891368254e-23,0.9999998416879575,4.104799272770709e-08,1.5161999549502375e-23,6.323301104577905e-21,1.172640491890369e-07,0.0
1601,0.99999999805177,1.9482315984894728e-09,5.200550020482837e-13,0.9934031213359666,0.006596878663514149,0.9987774873264963,0.0,1.2524102834794486e-13,0.001222512673381544,1.0175793963580637e-06,0.14195687195422527,0.0,0.85804211046635,2.878614879024556e-14,0.8381870192107125,0.16172997864130448,3.044184701306269e-13,9.891880308253746e-15,8.300214766592964e-05,0.0
1606,6.857689380860595e-09,0.9999999931423105,0.4798729504177488,8.656267709451009e-17,0.5201270495822508,4.974051734749388e-16,0.0,0.27871529529670475,0.7212847047032928,0.9998145575501886,4.887276718014271e-08,0.0,1.7611825609356472e-16,0.0001853935770428663,9.406903337771645e-18,7.827532447430184e-08,7.838908210597042e-07,0.7933501212292237,0.2066490166046321,0.0
1607,0.9999999999998792,1.1811377517138612e-13,3.080750605606875e-20,0.9999901495373893,9.850462610423768e-06,0.9999958518252531,0.0,1.2602157594109441e-20,4.14817474527016e-06,2.1462221982238397e-09,5.980722910491256e-07,0.0,0.9999993997814893,8.721630584644672e-23,0.9999981942354627,9.433940279011127e-07,1.6194548096379296e-23,1.2019108810795503e-20,8.623705077319236e-07,0.0
1609,0.9999999999966747,3.3221037389428686e-12,4.109505576415315e-18,0.9999587639005826,4.123609941608958e-05,0.9999824601302477,0.0,1.3966073611674042e-18,1.753986975269964e-05,2.8471044178033618e-08,4.6303145311038805e-07,0.0,0.9999995084975026,2.2107782222303256e-21,0.9999959695754519,6.952853223158638e-07,4.889658437415578e-22,3.102013687502854e-18,3.335139227108144e-06,0.0
1622,4.600747512607235e-11,0.9999999999539995,0.9999919016244765,5.648873183410373e-36,8.098375523539923e-06,3.414017440565628e-35,0.0,0.9999865662898285,1.3433710175229633e-05,1.1348742249030612e-06,1.5372853955201214e-05,0.0,2.0066459595237123e-21,0.9999834922718239,1.0364959169641746e-37,1.1410330210270409e-07,0.9999883032093888,1.1581964145510911e-05,7.231592344097667e-10,0.0
1623,0.002872103857390069,0.9971278961426042,0.003732966767116049,5.642293092983344e-10,0.9962670326686593,2.666828510264618e-09,0.0,0.0036498670678076005,0.996350130265363,4.3993575867370564e-09,0.9999940851411175,0.0,6.847518800628299e-14,5.910459456511701e-06,9.920702528707024e-15,0.999998778969448,1.1727946395522792e-06,4.7104953620990154e-08,1.1309461956925493e-09,0.0
1624,0.9999999999713864,2.8616489512000814e-11,6.7317305877091e-16,0.9929660711661494,0.007033928833847515,0.9978900620205396,0.0,1.6721894842275405e-16,0.0021099379794597395,1.62877590756668e-05,2.1061319680376748e-05,0.0,0.9999626509212446,6.6777437163256235e-19,0.9980957561084963,2.1657865064217602e-05,1.692568827492593e-19,1.0912833740300565e-15,0.0018825860264358113,0.0
1625,1.0,4.5135820192123776e-17,8.483085009334648e-26,0.9999999967801259,3.219875411170018e-09,0.9999999988157207,0.0,3.6255234361570884e-26,1.1842804670259385e-09,2.1980037109381086e-13,1.4140653005618312e-09,0.0,0.9999999985857144,1.4235984359366672e-28,0.9999999983415755,1.4807694718712302e-09,1.4327781313916089e-28,1.2175209903990226e-26,1.7765574942735917e-10,0.0
1627,0.997693484971392,0.002306515028608871,1.9610996013417967e-06,0.00010138938246906629,0.999896649517929,0.00035357455890395166,0.0,1.779288769386925e-06,0.9996446461523286,1.2857245481625118e-05,0.999980413991783,0.0,6.7148733858523855e-06,1.3889352654959393e-08,1.4975722455379026e-06,0.9999739947025182,4.519174663834284e-08,3.0499171224261064e-09,2.4459483571543032e-05,0.0
1628,0.9999998972038053,1.0279619125111469e-07,9.879716955934193e-12,0.003814763953828351,0.996185236036295,0.017196742987602813,0.0,8.234613432858327e-12,0.9828032570041618,0.03925767882241553,0.013471124615341586,0.0,0.9472711965616206,6.24633250559334e-13,0.024888426432237862,0.0034483133333102576,1.5094174691294616e-22,7.025675465342261e-11,0.971663260164195,0.0
1629,0.9999999999999041,9.70432868264217e-14,3.8556887682789563e-20,0.9999957247763488,4.275223650733127e-06,0.9999984146256143,0.0,1.5032628291406745e-20,1.5853743872779922e-06,9.746825790649099e-10,2.0660685812813867e-07,0.0,0.9999997924184607,5.453062317132352e-23,0.9999992943092518,2.90120844543241e-07,1.9868356474879692e-23,1.1804961547921032e-20,4.1556990522374056e-07,0.0
1631,1.3324132368374918e-08,0.9999999866758671,0.11907733355976821,5.311526160850328e-16,0.880922666440229,2.4059696829610044e-15,0.0,0.06469169301180135,0.9353083069881961,0.9997889031198838,9.131496962786815e-07,0.0,3.4110135414966217e-15,0.00021018373041314893,2.5846869241778104e-17,4.736394349574995e-07,1.5022385972713645e-08,0.9688466474780081,0.031152863860172388,0.0
1632,0.9956571567956689,0.004342843204327636,6.847894138022189e-07,1.0493395666777256e-05,0.9999888218149221,5.0155209401107473e-05,0.0,6.436494045751574e-07,0.9999492011411945,0.07265921282073629,0.9272502277621418,0.0,9.028302602504042e-05,2.7639109671028483e-07,6.983829606624246e-06,0.31630620708949697,1.001813689942381e-08,7.182778569730262e-07,0.6836860807849036,0.0
1633,1.799128572408538e-05,0.9999820087142742,0.0005370205217859835,1.8801621678608044e-13,0.9994629794780234,5.137429007766825e-13,0.0,0.0002582308723018746,0.9997417691271825,0.9999998230376278,6.740771700047653e-08,0.0,1.2739384571965676e-13,1.0955453111527873e-07,9.320391196370234e-15,1.1175690492369924e-07,2.553566833215335e-10,0.0014371173691223047,0.9985627706186072,0.0
1634,0.9999997803671646,2.1963283514709836e-07,3.285322921183355e-10,0.05043223601282071,0.9495677636586481,0.11613985635280878,0.0,2.61409704872436e-10,0.8838601433857801,3.8009463403656514e-05,0.9612496034272959,0.0,0.03871238710561352,3.684051920992918e-12,0.003033631770241298,0.9968013583037143,1.8423145807915598e-14,1.7652583608791403e-10,0.00016500974949892452,0.0
1636,0.025316070824971247,0.9746839291750308,0.0005661450632344186,7.0628686018857315e-09,0.9994338478739005,3.239646872509269e-08,0.0,0.00042963405101802105,0.9995703335525149,7.341066482815015e-05,0.9999228650564863,0.0,9.286738520577576e-10,3.7233500118643148e-06,1.432205612138438e-10,0.9999582184268343,3.1436803660984376e-07,9.815042230505182e-06,3.165201967656883e-05,0.0
1638,0.02380805741085987,0.9761919425891402,0.00016855549134950308,1.6170909363821067e-25,0.9998314445086565,6.278624185064399e-25,0.0,0.00012535671899636217,0.9998746432810071,0.00031444216135314244,0.9996825637623009,0.0,2.774562534913374e-26,2.994076343913335e-06,9.207954027503477e-27,0.999690914396175,1.591702876276432e-05,1.0727659081016381e-07,0.000293061298470542,0.0
1639,0.9999999998502389,1.4976001737941853e-10,8.833436392480843e-15,0.9947794265609881,0.005220573439004943,0.9974460812265049,0.0,3.918314313359603e-15,0.0025539187734924316,6.404678546148246e-07,0.0023418425124492655,0.0,0.9976575170196958,7.692022531162273e-17,0.991800459038928,0.008022400617938203,8.134836323875768e-16,1.8663883413271195e-15,0.00017714034313378655,0.0
1640,0.9999999999998863,1.1404210763392768e-13,3.83677981902873e-20,0.9999847853817091,1.5214618291121444e-05,0.9999945298624916,0.0,1.352605797766553e-20,5.47013750924841e-06,7.47955718448083e-09,5.177629132903502e-07,0.0,0.9999994747575294,2.968681451199643e-23,0.9999967652575621,8.296527176042029e-07,1.5773811977693725e-23,2.104957662787059e-20,2.4050897219453188e-06,0.0
1641,0.9998758351181675,0.00012416488183489153,9.959163704157084e-08,0.0002143168950010275,0.9997855835133607,0.0005627272197652555,0.0,7.781154372183937e-08,0.9994371949686943,0.00021693692549095255,0.998983899205295,0.0,0.0007991604184363657,3.45077467799468e-09,0.0002290163110973563,0.9982609686632699,4.1100299443784265e-09,2.222926465676378e-17,0.0015100109156022845,0.0
1642,2.5995619686322815e-06,0.9999974004380301,0.01799989353512576,2.0910821283899876e-14,0.9820001064648587,7.630715840115402e-14,0.0,0.009743138580845205,0.9902568614190841,0.9990095318262386,0.0004260429161279056,0.0,5.00555983985648e-13,0.0005644252571309911,3.981070161492307e-14,0.0011678610818438213,1.8787344826672441e-06,0.6232353875385969,0.37559487264503316,0.0
1644,3.627353860441825e-24,1.0,1.0,6.504653051047927e-44,1.6377633241938818e-15,7.917552627623687e-43,0.0,1.0,2.6958468557442248e-15,1.0349791887618708e-14,6.543357520674161e-11,0.0,1.110314665379583e-51,0.999999999934559,5.042322318623946e-53,8.081719161068157e-19,1.0,7.299395780101964e-29,6.387186793533071e-16,0.0
1648,0.9757690518713729,0.024230948128633314,5.087608599993787e-09,1.847842861380267e-08,0.9999999764339623,5.290531192187087e-08,0.0,2.0085671798736697e-09,0.9999999450861183,0.999999940343324,2.6017661807349645e-08,0.0,3.363888734171447e-08,1.3042908130964584e-13,7.678568122324873e-10,4.38926574373847e-09,7.72628061030446e-25,1.162615761785592e-08,0.9999999832167178,0.0
1649,1.0,6.471786643954217e-16,5.156558125686158e-32,1.0,3.0697014753810317e-16,1.0,0.0,4.041962592232961e-32,2.27762858865637e-16,2.6355736183527582e-20,1.3099304092954215e-15,0.0,1.0,2.968113440180442e-34,1.0,1.0274993178112829e-15,3.4880736567606048e-34,9.879536338545351e-33,5.868180880623158e-18,0.0
1651,1.0,1.0404036033989007e-15,1.3483407819218252e-23,0.9999999465896728,5.3410327299856024e-08,0.9999999768004353,0.0,5.274527886447864e-24,2.319956449126683e-08,3.6302491246051365e-12,1.528973320878783e-08,0.0,0.9999999847066371,2.1193673970147504e-26,0.9999999771570887,2.1765082121133953e-08,6.823957856281295e-27,1.5002587287653658e-23,1.0778300408843075e-09,0.0
1654,0.9999998528608567,1.4713914108890089e-07,1.190295430788326e-11,0.15452264627363943,0.8454773537144605,0.4875849902606741,0.0,6.044127590541795e-12,0.5124150097332789,0.005276114202468906,0.06016206119554163,0.0,0.9345618246018829,1.068358027636459e-13,0.740184185100435,0.09998441114528785,8.25857393194252e-15,9.572565061524043e-11,0.1598314036585412,0.0
1655,0.028237026127861747,0.9717629738721325,0.0023850226312580546,2.7995402553981897e-08,0.9976149493733361,1.568937445889659e-07,0.0,0.0023245473704105566,0.9976752957358476,0.0003104693665004491,0.9996653324019263,0.0,1.262016291902331e-11,2.4198218954624577e-05,5.3875354130486005e-12,0.9963307632154729,0.0002033882747264283,2.422000158638963e-06,0.003463426504248717,0.0
1659,0.98430077754124,0.015699222458759234,4.682038039647221e-08,7.589906474571336e-07,0.999999194188971,3.2324158189387253e-06,0.0,3.296861956055742e-08,0.9999967346155595,0.9962293753851081,0.003756734617332369,0.0,1.3888072121794043e-05,1.925435108589607e-09,4.703943176914165e-07,0.0008079264999272519,2.1824830012664867e-11,1.6498202448670338e-07,0.9991914381019062,0.0
1662,0.18453212385776063,0.8154678761422464,4.8306076028875374e-06,5.392092073183288e-10,0.9999951688531852,2.175124639517895e-09,0.0,3.326154368571617e-06,0.9999966716705055,0.9920777897612291,0.0079212179136169,0.0,1.2883674836934657e-08,9.794414809807272e-07,5.238406066298236e-10,0.004864198405624922,4.2924003548602336e-09,0.0001093953480990703,0.9950264014300354,0.0
1663,0.9999999306941187,6.930588465585302e-08,4.654290273714594e-11,2.854256138736429e-10,0.9999999996680344,1.7276869584105834e-09,0.0,4.425522711140177e-11,0.9999999982280556,8.555418663099466e-05,0.999914445270898,0.0,5.419776565369534e-10,4.961469214834645e-13,1.639001751759135e-10,0.9986583393028264,6.967234411559151e-14,2.7938386974330633e-12,0.0013416605304128232,0.0
1666,1.0,1.2792263286364123e-15,2.0600670339465964e-23,0.9999999341351136,6.58648878923229e-08,0.9999999757618848,0.0,8.664358478956854e-24,2.4238116401245386e-08,2.9784623847841172e-12,1.1080222975297587e-07,0.0,0.9999998891947922,9.906772100215317e-26,0.9999998859293194,1.1317972159356398e-07,1.697937484906803e-25,3.21269469954192e-24,8.909608473982155e-10,0.0
1670,0.991141059746687,0.008858940253312098,7.828453041017032e-08,4.30716319576072e-15,0.9999999217154669,1.0142539649227464e-14,0.0,5.429647473362473e-08,0.9999999457035159,0.9326604701049541,0.06733950425965114,0.0,7.839749245283771e-13,2.563461267390947e-08,1.0827603056549774e-14,0.01932538048154083,1.1282544498350113e-10,2.3404512521278702e-07,0.9806743853604987,0.0
1672,0.9999999879075574,1.20924458715113e-08,1.892591783505132e-12,0.4878876183003834,0.5121123816977239,0.780948288114957,0.0,6.436170288846129e-13,0.21905171188439998,0.007353865991380328,0.0005104995232027031,0.0,0.9921356344854166,1.6051343046219097e-15,0.6094521896512612,0.0007627664841381916,1.76977741084577e-16,6.355934990566043e-12,0.3897850438582442,0.0
1675,0.39880447346481607,0.6011955265351859,2.2670482357245065e-06,1.849392513241744e-17,0.9999977329517666,9.0464595200311e-17,0.0,1.3936466113638833e-06,0.9999986063533916,0.9833111332685176,0.016688068159830358,0.0,6.272575123240693e-07,1.713141426486231e-07,2.878438594528521e-16,0.012207603245602704,1.0071359999138346e-10,0.00039846793056963345,0.9873939287231128,0.0
1676,0.0990778153247134,0.9009221846752881,5.249614097172648e-05,6.141378593481319e-17,0.9999475038590271,2.3936112278771503e-16,0.0,3.6927269680474716e-05,0.9999630727303157,0.005277074241949015,0.9947114708275369,0.0,3.290809112289231e-08,1.142202242122997e-05,1.0699480768445635e-14,0.9965879133849562,2.1672514665648384e-07,0.00020926137568237944,0.003202608514201243,0.0
1677,0.999986675564155,1.3324435845554766e-05,1.6587853060461632e-11,4.101082797002392e-06,0.9999958989006184,1.7005710093026284e-05,0.0,1.1816122691587498e-11,0.9999829942780883,0.99975036106138,6.209880577420281e-05,0.0,0.00018754013271786167,1.268368135202919e-13,4.099340209399444e-07,1.936319383075024e-06,5.549845920280286e-26,2.800863511303869e-10,0.9999976534665114,0.0
1678,4.867301746902985e-16,1.0,0.9999999947409748,1.745622345798958e-36,5.259024155903984e-09,1.7489027844292654e-35,0.0,0.9999999947003317,5.299675396962906e-09,6.055226725121322e-16,1.2148443417659418e-05,0.0,4.091277874941041e-33,0.9999878515565785,8.159443287217229e-42,5.87849313153603e-08,0.9999999349130512,6.302023443309645e-09,2.3541512326976697e-19,0.0
1681,0.8708512842757266,0.1291487157242727,5.160240042416513e-06,3.4328831565211906e-15,0.9999948397599553,1.1276414039958024e-14,0.0,3.462405839180065e-06,0.9999965375941471,0.9992145993623477,0.0007836223508724537,0.0,1.7122564897469157e-06,6.603029174299308e-08,1.1631395193769059e-15,9.864370518355971e-05,3.2542177402850506e-08,3.3199191649386644e-07,0.999900991760721,0.0
1685,0.0008864518708217515,0.9991135481291736,0.005228377183862663,3.367125355892618e-19,0.9947716228161378,1.899679611449664e-18,0.0,0.004544216811879665,0.9954557831881176,9.264611524189025e-07,0.9999052796957651,0.0,5.765597426511398e-14,9.379384302339536e-05,4.1504838038277545e-20,0.9999883771013978,1.1204430749100534e-05,1.6083569374254032e-14,4.184678389427972e-07,0.0
1688,5.242970741733941e-18,1.0,0.9999995855911271,2.8734462325592127e-46,4.144088750006444e-07,3.041660121857578e-45,0.0,0.9999988297003766,1.170299616579753e-06,0.005359956284393671,2.689767011664754e-12,0.0,6.538802192358486e-37,0.994640043712921,4.312859558754869e-47,2.758493119581124e-13,0.0019660168659041103,0.9980224896211114,1.1493512711963897e-05,0.0
1689,0.6816393586188239,0.31836064138117465,9.359437505266946e-05,1.3191410346934654e-07,0.9999062737108425,5.37694992302813e-07,0.0,9.409210045787145e-05,0.9999053702045491,8.432496276431687e-09,0.9999999484877349,0.0,7.510922195374833e-11,4.300465809095473e-08,1.3571730498933504e-11,0.9999999750985257,1.9517451860695083e-08,3.550698891529101e-09,1.819754659725501e-09,0.0
1690,3.236563521131924e-10,0.9999999996763407,0.8552743134315106,1.41752872143015e-18,0.14472568656849216,1.2793880033980567e-17,0.0,0.6412385315663375,0.3587614684336566,0.9990586327635408,4.2016177986503946e-07,0.0,3.663738547765156e-18,0.0009409470746812428,1.870640476751709e-20,3.8255168534234296e-08,1.0708336304822456e-07,0.9962474207436233,0.003752433917847213,0.0
1693,8.190219825167532e-08,0.9999999180978028,0.8414049411855289,9.080356874737073e-23,0.15859505881446945,8.433492427153766e-22,0.0,0.8278947089828209,0.1721052910171814,0.0010550176144516292,0.6081666474555364,0.0,1.4482660043227727e-15,0.3907783349300104,1.9534247103929136e-24,0.7969010728818783,0.01891515897599592,0.18382381691808378,0.000359951224041933,0.0
1696,0.0005070372862102883,0.9994929627137908,0.0009343211397969503,3.5855734202390855e-10,0.9990656785016423,9.960353121394942e-10,0.0,0.0004937016370747732,0.9995062973668866,0.9999995239785302,1.2498193481546742e-07,0.0,2.734970954785607e-10,3.507660393146246e-07,6.547019972572054e-12,6.605965429773943e-08,1.497221608518589e-10,0.0006406710306218854,0.9993592627534542,0.0
1699,1.0,2.860864691722488e-17,4.5573590716591327e-26,0.9999999990912691,9.087311100315009e-10,0.9999999996024336,0.0,2.033528153325843e-26,3.975666398643612e-10,3.4995690904461847e-14,1.644357209515591e-08,0.0,0.9999999835563927,1.9005052832366933e-28,0.9999999883614521,1.1629185564113638e-08,5.735491322472108e-28,7.699158395553634e-27,9.362697252893139e-12,0.0
1703,0.003777251730465094,0.9962227482695365,0.00042048579031068545,1.0213161379929182e-10,0.9995795141075582,4.611090034194912e-10,0.0,0.00032784403371168745,0.9996721555051787,0.000498837503256079,0.9994294812283493,0.0,1.4514458009153708e-10,7.168112325319569e-05,1.2792974418488393e-11,0.9997683268873843,6.704306040497765e-07,0.00016068753447290928,7.031513474565218e-05,0.0
1705,0.9999851593342551,1.4840665745180782e-05,2.0341158456948214e-09,3.6066623809844556e-05,0.999963931342075,0.00019343101553840578,0.0,1.731297624551688e-09,0.9998065672531633,0.04094297566469653,0.9586462363842325,0.0,0.00041078764243632514,3.0863786030981565e-10,2.4801845514485546e-05,0.1812535532516543,4.897375986175625e-19,1.5480835206425382e-08,0.8187216294219934,0.0
1708,0.9999999858510833,1.4148913150335486e-08,3.3524903323286552e-12,0.08169867714618631,0.9183013228504578,0.29617793115522417,0.0,2.5179777326923544e-12,0.7038220688422612,0.00016372799929234105,0.25752568883102345,0.0,0.7423105831696121,7.487336748840289e-14,0.18113176932726402,0.8090685411497547,2.1230100933072e-15,1.2017864270074902e-11,0.00979968951096212,0.0
1710,0.999999619743272,3.8025672699968456e-07,4.50561953304923e-10,0.5242031304520114,0.47579686909742935,0.8424819605357623,0.0,1.8548306585921263e-10,0.15751803927875735,6.55947534313395e-05,0.0816570229148151,0.0,0.9182773823207668,1.0989051846284706e-11,0.7538882032900992,0.2427939626333923,9.275879363245093e-12,4.233980290667019e-11,0.0033178340248918308,0.0
1712,5.0323025147726074e-14,0.9999999999999432,0.9999991298908617,3.293281800149244e-33,8.701091425906672e-07,2.778804051215729e-32,0.0,0.9999988753668347,1.124633163749265e-06,9.374607216724158e-12,8.31281752468765e-06,0.0,1.4642904450744482e-28,0.9999916871730983,5.9552609769870494e-36,4.1841287012801906e-07,0.9999894503491884,1.0131237877897884e-05,5.695409773219165e-14,0.0
1713,2.377665982666024e-13,0.9999999999997655,0.9999690891201886,1.0184114176089384e-24,3.0910879814834086e-05,6.696320509522197e-24,0.0,0.9999439572520549,5.6042747945554676e-05,1.4443666203427037e-05,1.785597555560474e-07,0.0,2.79410905846514e-22,0.9999853777740431,1.8251849391937726e-25,7.620558287820309e-09,1.529386470519135e-05,0.9999846942763292,4.2384054486114415e-09,0.0
1715,1.0,7.335124940122812e-17,4.264572127467412e-25,0.9999999729710932,2.70289058016845e-08,0.9999999883802388,0.0,1.8359944427656127e-25,1.1619760765817728e-08,4.964379192628514e-13,5.580696016990105e-09,0.0,0.9999999944188076,4.302716536116696e-28,0.9999999921861793,7.478156973495169e-09,5.768569554766634e-28,4.596171609597063e-26,3.356626982399269e-10,0.0
1717,0.8918560643815825,0.10814393561841688,2.1143491586635014e-07,2.6254344029733096e-07,0.9999995260216452,9.90446208498801e-07,0.0,1.4769496094911128e-07,0.9999988618588287,0.9767438287381361,0.023239322242687908,0.0,1.6825632925226463e-05,2.338624976760273e-08,1.5785619989891086e-06,0.010084766548410153,4.563350412989919e-10,5.6591035658187826e-06,0.9899079953296921,0.0
1718,0.9999999999986784,1.3183320887615677e-12,3.605798101596215e-19,0.9999539004793678,4.609952063161115e-05,0.9999811664349091,0.0,1.0481982207605922e-19,1.8833565092827015e-05,1.4035222363562565e-07,5.557210556240018e-08,0.0,0.9999998040756687,1.5630359439986675e-22,0.9999873072316842,5.3166647934201716e-08,1.3690072441664155e-23,4.860834354896991e-19,1.2639601665421072e-05,0.0
1719,0.9999999999999858,1.2883662586739423e-14,9.341299710810297e-22,0.9999995161441644,4.838558364141623e-07,0.9999998378786568,0.0,3.3755162232769095e-22,1.6212134455731092e-07,3.593139112258894e-11,7.367310676211733e-08,0.0,0.9999999262909602,1.6152800323950586e-24,0.9999998929196523,8.900157355245003e-08,1.095893677116285e-24,8.296518590696099e-23,1.8078775507994316e-08,0.0
1720,0.9999999999976481,2.354270364254978e-12,4.538479191698822e-18,0.9999566547897603,4.334521023854256e-05,0.9999890281036786,0.0,1.3119452981413043e-18,1.097189632083706e-05,5.5185488280489705e-09,6.770944585424777e-05,0.0,0.9999322850355983,1.5447365622220764e-20,0.999919698582199,7.988064924210563e-05,1.649258648929449e-19,5.015880420162919e-19,4.207685574349379e-07,0.0
1721,0.9999999999976978,2.2998711593467227e-12,1.0192790875546288e-17,0.9993858145183796,0.0006141854816219331,0.9998393473026526,0.0,2.629033019983376e-18,0.00016065269734911309,1.8484449871946326e-08,2.870188157718982e-05,0.0,0.999971279633971,7.405642702682505e-21,0.9999511208434521,4.600558426015471e-05,1.417745573648386e-21,5.444539736862522e-18,2.873572285670644e-06,0.0
1725,0.6747259941636641,0.3252740058363338,2.752651569148517e-05,1.6972183160023682e-15,0.9999724734843057,7.514234375267862e-15,0.0,2.2882238221089155e-05,0.9999771177617689,0.00227243541309972,0.9977255845983289,0.0,5.09619485843275e-08,1.929026622275883e-06,1.2373068329920129e-16,0.9984154098359533,8.139480742603126e-07,3.97739220116189e-06,0.001579798823774323,0.0
1726,0.9999987052030901,1.2947969098374308e-06,9.060977888809569e-10,0.03231269056055977,0.9676873085333415,0.10380030650586951,0.0,7.034647338723471e-10,0.8961996927906639,0.00019888143846092591,0.9920940605554208,0.0,0.007707058001592413,4.525140358798759e-12,0.005937708914093569,0.993575913258606,5.687362180424118e-11,2.974679026365967e-11,0.00048637774068200604,0.0
1729,0.9999921654777512,7.834522246603962e-06,3.8041697921103924e-08,2.6181003588833114e-09,0.9999999593402017,0.9999998562011815,0.0,3.8108889381574415e-08,1.0568992716951387e-07,1.0007509996142536e-14,0.9999999999806164,0.0,1.760072509387392e-19,1.9371621222625915e-11,1.8188596334541223e-19,0.9999999995671942,4.324375722319167e-10,5.806569860489375e-19,3.7145568973229774e-13,0.0
1731,0.999999999972097,2.7904192266718316e-11,2.825303706918261e-16,0.9964287626936797,0.0035712373063220434,0.9983188620761876,0.0,9.557276032731573e-17,0.0016811379238139,1.0071644482765926e-05,4.836475997106908e-07,0.0,0.9999894447079152,2.0986430130024014e-20,0.9959434370577702,1.7431613078307911e-06,1.1723294747613499e-21,1.1950646961357464e-15,0.004054819780924239,0.0
1732,0.9956381237504616,0.00436187624953989,8.300596495651991e-08,2.003925627761418e-06,0.9999979130684087,5.764596174202885e-06,0.0,5.895711054498985e-08,0.9999941764467158,0.9686004343044882,0.03125365133653409,0.0,0.00014589919670988553,1.5162268925032327e-08,1.3172559573549007e-06,0.0035784271696099623,1.5102820101452615e-10,2.5899812333371303e-07,0.9964199964252812,0.0
1733,0.9999999999997016,2.964630953846681e-13,1.8460772559196912e-19,0.9999824644156405,1.753558435909027e-05,0.9999938069888535,0.0,5.576734627287209e-20,6.1930111435673665e-06,2.116552366158139e-09,1.416537213951318e-06,0.0,0.9999985813462304,1.4152116646721513e-22,0.9999983667068884,1.445364047888425e-06,1.6822711660432036e-23,7.216079934031595e-20,1.8792906096024792e-07,0.0
1736,6.702718169123503e-13,0.9999999999993321,0.999994238039209,1.127375848522669e-30,5.761960787040614e-06,8.320217742354055e-30,0.0,0.999990759316012,9.240683989620806e-06,3.9175189230741225e-06,1.7095432686611318e-06,0.0,6.4698470840690445e-31,0.9999943729378071,2.798430531906978e-40,4.0025110493554565e-06,0.05763423991951349,0.9423614685714041,2.889980324403211e-07,0.0
1737,0.9999977730778224,2.2269221763583506e-06,3.129527456591474e-10,0.006032377617466043,0.993967622069578,0.02147053528296662,0.0,2.1807490040906647e-10,0.9785294644989602,0.03685436236690594,0.9148333653463849,0.0,0.048312272242839883,4.387035852051361e-11,0.02545426779260277,0.6494808034758476,6.174292527271499e-12,3.068107575286341e-09,0.32506492565726836,0.0
1744,0.9999999999990692,9.295641525245289e-13,9.948011606470975e-19,0.9999822963873163,1.770361268208198e-05,0.999992636006759,0.0,4.067758484000606e-19,7.3639932421397214e-06,2.511870695547729e-09,1.450918815415236e-06,0.0,0.9999985465693133,2.3182934309897906e-21,0.999997081278966,2.2221687736224928e-06,1.0029364975562727e-21,5.810992998483653e-20,6.96552258493957e-07,0.0
1747,0.9986328382210264,0.0013671617789736406,2.2445138632164456e-08,7.8020713168694e-06,0.9999921754835428,2.058087278694119e-05,0.0,1.687008520320241e-08,0.999979402257129,0.9997382982599101,8.254113876163033e-05,0.0,0.00017916045644171639,1.448874669296377e-10,4.34063324670739e-07,2.87124886263707e-06,8.522060235557255e-14,1.7518097190512652e-09,0.9999966929359204,0.0
1748,0.9999999999999716,2.68332775202459e-14,4.400216618722135e-21,0.9999986883475711,1.3116524272550312e-06,0.9999995933131959,0.0,1.3346380702085195e-21,4.066868047002483e-07,5.1331287906386476e-11,1.415464763768998e-06,0.0,0.9999985844839046,5.8940891748019704e-24,0.9999980234050335,1.9607949463197634e-06,7.86798555123352e-24,8.291095754156278e-22,1.5800021843230358e-08,0.0
1750,3.1512815492783615e-08,0.9999999684871885,0.9812459400444457,4.555297841323784e-16,0.018754059955556367,2.257104601921239e-15,0.0,0.9804928388369405,0.019507161163059755,1.7263793205151393e-07,0.8451589014552408,0.0,8.420378950386652e-19,0.15484092590683302,8.649130725863031e-20,0.23263867797504467,0.767289801761321,7.15041889318292e-05,1.6074703513339736e-08,0.0
1756,0.999990492220151,9.507779849032309e-06,1.2350682195377312e-09,0.0008793117518148293,0.9991206870131152,0.002530077937112162,0.0,8.372132378207347e-10,0.9974699212256757,0.0021327870607137926,0.9950408691147814,0.0,0.002826343746868068,7.763927257083651e-11,0.0008805414567563081,0.9932939329488576,3.18467886117344e-13,8.479812637724932e-09,0.005825517114251835,0.0
1757,1.1510034303624397e-11,0.9999999999884892,0.008465834856689895,1.1180154543148484e-17,0.9915341651433056,3.691027132415369e-17,0.0,0.0065449826143096565,0.9934550173856946,9.424946846405472e-10,0.9920942035739534,0.0,9.501985408046797e-17,0.007905795483557278,1.2782943932380802e-17,0.19158312539230682,0.808416868902033,1.7764852037287713e-13,5.705477397372601e-09,0.0
1759,0.9999999973653075,2.6346904872308525e-09,2.5969436423383243e-13,0.9882668330901295,0.011733166909610845,0.996408746225623,0.0,8.095073748646135e-14,0.0035912537742971555,2.144524236911525e-06,0.010332879405528812,0.0,0.9896649760702323,3.750243940076581e-15,0.9746358913340406,0.025245768436230123,2.3404941888530664e-15,1.2365001195888654e-13,0.000118340229602002,0.0
1763,8.225436461205074e-06,0.999991774563533,0.0004653296658067905,4.206827428848447e-14,0.9995346703341578,1.0973247647556844e-13,0.0,0.0001944474558777332,0.999805552544018,0.9999999432342096,4.799219688610457e-09,0.0,4.814237992765723e-14,5.1966521326506354e-08,4.921331756307056e-15,1.2889424884959233e-08,2.1626074437558357e-12,0.011584867134428366,0.9884151199739762,0.0
1764,0.9999992422249406,7.577750601357601e-07,9.563499392550743e-10,0.16665856480326735,0.8333414342403851,0.4008548107488078,0.0,6.350607627556191e-10,0.5991451886161315,0.0005157732227595587,0.9645191197394881,0.0,0.03496510702604128,1.1708735754209633e-11,0.03759285194758517,0.9531449285319642,1.3281761836691477e-10,2.1623890403215883e-11,0.009262219366007213,0.0
1765,0.9999999999999964,3.767696363595395e-15,2.1815785123379135e-22,0.9999999578989618,4.2101036448203334e-08,0.9999999846668716,0.0,9.637429823108828e-23,1.533312817562912e-08,1.9593595567302674e-12,3.572337131339822e-07,0.0,0.999999642764326,2.5176978123025055e-24,0.9999996304493245,3.690137110219866e-07,1.2815026758529139e-23,9.101464767893043e-24,5.369627485798403e-10,0.0
1770,7.01304954543557e-18,1.0,0.9999999862742683,9.872306930533222e-33,1.3725729154505167e-08,1.1700631869758038e-31,0.0,0.9999999804507029,1.9549294117174958e-08,6.148097802048659e-11,1.1925142078895921e-08,0.0,1.3489180237084822e-33,0.9999999880133785,2.242797965195918e-34,1.06383356426034e-07,0.17981488942481602,0.8201850041907585,1.0684751019568657e-12,0.0
1771,2.8675699162156754e-14,0.9999999999999716,0.9999997562531617,3.911096403272149e-33,2.437468374112554e-07,2.728260764000327e-32,0.0,0.9999995230398896,4.769601147595609e-07,5.256298805122769e-06,2.9519736818465152e-09,0.0,8.353736178963973e-26,0.9999947407492186,2.3017582219759954e-35,5.81041996314954e-10,0.9946745805166133,0.005325409270885035,9.631455664957149e-09,0.0
1772,0.9999999999999964,2.081648343988116e-15,1.8868865039701054e-23,0.9999998855960891,1.1440391172588391e-07,0.9999999521717104,0.0,7.298049470171762e-24,4.782828813657344e-08,1.2904902529646554e-11,7.358308481717955e-09,0.0,0.999999992628787,1.6061649038162705e-26,0.9999999865321456,8.739240387770256e-09,5.665323308509015e-27,9.028547557325331e-24,4.728614971562433e-09,0.0
1773,8.855711999480027e-24,1.0,0.9999999999631726,9.129133693657842e-42,3.68259208632713e-11,1.0371624133214782e-40,0.0,0.9999999999151683,8.482831875544061e-11,7.407162520919103e-11,3.5130690353793087e-15,0.0,9.5520908007438e-49,0.9999999999259259,2.8530616733282952e-52,2.616509656334324e-16,6.3314518562546275e-06,0.9999936685481423,2.076110149826918e-15,0.0
1774,0.9999999999994884,5.11592801110437e-13,8.958857547881854e-19,0.9997922066464758,0.00020779335352071689,0.9999464309530266,0.0,2.2170135803429014e-19,5.3569046976794974e-05,7.930362005793552e-09,2.5521325529993808e-05,0.0,0.9999744707441075,2.0075667962821682e-21,0.9999338920137552,6.504370027059023e-05,2.4531763912657543e-22,1.4588584686812859e-18,1.064285976915239e-06,0.0
1776,0.999999672326727,3.276732735740225e-07,7.025988646584056e-10,0.027283927141999217,0.9727160721554046,0.08322935446550314,0.0,4.949744244449231e-10,0.9167706450395191,0.00028465387422294805,0.9551913022752041,0.0,0.04452404384498145,5.592623465037754e-12,0.010915851517442869,0.9874505816072522,1.5524919951474452e-12,2.050108020530062e-10,0.0016335666687390604,0.0
1777,1.7439032559885584e-06,0.9999982560967453,0.24071263406475193,1.6336173582563568e-20,0.7592873659352499,7.92539733685334e-20,0.0,0.1777247438697038,0.8222752561302967,0.3892494112632198,0.16178241453788686,0.0,8.423116143919769e-11,0.4489681741146639,1.2454808392814956e-18,0.0343173424911477,0.0037583877467048566,0.9389208760142017,0.023003393747949335,0.0
1778,0.3428324364072533,0.6571675635927471,2.731982611578134e-07,8.604854818994502e-09,0.9999997181968865,1.6197006414278174e-08,0.0,1.2236036977037298e-07,0.9999998614426271,0.9999817095702883,1.8076573207192673e-05,0.0,2.1331522195791875e-07,5.412823975032185e-10,5.258912027407493e-09,1.0555751338090635e-05,2.7676268678660727e-13,6.9461251981784525e-06,0.9999824928642785,0.0
1779,0.9999999999859455,1.4052411698737909e-11,1.2625274676174575e-17,0.9994650664164926,0.0005349335835103196,0.9998011656650523,0.0,4.6629440282598266e-18,0.0001988343349472488,5.409914910847874e-07,6.558816953104598e-06,0.0,0.9999929001915583,1.4357126524842092e-20,0.9998079096465561,1.092992814461572e-05,1.0735165352360631e-20,4.341686282351348e-18,0.0001811604252980793,0.0
1782,1.0,2.3894125504911597e-16,1.365218101997157e-24,0.9999999629162353,3.7083766505608036e-08,0.9999999856386204,0.0,5.53700983126851e-25,1.4361379343602962e-08,1.2729205618816776e-12,1.1356141945581385e-08,0.0,0.9999999886425854,1.917241580660009e-27,0.9999999890602247,1.0210540957933459e-08,2.115195635335459e-27,1.5494698686038532e-25,7.292351364445658e-10,0.0
1785,0.0004300231376192863,0.9995699768623804,0.014928383052601869,1.7299960265419958e-10,0.9850716167744019,1.0224096342807984e-09,0.0,0.01514516654832131,0.9848548324292666,6.014797823929181e-07,0.9999115505442312,0.0,8.22323863927255e-14,8.784797590725511e-05,8.489918357849853e-15,0.9998824063595243,0.00011525694994418519,1.155498335018756e-06,1.1811921894511759e-06,0.0
1788,0.9999999709312921,2.90687083129691e-08,2.8445199946144436e-11,0.8740097497717425,0.12599025019981464,0.9635337720914543,0.0,8.20834185258194e-12,0.03646622790034069,2.0320540678128583e-05,0.1047873630268425,0.0,0.8951923164321166,3.6173280360627933e-13,0.8389306222923675,0.15978253735697556,4.571571665678769e-13,2.419925354604935e-12,0.0012868403477783682,0.0
1789,0.9999998365753688,1.6342463012646364e-07,2.3072054971871466e-11,0.019520488716844028,0.9804795112600818,0.038273587874535976,0.0,1.3348341558731512e-11,0.9617264121121186,0.4649887103601905,7.4511171795578875e-06,0.0,0.5350038385226223,7.494829189476458e-15,0.002711204824584524,7.205070113409742e-07,6.416963317199195e-18,7.7712432033887e-11,0.9972880745906891,0.0
1792,3.60405041350703e-09,0.9999999963959567,0.12078898389748766,1.2290748066778367e-25,0.8792110161025155,6.73068247900524e-25,0.0,0.053948517799486666,0.946051482200516,0.9999719839321093,5.29888584595779e-09,0.0,2.4094478240841877e-25,2.8010769006293453e-05,5.1341146394953394e-27,1.4515063796799794e-08,3.8501359909217146e-10,0.9036224556044817,0.09637752949544737,0.0
1793,0.9999999999444711,5.5527500238250905e-11,1.0936782468047607e-15,0.986533786200487,0.013466213799509468,0.9963335705101306,0.0,2.8042195875748355e-16,0.0036664294898694086,5.968057923136569e-07,0.0007259934838741124,0.0,0.9992734097103327,2.1006867610981596e-18,0.9975060633221309,0.0024048423321265076,2.7822984220437007e-19,2.476895160711472e-15,8.90943457431207e-05,0.0
1794,2.9788982381182345e-16,1.0,0.9999999966552053,5.05948605024244e-45,3.3447999128572316e-09,5.952714402313589e-44,0.0,0.9999999961040515,3.8959415002342205e-09,3.5486500968403004e-14,3.2444684149729235e-07,0.0,1.2865347748991193e-41,0.9999996755531229,1.7362657335451203e-50,1.342374428272483e-09,0.9999999986576285,7.908653474665857e-18,1.0472406497711594e-17,0.0
1796,0.04334706297318854,0.9566529370268138,0.000813794416562882,1.5348235092519574e-08,0.9991861902352047,5.986420122020756e-08,0.0,0.0006779330441955883,0.9993220070916005,0.00015922743248266802,0.9998129089126429,0.0,1.4645951926700625e-09,2.7862190281714168e-05,3.033138404801355e-10,0.9991559680158374,6.969547515887163e-05,3.5784080926946903e-06,0.0007707577975999092,0.0
1798,0.9999999981022256,1.897772370508279e-09,1.335993945028485e-12,0.8270232391788497,0.1729767608198142,0.9548710465519942,0.0,3.4576622821897587e-13,0.04512895344766095,3.796703805268482e-06,0.26978340323753014,0.0,0.7302128000586486,1.9536232547740396e-14,0.3358940076032854,0.6640013766752552,1.0326989835748395e-15,9.239508251884663e-13,0.00010461572053590525,0.0
1800,0.8573747439945153,0.14262525600548773,2.3709970448907455e-06,1.1417720513784917e-07,0.9999975148257477,6.414296791811146e-07,0.0,2.1390757231615954e-06,0.9999972194945956,0.02632739106150789,0.9736646309131396,0.0,6.6530916898037704e-06,1.3249336656401209e-06,4.427941246570204e-07,0.9728225312208676,1.4238373756235988e-08,2.608753552369298e-05,0.02715092421111067,0.0
1806,0.11337041561142057,0.8866295843885773,0.00013060142551356903,5.899565646798698e-09,0.9998693926749226,3.318093020345575e-08,0.0,0.0001336927422018056,0.9998662740768715,8.424599622933977e-08,0.9999991409201026,0.0,6.455255117532139e-12,7.74827443942509e-07,1.0174075268303772e-12,0.9999998659798185,5.978929091826545e-08,5.818685537565759e-08,1.6043017714916175e-08,0.0
1809,1.0,6.219210372601244e-17,1.0517290260069142e-25,0.9999999952329617,4.767038739975376e-09,0.9999999978671354,0.0,4.701344060385755e-26,2.1328659951213556e-09,7.106541530829894e-14,9.385497084473063e-09,0.0,0.9999999906144303,2.865210709293721e-28,0.9999999908700765,9.111681858333915e-09,6.59655621669005e-29,3.980455825180813e-26,1.824029334885301e-11,0.0
1812,0.9999999899160059,1.0083995134648736e-08,3.542326824076969e-12,0.928453756436008,0.07154624356044952,0.9796018677065114,0.0,1.0386825300862946e-12,0.020398132292447007,2.1804808202776313e-05,0.0787383951335943,0.0,0.9212398000581562,4.554342184872395e-14,0.8805789018198247,0.11820440525406581,7.181032183029368e-14,5.599652171659816e-13,0.0012166929254773136,0.0
1815,0.9999895535831572,1.0446416842169243e-05,3.2593415818710028e-09,0.0004989240681495608,0.9995010726725083,0.0016495235298013488,0.0,2.7272310159452027e-09,0.998350473742966,0.01937915197879177,0.960142177295345,0.0,0.020478670443721293,2.8213940694647603e-10,0.0018786452353236746,0.9001590739401677,1.2083627566477991e-11,4.998865478199175e-08,0.09796223082377001,0.0
1820,1.9067524017551666e-20,1.0,0.9999999999304237,8.368814042523712e-44,6.957549106804977e-11,1.2257754446338133e-42,0.0,0.9999999998993445,1.0066159134469998e-10,3.959778260095605e-14,3.49466329302298e-11,0.0,1.116420848000447e-52,0.9999999999650129,2.85079258316137e-61,1.925395430219418e-10,0.9999999997731663,3.4299112797090055e-11,3.712609851085226e-16,0.0
1821,0.999747054913195,0.00025294508680147315,3.4107376425922626e-08,4.260836173938999e-12,0.9999999658883644,1.3185004781429834e-11,0.0,2.7223288493610793e-08,0.9999999727635259,0.13450993194658362,0.850749709343019,0.0,0.014740348866316786,9.844081767779621e-09,2.677753186005903e-11,0.2798519284834294,7.415154527594556e-11,3.080832049634666e-07,0.7201477633324365,0.0
1825,0.9999953954280085,4.604571990575203e-06,1.112064493146377e-09,0.0031077732017430115,0.9968922256861891,0.008020346943490044,0.0,6.720768114141291e-10,0.9919796523844318,0.6000023528490276,0.0012501945575393966,0.0,0.3987474525877176,5.712096882710567e-12,0.0032788646370292356,0.00012025945201386476,3.6546317548422565e-13,6.709032395386126e-10,0.9966008752396848,0.0
1827,0.9752672926010335,0.02473270739896615,3.940044150094148e-08,1.4466594224415053e-07,0.9999998159336158,5.675816281245228e-07,0.0,2.1299941832871972e-08,0.9999994111184265,0.9997874980792595,0.00020742568020225174,0.0,5.075964695973119e-06,2.758441691316597e-10,3.881427202654873e-07,7.292234392690259e-05,5.974844695771949e-13,6.570810060830456e-07,0.9999260324317486,0.0
1828,0.9999950437511528,4.956248848014231e-06,6.945801934743657e-09,8.07933797279952e-12,0.9999999930461172,4.079728932145304e-11,0.0,6.329161964800563e-09,0.9999999936300412,5.188997308027697e-06,0.9999948108940715,0.0,4.253364040583003e-12,1.0436944687878766e-10,6.268154361034737e-13,0.9999901115024121,2.2428912291509965e-12,1.1470233532142072e-10,9.888380016823396e-06,0.0
1833,3.6197875854175083e-19,1.0,0.9999981256239836,3.3307211954136942e-43,1.8743760189751258e-06,1.1456521941882687e-42,0.0,0.9999976458369132,2.354163087510328e-06,1.416114221607645e-19,0.0002795993502152991,0.0,1.804233058578001e-46,0.9997204006497801,5.8175759242891134e-58,3.8691693738839766e-08,0.9999999613083056,1.0557243960131797e-28,2.276809907911369e-23,0.0
1837,0.9999999995420623,4.5794070248638724e-10,2.6260905209749296e-14,0.9979386641354129,0.0020613358645607,0.9994763418006943,0.0,7.885762025676123e-15,0.0005236581992988253,8.505964275939963e-08,0.03693897465503294,0.0,0.9630609402853253,9.01857438053896e-16,0.9288206784298279,0.07117284199961038,1.0097077723496303e-14,9.337188691336628e-16,6.4795705531618205e-06,0.0
1840,0.0044424076735700094,0.9955575923264314,9.166696260361546e-07,2.5780945454856874e-12,0.9999990833277943,1.2287485467701117e-11,0.0,5.139155040997538e-07,0.9999994860722096,0.9999052334438155,9.474963988165237e-05,0.0,1.6477071032063542e-10,1.675153528772969e-08,1.2126852661138619e-11,0.00019814398349720096,3.907887238238358e-12,0.00042169618830682716,0.9993801598121579,0.0
1842,1.0216182165700178e-05,0.9999897838178275,0.05737458302262644,5.08522815445874e-12,0.9426254169722815,1.8926160960434323e-11,0.0,0.03030085512276828,0.9696991448583093,0.9997112413181709,0.00014875907368121208,0.0,3.743180142246443e-13,0.0001399996077777368,1.115143411570753e-13,6.348430032216436e-05,3.937070635462546e-06,0.011746954615998553,0.9881856240129283,0.0
1843,0.3344891390974514,0.6655108609025533,0.0033116130082030165,2.9921467883688744e-13,0.9966883869915024,2.0072464794671497e-12,0.0,0.004531393012158846,0.9954686069858367,8.652938104087944e-11,0.9999998835850971,0.0,1.0491716601053258e-27,1.1632837350893976e-07,1.106640617269225e-27,0.9996081408743565,0.0003918587774456625,3.4313440638559887e-12,3.447699943503463e-10,0.0
1844,1.7305461435469322e-20,1.0,0.9999999999998295,4.410120115734767e-39,1.7241572905916092e-13,1.9986762133266148e-38,0.0,0.9999999999997158,2.889318047856854e-13,4.274367061182417e-07,2.0598630391159222e-14,0.0,1.632625202879383e-31,0.9999995725632748,4.365672627820329e-41,2.4506914433536384e-14,0.9872193830081902,0.01278061699177933,2.0666648495896903e-16,0.0
1846,0.707711618831076,0.2922883811689233,8.513974495512264e-06,6.226022672770716e-07,0.999990863423237,2.8641858217185196e-06,0.0,6.048659214226159e-06,0.9999910871549677,0.005436459462801784,0.9945631701936768,0.0,2.745675547845905e-07,9.577596299127423e-08,6.153733575332096e-08,0.9943419967009389,1.1724276491658732e-08,6.179042715362518e-06,0.005651750994734042,0.0
1847,7.595687311914684e-05,0.9999240431268835,0.0007869131953276941,9.780567964652045e-13,0.999213086803692,3.2453623417352915e-12,0.0,0.000457597756553169,0.9995424022402004,0.9992930876381508,0.0006783902611141957,0.0,1.6648001533672602e-11,2.85220840876738e-05,1.7241613325900154e-12,0.002601082654225459,4.4026714183075527e-08,0.25815007857287264,0.7392487947444654,0.0
1848,2.427595797606421e-06,0.9999975724042024,0.10270578028219526,1.5847287833056647e-12,0.8972942197162188,5.523698359770596e-12,0.0,0.06782284419255097,0.9321771558019243,0.9895081983198213,0.005909888180865748,0.0,5.589159066268556e-12,0.004581913493722276,5.662193655215701e-13,0.010727913310248699,0.0018094868276669945,0.04386654086525525,0.943596058996256,0.0
1854,2.1794426692955327e-07,0.9999997820557336,0.8270567446616749,8.9086570264279e-15,0.17294325533831442,5.797059325312661e-14,0.0,0.8004637451053246,0.19953625489461815,1.1891940077387542e-05,0.9422952311479261,0.0,2.5086527585068436e-16,0.057692876911990515,2.894723848250242e-17,0.9791215072479144,0.015573027174697765,0.0053046695789313505,7.959984579336005e-07,0.0
1856,2.152953120446382e-13,0.9999999999997868,0.9999306413571747,1.792723314110975e-24,6.935864282310777e-05,1.4154832965023876e-23,0.0,0.999898561134375,0.00010143886562710908,6.078207605098702e-08,4.343403812366097e-05,0.0,1.9336665285565185e-25,0.9999565051798058,5.480755438275285e-26,0.0001169799094603882,0.007939546639303043,0.99194347301973,4.31510407782062e-10,0.0
1857,2.3615683641470136e-10,0.999999999763844,0.9792164054655549,5.526939907654449e-19,0.02078359453444226,5.329670238473226e-18,0.0,0.9581941968256238,0.04180580317437978,0.9082466436700843,4.493499533000576e-06,0.0,2.0259405119345525e-16,0.09174886283037954,3.5871797995313204e-19,4.0096883474643553e-07,3.361475106202929e-05,0.9969110887810702,0.003054895499035568,0.0
1858,1.3938752351605608e-09,0.9999999986061283,0.9999999999978684,8.520667718790786e-27,2.1278981673581836e-12,6.053712096505416e-26,0.0,0.9999999999981526,1.845322280042125e-12,9.41807446989704e-20,0.917610926650358,0.0,4.6939442139628354e-39,0.08238907334964236,6.239551142024803e-47,0.027595003976407663,0.9724034020672658,1.5939563305150827e-06,2.1799433704835666e-22,0.0
1862,0.9999999999999858,1.2966336351326256e-14,3.7893201496248975e-21,0.9999989760151371,1.0239848612323516e-06,0.999999679104489,0.0,1.2731880952872039e-21,3.208955114475331e-07,2.1572707931469698e-11,1.1276249477824473e-06,0.0,0.9999988723534797,8.478030181830377e-24,0.9999984710447585,1.5215392511258606e-06,7.426975093287551e-23,2.802999086612494e-22,7.4159896109413455e-09,0.0
1863,0.9999999941084425,5.891560440580485e-09,1.8689445774252654e-12,0.6647412011997169,0.33525879879841175,0.8738750409449129,0.0,6.072796686126104e-13,0.1261249590544776,8.535546314844353e-05,0.0005197262381192188,0.0,0.9993949182987342,1.4394189030799274e-15,0.9859111830813544,0.0022008418090201575,9.263252014160746e-16,4.893672632004228e-13,0.011887975109137994,0.0
1868,0.5189763701515375,0.48102362984846436,0.005179588537751503,0.00011805598145578323,0.9947023554807932,0.00045890045082533,0.0,0.006278422832601798,0.9932626767165786,8.170203985599731e-13,0.9999999800058819,0.0,1.4124914184217965e-20,1.999330213236005e-08,2.4701374189888114e-20,0.9999851585845868,1.4841399045293104e-05,8.68274925244166e-30,1.6365119228459712e-11,0.0
1872,3.1257441497075433e-08,0.9999999687425576,0.6572642646379947,3.9571752850941853e-16,0.3427357353620045,2.480129251015497e-15,0.0,0.4965517289912151,0.5034482710087852,0.7044888037754905,0.010001218322176613,0.0,3.086106380156973e-14,0.28550997790230553,8.519845355715393e-18,8.984753335014729e-05,4.5373248703004357e-07,0.999759471411653,0.0001502273225121392,0.0
1873,0.9996272348225579,0.0003727651774386308,1.1551623838565872e-08,1.082707007595187e-05,0.9999891613782997,3.8170959638573116e-05,0.0,8.691270896978477e-09,0.9999618203490934,0.008859707234772553,0.9908251140057585,0.0,0.00031517778105370157,9.784175908207386e-10,9.155888636609628e-05,0.9640385487846117,4.1695580648400396e-11,2.543026609383515e-07,0.035869637984666386,0.0
1874,0.9999995510460606,4.489539402108838e-07,8.613061590019898e-12,0.003633461709453454,0.9963665382819356,0.009783904941421668,0.0,5.543085426628359e-12,0.990216095053032,0.8640489134521245,0.00038150581745820093,0.0,0.13556958073038172,3.6263200065097496e-14,0.0015492011893867641,1.2490433963222647e-05,2.001083376135883e-17,3.356893645914537e-11,0.9984383083430842,0.0
1875,0.999997503773347,2.496226650641525e-06,1.60282576120445e-08,0.44509132163157816,0.5549086623401642,0.8392539223264641,0.0,5.678757343071742e-09,0.16074607199477997,1.0851752412043515e-09,0.9999999989110151,0.0,7.467090223693245e-13,3.0625578584272654e-12,5.536181633977511e-13,0.999999978765665,6.835173144894058e-11,2.311590043254146e-13,2.1165196295559545e-08,0.0
1876,4.8236366618240865e-15,1.0,0.9999999999999432,5.650972412543101e-21,6.372955258198838e-14,2.0880113330143165e-20,0.0,0.9999999999999574,4.6655817844094146e-14,3.8339097684766897e-28,0.9549993538577758,0.0,1.0778317554455627e-50,0.04500064614221805,6.94118641940129e-55,4.958700041438621e-06,0.9999950412999559,4.105232051352806e-31,8.110402351329056e-33,0.0
1877,0.9999998912508433,1.0874915740132489e-07,8.926951479016303e-12,0.18209834524387852,0.8179016547471937,0.5251560349745803,0.0,4.027155086538302e-12,0.47484396502138987,0.02064260417687045,0.00016177155415265918,0.0,0.9791956242689708,6.9242411004674605e-15,0.36523670662346147,0.00022619504160464255,1.435204414166559e-16,8.295033030343077e-11,0.634537098251984,0.0
1880,2.4783558035096295e-17,1.0,0.9999994991756485,1.9757206628689114e-46,5.008243483671601e-07,2.915134343776364e-45,0.0,0.9999989069813116,1.0930186873460471e-06,3.4870004644483376e-05,1.1667142821453412e-10,0.0,9.95571951046361e-37,0.9999651298786825,5.422898826235723e-57,5.510353643760679e-13,2.9859515700079165e-07,0.9999996999641875,1.4401066591076168e-09,0.0
