pso001,pso002,pso003,pso004,pso005,pga001,pga002,pga003,pga004,pga005,pga023,pga024,pga025,pga026,pga027,pga028,pga029,psa001,psa002,psa003,psa004,psa005,psa006,psa007,psa008,psa009,psa010,psa011,psa012,pmd001,pmd002,pmd003,pmd004,pmd005,pmd006,pmd007,pmd008,pmd009,pmd010,pmd011,pmd012,pmd013,pmd014,pmd015,pmd016,pmd017,pmd018,pmd019,pmd020,pmd021,pmd022,pmd035,psz001,psz002,psz009,psz010,psz011,psz012,psz013,psz014,pad001,pad002,pad004,pad005,pad006,pad007,pad008,pad009,pad010,pad011,pad022,pad023,pad024,pad025,pad027,pad028,pad029,pad031,pad032,pad033,pad044,pcd001,pcd002,pcd003,pcd004,pcd007,pcd008,pcd009,pcd012,pcd013,pcd014,pcd015,pcd019,pcd020,pcd021,pcd022,pcd023,pcd025,pcd027,pcd028,pcd029,pcd039,pod001,pod002,pod003,pod004,pod005,pod006,pod007,pod008,pod009,pod010,pod011,pod012,pal001,pmj001,psu001,psu002,psu003,psu004,psu005,psu006,psu007,psu008,psu009,psu010,psu011,pni001,pni002
,727.2045396792876,728.5641357032966,728.4441428909181,730.3691531889389,60.97285692973658,390.19642812061534,389.9456153262621,388.9509966514013,389.6801722197322,390.05180708335615,389.11741566662556,388.5934804314954,388.5514001151122,392.20318549677563,389.4899617403989,398.91808145953246,728.3075497592296,60.254280238610896,727.0732417058202,727.0441687508775,734.294438770175,740.6066419839956,751.5829467236304,754.5391642225711,751.6184761062989,727.141967795063,728.4057055193867,734.7772935859738,388.8972874488686,394.75559769857824,395.70253027517424,388.58549112785767,389.2834287546517,390.9114594557085,390.4207628114597,388.83362866199633,389.2262215451211,389.21609285050505,389.11454945738694,388.61483288145905,390.15379989884013,391.28000163212596,389.17464451819586,388.97887512846364,390.2205861109929,392.28285152105747,388.707834610383,389.3159548383684,388.6448605707756,388.72343943903763,12.357921454466418,388.7243299043755,390.5079916532905,388.561587844622,395.67088667137324,389.5463629884286,389.5264584374917,388.81169134743163,389.3695261417818,388.8399577766457,389.0868888837833,390.7953286777774,388.74797180607567,389.68078747644,388.9195449325617,388.55924075059716,388.5990555911021,389.74268355824944,389.29930248115875,25.054975541504678,25.008426385322196,26.09225765919536,24.865826904199185,24.97630610209011,25.28626064259801,28.347069916109657,26.472405883566374,26.720529971735736,26.246951974378685,25.079981478752096,28.181716580777785,25.576427480269704,26.499813829720946,24.710564869033423,24.616585973868116,24.635277331906547,24.635277331906547,24.893034952680033,25.470102854207205,26.542912681369597,27.19692022737222,24.80586554894086,26.249100231159616,26.17902147553285,25.79520954649918,25.640983984571527,24.904850657175825,27.38160044758686,25.512443962692455,25.040149795511592,25.533708608287256,26.423003886916625,26.438529868037083,30.800625564559628,25.39004855924939,27.469354036402702,25.027911262933713,25.410000009578948,25.832221797531094,28.42475945389029,24.84006304317579,24.647381420909888,25.698109040347138,35.15148453039455,26.658900494361514,24.616585973868116,24.616585973868116,24.786698333543743,24.560821701267262,24.560821701267262,24.560821701267262,24.579358372795713,24.560821701267262,24.597946392444747,24.579358372795713,24.635277331906547,34.42753189102009,25.344565181680796
727.2045396792876,,728.7409300589576,729.241587675138,729.7875624644936,57.76461671198856,365.9387186252997,367.4789032331733,366.3070978776444,366.6909963383081,365.15387657314193,369.4112480782354,366.9868797187254,365.9323143377811,365.93130983187797,367.9476193480705,364.0986242532407,729.8303043756299,62.910800921750194,728.8410182214615,730.8532637567497,727.081382868604,727.0485724114791,727.6558560828095,728.494790996974,727.5724304735132,727.0020157344852,727.161986566941,728.5106676826998,366.15539602944784,363.237532054875,363.54493996055254,365.978730696614,366.22719517105554,363.5862878993606,363.5060407605856,364.83355868690666,365.3092255480167,368.5936475752593,367.1028161605932,373.1516245334758,365.1491822831391,365.9639669055261,366.0503941189588,366.08830527875364,364.631255721579,369.62354562777836,368.6438384669172,366.54292043453165,365.9294731784029,370.24451190840045,12.835663158213144,364.1001568663089,365.93861229878814,370.8315173074751,366.1261070179834,365.94543873017926,372.38033564955975,365.9294702146945,367.8194018279021,365.78358041005345,370.884825402532,366.556506208225,366.47508549258305,369.8935386280863,365.9638273164161,369.1334108695297,366.09999155771635,366.76172323047604,368.31409525519814,3.860055699595506,5.316313740218666,3.891734797501596,3.8475545064670285,4.5932995250388595,3.798820324953176,5.832637365775554,1.8585584769898906,3.9146903832974687,3.7742537096824447,3.528221255461322,6.378675935633984,6.68612622310947,3.635562647173097,4.325534682578415,5.946487983116062,3.492291914278824,3.492291914278824,4.084454173634242,6.194483717256155,1.5976910900775863,3.756855288403977,8.489947053327482,4.009318823023151,3.6518124616136673,3.7921412625588173,3.8189470123480214,6.498878853316096,4.207318291658721,3.712890272943384,1.615779932937243,10.575141232232932,5.949826716985446,5.6515520074177035,4.578993386612668,4.3343239280646,4.202446394443389,4.074057055948074,2.302322505321964,4.486328300900835,5.410896338520706,6.011063082745702,5.297555638199242,4.338592413131948,7.771105094567733,4.5279277600550705,3.552886373246125,3.552886373246125,3.7727890943912543,3.480800398358772,3.480800398358772,3.480800398358772,6.234091077460516,3.480800398358772,4.040657158789254,3.847110772182199,3.492291914278824,9.928882605227248,4.638378055007835
728.5641357032966,728.7409300589576,,780.7325287673045,767.7402529258292,73.42742734064697,374.2386622636686,375.84394402736365,367.1272337423434,382.85367768917695,381.3566117172576,398.20226104017877,399.6860075269001,392.51610332352084,372.7067927467744,383.3002071381843,367.65774185722347,743.1435707947093,91.65518276456464,729.1547386310742,734.564557260725,738.8052471677868,727.0903000202158,739.6348417669791,733.9785926127332,730.8248378632243,736.6091534014838,729.4452976764809,727.0954932060808,402.6328632011307,407.828250494968,403.9330710837636,376.03783045423023,372.3338525213975,371.1033363712527,374.4703804241506,368.62456656163954,364.2939707316838,395.8368143718139,374.07994477096236,384.5405798181576,390.0595997117245,383.2524442237849,380.86309260825817,406.23822505850285,386.02395195618834,369.0433118226934,394.4101249634417,384.65861685759967,389.1264754145031,371.2368484733829,48.18278081771987,365.6416676029644,370.8749394963501,388.57502613437407,391.1681445896323,367.17447947552273,375.1226638574912,364.70652133865667,366.42619958429276,375.99928953865725,378.995174322446,373.95435980503873,375.41228915662646,378.1910770056137,371.75190825387983,368.8265391026324,386.0480673208676,379.6666886302955,374.9772402516847,9.115050248102436,8.11891032225566,1.4191993764367399,1.2632234343165618,1.9517598161170282,5.293500484305462,10.497578615307372,2.121619925180756,3.762385155585104,1.030895846378078,0.7966592192833125,3.467560859917974,1.034884834542423,1.6104367938569375,1.6431591938182437,0.7514638729786921,3.7121847978917764,3.7121847978917764,2.363899526839077,0.8192988842529589,1.568731239422556,6.53064421721688,1.5055614954700187,1.5114955693358332,1.3521270590742478,1.2611409293074909,1.372748718834159,3.2593285898840776,1.1440302179519977,0.8458323325928725,1.7569868728481641,1.1369004648494578,15.332267963431425,6.973367625984877,4.707137041999919,7.281360788963102,9.655765862788563,5.460612634334892,20.285084577190073,17.076900542018397,13.279695839744527,2.655788850267146,6.8716213467879665,11.133127985482904,1.9557966465979884,1.0039677265535303,2.1524838234703885,2.1524838234703885,1.2321101947185251,0.7460251374168275,0.7460251374168275,0.7460251374168275,1.2709924748185044,0.7460251374168275,0.9684447995994503,1.2709924748185044,3.7121847978917764,2.974160967941983,3.3334038405027417
728.4441428909181,729.241587675138,780.7325287673045,,762.5353359308479,75.73872153295277,374.6058517491061,371.54138450967633,365.0377071249276,382.81974158412027,397.09551761010346,387.0772366926721,407.73732998668794,385.20889451074265,373.0361696831459,374.30794509105,371.4735197715178,735.1588557138032,70.26417479497384,739.3786033235243,742.0975077282584,734.9311193373921,727.231747787083,729.8119766977044,753.8692471308501,740.2885267769411,751.6602115416779,727.2468256636422,733.6414422670637,383.37619002780116,396.1581534219052,399.4710360079352,372.1073330116746,380.24925806376837,368.74646078749663,368.2270308572985,380.7089684308998,377.95187423039056,389.12457505061127,376.22543123992546,390.5111727873139,398.33594319158874,393.8961402342298,389.8066151731834,413.656058874447,378.87800318434245,371.3435892903949,393.1350738787532,393.184587048708,387.52267980158723,379.13376233683437,50.95481333494989,370.1609575741117,370.28961336108415,382.9934295035929,401.2363630510289,376.3402422193283,374.80445499365146,366.0787886479114,367.12407261342446,370.98437270736946,368.15344883255125,377.18286954414845,372.7374580922388,377.9390753384635,367.79902705402446,367.095853607932,381.8698255944311,370.6218107370976,374.8493650193812,7.604379326771892,9.171740389293506,9.136526145162888,17.737285807822335,7.73136776131178,8.663936810011378,14.655152635041372,14.691274539034874,14.904589189137338,11.532192346870476,7.264522409074885,11.092991897411805,8.911833787211748,7.736364104605345,8.316143671037999,8.088901021437943,8.378288117144377,7.2483815643384775,10.806892617165584,11.717970930106915,13.543576019041065,17.96485341139824,7.2488962028801405,13.774216710573258,10.980069133119125,7.484707113893077,12.90582194202485,7.660108166511399,8.895054482635116,7.982353742136561,7.317147028454394,7.8476147784620744,14.69105568913846,16.864982849726704,14.655152635041372,8.986532156367815,10.153084449553006,11.266853850565523,20.928460093742302,14.427275718109827,18.1874091774525,7.415783019405809,11.668049933668438,7.481507208520961,9.120712008661066,10.878970721403634,7.4418408012314705,10.645014137212309,7.462718922609911,7.225536205518191,7.225536205518191,7.225536205518191,7.512528382686536,7.225536205518191,7.800315552035403,7.512528382686536,7.2483815643384775,8.39570665011572,8.22996394302437
730.3691531889389,729.7875624644936,767.7402529258292,762.5353359308479,,792.7023692672315,1090.9525596531369,1094.5894121153844,1091.815024788669,1096.7775141036796,389.482572477414,1100.5237560348214,1165.5238883285765,1118.3862799836563,1094.6174670373844,1091.5956409475573,371.7377145473081,1460.5010773558367,798.7880389181787,728.1587006864229,1454.0734352970621,732.2621967759009,730.3627761088103,1100.6795134982665,1094.065325999822,1101.3199462984273,733.9600637740253,727.1103061514598,728.5589598427276,370.4602417121491,375.76031413873784,374.30004169484175,364.7643641646396,1093.0888233327619,366.9403857635843,368.24557854171053,370.1867546369623,364.8239508980145,1099.1640351532665,1091.2121784219353,369.20945751849786,391.1239964400138,1106.2246365905967,1096.2054667603613,1111.390063646767,730.6722185022375,1104.1860387480435,1106.0795045065956,1108.752183299895,1094.4480494989095,1093.7934887299134,22.863785944199307,726.8738398675716,1096.2737049730135,1096.8501211578703,1110.5248103425704,1090.6292427179196,1092.6082933434143,1090.425963875422,1090.4610855639141,389.96644633891134,1092.9801381082375,1098.7832270000445,1095.051070195627,1098.0117659714795,1090.9597062052333,1094.849473159501,1097.1850560253038,1094.637661737169,1106.7330708218701,727.4203607715962,732.2251208645199,727.9938936724782,727.1522024752218,727.4896159306282,727.3929682276379,729.89217093675,364.20451574871277,730.1674497272651,727.5950508711095,727.0707697262109,729.4667222245382,731.0305561811139,728.8033207745749,728.4055788240942,730.640691390458,727.0575158227848,727.7084709968887,727.8102330043871,727.087718777284,364.033634126718,728.7552083135702,727.4098778552952,727.1872035809798,728.3137473352546,728.125812582417,728.1328839500236,733.7736723138964,727.9539367245566,727.1544790226814,0.8553151842634101,727.3486473512646,731.7534412592037,739.1047199074889,728.6304914928847,732.4862501857928,733.5884117045489,728.8606934567872,16.566229885036016,739.9496457586816,732.8881391865928,730.6848793962922,736.3170558095067,728.9707635481197,729.5122288397033,731.3977130324993,727.5687458247922,727.2037078149958,729.2455780425503,727.0190660186026,727.0190660186026,727.0190660186026,728.2229350334056,727.0190660186026,727.0382376661173,727.8589068106348,727.7084709968887,727.7614066030061,23.144040270056262
60.97285692973658,57.76461671198856,73.42742734064697,75.73872153295277,792.7023692672315,,862.7333278005539,870.3860163062949,857.9960795104131,850.7911627450976,127.12783207632083,858.2918783237966,860.9843479158172,869.54327254679,845.3933347788649,847.2993299837045,114.61876260370052,784.098615217573,1416.7370716418964,56.86069737655535,784.1718794374875,56.78774429738527,63.65446865364963,458.25148503310476,448.90370150598994,456.16238223191345,57.90727548561441,55.93600625174413,57.641740092731375,130.08377264930178,121.01533014399989,124.9817152399315,115.08804872331629,849.822805484664,120.23535085891285,113.48949438041421,127.20846484572633,120.754706591982,840.1186599487374,839.5745485174048,127.47189710713108,116.43787755647975,837.9953975498647,848.6617228247798,864.6022081146667,485.40735924058475,852.7776478830941,863.8661317405941,844.0647407384491,843.5887512591609,837.3618203508769,18.79037975181382,474.3602689571122,842.2758307881543,847.1462495857932,840.3797344819951,837.9190940568634,843.272272170791,842.053651298054,838.2707228750257,123.92612949200381,839.2290778996831,842.9896184161564,841.596181258052,839.6523870662604,840.5772036636386,840.2740351374215,849.0221367892964,843.9188586253713,840.7444880971534,840.5127615552484,839.6510513914571,838.9796722177077,839.6493894241893,841.1447344735343,839.9869012675491,846.7956038014394,478.2096611685879,840.1551980675438,839.7839923341825,839.337339992454,841.3367424179957,837.743445473871,837.4213719200726,837.357069870714,841.248592272975,837.2803268355443,837.2803268355443,839.9515964234188,842.8783280801165,474.3497600353189,839.7699940838953,839.2011101905564,837.5348212825362,837.9997998085742,839.824666549001,837.960529153736,838.4186282322718,839.9871373877396,842.8114444892309,114.37156036192818,838.9368760476165,840.1058740191504,838.6172513904459,841.6059085985889,839.5206451557426,839.3022689056113,837.5617677520889,132.02368960523347,850.4660323216544,846.2843176296035,837.2371610231037,838.1485990599676,838.0013950581974,838.0591257476017,837.6708626307166,837.8847368169313,837.3048963813857,846.7792290106478,837.1468338291545,837.1468338291545,837.1468338291545,837.9320680273607,837.1468338291545,837.2133954389886,837.9320680273607,837.7451367065704,838.3244983738563,130.27723716096574
390.19642812061534,365.9387186252997,374.2386622636686,374.6058517491061,1090.9525596531369,862.7333278005539,,1489.6801811563982,1459.3108021647051,1469.0629172579852,733.7826233383402,1487.815106193038,1467.9484585777768,1474.025765201453,1454.0247614726798,1456.794082537942,736.2240055379428,1093.043386275922,780.6879797278218,372.13380711398594,1091.8620224623737,371.0326919402137,368.0796231334857,924.2823912194359,913.3456398236018,912.53517959438,379.71159505555215,364.67211402449294,366.68968700449926,735.5709650492879,730.5015018526848,731.8955369506833,733.1581677962781,1466.593169386956,731.5149066777741,728.1431426507787,732.1084395537324,731.5755700322572,1461.2665345108142,1466.099182296583,741.3753716907888,728.5105818142559,1458.0075393933037,1467.6001832268594,1458.7811511690336,1104.0206379749077,1463.6601188646014,1463.5703396821561,1457.8937368952184,1455.8594336348258,1454.2649589829011,31.291964677462246,1095.4295648354143,1458.4133609835114,1462.4174652796175,1463.194132954454,1458.849358536456,1462.869968253238,1454.91363974742,1454.7298036246536,735.6977696623097,1457.469313297524,1458.8115063736955,1454.4409314916281,1454.7320418689612,1475.1943824126704,1454.8206866859334,1475.3307056359172,1465.6777880770655,1459.6113345409142,917.2545400731475,911.4254563848571,915.0147169629853,916.992443919681,910.2615266768672,917.5494436996979,915.0732948917118,548.659986931892,914.8050120255148,922.9613831057209,908.5946999447729,917.7506476808818,908.8588358021775,916.7634577277641,908.8532238728067,908.0788586386716,909.5481309299415,909.1152765310194,911.1539810033056,909.4284485145953,545.0424902405363,914.2865821519255,908.3530740158501,908.813270961943,911.9240525867499,922.1086094770744,908.6618372248242,910.1632001434522,911.2897748705009,912.3481257476974,180.95642641308513,911.9335187279623,915.1447530822176,916.6285892396216,917.2185541128185,913.4032586457876,911.4835784192014,911.551868719944,190.1532254395075,916.614552250629,911.1149685006728,908.30658392355,911.6087937940641,911.5562238019387,909.6392173340187,908.7326227963856,908.8097389920742,908.0788586386716,908.1922799273663,907.8981905333427,907.8981905333427,907.8981905333427,908.2011994954198,907.8981905333427,908.7208754956357,908.2011994954198,909.5481309299415,910.9122535624763,204.1287608413133
389.9456153262621,367.4789032331733,375.84394402736365,371.54138450967633,1094.5894121153844,870.3860163062949,1489.6801811563982,,1461.0894650424416,1480.1994934108818,758.0528281892691,1501.798505142249,1479.025087688515,1469.8542021851374,1465.3100066154293,1487.5920769344439,753.4889787022086,1100.3917143936733,796.53622097556,377.02955873452794,1095.347607312294,378.250280681915,368.0174355633646,929.1429002009241,914.7481707389289,935.5313751041901,383.3836801731535,369.31898154659905,366.9535597777338,738.8509698523812,742.5578864796402,738.8978663577852,733.7815611830079,1462.1624188843118,740.1688844325313,735.1238493539271,743.2909620121396,734.067765648815,1466.7299668600972,1462.7139585701052,745.3016699148347,735.2611981677547,1466.5464634153564,1478.3421809509264,1479.0354291744063,1106.4950776519447,1467.8450547196394,1472.6799797117278,1466.4211747330173,1460.7246267064534,1456.2069731396136,43.45481720318631,1093.1312138190067,1460.9532101937084,1457.8118143548468,1462.8328552017656,1474.6423026095622,1459.5619113025464,1454.0015912715296,1455.6025564033855,735.3736888237307,1464.2214945866458,1457.9807455276257,1457.9601761743809,1456.5395579009362,1463.9039603567705,1462.726381911303,1479.7058242803348,1472.0735604781619,1463.6129402957806,911.5949936874537,911.4685064764569,909.6350215000076,915.2720220180322,908.4043494557984,908.3168228634905,914.3491769546113,550.6301917952702,912.6264174374752,911.1776139230873,908.3769431261424,909.1069551293057,911.4928604077724,908.1459326062067,912.3513503919107,909.0083213471962,908.2630815531501,910.2017920689154,908.9194488791126,908.1139049753693,546.5716504529405,909.6592639668766,909.2208252700844,909.5755179270546,908.4146279246075,908.2166544891738,908.2722995525014,908.3828214633729,908.580258548577,908.1117489349384,182.36986806153132,908.3529937000259,915.7386542837611,911.6628131257107,910.997540450321,908.578150333037,909.7227786433066,910.5128908978706,193.42828100838742,913.8418859267967,918.0606582577224,908.3613655998729,910.4976800534783,908.4549690803874,910.5703157258425,908.5342315620853,910.0587464138468,908.1271143775467,908.2830853496547,908.0759857715888,908.0759857715888,908.0759857715888,908.7350777139899,908.0759857715888,908.1692745269379,908.7350777139899,908.4369303324784,909.4324667079686,202.41363640426368
388.9509966514013,366.3070978776444,367.1272337423434,365.0377071249276,1091.815024788669,857.9960795104131,1459.3108021647051,1461.0894650424416,,1457.7966487978156,737.4057951660429,1466.71315401634,1463.1543725511337,1458.3029968788685,1454.3667676424836,1454.1084339268107,731.4719857339563,1092.6901364385321,764.0227248440833,363.4980067313383,1093.0398246307925,367.76360998641627,368.20577316183244,915.1210156565156,909.4417772649318,908.9458228654452,363.40390967771884,363.1938851461339,365.5403141276303,728.9699862278119,729.5095947621339,728.1068527509294,734.2575875993832,1455.8617624129054,729.6116811028663,727.5977318508877,728.227431280103,728.639451093013,1454.117090027064,1457.5946760100107,729.1331407033791,728.2247686379784,1454.621560453896,1457.9396094776664,1458.5412090198724,1091.9838937108273,1454.4138422439066,1459.9323770229,1454.050398478491,1456.421312666915,1455.2419086132772,29.895804429283373,1090.4418864199038,1454.0148618539356,1455.6446889868587,1454.7993006991685,1454.6185866733424,1455.187857822416,1454.0196361019362,1454.319793413371,727.8766745664352,1454.2032115156264,1454.0244157561465,1454.9752019774032,1455.4929723082018,1454.9427024852782,1455.094849821906,1454.11052243811,1454.6903655730862,1454.485466638132,909.186270510225,909.8540527155072,909.2814118949261,908.6966789666787,909.8467755206716,908.597324645885,909.2647835088787,553.3799066045301,910.6961295104092,908.8205040988518,909.6984607040539,908.8001323987538,909.874633590525,908.5032199119396,911.362957829684,908.9513792438349,909.0090471852709,909.0090471852709,908.642740423116,909.6302770966348,544.9228066414407,908.5363413332543,908.5913258205644,909.6757655485249,908.670160403543,908.5225908389191,910.2779269217395,909.0427766092799,909.210028424366,908.9718547715825,183.23909122320325,909.7941722008377,909.4704937540465,910.958245292786,909.5090149345309,908.8602024884068,908.7375714373258,908.9838097666784,183.34443335945164,908.8284807164006,913.1050532461908,908.4445574453966,908.4312032614685,908.6343292357005,908.9167530760656,908.6202082374775,912.0914232369573,908.9513792438349,908.5070580026126,908.3653357416066,908.3653357416066,908.3653357416066,909.1822994954138,908.3653357416066,910.8459535478373,909.6039291413981,909.0090471852709,908.7824645977873,201.46503455892656
389.6801722197322,366.6909963383081,382.85367768917695,382.81974158412027,1096.7775141036796,850.7911627450976,1469.0629172579852,1480.1994934108818,1457.7966487978156,,747.4383651810433,1475.3175289399953,1472.0418816462022,1461.702730446292,1486.5238925764352,1471.6432868251868,795.067603849666,1097.1090013550136,805.9109775496863,365.22127981809683,1097.3194890149723,394.4155102632141,370.4040795151399,929.3685677925233,927.2921720010016,939.7681936415329,390.6211704222056,363.40814196173716,365.2204061189469,746.8790980871112,757.8137924807886,746.6234019232186,739.070603638475,1482.0250835318368,741.821750381872,737.9215764709273,743.28293469981,735.5356172458295,1483.08130511659,1469.0932690561071,744.1428581952302,753.6684065137089,1473.7625905258926,1476.0493943370927,1475.082343934331,1099.2323763601064,1470.8529745307724,1470.229220427128,1470.0411775213602,1460.8134710046106,1459.5486112163892,59.568191409199656,1093.0155058824666,1474.0487838111985,1478.0287703355013,1469.7432463305354,1479.7230027013486,1478.0823767770153,1454.447065661844,1458.4385742482434,739.0257547475783,1456.3449377513462,1468.946295723419,1460.4497418379037,1462.9731173267674,1462.4933143076485,1455.6599959276928,1459.6856736673674,1464.3850605472794,1464.756189217493,912.3876749980208,923.2598153009017,914.7961836854096,919.2613154300207,908.788083995009,908.403664905151,909.7408299614883,546.3515054780378,920.4861035425276,926.2629550390589,908.9723174050772,910.3080958298978,909.3079516679231,911.5281530157179,909.1870160479443,909.4170909306181,909.8972250451671,908.5824914143539,908.2880565991476,908.1832152849399,549.2105444846189,910.2372189551019,908.2417829413246,908.1111031749797,909.0902319141672,908.8946069246315,908.2832615300907,913.2498582160817,909.0210375200259,908.0571321999439,181.0645151297172,909.8673443546189,913.9789929528253,919.0972631139895,915.9271695987695,909.8028727252957,910.2987237145117,914.8926958639686,191.33811259562975,919.2578639640442,925.5944111412099,912.3498904085405,909.9753698145764,915.3277656858975,911.3542625808742,908.3892363888593,909.4170909306181,909.6476640905273,909.3313576765903,907.984646610969,907.984646610969,907.984646610969,908.4608072169934,907.984646610969,908.9382868274668,908.4608072169934,909.8972250451671,911.2241304385968,202.903029869651
390.05180708335615,365.15387657314193,381.3566117172576,397.09551761010346,389.482572477414,127.12783207632083,733.7826233383402,758.0528281892691,737.4057951660429,747.4383651810433,,770.035584726339,745.1893500334228,737.0182258660519,751.7880859345032,759.3414734666314,742.8656575347844,380.8137131383867,46.95255667244663,378.2188334120979,395.8059797578905,392.9636594600076,366.58952541896684,552.4168816800002,573.6595446529512,553.8358728941606,399.8756570154716,363.0726020404878,363.6906870107397,770.3834830924192,783.7576163268754,766.3532772331146,739.7813815294439,737.5132561350924,734.8830878435015,734.687204667715,751.7402353464599,736.1014092539867,766.7508003197469,736.9589231025038,750.2480768090832,768.4247349811611,747.90583769972,759.2723623544206,773.0682728372327,745.3784799263559,742.440269297437,749.0699349277804,755.7079002337377,738.7498773781562,740.5109522713376,73.80581642850478,734.4514436122223,734.189860452415,744.2329564425702,741.7343110548655,736.7503809063503,746.033189946721,733.3216511435537,734.9190296454661,738.2338025876174,737.583305332071,740.1301748288404,731.0877380005329,734.8964450837918,741.103167339329,736.0029947456974,749.0596332204246,753.8879111488509,740.9491222062801,185.3885134519347,201.42488785682525,185.53594915902187,188.72356260610715,185.8133039499668,194.44534010053414,187.18796280093213,187.93102036771424,189.98437416752782,183.82993448292862,184.85649123141383,186.46517061930837,186.16938767423568,185.76418733941136,183.51986687805808,185.23009650720837,184.06702774309517,184.06702774309517,187.64442281094685,183.3363597183337,183.21673878564957,186.68761615251094,184.9517205486272,184.81881743807563,183.8181817540954,183.8513973636792,184.71117547142558,186.32725116214536,184.0920883465221,185.57878282189336,184.29355887227265,183.50916920434986,191.435271145588,192.36604506896202,185.00785504633217,189.82179865759707,190.25609590781053,186.89844408434803,200.43891541801472,202.52526920205986,185.03520781687385,189.89735224613133,192.22736584023568,189.82911148189268,183.81937268089933,184.1007316252954,184.59427642846566,183.3159765267031,184.09668007937668,183.29805251692986,183.29805251692986,183.29805251692986,183.72893192689637,183.29805251692986,187.983942598232,185.63775696969623,187.1826263981125,183.6885247554623,183.83375293985185
389.11741566662556,369.4112480782354,398.20226104017877,387.0772366926721,1100.5237560348214,858.2918783237966,1487.815106193038,1501.798505142249,1466.71315401634,1475.3175289399953,770.035584726339,,1478.7152074767555,1479.3119869966101,1466.9497264343072,1469.707324708218,744.9570307090426,1100.0541204099495,789.7799005585964,367.3484948552315,1100.680038311014,373.45263062834164,373.782294811372,922.4773730740999,922.4709560968784,922.9517169888252,374.41370661527674,363.2103013944786,367.10850936694493,809.7821570767499,764.6217504656582,748.9723540021403,734.351227046032,1472.636779546628,740.2033028685119,738.8979329162673,759.1402835966319,746.2307051230584,1476.8794032200456,1471.92880667587,759.4814568511065,739.0087915589506,1462.6134114250974,1518.65458265824,1493.4242602729003,1133.663411675608,1489.5786220710158,1505.7752922713944,1486.693076908063,1471.5183730032977,1470.1517832225522,84.60619980497923,1101.2045745575283,1469.7786705590345,1481.9417649637835,1472.186811567343,1459.7372395708858,1467.6940518708475,1457.5927480420737,1459.8423177332318,759.349862004909,1463.464242297848,1473.9374321851303,1465.1763316753438,1467.2523965850298,1463.7151510587805,1465.2212384979375,1481.9262946388487,1476.065540931593,1475.8721356019148,911.5067853464667,919.0784703946038,921.0103067367035,928.3107388618079,916.665281331371,916.6896416738916,916.5345233281743,562.5541087146174,916.9719576167138,916.9739058635474,908.7033393443346,915.02547667549,909.5535407709742,914.6509865596374,908.8114295932802,908.6039741623738,909.3094906841991,909.186543315421,929.5245829971159,916.4219980296308,553.5538075840356,914.5510253332319,909.048028065483,909.7596236450794,913.608012870443,915.5155320387194,913.9623936915867,911.9767041374722,914.7012973337564,908.7715185076252,184.1168302733512,913.7217815680526,933.0810194092794,923.1708774483276,922.909162007556,918.0500373509726,914.2586196622923,912.2037737146634,226.07019752242607,937.6986698877564,940.4670660545311,915.5027201936957,911.9555363968667,919.0965368837603,913.9398445023918,912.8163941591642,908.6039741623738,911.354959530269,908.6482216427531,908.2342849207304,908.2342849207304,908.2342849207304,909.2716322667319,908.2342849207304,910.311853151088,909.2716322667319,908.2380173136162,915.832958366928,203.83112051465372
388.5934804314954,366.9868797187254,399.6860075269001,407.73732998668794,1165.5238883285765,860.9843479158172,1467.9484585777768,1479.025087688515,1463.1543725511337,1472.0418816462022,745.1893500334228,1478.7152074767555,,1511.5864169644817,1464.828183219337,1462.553818422838,738.1534600425069,1101.4149373190853,773.8458948790908,369.9230580995887,1090.3885273769906,375.13720553036444,368.7821617232459,917.3505812874665,927.271832327551,917.149271287202,372.9817646413242,363.15013014010646,365.7129814752545,741.604341740673,758.6165246563385,750.5178301361532,732.4840333679041,1460.8169652752356,737.920514839333,731.0930983756274,739.4468749369058,733.9471373945128,1461.6080728115817,1462.8659104736764,736.5589209215641,753.9058592266251,1473.0001472307106,1471.544808214875,1512.1289225389057,1097.535316415214,1457.677745538447,1484.3822589567637,1469.870301143089,1468.725878003342,1456.3119646950613,46.07524986061178,1092.7783331268117,1461.302184903785,1465.7723763038678,1482.222981272187,1457.1110677544066,1457.5369624262294,1458.8207204926528,1454.331510031876,748.7272387826773,1458.7320438765028,1456.7483590051081,1479.3529958490726,1479.1295177721224,1466.1821439636715,1468.9799162560387,1479.8854921183886,1460.8782554477625,1471.9837858771436,908.1975115521566,913.9862645408234,908.2125910937125,908.287122217107,908.5693248879454,908.1528804672229,914.4343583626537,548.8605755876587,924.8605940168236,909.7274162802056,908.2211773721936,912.0328067156529,909.6686440583043,908.6770273020275,911.0476474958941,909.5361136501914,908.1386577401238,910.0504634442135,908.2728674988742,909.2876290424067,550.1468491906339,911.7721765795147,908.1511121876055,908.1587969576368,908.0653894966474,908.679037754318,908.0441765148233,908.5474014535657,908.1928464137827,909.0234438255752,181.60280129162112,909.2672534352548,911.4216384867316,912.855494007992,920.5282154701821,911.6978293737826,915.2539494318154,913.5402193126614,196.2827821615906,916.8925663508074,912.9561946885767,909.6122661175679,914.7495692427957,910.7808592077279,914.1019644767047,911.428893757232,908.003787997765,909.4860899352989,911.5208045704562,908.0015894028327,908.0015894028327,908.0015894028327,908.5116825251681,908.0015894028327,908.2455983814865,908.5116825251681,908.1386577401238,908.5744276835571,203.3053818498496
388.5514001151122,365.9323143377811,392.51610332352084,385.20889451074265,1118.3862799836563,869.54327254679,1474.025765201453,1469.8542021851374,1458.3029968788685,1461.702730446292,737.0182258660519,1479.3119869966101,1511.5864169644817,,1459.74640357202,1454.7887614132162,733.3177533229109,1098.247750427212,776.8194878699443,365.69293830799893,1092.3644107768532,374.9855904118082,368.04326189107724,914.149287509666,916.4496298726818,940.4815950876554,375.53662054658804,363.18177911528437,365.2227462500961,756.0220737628837,748.4260445305766,743.526366704233,730.3231488155914,1459.5880529263275,735.303253221455,732.7022137866704,740.172162197887,729.2859424831585,1480.5997040764034,1460.575237392255,735.637111383564,743.5620115723876,1478.5039203180406,1473.668755732505,1541.2542490382007,1112.3125803159903,1471.1464268392242,1477.960853412935,1468.7964371920004,1471.2881521776771,1460.3635779174576,52.77350371498578,1093.4378126436272,1462.9514642749177,1467.7853856500033,1484.730674501335,1455.0383732844182,1455.2989223928264,1455.5384701752541,1461.5104179317386,743.1836608497757,1466.892784267639,1460.5091083384991,1464.5682716429326,1475.5305355214632,1470.5501805491706,1462.0113871060344,1481.6069814492462,1466.1349537406015,1474.0291342009366,909.2041694766718,916.4330148507984,909.0121800548874,912.2434092741781,915.2040622344721,921.347548449507,920.866495106663,545.1008475123414,912.4181303286408,908.2903152335342,908.0870284159988,913.6192588893687,913.2897404393385,909.3699365488778,910.125026581275,908.0860905104223,908.3038209432859,908.3497623844233,908.1852010973583,908.1141506286924,546.0744464148303,910.7209297536341,909.4753403328464,908.203063938699,909.26581987185,909.6898504115152,909.7934586588777,912.0946220324804,908.3309453753211,908.5759591253931,182.75931246761277,908.6129138362094,918.4745812798432,912.9067630056741,909.8250409831846,912.4897663314118,911.2762171646089,921.6411297675942,201.9648049669055,922.4548941835616,925.2956049656996,909.1582538563388,910.3957253429104,909.4388525164051,909.8965427896295,910.1154082706589,908.0860905104223,909.1103445455735,908.1791105058494,908.0555977679066,908.0555977679066,908.0555977679066,909.6952779175654,908.0555977679066,908.1793655561845,909.6952779175654,908.3038209432859,908.5017922957886,202.28805285411372
392.20318549677563,365.93130983187797,372.7067927467744,373.0361696831459,1094.6174670373844,845.3933347788649,1454.0247614726798,1465.3100066154293,1454.3667676424836,1486.5238925764352,751.7880859345032,1466.9497264343072,1464.828183219337,1459.74640357202,,1469.2445561867692,745.3742106521258,1099.2771323512618,784.8228255077838,374.41900133787175,1101.349841791005,371.86661672240626,372.8357098499387,910.1737529547946,909.8905094114482,909.0765664315836,370.1445127175105,363.9578167008711,365.46778556946356,752.574268996839,741.6529815321935,741.4050341443531,732.8539432151458,1462.5316788697116,750.3780706482136,737.1984506976931,747.3060258238028,731.268859056186,1481.3652491501575,1460.766400873974,738.3951431615748,746.5863850377214,1475.2804074292205,1471.4487268016383,1469.5228378692527,1097.5106667821108,1456.5624329706882,1460.1269936820222,1475.9018332726885,1463.411558925433,1462.845588245947,76.38518775548393,1099.6563755536495,1463.538321711116,1457.977133885962,1456.1527054224096,1454.6877281543634,1459.1522097147883,1454.1034638257559,1455.7943970339186,731.0839996340014,1455.9980193277286,1458.4774313412515,1454.4587978915808,1455.3104321228345,1455.2181753907876,1456.4538587213367,1456.351377230944,1454.417635223479,1454.2551494342802,913.7219439269253,913.5430957895497,908.7728649177857,909.0221348289166,910.7133420688377,908.0571897542764,908.3482248078874,545.0634391316551,909.7646439186334,908.3861145741355,908.2706456023495,911.9827008484026,910.7341374780607,907.9752737971559,907.9191692934561,908.8180073139824,909.12592176259,909.12592176259,910.5887699769327,908.1584276029956,545.7954998143081,908.0052811712711,909.7109093130746,912.7547815664706,910.0863087062417,909.6166073657968,910.2720135949995,910.0633371182045,912.1852959740711,916.2936150604032,184.62919575672765,908.6380510169126,911.1362020217998,911.8727572231835,909.6771279935845,908.3136995061332,908.1378566755922,908.1202058362481,187.90668832680828,916.1098581679755,915.066023273431,908.269618937579,908.2729788585181,908.556921540539,908.3885512253651,911.0276772536834,908.0745182534378,911.1032833531076,908.2046320006597,907.8993675225566,907.8993675225566,907.8993675225566,908.2047337233948,907.8993675225566,908.7102438745483,908.2047337233948,907.909213403087,908.624665867836,200.97256336534787
389.4899617403989,367.9476193480705,383.3002071381843,374.30794509105,1091.5956409475573,847.2993299837045,1456.794082537942,1487.5920769344439,1454.1084339268107,1471.6432868251868,759.3414734666314,1469.707324708218,1462.553818422838,1454.7887614132162,1469.2445561867692,,739.9844088272115,1113.9027968228522,813.1860307373678,387.14094497428096,1113.331689346727,374.95681900818965,370.1940263617859,915.3764518980897,922.9472694397316,924.6434594957352,385.0267208934939,363.62744357682107,365.9566232091435,742.196092338509,745.9525519582667,748.9392412454056,730.8577883849097,1468.5727703385214,735.9522307650586,732.5862675043887,752.9730305742291,731.8457071188772,1473.334006267518,1460.3709118241418,746.001066327778,748.3428445123847,1465.0012812272273,1472.5635848083914,1477.9399268173647,1106.6124243672093,1469.9543923789288,1470.8986644864976,1462.5816819472418,1464.4080683896314,1468.819885158275,49.796552381146725,1100.2605879173925,1476.1500811214828,1459.3943204111354,1455.780012276403,1455.2712660604182,1457.777241884556,1454.027246098823,1454.1805407147772,738.5707183175505,1456.474618181661,1454.0377162400764,1463.0097709131512,1466.6035257737715,1476.1861689690534,1467.6804069515858,1469.0361685849218,1464.9323887922815,1459.317095637046,908.3233882643713,909.6353598936166,912.0090894803312,907.9745204288398,908.2773535468759,908.0215569198568,909.0336137298905,548.143819000542,911.0972656221538,908.2889997300251,908.1208392190736,909.2015244241414,907.9526896163787,910.0163461294566,909.8432240403779,908.5452646141499,908.7747732186501,907.9808227120961,908.2946536168132,908.8368997178709,544.1548788946702,908.9789209514495,907.9501091578735,907.9994275772075,907.9330189094281,910.9628846010627,909.9745161195791,907.924888182221,908.3170834369198,907.9991860044139,180.93137042608592,908.4753358369163,913.406671179108,912.8901870556957,912.9712893357662,909.6318145722809,908.2112023129954,912.1670963135615,192.41609965176775,913.8985655006795,909.6354678998538,908.051404854546,908.1960730690782,908.0882309875888,908.6636457868397,907.9394193604516,908.3127608156909,908.3127608156909,908.6963223955868,907.8605428106684,907.8605428106684,907.8605428106684,908.0881520408714,907.8605428106684,908.3163917675569,908.0881520408714,907.9808227120961,911.6674971923181,200.9989890881503
398.91808145953246,364.0986242532407,367.65774185722347,371.4735197715178,371.7377145473081,114.61876260370052,736.2240055379428,753.4889787022086,731.4719857339563,795.067603849666,742.8656575347844,744.9570307090426,738.1534600425069,733.3177533229109,745.3742106521258,739.9844088272115,,381.4904799837431,47.77583329325769,366.8781276975039,379.87343221530165,372.00716034368133,366.3135947256202,549.8457058812678,551.1597074774078,565.2608026259342,371.53091612189615,364.11885724151824,363.68851499525834,729.713182593285,746.8846408436644,742.9790215352381,738.8764089466224,746.5774388801105,743.118167470316,733.0477031888993,749.7248762028016,734.9425940091027,747.2812840088018,736.014795994267,733.8846951470247,752.5165932137221,757.0194159666937,741.4292114590862,745.6980431323095,734.5196678195865,742.5025895875224,733.5676701273411,738.2094320989218,736.8135117287659,742.2281054084224,33.22489759559802,740.1100277431545,740.8618850976745,738.2598230623263,740.6675163055686,735.0289587295183,755.7109120036171,732.1990526720873,745.3965227282749,740.8115289937531,742.5551220117206,749.0229088571908,737.8596321493799,743.231446968103,734.9489700686568,742.8539832474133,735.2977721598887,740.1527921696988,738.1425886397068,193.20314395649598,188.53160602529638,188.16900755063224,196.11119691451515,191.83877373884272,188.57525370824922,197.90277208534167,201.33801977876965,189.62083096604468,192.7243158137513,185.6437098036835,192.00527422649012,185.4342064957225,189.23770736309942,185.5808886375402,185.78951312792518,185.45428118437988,185.45428118437988,187.47806902865392,186.41502901154388,189.2127627539387,185.77612228123093,185.4114107649043,188.98284974372345,192.76964376838097,188.5612129999836,185.37231356033402,187.91987397713456,190.7991993606059,185.59317446172207,181.72280992442785,187.77375105176532,189.56154076787737,188.07729579546702,191.7141920230864,189.09913086833006,187.2454922158982,188.07262270122683,186.01740525992764,188.613530902987,191.34923860263032,194.7656339968099,187.01806700524514,194.51396221570243,185.88239112597842,185.47078064444503,185.78951312792518,186.00337084781435,185.708918646354,185.32907270860258,185.32907270860258,185.32907270860258,185.55321699554204,185.32907270860258,194.3011917591576,185.55321699554204,185.45428118437988,191.10586094087625,181.93320036130692
728.3075497592296,729.8303043756299,743.1435707947093,735.1588557138032,1460.5010773558367,784.098615217573,1093.043386275922,1100.3917143936733,1092.6901364385321,1097.1090013550136,380.8137131383867,1100.0541204099495,1101.4149373190853,1098.247750427212,1099.2771323512618,1113.9027968228522,381.4904799837431,,806.1666979997623,739.268125,1482.8896055968767,743.7568133825417,731.2938166069296,1104.4344475985959,1109.5691882216775,1101.6840199074074,751.1029411318981,727.1733023158386,735.5193290227203,378.0906341642228,394.5199523551191,374.6889362363958,390.60490932364286,1111.3314201853614,368.2286487777994,366.7534842302878,373.1492604126784,375.37843146781273,1096.7231354598619,1101.9726586272654,371.08044689443244,381.8733395884984,1101.99338380495,1108.44326875,1110.619327281888,732.6775479595395,1097.3834000264574,1106.4053246321785,1110.651961934493,1094.216245766136,1096.8139213703487,53.48106655024411,728.7019057040998,1093.7568190060606,1093.7999042805386,1118.7071977869987,1094.390970444076,1101.3922233782303,1092.5668173640495,1095.3683102813786,378.1760201338326,1097.1569509974677,1095.4207736645046,1100.6567659156378,1103.5520314308683,1098.3677663475098,1095.7255774391656,1105.3381487434317,1097.4039998411827,1098.8361625208588,731.3158917950096,731.0399745009234,731.224700228522,730.8166372666956,731.0523159026851,731.9285641778583,730.9063740890689,369.04304896921013,730.1523196721312,730.3708641055737,729.0611081619641,728.8069376015796,728.6009441045363,728.8017897256728,728.8767295158287,729.0738378024349,729.3523162037037,728.694987037037,728.9053062018303,728.7846947116414,365.21438331969154,728.7248885779105,729.3659289372138,729.4590973094228,729.3310323622027,728.9262905995731,729.3155224617652,728.7618056275561,728.933235477387,728.595122123603,3.28835426066542,731.8377902695893,730.9827822359738,730.9890000180527,734.9603919263042,729.9389743194499,730.8532571981336,729.1308885497521,7.09662294446485,734.5765882292137,730.4508604974249,729.6304217151467,730.9889708610607,729.8013984455959,730.9965664893617,729.8752454195736,729.1421796116505,729.1421796116505,729.0605140449437,728.5152527624309,728.5152527624309,728.5152527624309,728.7236502996773,728.5152527624309,738.1923093259464,728.7236502996773,728.694987037037,729.272492810963,22.055196367420056
60.254280238610896,62.910800921750194,91.65518276456464,70.26417479497384,798.7880389181787,1416.7370716418964,780.6879797278218,796.53622097556,764.0227248440833,805.9109775496863,46.95255667244663,789.7799005585964,773.8458948790908,776.8194878699443,784.8228255077838,813.1860307373678,47.77583329325769,806.1666979997623,,79.3911300794883,793.7911934152179,84.00312052341769,67.18117198917366,445.5611240762264,433.4062197698846,433.9714690964529,88.50241200449545,61.54198325730245,62.53325035243372,54.77386613874903,53.00142352578927,62.82833573740352,39.46472099554052,774.1883235928464,44.51637549559359,41.40828198392187,50.64497326786555,39.53858930208659,779.3988243325776,777.4597998804638,72.67009359473386,51.43921451984929,789.8537948769826,777.3631331830479,813.9660235314426,418.08222709512347,770.4309030503816,783.9862930059696,781.9636619357813,765.4243627372341,761.3094790592879,36.74050660606973,404.3179115939551,775.904825191495,761.3145241697371,786.5692426345173,762.7030971239492,778.6928551433612,759.0869294481524,763.538211066447,41.661800080621475,771.5058887702152,763.5855504629376,769.8883216433237,762.6526423320012,777.94711108099,775.6403664858525,779.9994637497183,772.8968404494896,768.6496847299678,759.3331272884142,760.1188462119162,762.7995809225176,758.0810716702008,759.930686012944,763.2063563983285,762.7057694072835,410.19075812757944,756.9462553035197,762.5882828714045,757.7359941946661,758.1697539807437,758.6137245205202,756.3145786448845,757.7545471934235,758.5341648671974,759.2999055577975,756.8045686081445,762.1596708800246,757.9281617326519,393.0798449912996,760.1958238739063,757.1620192099672,757.1213335743274,756.9080169817202,759.1173949087679,757.9370946569778,761.0831927165428,756.7360749167879,757.4578924437346,30.32353245132545,758.8702265910233,759.6213429742919,761.9076398125873,761.4487811598474,759.301522687739,756.5080058580669,760.5110495286569,41.96888573927498,785.1404406443437,780.7799595722621,756.7841474992532,757.1297532221068,757.9957945513452,756.8489790466582,757.0527375495125,757.0445353780884,757.0445353780884,760.6963011677223,756.2496346300483,756.2496346300483,756.2496346300483,757.0090381805253,756.2496346300483,756.3289055912608,757.0090381805253,756.4086169467021,756.3425468023654,57.96696733612616
727.0732417058202,728.8410182214615,729.1547386310742,739.3786033235243,728.1587006864229,56.86069737655535,372.13380711398594,377.02955873452794,363.4980067313383,365.22127981809683,378.2188334120979,367.3484948552315,369.9230580995887,365.69293830799893,374.41900133787175,387.14094497428096,366.8781276975039,739.268125,79.3911300794883,,738.4188237976098,756.7141313538593,727.0824127379722,732.0360967456206,732.3316658091809,740.755871567223,767.7623036991015,740.390824588052,731.096941051931,363.3789467525921,369.868137957765,370.327838333728,363.4269244097658,370.8452058333889,364.5459100196613,363.462463830517,366.34438724721855,363.46589522426206,371.9913612749073,364.5232526367398,366.9463522580519,367.9232912261834,376.9657447526304,369.81006956310034,368.88457020160195,369.08567686379945,365.51459050970874,364.64200305520535,367.3254029031797,363.46141730493645,363.74532416380424,17.468702945965713,363.57764457507136,365.89235988338186,363.8901493632807,365.64635749972774,369.29688904844096,364.7680815731356,363.98653608128717,363.5465960837866,363.3179619737998,366.84624153846397,363.25744066356623,363.99124605199216,363.7111407146175,376.9424950620385,363.0893885423538,366.10971483565487,365.31323238507684,366.75678340625456,5.4458445572688605,1.5112843381991001,5.84535300628629,3.3504350052817657,0.5759685368202847,7.463989901107296,0.6574937762466367,4.497258585361855,0.7524272324297178,0.5187173669963265,0.3994102635246897,0.8182514960871571,1.602497768370774,0.8545891714050304,0.9466485027770088,0.36158477656963317,0.42243480725623594,3.1177013483965013,1.8483129326327197,0.34073057739558205,1.3024070367664955,2.861942870587263,0.3172076954303768,0.36865062152141204,0.4310113576951891,0.8171632938889845,6.458056969767296,0.92340900812669,0.6970572144353592,0.3023509874152535,0.40089669315823284,0.9527038866080928,3.6524032763405514,3.7151695247863685,0.8475485160242081,1.4485221588095731,0.6589159453795989,1.6757686422603566,1.6205969017702564,1.9509776819247628,3.694963436329107,0.4613852254156327,0.5284366869810454,0.5904878272807887,7.498107409429551,0.37784896696968095,0.36158477656963317,0.36158477656963317,3.106664592000524,0.18004324855435466,0.18004324855435466,0.18004324855435466,0.24038969470420057,0.18004324855435466,7.810715900923092,0.24038969470420057,15.483781179138322,4.816459849470686,1.0267338488941602
727.0441687508775,730.8532637567497,734.564557260725,742.0975077282584,1454.0734352970621,784.1718794374875,1091.8620224623737,1095.347607312294,1093.0398246307925,1097.3194890149723,395.8059797578905,1100.680038311014,1090.3885273769906,1092.3644107768532,1101.349841791005,1113.331689346727,379.87343221530165,1482.8896055968767,793.7911934152179,738.4188237976098,,763.4305723540992,736.2998332401097,1093.9142978112989,1102.5168164553497,1110.8414096563222,747.1955523322524,728.5745377947247,728.6041603156324,380.7233414438442,393.03235558481566,380.28212454674053,375.3095488061106,1099.79519758391,378.5663816206271,371.1888697093617,391.96387312791086,376.0212494889024,1111.1584990902377,1104.817131616406,374.54239672908614,388.6258468500301,1104.0327240357553,1114.3831431044944,1100.4476255533796,738.3162561657233,1106.717352104838,1096.2747035550135,1110.346052996459,1099.557900460344,1106.8045049146945,45.04299494974275,732.7251724869808,1095.5215480098066,1102.321044479269,1098.928053573224,1100.2577316272173,1103.2828470004565,1090.2536830796448,1091.943911851108,373.55617432073365,1092.7346076786553,1093.23501328575,1094.8200974341712,1095.119076043429,1094.3790003705797,1095.4231891463967,1098.8158170237552,1095.8423521838586,1097.1368883670289,727.9878462935612,729.0373626663408,729.9805882138347,736.5377560752381,731.2919558713962,737.0725417779005,731.3551587514779,366.9342740644262,736.6536969642285,735.3684732567751,734.7535107633864,732.7294738844515,728.0924245431667,728.194306981584,730.8842826289318,730.8140142544383,729.2377126019967,727.6219692935273,738.5672742050745,732.8857737307286,364.26624004701125,728.4422803571033,731.5438033320905,734.3321998136911,731.556695115579,728.8284865882747,727.7241870497048,728.1075948516233,734.345285660421,731.9766216024622,6.211555322736371,730.3073367094598,749.4241739617527,731.8832635642726,734.6733202408368,730.5717839785439,734.597354540488,729.8059829720979,11.836733401316566,732.8256325755359,748.4461704340624,732.5214442304205,732.5899770875171,728.3924241826912,728.8467282936705,730.3453607708605,730.8140142544383,727.7865059266751,728.3269715433291,727.6093367190058,727.6093367190058,727.6093367190058,730.9344027401903,727.6093367190058,734.2686794705747,727.9152692625729,729.2377126019967,728.5757159923155,20.115275160961644
734.294438770175,727.081382868604,738.8052471677868,734.9311193373921,732.2621967759009,56.78774429738527,371.0326919402137,378.250280681915,367.76360998641627,394.4155102632141,392.9636594600076,373.45263062834164,375.13720553036444,374.9855904118082,371.86661672240626,374.95681900818965,372.00716034368133,743.7568133825417,84.00312052341769,756.7141313538593,763.4305723540992,,727.1562868716061,745.6388298429645,769.5203430782616,775.116650870764,834.0854996144271,734.1975369603102,728.2032603413638,381.138957085808,387.8258017746933,382.5918948739753,369.49507342525965,373.07628065159935,381.4197941995028,376.6069728786005,378.9207182376733,370.5348165306009,381.1114426562463,366.22937271236805,369.6912873397805,385.5836870510229,382.57254931918357,388.7375166357329,382.3148637743529,385.4564653795736,376.8041712075618,381.4453944137201,376.0738746555939,368.79514719777944,371.37362576135456,33.10542959639652,367.4645654512524,368.98432819243226,372.2658732635456,380.9803472411927,376.6366063046221,371.10019232128394,365.4708888489844,372.5120449498644,371.69645653483394,367.2625065583942,367.7696859846724,369.6855824669227,369.38629407077406,380.87632618957576,366.85997559926415,367.94847749001275,383.48009926800125,371.9726955190573,2.4677500460787503,1.9707103118943712,2.1035665967410426,4.064765030945782,1.9242316456173487,2.4782831964183996,3.6300021598855707,2.0477292224095356,2.5160255879746196,2.14640618781813,8.020154335620926,1.7324309421086184,3.070053962136139,4.187352816573132,1.3865348644639255,2.0915442179838144,2.359390122919086,1.339229043136296,1.9729213803359742,1.4124479640998535,3.5979931981262925,1.699216705905991,1.3492965500986578,1.7839583875152318,1.558617095396208,1.8415328101715658,6.843352556856281,1.7839583875152318,1.6868146879770998,1.8903838490185623,1.1080143837881833,1.5670125139323616,4.566167541497548,3.5754267323415894,5.587583605180538,2.155879211660453,6.536950344221521,6.544116851187303,5.897930891184332,3.308538092660742,9.09971504052572,4.338818669700334,7.178089887524601,3.8975493065177753,4.5397188216075515,1.8845623556686792,5.116232176844465,1.5790160902153898,2.472385639180165,1.2924459380664302,1.2924459380664302,1.2924459380664302,1.5580751957060952,1.2924459380664302,2.323655801045753,1.5580751957060952,3.3605946077082947,2.9287991815939813,5.644082953215359
740.6066419839956,727.0485724114791,727.0903000202158,727.231747787083,730.3627761088103,63.65446865364963,368.0796231334857,368.0174355633646,368.20577316183244,370.4040795151399,366.58952541896684,373.782294811372,368.7821617232459,368.04326189107724,372.8357098499387,370.1940263617859,366.3135947256202,731.2938166069296,67.18117198917366,727.0824127379722,736.2998332401097,727.1562868716061,,736.0639771799669,737.2482274107374,733.7175845859499,727.1401181581977,731.6068364865984,800.8599138789327,377.70664556940244,364.9681576913945,371.48197371453733,373.47707206013257,369.96370381546717,373.589699065463,374.2087173098477,369.89672108250875,370.84835966535087,371.21302855513073,372.0448404408463,376.07526380694867,367.2518325946734,369.13112622075545,376.8552106941401,369.07996222301955,368.3349187713901,374.92934245841,370.861142562325,379.10021587158366,376.7129417656741,379.0956103392748,17.302701511581997,368.67491487325367,370.14629049894745,371.0914769220186,368.2227011906355,375.9209751471634,368.39816622622027,368.8006309383584,368.1401411012639,365.57665121443574,372.7009710964284,372.97161723517206,368.44024563349825,368.2788725197321,372.07715287518766,370.5140781764475,368.0378203457951,369.38114469936295,371.37792736681627,14.464184976110547,13.35663262093073,16.744302182680805,10.442741605616698,16.31386626163844,11.84651834161658,11.573242014438403,24.47269815222659,10.503469746164717,24.553591737563522,11.074872215595642,29.142258215302725,18.96372630919788,16.92933176046249,10.056345147988912,10.911094848211755,11.208601706064742,11.208601706064742,29.187336795062617,19.53070812204676,20.723607282390656,21.570869487046576,13.923822522672392,14.535990561522388,15.068244765219951,14.419869080504707,11.349322225279135,14.535990561522388,37.6305164804345,20.168104423377375,8.68021389398414,18.348683293992345,19.11581420480299,34.0723618391331,21.467125255284067,31.115796603817977,16.073042633531323,19.615884211267083,13.696323094241015,20.833439045480876,25.26328435900895,17.044349475094553,15.3759309103634,17.374538041448886,59.7560827566234,23.893268854412394,10.911094848211755,10.911094848211755,13.61874153204232,10.023505327545383,10.023505327545383,10.023505327545383,10.318550069085473,10.023505327545383,10.61441210907858,13.383158796021869,11.208601706064742,52.17611583889195,8.19816886930993
751.5829467236304,727.6558560828095,739.6348417669791,729.8119766977044,1100.6795134982665,458.25148503310476,924.2823912194359,929.1429002009241,915.1210156565156,929.3685677925233,552.4168816800002,922.4773730740999,917.3505812874665,914.149287509666,910.1737529547946,915.3764518980897,549.8457058812678,1104.4344475985959,445.5611240762264,732.0360967456206,1093.9142978112989,745.6388298429645,736.0639771799669,,1503.1333184799234,1468.5881574783023,758.4775785990948,727.9687597016431,731.0147814233509,551.2226554419701,550.8983030420832,553.196442561135,553.016171008983,915.9966401956607,546.3000570049197,548.678733007403,548.7984643764371,551.9366345151716,909.9516006897097,911.9345005375847,554.6446069650506,545.5716587621469,915.377623483457,923.3418875206063,912.1428901992131,743.0825627976541,913.5179066699901,915.0880986999788,917.5319012898655,909.7311833100971,908.7950847991588,22.151150203737664,730.1913047687896,919.4166150812124,911.7230305727331,917.0418906015012,916.2522518117045,919.4208237501446,908.7503655321525,915.3652714233026,548.619406939382,922.6907081852102,924.4544211808085,917.1325879609692,912.5022972130943,914.8705164473023,909.494279930967,915.8268717105664,918.2425399370698,914.000786463768,550.1033799489768,553.3335587177478,550.7195059648079,549.5867990381703,548.3018864959425,548.0583747703038,552.6575586243299,368.53515313572143,554.2990450048475,561.0595610302886,546.5039546838069,547.1601776877607,545.8225461198192,548.7775690831246,549.8383714493274,547.2699174066488,547.7807543773592,547.7807543773592,547.8425579962754,545.8521041145306,364.6032950585524,551.256508732296,549.725960137584,549.0389313937619,547.5555154402697,552.3708515198556,548.1476332055811,553.6021826444928,549.0083184995841,546.7620816504227,182.32284090865647,549.8579142769207,554.5229260806709,552.3877937753462,550.3358372134458,549.1419499407231,550.3048879440613,550.5052732289302,185.274632188029,548.2947045679787,550.0777644745597,546.070898056352,548.0438822731879,551.1639809159906,547.185186731945,545.937500372601,545.7500833050096,547.2448767933306,547.314649919935,545.7458734056339,545.7458734056339,545.7458734056339,547.7431412894376,545.7458734056339,546.760495496799,546.252482776188,545.8814575734328,550.6316309601028,194.24710920037393
754.5391642225711,728.494790996974,733.9785926127332,753.8692471308501,1094.065325999822,448.90370150598994,913.3456398236018,914.7481707389289,909.4417772649318,927.2921720010016,573.6595446529512,922.4709560968784,927.271832327551,916.4496298726818,909.8905094114482,922.9472694397316,551.1597074774078,1109.5691882216775,433.4062197698846,732.3316658091809,1102.5168164553497,769.5203430782616,737.2482274107374,1503.1333184799234,,1502.3093939536222,780.2151223031019,730.2950215006288,730.6484388387709,568.1611918296461,562.593049262987,562.8058183858999,553.8922182613096,917.7791731855207,551.3723772213449,549.398461925446,552.2407226614796,549.0808929886903,919.6957770093683,914.2745494346782,553.8652639194985,557.2668164553498,932.3528509308628,930.0814327241596,932.1386619196339,735.8836959525482,909.2265350944795,926.3430441724493,924.7000314256205,913.0734768656989,921.8152764525415,42.73135794660493,728.0976461797609,909.1082904812832,910.7141589056488,926.1460799540773,920.7781349787011,908.8241578509572,909.3408825526761,910.0067162710355,550.8859544120352,909.9587128530616,915.589921120903,912.7576155478394,916.3784745634936,921.3432584122493,910.3625943979727,916.9074898105043,910.3966801948926,909.7273694890421,545.3130065535195,546.063042760101,548.0669422025187,547.1289534384057,545.6051925998564,547.0854871414817,550.9422793614306,366.03869721806626,546.9120247863868,548.878771685069,549.5658158358503,549.3245464429792,545.1845846516675,546.3001092665327,544.9271825478329,545.9237591274374,546.2615783292483,544.9215103031953,550.2281822120611,545.7940809834686,373.01749826098967,549.8631119680492,547.040333806311,546.788668284732,546.0277089912994,545.3166297115251,547.2297292947029,548.5323823872474,546.406117944805,549.3770155325444,181.03161080056913,547.7008164000168,550.66045842556,549.8158538485696,545.4876088826071,545.8408908163053,548.1047600600436,549.6326469727614,185.1089470572934,550.1766983213397,549.2243875345046,558.1496583184074,559.2768644761512,560.0210229460284,547.1574143817724,545.8962336079265,547.7453835808865,545.9237591274374,545.3770633866062,544.9159007352939,544.9159007352939,544.9159007352939,547.9534571084082,544.9159007352939,545.598063770753,545.2509242026687,546.2840166008533,557.2970601086673,194.14430765582406
751.6184761062989,727.5724304735132,730.8248378632243,740.2885267769411,1101.3199462984273,456.16238223191345,912.53517959438,935.5313751041901,908.9458228654452,939.7681936415329,553.8358728941606,922.9517169888252,917.149271287202,940.4815950876554,909.0765664315836,924.6434594957352,565.2608026259342,1101.6840199074074,433.9714690964529,740.755871567223,1110.8414096563222,775.116650870764,733.7175845859499,1468.5881574783023,1502.3093939536222,,772.7698276575355,728.9630451878099,733.7082515959769,556.2793399383621,562.8255319757582,552.880520400417,550.6226438466862,915.3224238280529,549.0718591244155,549.8735757660038,565.1014633137816,549.2236055311595,924.4331539664206,916.199394206465,552.3414283183843,556.760818226777,927.6634931149263,920.6393079305633,927.6175613079254,746.1953312703715,911.7001886643044,918.6055518687025,932.0713874678177,913.4525562384017,909.2824524990416,37.28741828325697,727.415080987535,912.6897474608148,922.7662843389325,921.237673486908,922.0245299841786,909.5255066746261,912.6540169900944,909.3249862586538,552.7919597716236,914.0828117277442,909.4889514835604,916.0929415767938,911.5252510109186,922.2831218298666,912.8577824310743,914.0562256730504,916.2975691315663,918.0079299498743,545.7699232392099,547.6715510931301,545.711072482797,554.4036498298319,546.5244344628277,548.2771609136666,551.3106549424343,371.3171330622619,549.1668071509825,545.3421894458039,548.0946861755635,548.7508733235912,545.0448331425048,549.4214811604614,549.4991585329309,545.2202203817956,544.9453907912941,544.9453907912941,545.1345205330146,545.140004211267,363.72087865790377,545.1790001846658,545.0640704076359,545.0025242736267,546.0827493402157,545.174310193426,544.9629140747942,545.7211859213371,545.3368538908738,544.9898306786881,181.10017114255686,545.1596510861475,549.6381323760716,550.4937986822266,553.429516719373,545.7283088514523,551.2555826186397,556.0612947541889,186.01367926773153,553.7174335200506,551.6485285808799,550.1622124481548,547.5521902211831,547.1619152558693,548.4375719972003,548.1920682978857,545.2202203817956,545.6315976373811,545.0899447484826,544.874311773671,544.874311773671,544.874311773671,545.1260421137979,544.874311773671,545.3784697678861,548.922986783464,544.9453907912941,547.9791020147303,197.70586104669405
727.141967795063,727.0020157344852,736.6091534014838,751.6602115416779,733.9600637740253,57.90727548561441,379.71159505555215,383.3836801731535,363.40390967771884,390.6211704222056,399.8756570154716,374.41370661527674,372.9817646413242,375.53662054658804,370.1445127175105,385.0267208934939,371.53091612189615,751.1029411318981,88.50241200449545,767.7623036991015,747.1955523322524,834.0854996144271,727.1401181581977,758.4775785990948,780.2151223031019,772.7698276575355,,727.7516752912362,729.5239047144778,387.3592477869043,390.85860232033787,372.2435050727137,374.8462458466574,371.1273614804219,375.29249560796893,372.4660802487222,375.55333296413386,363.2091895045836,385.55864539850876,372.7258693828741,371.42879802778054,389.76756264308824,394.3344050980651,403.9207048062359,382.07475536074804,391.574511822987,368.1809192178587,379.1527724117569,399.2161662988138,365.6266841448897,367.07706162816964,47.570837070098136,364.9733311352666,382.69924331103675,375.99380046402865,376.0065206983166,392.1456072480407,364.2928684334936,368.58398623054745,374.22395339485723,369.62964779521667,366.18874998315204,364.7541249962301,365.3645317241886,367.29565545801853,376.50857769887597,363.33470846914577,367.294677487781,372.50096606610634,373.2927455212099,1.0284834972192902,2.4590983391960473,3.213005599543411,7.2532618977624495,3.116540274931173,3.3048769140647183,4.902719889657419,2.4848775851734706,2.2788706043303324,3.9961706607061003,1.083594645950394,1.347231529911736,4.40457747600822,0.7773275128404205,6.479094946376188,1.1614458910654566,3.548274485553697,0.8030658110948532,1.7125675743143103,1.2695801580704007,1.1784045916041883,1.9949382879965878,0.7173242283684265,5.027879078091653,3.440965019890466,3.874199012014922,3.450913319411859,3.847011012843727,1.180552956893081,2.608243423591459,3.6560540012138323,2.3916309087737657,5.466243627770559,4.139875331646903,3.4473050460403405,1.7570286629004936,8.129905058894773,3.4649509855827194,1.3974945154307277,3.2251740180426784,2.7062823128293823,1.4858536209005593,5.32026980700813,2.5905283719738366,2.31591053197317,1.3787912447721349,1.1614458910654566,1.1614458910654566,1.1146848269395178,0.6498387812043829,0.6498387812043829,0.6498387812043829,0.8676501200405222,0.6498387812043829,1.0860648143859029,0.8676501200405222,3.548274485553697,2.232953369908955,5.742621155070204
728.4057055193867,727.161986566941,729.4452976764809,727.2468256636422,727.1103061514598,55.93600625174413,364.67211402449294,369.31898154659905,363.1938851461339,363.40814196173716,363.0726020404878,363.2103013944786,363.15013014010646,363.18177911528437,363.9578167008711,363.62744357682107,364.11885724151824,727.1733023158386,61.54198325730245,740.390824588052,728.5745377947247,734.1975369603102,731.6068364865984,727.9687597016431,730.2950215006288,728.9630451878099,727.7516752912362,,736.3429837653671,363.18729875076485,363.3739952134841,363.417570154009,364.15810621206094,364.6879305195516,363.36428742692425,366.54786323006164,363.0488903631355,364.52480962479433,364.1683187136933,363.2355701993256,367.06853040950057,363.40612542665286,365.9995764351405,363.4234578803181,363.48363341391035,364.004125902318,363.235913730431,363.2844752665923,363.18562128474406,364.086266685339,365.1392169634619,12.831093437766278,363.2677326820807,364.3465383265448,364.1564962428161,364.2064237367769,363.3243637431755,363.16217380917266,363.2480765316079,363.14988699370673,363.3310433918026,363.20759835089467,365.1952623417113,364.1975860972109,363.15939370465304,363.1982253850188,366.86300271986835,363.430924084782,363.26740806646313,363.73848128747727,3.5527783468638146,4.7031189996146585,3.560012815995438,0.46665749625811004,0.7424988517561371,0.6004794527889886,2.4816767585066404,2.2923633348709633,0.6710444288976568,4.220374977037295,0.426058698659015,5.319764884105995,2.1085670427323935,7.0449776793620105,0.4344331523579996,0.6040777957996645,0.7057362581946546,0.7057362581946546,4.219380305625341,0.5821241287320117,5.437419381143995,3.225634701040464,1.6335305795463975,0.44104667826489935,4.856859547751875,2.5203419061095875,1.2274867255714907,0.7081627498047314,9.009731978429388,1.8415582519692306,0.2923470521860068,1.9294187033179915,2.4448706827058455,9.515517576701777,1.827645859779556,8.408338085194432,2.9360006854668455,4.807441370750841,5.611018076657891,4.213732634852727,3.962050359536343,4.0654132837888834,0.3903401799807527,3.239185492679861,9.033697013530865,2.5631895922114962,0.6040777957996645,0.6040777957996645,0.3242034606166242,0.30078735550521973,0.30078735550521973,0.30078735550521973,0.40160450970175965,0.30078735550521973,0.5027009357935807,0.40160450970175965,0.7057362581946546,5.053993211853288,2.5817675227580468
734.7772935859738,728.5106676826998,727.0954932060808,733.6414422670637,728.5589598427276,57.641740092731375,366.68968700449926,366.9535597777338,365.5403141276303,365.2204061189469,363.6906870107397,367.10850936694493,365.7129814752545,365.2227462500961,365.46778556946356,365.9566232091435,363.68851499525834,735.5193290227203,62.53325035243372,731.096941051931,728.6041603156324,728.2032603413638,800.8599138789327,731.0147814233509,730.6484388387709,733.7082515959769,729.5239047144778,736.3429837653671,,363.97414838471224,374.4362458326349,364.2039124734808,366.39028445463214,365.1332983182463,366.1425968082882,365.3899065592027,363.69389319429007,363.84182963753045,365.52304262055696,365.39363142741007,365.81262233110664,363.860295901225,365.40020872729684,365.8234565185363,365.0905011425979,368.3295509348955,367.65666589335206,365.12525061999696,365.1928733898556,367.6428188978039,370.49167278499715,11.852197281048776,367.0202640799389,371.50017680672266,366.8610601742448,365.40135774918537,365.6561941666292,365.69893510347737,366.5453955918678,365.09020236472264,363.8230997425999,365.28811813873835,365.22179640848583,365.88235782296454,365.2591966197363,367.9744285845266,365.1609632994366,365.4272771108662,365.47370752613546,365.07650357288986,7.9648587191530655,5.701760283430074,9.217068150217287,8.587338821148945,11.300780018941929,4.52271139516249,5.681510608115802,4.36394190893671,5.048218188550466,15.754313919801703,5.920207059744387,11.577127388967282,7.739799291799581,14.829883402636417,4.3732666437152155,6.321640889365455,7.051368269530034,4.622425368295467,9.485383402665978,7.97042440250009,13.576048855476074,7.592882281416858,4.837573340129806,4.334602287561084,4.271669325029369,4.710930142365069,5.987970650946947,4.322345925871068,8.900915484898594,11.831341857091294,5.310404226618568,8.057162222913858,12.861012313454735,18.754446243179256,5.11722673954872,18.862497353557035,4.732623794431345,4.477527555249316,4.21525433938214,10.100762607184986,12.920982107264159,4.506005800050331,5.412777310789296,13.201826642157071,31.585772265619383,11.363765107442648,4.90704044293014,6.321640889365455,9.810748141328942,4.144553677824722,4.144553677824722,4.144553677824722,4.868241957917331,4.144553677824722,5.593934914686097,5.53371482295085,7.051368269530034,25.317698359856994,3.676541795001547
388.8972874488686,366.15539602944784,402.6328632011307,383.37619002780116,370.4602417121491,130.08377264930178,735.5709650492879,738.8509698523812,728.9699862278119,746.8790980871112,770.3834830924192,809.7821570767499,741.604341740673,756.0220737628837,752.574268996839,742.196092338509,729.713182593285,378.0906341642228,54.77386613874903,363.3789467525921,380.7233414438442,381.138957085808,377.70664556940244,551.2226554419701,568.1611918296461,556.2793399383621,387.3592477869043,363.18729875076485,363.97414838471224,,769.3193753524034,793.0167223931558,748.0074716534273,754.9798702262068,757.3448571445429,762.0456458315618,756.1138632448873,736.8929329971677,782.4361417965024,752.8269311033658,785.7890924661249,769.7350904716102,752.2500183713531,823.3015940427042,784.3561739199911,761.3767154509436,769.7537038772582,775.557280599211,791.9052965775943,779.37699344205,771.120315199073,174.51879130747608,730.4179040613678,742.5282455481007,750.6334060506719,741.0860530103713,752.3730884798034,731.8643774499085,729.0601047570775,738.9814487578581,756.1016438689885,740.8510058962839,739.5331636271534,741.2767924116839,753.7717691510461,746.7770573051174,733.0350904947322,747.6245738311021,736.345090133247,741.4877357357792,186.49889791614297,194.90308410809132,189.11190343419335,190.19921553559757,192.65532085861295,197.66990965123782,192.86371378271485,181.89634737937578,186.95099255155114,190.1032299004692,183.3503920658325,199.02903415344466,186.3832759347659,183.00862961948934,189.4108878199287,184.88809966979989,182.99268996246064,185.78763197965884,190.48317607750576,192.80128218520446,189.96787612413956,191.36412123751978,190.45756044388142,184.34393575866687,183.53222260865414,182.89111147192872,189.35345937297535,186.89250557420579,182.58125466493084,184.11803943833257,182.9880229677357,189.44604750461608,200.59814519885845,199.04826213488832,189.13732954359946,193.7920278689253,187.065073329989,183.58781325847073,207.24213670170337,194.82866804597077,197.2074768685662,186.05809399854374,186.9169204193114,189.31810302274798,194.811995629229,186.20468960243738,184.88809966979989,184.88809966979989,183.13381573427853,182.20441211552458,182.20441211552458,182.20441211552458,183.09650004850408,182.20441211552458,183.99105913919263,183.3362262955482,185.78763197965884,203.57223971412725,187.35396472158996
394.75559769857824,363.237532054875,407.828250494968,396.1581534219052,375.76031413873784,121.01533014399989,730.5015018526848,742.5578864796402,729.5095947621339,757.8137924807886,783.7576163268754,764.6217504656582,758.6165246563385,748.4260445305766,741.6529815321935,745.9525519582667,746.8846408436644,394.5199523551191,53.00142352578927,369.868137957765,393.03235558481566,387.8258017746933,364.9681576913945,550.8983030420832,562.593049262987,562.8255319757582,390.85860232033787,363.3739952134841,374.4362458326349,769.3193753524034,,802.07913928166,761.1041710221026,769.5612886639346,752.6501372967197,741.7554100065437,772.9668238268787,749.9067765422941,793.7663802026356,748.7354093457654,764.3235654034996,809.5022320035717,768.2659137976553,801.0372429722236,805.7701505051393,736.6882376630166,746.6172265680668,772.3358086053207,784.5513799043731,755.844098538823,757.9924606506626,128.4950184986372,738.7360791010755,740.780462716837,743.5240870729008,757.3622207232976,734.5449275352815,753.29894412148,733.7735727063215,748.2400615127125,764.4468918376905,736.5485513498306,735.942041185315,743.0453417512596,743.6926036878822,733.5104342628313,737.3329502759385,737.8260359154724,748.9370050911376,749.884060879559,183.83486741046883,188.85044873661946,184.31206577887838,183.95803572856184,185.18655365118155,188.59122171483017,186.05192897551055,181.76039840458358,184.4315464185432,189.6829887853595,183.40635850583178,185.51062962312682,183.88009474831503,185.62292851794402,187.7412875865733,185.43743249744045,184.23160710673437,184.23160710673437,189.86299429107905,185.77346026394702,188.05121379114087,184.37220963149332,185.24086693154732,184.72878854755248,188.16895862216379,184.31556625463827,185.16874082505527,183.8230946700789,185.68366366747193,184.38772688970147,186.5850716486213,184.87288201007885,192.72544179327514,193.46905852898095,190.45322635981816,187.60044262782213,194.4184013327368,184.02084932356968,232.52458275803053,196.23098142261964,191.11335090770888,194.09674788040076,193.34244012116488,187.4289605112451,184.40782747064222,187.49830508324902,185.43743249744045,185.43743249744045,184.31409134532404,183.3841570867037,183.3841570867037,183.3841570867037,185.81863621571802,183.3841570867037,188.25985905423096,185.81863621571802,184.23160710673437,184.55552026683583,182.06850740079037
395.70253027517424,363.54493996055254,403.9330710837636,399.4710360079352,374.30004169484175,124.9817152399315,731.8955369506833,738.8978663577852,728.1068527509294,746.6234019232186,766.3532772331146,748.9723540021403,750.5178301361532,743.526366704233,741.4050341443531,748.9392412454056,742.9790215352381,374.6889362363958,62.82833573740352,370.327838333728,380.28212454674053,382.5918948739753,371.48197371453733,553.196442561135,562.8058183858999,552.880520400417,372.2435050727137,363.417570154009,364.2039124734808,793.0167223931558,802.07913928166,,743.7827798313963,755.9218658721223,772.4298236015469,746.7477397259428,741.5761860162173,747.0128468536035,767.3039854163645,742.9212530394283,795.056549503094,764.7049130776703,760.342314437803,764.9766208439102,794.9525432334133,748.8320150391281,757.3164961717985,760.2390013414667,750.9371765433042,743.7932735628716,745.556593537289,72.35620244475754,732.971197873428,733.8405171471799,738.7232488911953,759.7041842949236,730.460040545878,736.4554222639914,731.938206466407,730.0861182521786,742.1655991273723,740.9739490793786,741.636735521563,742.9573569022923,752.4294245200031,746.6545200689469,734.7380865623978,743.9259991238944,745.7408837715356,738.0666219008634,183.10302691955283,186.07135866272256,191.14428388371059,183.45691360532575,188.30208842977476,191.29349568230933,192.86149304256085,190.6704967461362,190.0895841438938,190.00670973224462,183.79346626158804,191.2323920242947,185.49163488442755,185.38227478709229,185.64452340239546,182.20835186051866,182.04933036969447,182.7224346440311,192.88693947754365,182.92991241629085,193.09678293863692,191.85556659628298,183.2325122505655,184.89944770639096,190.0405247473694,182.3213612027847,182.29796980806876,191.69704085281083,186.3122482879664,185.27276958669842,182.53321729220008,186.94174897359548,212.16293141096543,227.59016308115991,200.06116461128343,208.88033191734257,201.6679133428337,189.04844086822266,306.40852584951017,222.20245983219576,218.6241608959969,191.62120980292016,191.53535954684014,193.92155918339824,183.80293855780835,191.26638562359906,182.20835186051866,182.20835186051866,182.11385714732498,182.01760173318004,182.01760173318004,182.01760173318004,182.86654941691066,182.01760173318004,183.7178487562749,183.20802367207605,182.7224346440311,185.43662739889973,183.3282111569054
388.58549112785767,365.978730696614,376.03783045423023,372.1073330116746,364.7643641646396,115.08804872331629,733.1581677962781,733.7815611830079,734.2575875993832,739.070603638475,739.7813815294439,734.351227046032,732.4840333679041,730.3231488155914,732.8539432151458,730.8577883849097,738.8764089466224,390.60490932364286,39.46472099554052,363.4269244097658,375.3095488061106,369.49507342525965,373.47707206013257,553.016171008983,553.8922182613096,550.6226438466862,374.8462458466574,364.15810621206094,366.39028445463214,748.0074716534273,761.1041710221026,743.7827798313963,,803.5584354197468,775.1976230851151,745.2029791620139,738.7396280874739,749.5424633699469,746.1423802228148,761.6095904930279,754.6608636617244,741.4248272976162,742.4789047044208,749.410367544233,737.0878998340887,735.3932067338695,731.6957474484356,732.912669962884,746.1420598430761,737.304485202461,744.0491751069463,53.149201958681786,739.3372250467585,732.9533857059637,741.4671384676508,731.6138032189267,740.6141351522671,732.5331117904395,775.0653010859953,731.348943581882,734.903169388452,730.0181597641672,729.2614706918835,729.5552839332234,733.5029577964751,734.1682493881538,734.1995486236774,730.3020358088439,729.25825004485,729.6568044030425,193.69123240332777,192.4347970869201,187.67596996306077,197.18873771498693,185.9384989022571,188.74709926550494,188.7160659960271,189.7283777373583,189.25690172082878,194.83735018207395,188.6325829629729,184.39672693291433,182.46054389105154,182.57296964209215,185.40765980877362,182.26566302474862,182.77857595666208,182.39128286475054,194.65082240668664,183.8060143765288,186.46045072931594,187.51579120180256,183.2850624260414,195.86513852075814,187.78900339603354,187.3770688077298,182.3814291086769,182.72035705757264,190.70470430320512,190.61958488779746,182.15265576347434,188.25570385657272,185.28335410577205,189.94161663758115,186.43906022803532,186.4030266124324,187.6696104620136,187.55447909904467,193.18217293203728,198.24924773671702,189.26429067972484,184.91672515495685,186.67147365738347,194.18690472436364,187.6227192820884,189.46005228861353,188.33652765275284,183.78756597697603,182.65957306088006,182.25936116610123,182.25936116610123,182.25936116610123,182.76178668533035,182.25936116610123,182.51824942732273,182.76178668533035,182.77857595666208,188.34862621923756,186.77894985242685
389.2834287546517,366.22719517105554,372.3338525213975,380.24925806376837,1093.0888233327619,849.822805484664,1466.593169386956,1462.1624188843118,1455.8617624129054,1482.0250835318368,737.5132561350924,1472.636779546628,1460.8169652752356,1459.5880529263275,1462.5316788697116,1468.5727703385214,746.5774388801105,1111.3314201853614,774.1883235928464,370.8452058333889,1099.79519758391,373.07628065159935,369.96370381546717,915.9966401956607,917.7791731855207,915.3224238280529,371.1273614804219,364.6879305195516,365.1332983182463,754.9798702262068,769.5612886639346,755.9218658721223,803.5584354197468,,761.1820732432406,757.8136031849795,755.8856076969372,757.0488881490156,1479.893280976749,1495.1309473538477,797.5150440556167,757.7178216159464,1487.4479044206078,1505.6418716393566,1480.422488494839,1097.8725291561234,1476.214068524507,1480.1205913073136,1483.8488941411156,1485.9125529622002,1478.6787723304967,85.3406490484322,1103.5606724304753,1476.1812469728322,1482.5912279854024,1461.1348565592928,1461.6385510443044,1473.3068336862261,1460.952991080394,1461.2297639951255,756.2283863658711,1458.4232200145457,1462.2946410092968,1454.991118318468,1466.3216435064448,1461.3149036171017,1467.5631118137971,1460.4179113810867,1460.450111244992,1454.954718168272,911.6875140601766,914.4633692847624,914.2297798213602,911.9762525565534,913.180050133685,917.2788707635987,912.6470053223477,553.5430826569053,912.5314447983867,914.1010665187086,909.9258286702782,914.7758231630221,911.4259525524055,912.1126892048369,908.7322324494882,908.7001570513545,908.8623874422442,908.8623874422442,923.5903836953572,913.9094485994856,554.1415716583687,912.2883779428005,910.884002790956,917.6214797165267,917.9741058934984,916.6498745118527,911.2547862089451,919.1611536565024,915.0724375189081,917.476924580016,188.14154595949995,920.5963369293169,915.7206895107423,929.8646547780672,917.5523659951091,926.18712023916,916.8323000856016,913.7625478614497,205.66612448503244,929.9390090876872,924.5602215441274,917.5607394557836,909.1819036394714,913.3324243376248,917.4061402559684,925.9408890130572,910.07326432376,910.07326432376,908.7128619620545,908.6959922739981,908.6959922739981,908.6959922739981,910.5968146776656,908.6959922739981,912.5029025173545,910.5968146776656,909.1228912339835,922.1516350776792,203.1425249602242
390.9114594557085,363.5862878993606,371.1033363712527,368.74646078749663,366.9403857635843,120.23535085891285,731.5149066777741,740.1688844325313,729.6116811028663,741.821750381872,734.8830878435015,740.2033028685119,737.920514839333,735.303253221455,750.3780706482136,735.9522307650586,743.118167470316,368.2286487777994,44.51637549559359,364.5459100196613,378.5663816206271,381.4197941995028,373.589699065463,546.3000570049197,551.3723772213449,549.0718591244155,375.29249560796893,363.36428742692425,366.1425968082882,757.3448571445429,752.6501372967197,772.4298236015469,775.1976230851151,761.1820732432406,,778.7684876024681,750.0926748199212,754.5691877406205,742.3706964955314,743.5138485285792,752.837148420642,754.0798530324892,761.670655980111,761.3408932621919,766.8173665489521,732.0284681651307,745.7841884135266,749.6069454245827,749.2781488063969,758.4489675781882,782.2155603814981,61.77223818593742,734.9201220772446,734.0519874470044,733.2311678201662,743.3440952909576,734.869834650689,728.2535601151156,728.7502240046485,732.7618055002016,739.8469809965151,731.675901179115,733.0973885755656,732.2592563325337,735.6778093259609,733.9524206208782,738.6896066495717,736.9601758954818,733.1640562328874,732.6718663257121,186.47810746250212,186.09739373964334,188.24881575624462,184.62600718750468,188.24130902102715,188.93528722398702,188.58597165392715,189.48147771999626,186.4359380209298,190.4910497428634,207.27911529751287,186.1688917715236,182.20855214762028,190.01193505414398,181.33613237974052,182.4244340931097,181.32036231061835,182.79973008385747,183.06405762630848,181.45600704109737,187.93459130439163,181.8028870148229,183.8246044494514,181.49915704103185,181.79391781514414,185.79026090011965,193.87751295716197,183.4458354950278,184.26022247006284,181.55097003169405,181.7874928234313,181.56688266824165,191.1691071904703,197.05336155513956,186.86366543494577,189.95880966229174,186.72058516837072,190.77060401458564,212.86578317109374,200.11236398778078,194.49283801500852,183.1251857372763,195.50229400548656,194.47947853637424,185.2717857019005,182.35415556396026,189.5584332368134,183.75348626881896,183.47649305502438,181.30476649640366,181.30476649640366,181.30476649640366,181.67695660116394,181.30476649640366,182.05017770344435,181.67695660116394,182.79973008385747,186.94877059262745,182.0814206801423
390.4207628114597,363.5060407605856,374.4703804241506,368.2270308572985,368.24557854171053,113.48949438041421,728.1431426507787,735.1238493539271,727.5977318508877,737.9215764709273,734.687204667715,738.8979329162673,731.0930983756274,732.7022137866704,737.1984506976931,732.5862675043887,733.0477031888993,366.7534842302878,41.40828198392187,363.462463830517,371.1888697093617,376.6069728786005,374.2087173098477,548.678733007403,549.398461925446,549.8735757660038,372.4660802487222,366.54786323006164,365.3899065592027,762.0456458315618,741.7554100065437,746.7477397259428,745.2029791620139,757.8136031849795,778.7684876024681,,754.4387548232887,755.1413650478443,749.7813315335975,748.525933793097,770.1033526445101,763.9039432929416,756.8097379195437,785.2220233668108,767.6324741820625,754.935751585846,757.4677431711691,755.7258128024423,753.0419836683772,747.7710288948327,740.5943758084475,55.58558053198848,733.220401950745,744.4613425637265,743.775189285805,741.691438942466,733.1498879196009,731.135476382755,728.0377364433954,730.5472232121696,739.2543365419947,734.2136376735201,747.9307128393167,740.6726676607075,736.1115543561817,734.582056989332,756.31460391846,743.0824177152465,734.6691343647826,746.2408227709226,194.19079896794602,193.59325334581462,190.23280156724226,194.61199455575073,193.52483493321475,191.0227097389248,191.79178127223958,186.80247742185543,189.4647564768651,196.05058527248988,181.63414275017377,182.87665988557697,183.93732126457107,184.4754823414102,183.41844452329846,182.87647812963925,181.95501952672325,181.95501952672325,192.20752120496383,187.7755735373976,206.79373397791628,184.51854835095946,185.59486555713488,185.97793877845777,194.89599795946413,183.6544751338166,185.86522922632471,185.97793877845777,186.01248530672117,189.6775656042769,181.16464447255083,185.94946096831168,190.45544274181103,203.7167673726309,192.8779603083036,192.82470767665944,193.54810714387511,187.45778296598988,191.86556722695462,198.15743154028613,194.56210318638338,190.94908480166563,185.59441948217648,193.79060699795298,196.92589403273007,188.4346691909039,181.57546119735508,181.57546119735508,182.74129160748691,181.56839955330906,181.56839955330906,181.56839955330906,182.1169123922192,181.56839955330906,181.76117405528842,183.4143303841651,184.36339869281048,205.41422912352365,183.40568484300124
388.83362866199633,364.83355868690666,368.62456656163954,380.7089684308998,370.1867546369623,127.20846484572633,732.1084395537324,743.2909620121396,728.227431280103,743.28293469981,751.7402353464599,759.1402835966319,739.4468749369058,740.172162197887,747.3060258238028,752.9730305742291,749.7248762028016,373.1492604126784,50.64497326786555,366.34438724721855,391.96387312791086,378.9207182376733,369.89672108250875,548.7984643764371,552.2407226614796,565.1014633137816,375.55333296413386,363.0488903631355,363.69389319429007,756.1138632448873,772.9668238268787,741.5761860162173,738.7396280874739,755.8856076969372,750.0926748199212,754.4387548232887,,760.0844035739017,774.1632895802219,757.3114291516855,806.5951997422831,754.4048583029826,754.2492837258719,769.6529805991136,770.8421528120306,766.2680067920611,783.1727555442529,764.7450493351012,762.9056533342658,751.0123265384079,756.7881172470139,93.705418656685,742.2909751158404,758.8004974256709,749.1379114972825,732.8727851859434,733.5571790152565,743.424121110894,728.17830278646,735.6483181906841,763.629354914452,731.7008298819138,736.3242290474068,741.1863297890342,745.0366325579722,734.4382499917041,750.0575805204915,757.954457241909,745.6831328892054,749.9777019140864,182.94723889129568,203.50826546881228,182.60143528660137,184.2463779438877,183.55251975228944,185.3744965082527,185.7354369830671,184.70123177160713,188.81723808881418,186.5891459320057,182.7509920417887,184.65572877736182,183.4387584311383,188.26122756571814,185.09191106421088,185.8913662489183,183.71410819665022,183.71410819665022,186.83763693536645,182.3889543152526,190.02322892443044,187.53345997708988,182.68478990812696,184.92813833519082,192.32571747246152,186.39056452596202,185.4256134501408,185.73523923622014,184.48979589048972,183.14051072687025,185.2308319757918,184.12305855189427,191.69701845289302,209.63318933365184,184.25928613436096,187.08429535694876,185.87674343633145,182.87011858705685,200.43313858760743,199.0399136758017,198.49708670331336,186.16822171261057,187.00709919158362,192.79317292028986,185.17848210093393,188.05105811435888,185.8913662489183,182.87000407597392,182.43653910317818,182.35152967016754,182.35152967016754,182.35152967016754,183.5282111700658,182.35152967016754,184.70815217550393,183.5282111700658,187.0778670280922,188.27805388272134,185.38255536303214
389.2262215451211,365.3092255480167,364.2939707316838,377.95187423039056,364.8239508980145,120.754706591982,731.5755700322572,734.067765648815,728.639451093013,735.5356172458295,736.1014092539867,746.2307051230584,733.9471373945128,729.2859424831585,731.268859056186,731.8457071188772,734.9425940091027,375.37843146781273,39.53858930208659,363.46589522426206,376.0212494889024,370.5348165306009,370.84835966535087,551.9366345151716,549.0808929886903,549.2236055311595,363.2091895045836,364.52480962479433,363.84182963753045,736.8929329971677,749.9067765422941,747.0128468536035,749.5424633699469,757.0488881490156,754.5691877406205,755.1413650478443,760.0844035739017,,740.5940155439716,748.849233381746,780.7137465978007,746.2864154192146,750.3897634544812,752.4345398853899,742.3884545087202,764.8289481410264,757.618442792732,751.7000064221701,739.1283876412565,738.2071169270733,736.7356706350891,48.158658255881015,731.80535235677,734.523277472473,740.746424991313,745.0266166523954,729.8174494627123,742.8621853577903,731.4002463810278,737.3358430233977,749.2033222686333,733.6598266963697,734.4765331528808,737.6928621064187,753.0544848034265,744.656047582966,744.870681258284,738.9318348241457,743.3717768693592,737.6498104087954,183.36000711777893,187.10409730670798,200.73932528572698,191.32180583374398,190.58765445239027,185.22153793967064,187.05502466353101,195.18390696611857,187.31066766263177,199.6759398548334,182.22251101733616,194.02561124902354,185.6913797370868,185.08187229860383,185.68919247174998,186.26379753772142,182.26549795877585,182.26549795877585,190.64158070379065,183.34848884482807,192.2391268297502,199.56081362094216,184.15505648440947,186.45716117312668,190.5512449811958,184.239183399932,184.3208415929702,182.61968253900386,193.1743147274258,187.5189564823973,191.86030805853576,184.62852270670436,187.8343675697127,189.18770807441643,187.77871777838854,193.23941828372622,190.7257358046705,193.2029086089736,193.41258768951712,195.9452199910887,198.71632655150717,192.08046348345422,182.46419842209306,185.4420956135973,190.63286425294694,196.88922119066896,182.8952876551723,186.26379753772142,185.11115005194154,182.168909189933,182.168909189933,182.168909189933,182.91055170628817,182.168909189933,184.89505369478567,182.91055170628817,183.91927226616977,200.2724170705328,182.97569411541394
389.21609285050505,368.5936475752593,395.8368143718139,389.12457505061127,1099.1640351532665,840.1186599487374,1461.2665345108142,1466.7299668600972,1454.117090027064,1483.08130511659,766.7508003197469,1476.8794032200456,1461.6080728115817,1480.5997040764034,1481.3652491501575,1473.334006267518,747.2812840088018,1096.7231354598619,779.3988243325776,371.9913612749073,1111.1584990902377,381.1114426562463,371.21302855513073,909.9516006897097,919.6957770093683,924.4331539664206,385.55864539850876,364.1683187136933,365.52304262055696,782.4361417965024,793.7663802026356,767.3039854163645,746.1423802228148,1479.893280976749,742.3706964955314,749.7813315335975,774.1632895802219,740.5940155439716,,1486.8974994442258,805.3691779840811,781.8481617650567,1535.8687993315652,1489.8500900272913,1518.9186897227582,1133.6922910877727,1482.1516775033494,1483.8116626697838,1491.7384276774262,1489.8432277387685,1491.1778720363748,95.99273675431954,1107.5579337103593,1476.5861352554941,1478.3410050436448,1466.7721355678837,1459.091173115965,1470.7863326467184,1457.221834571041,1461.0246840226196,744.010666081389,1461.1481070371788,1460.2252111892249,1458.7572295258349,1469.0549423182347,1466.7247657018297,1461.7500597536275,1466.824954974315,1463.5325947233518,1468.6905171654832,916.0407191361037,915.1899358268873,909.6699891448771,916.6403930975941,911.3428540087436,912.3900978159596,915.6170176533493,544.2844806314191,910.740142558274,912.6999291808595,908.2626218810896,914.2206863022219,908.4990074443698,910.9389070608481,909.1618594161893,908.1469175923881,907.9190784410522,907.9190784410522,909.6113793162069,909.3445382464056,548.2777710098079,908.1470326052839,908.6041923999953,909.1169112477536,907.9765433993884,908.050594368529,909.3920045477785,909.8248963855024,908.0897048008436,908.3409932173091,181.4527651451528,911.9816897917165,913.3694768744732,910.8482716106216,911.9460035560411,912.7682178882426,909.5473410075431,908.0945375958133,202.6801011833396,920.7988195642993,921.5881821365682,913.9149974637031,914.9787995444784,908.8848939922533,908.3497455802404,908.653541465678,908.1469175923881,911.6030559208091,908.0488313693667,907.8832654841525,907.8832654841525,907.8832654841525,911.6029607843324,907.8832654841525,908.875194596918,908.1563830045377,909.8726344269766,910.2171080101638,200.69272892887855
389.11454945738694,367.1028161605932,374.07994477096236,376.22543123992546,1091.2121784219353,839.5745485174048,1466.099182296583,1462.7139585701052,1457.5946760100107,1469.0932690561071,736.9589231025038,1471.92880667587,1462.8659104736764,1460.575237392255,1460.766400873974,1460.3709118241418,736.014795994267,1101.9726586272654,777.4597998804638,364.5232526367398,1104.817131616406,366.22937271236805,372.0448404408463,911.9345005375847,914.2745494346782,916.199394206465,372.7258693828741,363.2355701993256,365.39363142741007,752.8269311033658,748.7354093457654,742.9212530394283,761.6095904930279,1495.1309473538477,743.5138485285792,748.525933793097,757.3114291516855,748.849233381746,1486.8974994442258,,764.793431651364,745.275521428492,1488.0043120367018,1476.650802489502,1486.5276941859763,1125.4402746601722,1486.6211159612499,1479.5798805918716,1481.28930379967,1468.8136425558403,1471.921465799822,64.18252092338398,1099.015531715134,1465.8249452087655,1468.4511812655846,1472.5683928301978,1468.8958038597034,1472.5461838473964,1458.0446656724275,1454.0289971910004,742.0869928213863,1475.5741378975722,1466.059215563412,1462.3948198337243,1469.7960254256457,1464.9192886793833,1463.1114902981644,1474.7003206734585,1459.51225138903,1468.162058529766,965.3629883524147,985.0962885119146,935.1785845135873,927.4774878159839,935.1416422538774,925.308570519438,919.1419289914894,562.3484189937784,915.4841870976256,934.5142951560243,910.5012061995362,910.681632256398,909.3599469969715,911.5855743475475,910.0396912865765,909.4214917278781,909.294943305758,909.294943305758,917.3808281784867,909.5257831127032,560.9218014407822,919.8634319231954,912.6680955630171,915.6855450359634,916.9860073441732,918.6178727963179,910.1697087313612,912.2209700817479,914.259324345117,910.6028134363145,182.9271705842032,910.3979550150538,920.8660321424744,922.848674498518,925.7652874203706,922.0233013745545,915.340839259817,910.8178537805532,202.64449367773386,920.0351900333121,927.0256961415063,915.0785707389152,910.291190219037,922.1356313507605,912.87247541362,917.1154899413687,909.4214917278781,909.4214917278781,911.2517279340756,909.2915606182881,909.2915606182881,909.2915606182881,912.3851694717703,909.2915606182881,910.0002540696463,909.6172960979479,909.294943305758,915.5305450046278,201.66256173544764
388.61483288145905,373.1516245334758,384.5405798181576,390.5111727873139,369.20945751849786,127.47189710713108,741.3753716907888,745.3016699148347,729.1331407033791,744.1428581952302,750.2480768090832,759.4814568511065,736.5589209215641,735.637111383564,738.3951431615748,746.001066327778,733.8846951470247,371.08044689443244,72.67009359473386,366.9463522580519,374.54239672908614,369.6912873397805,376.07526380694867,554.6446069650506,553.8652639194985,552.3414283183843,371.42879802778054,367.06853040950057,365.81262233110664,785.7890924661249,764.3235654034996,795.056549503094,754.6608636617244,797.5150440556167,752.837148420642,770.1033526445101,806.5951997422831,780.7137465978007,805.3691779840811,764.793431651364,,796.1306653444493,780.9906786626284,790.6086622132993,793.8355142198006,806.6813936490721,757.4278293690575,781.0169171986789,756.7091726315597,753.2603508612476,744.1311867919997,107.03541116567865,740.4845417922207,749.5774894039903,771.4242971310446,748.8809695977621,742.4570923412462,763.5596759624367,732.060094924079,738.038347140859,746.3844821083022,739.3182275941697,752.9311448880208,732.4678699260407,752.7354618794134,751.533755608358,742.2664085641501,756.2559718953671,745.7255367400245,735.1438829506077,187.95256867993936,200.47012193896563,190.15157433404434,192.1102360292719,185.35538573046725,185.3945895312561,192.12815150006475,197.78199956073323,192.89934056688267,197.68334968620906,183.85762593558124,190.36457275897513,185.36951347150492,191.3564221825734,182.9944989230991,183.52793428027542,183.2914466803181,182.89332354462752,191.48317894094853,184.78324223937614,212.03111500572965,197.22280531933978,186.73548300086185,190.6893665318001,187.61686599755683,191.7665033837977,189.70189364865715,190.6893665318001,194.10568344321385,189.73507061464485,182.08665248838778,194.2218574034962,191.0384671038561,197.2025761341058,187.90361588361978,201.18977243621967,186.09808016291467,195.3606306842475,231.13533631121012,222.7540368046499,227.1870498449913,188.9472055187042,184.69385019017923,188.56495863130507,206.93011363912464,201.3307089601392,186.90782778248106,183.52793428027542,183.09681110357593,182.7932661261391,182.7932661261391,182.7932661261391,184.16099270715455,182.7932661261391,185.53250800446094,184.16099270715455,184.5584972822608,208.53889189248667,189.64077339853563
390.15379989884013,365.1491822831391,390.0595997117245,398.33594319158874,391.1239964400138,116.43787755647975,728.5105818142559,735.2611981677547,728.2247686379784,753.6684065137089,768.4247349811611,739.0087915589506,753.9058592266251,743.5620115723876,746.5863850377214,748.3428445123847,752.5165932137221,381.8733395884984,51.43921451984929,367.9232912261834,388.6258468500301,385.5836870510229,367.2518325946734,545.5716587621469,557.2668164553498,556.760818226777,389.76756264308824,363.40612542665286,363.860295901225,769.7350904716102,809.5022320035717,764.7049130776703,741.4248272976162,757.7178216159464,754.0798530324892,763.9039432929416,754.4048583029826,746.2864154192146,781.8481617650567,745.275521428492,796.1306653444493,,821.5423902487453,773.3889543418813,809.2054886063748,767.2070447619983,757.3508862330749,768.5968938959261,756.6676877804142,753.2447948123784,739.7443397226954,115.5234137722488,727.6489264181272,744.2333585146151,748.0634883842166,748.8839233883235,730.6748936772918,738.0958112448232,729.7366468781007,729.0965150827057,746.4566431823387,736.1130098668737,738.678507172625,737.7054229687336,749.9583007273596,737.5421048988632,735.3905444241265,742.915833367347,736.0982974208939,743.8571238711588,182.02321509874537,192.2055664243495,181.79807131015465,182.32700902949244,189.38142878001167,188.1538898826961,182.54709236922972,183.86225538213384,183.06926885269485,183.44058182194414,181.240413345061,185.28640833267156,181.39978518112702,182.18807270683624,182.1372878565411,181.3797418074212,182.43070142629168,181.21450495081837,182.9637862863304,186.44703480591537,185.32645876992478,187.36982030196535,181.63695782212136,182.05911424875953,186.2852380802395,181.32920403777484,181.48298222300298,183.36778497582952,181.41801243195752,183.0998988204949,182.89680200518413,182.8517036211196,185.03614041353404,186.6020608627837,186.23224026776742,189.91578826772985,185.3153668493425,182.71166513881204,196.50210025388793,192.64636812972293,196.53971713888257,190.29297870595246,184.80049806891034,186.49110155933585,184.11866210921517,183.10053026895022,184.4072501351845,181.3797418074212,181.50979848061175,181.20466166420348,181.20466166420348,181.20466166420348,184.52903325686353,181.20466166420348,187.86261363509882,181.50989977924618,182.83024825928777,190.42116207476212,187.22097642654197
391.28000163212596,365.9639669055261,383.2524442237849,393.8961402342298,1106.2246365905967,837.9953975498647,1458.0075393933037,1466.5464634153564,1454.621560453896,1473.7625905258926,747.90583769972,1462.6134114250974,1473.0001472307106,1478.5039203180406,1475.2804074292205,1465.0012812272273,757.0194159666937,1101.99338380495,789.8537948769826,376.9657447526304,1104.0327240357553,382.57254931918357,369.13112622075545,915.377623483457,932.3528509308628,927.6634931149263,394.3344050980651,365.9995764351405,365.40020872729684,752.2500183713531,768.2659137976553,760.342314437803,742.4789047044208,1487.4479044206078,761.670655980111,756.8097379195437,754.2492837258719,750.3897634544812,1535.8687993315652,1488.0043120367018,780.9906786626284,821.5423902487453,,1476.1954598943094,1522.8680897514666,1129.8030952742065,1470.4988129100327,1474.777968098465,1478.1126606107684,1475.7323528755574,1483.845976409501,80.24619385372608,1092.3952497952937,1474.0498780903654,1465.2234832956922,1478.9744065883285,1462.8057082054925,1461.3163562921793,1455.7900649432418,1455.7176247253858,758.4433149247459,1468.577981104599,1469.895017882128,1458.2780255591501,1477.1603999634585,1463.8901201895867,1462.2848878267253,1460.648630038485,1460.812581316209,1465.0278501129121,923.6896124618338,912.9671521137848,911.8834819867812,912.8945794839975,914.1721120578515,922.6146925719833,912.5639078964484,547.8621961297038,910.6369868727187,913.3373205734621,910.6099655792273,912.7635859623335,909.0431719248928,909.4870417410922,909.4862033453525,908.223894625224,908.8707843277874,908.8707843277874,909.7991276047934,908.4372390050248,551.1595245250104,910.6316340272846,910.8076188800402,908.7162565537013,908.534411940748,908.0339581380981,912.9746353521934,911.0830654848828,908.1801392562008,912.1926096912285,182.9930480642225,915.3148488553039,915.3961283564478,915.8895220480027,913.4527517989867,911.4884432601235,913.3745132136356,908.3442418655873,185.15239424880525,924.6361210293074,916.2944724805989,908.0210121030799,919.326707278503,919.2018273308241,908.38513124258,910.3087905114367,908.223894625224,908.223894625224,907.9545084811178,907.8711582716026,907.8711582716026,907.8711582716026,908.1200278291591,907.8711582716026,916.0491382095195,908.1200278291591,910.2012652926057,908.6271484307919,204.7760945851466
389.17464451819586,366.0503941189588,380.86309260825817,389.8066151731834,1096.2054667603613,848.6617228247798,1467.6001832268594,1478.3421809509264,1457.9396094776664,1476.0493943370927,759.2723623544206,1518.65458265824,1471.544808214875,1473.668755732505,1471.4487268016383,1472.5635848083914,741.4292114590862,1108.44326875,777.3631331830479,369.81006956310034,1114.3831431044944,388.7375166357329,376.8552106941401,923.3418875206063,930.0814327241596,920.6393079305633,403.9207048062359,363.4234578803181,365.8234565185363,823.3015940427042,801.0372429722236,764.9766208439102,749.410367544233,1505.6418716393566,761.3408932621919,785.2220233668108,769.6529805991136,752.4345398853899,1489.8500900272913,1476.650802489502,790.6086622132993,773.3889543418813,1476.1954598943094,,1532.5048870839887,1121.874021906824,1491.0987109250082,1495.0093840799123,1503.8657709185961,1509.151458814317,1529.0353173518606,144.65912352222384,1108.2149943540164,1476.3918166915053,1500.5042464283017,1483.358442998668,1482.4974394421336,1467.479849824732,1456.6530183485295,1467.7308395178595,742.6756060883571,1462.945263493886,1457.6551721330927,1466.3657935545689,1471.11826690011,1459.8198930648182,1468.484819233928,1503.2267850915048,1469.6044994184538,1480.2454394964764,909.802598592881,918.4565773032276,916.050383033835,918.3863465918996,914.6840136742737,915.0161453558521,920.1307178275204,564.0315772132245,913.8349364821642,935.6147558760067,908.6389545153254,914.4302602865213,909.4018569386991,913.1828589353597,908.9689896911349,913.947661134922,911.0820169247116,908.483396089481,930.1985956516245,909.2977271277801,563.3216133994982,920.9179282854249,912.6068843912453,916.5657493306319,920.1420085817119,920.0205290124931,916.638460694403,921.5000095223561,927.4120233941959,927.1376646013193,193.191156822092,918.8099340787622,940.6898885639599,935.6404250626792,929.7042484631451,917.4501908786281,932.0949184212044,926.041869974017,226.45389321685946,950.1642016810875,945.4058138594545,923.2075836652776,932.0959296573134,920.7770408325613,914.4000194788648,914.4143017764641,913.947661134922,913.947661134922,908.3554987937723,908.0031681629835,908.0031681629835,908.0031681629835,909.979184498976,908.0031681629835,908.2426169906,909.979184498976,908.483396089481,924.7621334078943,202.7531526808301
388.97887512846364,366.08830527875364,406.23822505850285,413.656058874447,1111.390063646767,864.6022081146667,1458.7811511690336,1479.0354291744063,1458.5412090198724,1475.082343934331,773.0682728372327,1493.4242602729003,1512.1289225389057,1541.2542490382007,1469.5228378692527,1477.9399268173647,745.6980431323095,1110.619327281888,813.9660235314426,368.88457020160195,1100.4476255533796,382.3148637743529,369.07996222301955,912.1428901992131,932.1386619196339,927.6175613079254,382.07475536074804,363.48363341391035,365.0905011425979,784.3561739199911,805.7701505051393,794.9525432334133,737.0878998340887,1480.422488494839,766.8173665489521,767.6324741820625,770.8421528120306,742.3884545087202,1518.9186897227582,1486.5276941859763,793.8355142198006,809.2054886063748,1522.8680897514666,1532.5048870839887,,1151.6361292317597,1500.0321993958828,1499.0415119877232,1493.7378979418113,1497.687072712556,1477.7882135382288,154.23982192872944,1099.7969561635723,1467.233225049977,1488.0988993491474,1523.6599343193745,1464.2927912890939,1465.1949439933362,1454.0533273740693,1459.7451205732439,755.4763888150137,1478.2167848080362,1478.850497492761,1476.1744652150824,1479.3105732113775,1473.3301967816692,1469.9673828738714,1510.0574267128466,1475.5565982847243,1472.2636324529267,912.073397776345,915.4304891873298,910.0359404219247,919.7760326227472,911.1083737220349,917.0574778766046,920.8593361569923,547.4409476292906,909.7435644726712,910.408781927061,908.7567089681999,916.9267847299304,913.924827395225,913.2616606336933,908.6199427636186,908.0664166849724,908.3308202892729,908.3308202892729,914.3042141902008,908.433856136726,553.6278148389017,913.1181672328144,908.2899606540984,910.1633085921173,911.1155363996694,908.9150438462898,914.9153493648995,910.9240771099039,908.7030669705015,908.412204010071,182.03162961366334,908.1371149227916,920.7917085229827,920.6717183244434,914.8002195913876,915.9822549059938,917.64134700941,913.0342506392782,217.74090685120913,948.8167248735081,931.0387473047556,910.8955157076598,913.0608058873999,916.5723054771486,908.6568448602653,911.0075535574958,908.0664166849724,909.8403171724254,908.1320774242328,908.044892538401,908.044892538401,908.044892538401,909.7436200713323,908.044892538401,908.1874603920213,908.6417118842431,910.5183936514745,910.2893241806703,203.94630024352685
390.2205861109929,364.631255721579,386.02395195618834,378.87800318434245,730.6722185022375,485.40735924058475,1104.0206379749077,1106.4950776519447,1091.9838937108273,1099.2323763601064,745.3784799263559,1133.663411675608,1097.535316415214,1112.3125803159903,1097.5106667821108,1106.6124243672093,734.5196678195865,732.6775479595395,418.08222709512347,369.08567686379945,738.3162561657233,385.4564653795736,368.3349187713901,743.0825627976541,735.8836959525482,746.1953312703715,391.574511822987,364.004125902318,368.3295509348955,761.3767154509436,736.6882376630166,748.8320150391281,735.3932067338695,1097.8725291561234,732.0284681651307,754.935751585846,766.2680067920611,764.8289481410264,1133.6922910877727,1125.4402746601722,806.6813936490721,767.2070447619983,1129.8030952742065,1121.874021906824,1151.6361292317597,,1144.1886222949133,1135.417993746326,1107.097462713132,1113.6983830303172,1094.0770217587208,69.87933275995837,918.3336876358758,1107.1110482713427,1116.4815420601537,1105.75041490068,1102.059055718385,1113.2523919993384,1091.4168691441887,1098.775027546455,759.1568843188297,1103.4309880494006,1110.1059690686732,1094.937465025869,1111.1892815389574,1105.6705365853204,1109.0234264589567,1120.3487489254692,1111.4684352791735,1110.5080293837532,550.4157905305908,560.5811802096646,550.351794903885,559.143977336747,562.1267306996469,558.298197874553,562.7314261703214,377.52105180400713,550.324893025619,552.8789628795619,545.7239749545877,546.964942018219,544.8907371166799,545.9861062621998,551.5293675332672,551.1047023932481,545.3687929213659,545.3687929213659,548.7632486232801,548.8090991672228,365.84889461274764,552.7819097388196,553.0370456063226,553.002170575231,552.4828224626705,561.4957003938653,546.7302061313014,555.2736067707416,547.0496494672942,545.474888537283,185.71478284663976,545.3165758434986,558.825108572633,552.1773984830904,548.456191495133,551.3193745929366,552.7748747852968,545.3386283310614,197.4102818273956,563.5091117753847,566.5905498137687,547.1994360349481,545.0823758705158,560.8640103577919,548.576041349986,548.7715005196926,544.7981719620706,544.7981719620706,545.2890067696924,544.7927941695075,544.7927941695075,544.7927941695075,545.2763044777674,544.7927941695075,548.9949048152296,546.8909434684088,545.3687929213659,546.0514798724901,224.2267218781942
392.28285152105747,369.62354562777836,369.0433118226934,371.3435892903949,1104.1860387480435,852.7776478830941,1463.6601188646014,1467.8450547196394,1454.4138422439066,1470.8529745307724,742.440269297437,1489.5786220710158,1457.677745538447,1471.1464268392242,1456.5624329706882,1469.9543923789288,742.5025895875224,1097.3834000264574,770.4309030503816,365.51459050970874,1106.717352104838,376.8041712075618,374.92934245841,913.5179066699901,909.2265350944795,911.7001886643044,368.1809192178587,363.235913730431,367.65666589335206,769.7537038772582,746.6172265680668,757.3164961717985,731.6957474484356,1476.214068524507,745.7841884135266,757.4677431711691,783.1727555442529,757.618442792732,1482.1516775033494,1486.6211159612499,757.4278293690575,757.3508862330749,1470.4988129100327,1491.0987109250082,1500.0321993958828,1144.1886222949133,,1466.570731378858,1464.8683066082765,1471.4422994373958,1468.066881220197,59.39263908046989,1096.9587295165984,1467.5091282519613,1464.6863458166063,1470.4209891416194,1465.0071182081472,1468.2649215557578,1459.3356793601713,1456.0521814803392,803.5603321531256,1488.6095269737384,1499.3024714233636,1482.745321297832,1489.3293319685386,1473.2449808295653,1481.4912427329784,1482.6772895685585,1494.1534275305576,1495.4433111216476,923.2547587662796,950.9945417248082,929.5442948569654,928.2433981739874,923.0888199047273,933.3519536237962,929.8329814707167,553.614305065915,925.3356558858957,929.2956628200172,909.1267205454978,920.6588642836281,914.0494014920654,911.5737109720232,910.1983888300222,908.558693231775,908.2428732789939,909.213602351321,925.0112043963528,913.9143167767783,556.8870258275732,924.3745062372183,911.96603121261,919.4171213759786,917.4964995862047,918.0682902537943,910.9274422678561,915.1929429691331,913.5314177920891,913.6833881178356,188.87019943257351,912.9144450072365,919.0747842813281,946.4649285342025,923.0788076180411,935.2108196233424,928.5744815981442,910.9861713515745,216.5158957392552,937.3064134141437,932.4190260232382,918.0879914980284,910.3703595619618,929.6683302548337,922.2496277568731,915.756182527212,908.5977554271186,908.5977554271186,908.5501733111568,908.2396974911694,908.2396974911694,908.2396974911694,909.2266663643442,908.2396974911694,910.2163692233172,909.2656205038223,912.2040224650881,916.8232964452943,206.61127855095398
388.707834610383,368.6438384669172,394.4101249634417,393.1350738787532,1106.0795045065956,863.8661317405941,1463.5703396821561,1472.6799797117278,1459.9323770229,1470.229220427128,749.0699349277804,1505.7752922713944,1484.3822589567637,1477.960853412935,1460.1269936820222,1470.8986644864976,733.5676701273411,1106.4053246321785,783.9862930059696,364.64200305520535,1096.2747035550135,381.4453944137201,370.861142562325,915.0880986999788,926.3430441724493,918.6055518687025,379.1527724117569,363.2844752665923,365.12525061999696,775.557280599211,772.3358086053207,760.2390013414667,732.912669962884,1480.1205913073136,749.6069454245827,755.7258128024423,764.7450493351012,751.7000064221701,1483.8116626697838,1479.5798805918716,781.0169171986789,768.5968938959261,1474.777968098465,1495.0093840799123,1499.0415119877232,1135.417993746326,1466.570731378858,,1472.801109804112,1468.9632690977896,1477.3379429565482,105.00670824940332,1105.3366373470726,1464.668581936051,1478.281757096697,1492.7625410561154,1466.1415163105878,1461.614154107853,1456.3982688372362,1456.504750769827,755.1850201900249,1471.07034400128,1476.345965393453,1481.7949512041969,1477.3311336006473,1466.5640599617911,1471.6430169496102,1488.8304687671266,1489.9925750052248,1477.5980592532394,916.8022905734704,920.1880143398195,910.0173282097549,918.6671650059833,913.2499806026905,913.9047994479565,929.2081791936371,557.6913904295133,916.7566519416607,918.2004647243429,908.5036372112763,914.962196509669,908.5609482587281,915.0946864562669,912.4920171212569,908.5505715744135,911.2367185220342,908.8900608201938,914.7846565147199,911.2926210266255,553.5131639828516,915.4150567448638,908.5162830440935,912.4141426470958,910.9870489827291,913.9245707411268,918.8193471969374,911.5258381654783,910.6879551190083,908.5383508705993,183.53397096014697,908.8346250340951,938.1206869311858,923.5592853780856,914.5220252633831,926.9624821970623,922.6889288869971,918.3288024257334,211.7585561350274,941.9228283518901,940.9051861533383,913.1489314828184,917.9471625872009,921.8975959445056,924.5579598282466,914.8196687608297,908.5505715744135,912.9221885702964,908.7548891484128,908.4835945427897,908.4835945427897,908.4835945427897,909.9590331291577,908.4835945427897,911.4385588030227,909.9590331291577,908.6367117544693,919.8258366104169,201.24672891861215
389.3159548383684,366.54292043453165,384.65861685759967,393.184587048708,1108.752183299895,844.0647407384491,1457.8937368952184,1466.4211747330173,1454.050398478491,1470.0411775213602,755.7079002337377,1486.693076908063,1469.870301143089,1468.7964371920004,1475.9018332726885,1462.5816819472418,738.2094320989218,1110.651961934493,781.9636619357813,367.3254029031797,1110.346052996459,376.0738746555939,379.10021587158366,917.5319012898655,924.7000314256205,932.0713874678177,399.2161662988138,363.18562128474406,365.1928733898556,791.9052965775943,784.5513799043731,750.9371765433042,746.1420598430761,1483.8488941411156,749.2781488063969,753.0419836683772,762.9056533342658,739.1283876412565,1491.7384276774262,1481.28930379967,756.7091726315597,756.6676877804142,1478.1126606107684,1503.8657709185961,1493.7378979418113,1107.097462713132,1464.8683066082765,1472.801109804112,,1512.3105373034612,1511.7485750084707,134.29704979291432,1110.8149719881644,1473.4611542820262,1479.6598578979033,1473.1568314800172,1464.9491132072408,1455.8042158348835,1460.8082256397834,1461.0519824997868,748.5377894438764,1462.179783772245,1467.688773029087,1467.3053634937019,1475.7080439347087,1469.5619719332592,1466.6443720474226,1476.6233379976154,1469.795903067042,1480.0106601718182,916.7222215249145,928.6676581905908,912.3489191879901,922.401368441961,909.6928217823208,911.71900330756,912.8603960600901,554.8992990582764,914.4737084355112,947.2407626704526,910.8931049003077,915.2876198308219,916.6499362723514,922.9302073877825,911.4208976149146,914.3336316490602,916.227132740448,911.5505825295791,920.1393660670348,912.3692174231155,554.7078563762101,912.0099493855922,912.856958992923,917.2504031469119,920.8549184030338,915.1471282356671,912.0991078981907,910.1435366336467,918.398783514676,915.4602070947986,184.47487958061606,914.7876038058201,929.5980173673926,937.273679923638,927.7029935483979,916.536003898332,924.3603824460918,917.2877111114052,196.50955580047193,928.5288176759705,924.0947619001726,920.2165747904716,917.3636947360449,920.423261148777,914.1447685624114,916.0736189246679,910.0331860564625,910.0331860564625,914.1473984793154,908.6845123708866,908.6845123708866,908.6845123708866,910.5623431682877,908.6845123708866,912.4453757130501,910.5623431682877,916.227132740448,918.0687113079016,203.2576768885544
388.6448605707756,365.9294731784029,389.1264754145031,387.52267980158723,1094.4480494989095,843.5887512591609,1455.8594336348258,1460.7246267064534,1456.421312666915,1460.8134710046106,738.7498773781562,1471.5183730032977,1468.725878003342,1471.2881521776771,1463.411558925433,1464.4080683896314,736.8135117287659,1094.216245766136,765.4243627372341,363.46141730493645,1099.557900460344,368.79514719777944,376.7129417656741,909.7311833100971,913.0734768656989,913.4525562384017,365.6266841448897,364.086266685339,367.6428188978039,779.37699344205,755.844098538823,743.7932735628716,737.304485202461,1485.9125529622002,758.4489675781882,747.7710288948327,751.0123265384079,738.2071169270733,1489.8432277387685,1468.8136425558403,753.2603508612476,753.2447948123784,1475.7323528755574,1509.151458814317,1497.687072712556,1113.6983830303172,1471.4422994373958,1468.9632690977896,1512.3105373034612,,1628.1546882941723,181.6692334152468,1111.4526580281952,1477.902685165616,1478.2187753221244,1458.2217491320832,1465.8689829900886,1454.501730364111,1458.404819116073,1460.3540933885852,753.0773746565021,1458.931677845336,1459.6411644377295,1456.602413559322,1478.3049149582187,1460.5501061776351,1468.6503532756492,1475.557251442496,1465.8107079121364,1463.9602641483953,912.1790626444266,913.5394003389896,912.9069196120771,915.9070812718265,913.4389949874515,913.071256235129,911.5536843175702,546.2999972431413,910.7513116736372,924.8126838397935,909.8369307437247,940.223116330772,909.5181947346907,909.9497180277351,909.6824548438655,918.1304756514581,908.7387255464247,908.7387255464247,919.6780151169182,914.7012007765885,551.8588633783193,908.2025278279862,910.1247042887744,912.5786396989058,910.2400433297091,908.7407667299073,914.1520781596782,908.2524698290581,914.557044954024,908.0925707734249,183.15141249437826,908.1195878230401,928.294470607199,922.5414830773265,925.9920564742116,914.4742185111106,918.7734953074502,909.822361579523,198.2383085666603,919.3845390982679,912.6251208492245,915.0233950328901,921.3162186299331,919.1301133961603,917.0307942830949,912.227788351275,909.5247626194953,909.5247626194953,914.7697107285002,907.8054241970223,907.8054241970223,907.8054241970223,907.9226435179562,907.8054241970223,911.2122450193281,907.9226435179562,908.7387255464247,912.2417135498549,200.45138834601372
388.72343943903763,370.24451190840045,371.2368484733829,379.13376233683437,1093.7934887299134,837.3618203508769,1454.2649589829011,1456.2069731396136,1455.2419086132772,1459.5486112163892,740.5109522713376,1470.1517832225522,1456.3119646950613,1460.3635779174576,1462.845588245947,1468.819885158275,742.2281054084224,1096.8139213703487,761.3094790592879,363.74532416380424,1106.8045049146945,371.37362576135456,379.0956103392748,908.7950847991588,921.8152764525415,909.2824524990416,367.07706162816964,365.1392169634619,370.49167278499715,771.120315199073,757.9924606506626,745.556593537289,744.0491751069463,1478.6787723304967,782.2155603814981,740.5943758084475,756.7881172470139,736.7356706350891,1491.1778720363748,1471.921465799822,744.1311867919997,739.7443397226954,1483.845976409501,1529.0353173518606,1477.7882135382288,1094.0770217587208,1468.066881220197,1477.3379429565482,1511.7485750084707,1628.1546882941723,,109.05272842505764,1106.7327635740746,1469.7127879968796,1488.9416362476466,1468.2937427779743,1455.562541726269,1461.0682514617815,1454.0529484035922,1478.086283846987,737.392361253071,1456.3298634028847,1456.2455935109792,1455.4622197044955,1469.7323744507682,1455.7288905485893,1461.2906260972588,1465.256096391677,1462.6293840488856,1463.9337175504886,915.2553962014637,913.701105245594,912.1513135777949,915.3934027817577,912.8737131584771,912.841290555304,913.8520376929881,549.4307176390215,910.5770301106487,940.5808861138596,907.8357105671066,929.6839271419807,911.4364135492144,912.5777868939349,908.8727623127273,916.8912906761078,913.7196503512752,913.7196503512752,921.587858471272,918.2153708633363,574.2346855774085,909.0205792904197,909.5829681324105,920.8188851097744,917.0749993221035,909.6529497924014,912.4159181620317,909.7598481530983,921.7398905527556,914.5005271434213,187.23340453293403,910.3154826436755,944.4717574807466,924.7566929157222,921.4775458816871,913.2864783205596,911.1580431675327,908.6435320559036,215.4616264194303,922.044534050518,914.0895145718971,909.1569898401566,918.3300774341303,917.0850080559619,920.5132422806349,926.870248300593,916.8912906761078,909.2378397572279,910.0275769461131,907.8124337404436,907.8124337404436,907.8124337404436,907.94369156509,907.8124337404436,923.3610141275125,907.94369156509,923.8707719985507,920.3666898965844,200.99580543862615
12.357921454466418,12.835663158213144,48.18278081771987,50.95481333494989,22.863785944199307,18.79037975181382,31.291964677462246,43.45481720318631,29.895804429283373,59.568191409199656,73.80581642850478,84.60619980497923,46.07524986061178,52.77350371498578,76.38518775548393,49.796552381146725,33.22489759559802,53.48106655024411,36.74050660606973,17.468702945965713,45.04299494974275,33.10542959639652,17.302701511581997,22.151150203737664,42.73135794660493,37.28741828325697,47.570837070098136,12.831093437766278,11.852197281048776,174.51879130747608,128.4950184986372,72.35620244475754,53.149201958681786,85.3406490484322,61.77223818593742,55.58558053198848,93.705418656685,48.158658255881015,95.99273675431954,64.18252092338398,107.03541116567865,115.5234137722488,80.24619385372608,144.65912352222384,154.23982192872944,69.87933275995837,59.39263908046989,105.00670824940332,134.29704979291432,181.6692334152468,109.05272842505764,,37.2528464425801,50.646296141881564,66.83315967110116,61.52504354127841,50.057054639667314,38.67051198891826,27.77853998835812,52.98060466440064,53.163805018226476,41.35976134978189,44.39952466998115,36.692274005320364,56.16608644200483,35.237215757628555,51.398635488136975,57.55871440638971,40.324137193070065,50.03217023263629,11.822406164801192,27.752543777828556,15.306226136976539,27.060882913788568,18.10462466363738,24.711077276262152,15.31774129408834,11.99692440162482,9.373923233887043,22.981665218308734,10.757458180574618,23.24135187646899,8.9785882174198,14.843037106571423,11.911355132318342,11.902592760179827,8.799541593188348,8.799541593188348,20.707421181288858,11.657217286888477,18.650248344524385,11.653960037200058,10.468188103066149,13.244140152574165,9.897754059106278,8.476247628057832,21.363343049266284,9.283561411108204,11.614555969945382,11.7320617707623,7.703803394213571,12.50867147108691,34.83363913479973,28.848203677825893,23.608255330506545,16.490206302990103,24.66425479098536,15.820838454546834,38.388214044055125,42.423126699382244,29.830870943922683,11.939535929916214,19.799165125634794,16.201347365482732,16.366260466643077,20.251181248698963,18.89453493118334,8.858262492173083,9.344039007148137,8.458770271678723,8.458770271678723,8.458770271678723,20.035599468781022,8.458770271678723,15.00456312515144,8.891826956696816,10.851774774910371,20.449893241987567,16.282634870162386
388.7243299043755,364.1001568663089,365.6416676029644,370.1609575741117,726.8738398675716,474.3602689571122,1095.4295648354143,1093.1312138190067,1090.4418864199038,1093.0155058824666,734.4514436122223,1101.2045745575283,1092.7783331268117,1093.4378126436272,1099.6563755536495,1100.2605879173925,740.1100277431545,728.7019057040998,404.3179115939551,363.57764457507136,732.7251724869808,367.4645654512524,368.67491487325367,730.1913047687896,728.0976461797609,727.415080987535,364.9733311352666,363.2677326820807,367.0202640799389,730.4179040613678,738.7360791010755,732.971197873428,739.3372250467585,1103.5606724304753,734.9201220772446,733.220401950745,742.2909751158404,731.80535235677,1107.5579337103593,1099.015531715134,740.4845417922207,727.6489264181272,1092.3952497952937,1108.2149943540164,1099.7969561635723,918.3336876358758,1096.9587295165984,1105.3366373470726,1110.8149719881644,1111.4526580281952,1106.7327635740746,37.2528464425801,,1137.0946302310585,1116.7760776060536,1096.6223250983337,1108.1056053832501,1115.658978902675,1091.0174436572847,1113.1827458534954,743.076997973025,1092.7931084185623,1094.7951444200921,1090.4702141564394,1090.325142862326,1093.8911722904493,1097.161362551577,1102.010706171934,1097.5741726821307,1101.764307029377,548.1774427813053,546.3366918223497,547.1402218438332,567.0251315502989,546.4637680323548,549.5318770468907,550.3639663626369,376.2867455838475,544.5547537578711,547.5761643008021,546.820303659079,545.2830409187268,544.0956937179793,545.685843578879,543.8284635352013,545.1745385593747,544.500723922798,544.3589755311739,546.3146515402045,544.4464425103713,365.9682206372228,545.5636427504588,544.0451322079381,544.7582535916613,550.4072380821598,549.6472185831736,550.0699483130172,546.6251350037186,546.2437187890578,544.2783177980157,186.91031342767454,544.2080068842585,550.2198584251787,555.0950873948615,550.3639663626369,546.6181312942797,548.8881163128553,553.3945267403624,190.90684947845497,562.1790083080343,552.3353761065674,545.8699398442941,545.8965634519232,550.730470539453,550.0777043688678,544.6648104835692,545.1745385593747,552.6156669223369,545.8992806336723,543.813035816346,543.813035816346,543.813035816346,543.9489544175478,543.813035816346,544.0852495245704,543.9489544175478,544.500723922798,547.5315698331169,190.19851867114068
390.5079916532905,365.93861229878814,370.8749394963501,370.28961336108415,1096.2737049730135,842.2758307881543,1458.4133609835114,1460.9532101937084,1454.0148618539356,1474.0487838111985,734.189860452415,1469.7786705590345,1461.302184903785,1462.9514642749177,1463.538321711116,1476.1500811214828,740.8618850976745,1093.7568190060606,775.904825191495,365.89235988338186,1095.5215480098066,368.98432819243226,370.14629049894745,919.4166150812124,909.1082904812832,912.6897474608148,382.69924331103675,364.3465383265448,371.50017680672266,742.5282455481007,740.780462716837,733.8405171471799,732.9533857059637,1476.1812469728322,734.0519874470044,744.4613425637265,758.8004974256709,734.523277472473,1476.5861352554941,1465.8249452087655,749.5774894039903,744.2333585146151,1474.0498780903654,1476.3918166915053,1467.233225049977,1107.1110482713427,1467.5091282519613,1464.668581936051,1473.4611542820262,1477.902685165616,1469.7127879968796,50.646296141881564,1137.0946302310585,,1488.5402930665514,1462.798494118788,1463.8737962229259,1459.7312693677488,1463.0304629550797,1455.3143934017344,745.2379338590592,1465.6424894231177,1456.962682829817,1459.0453564284824,1454.9135036267662,1460.9220969836238,1467.233225049977,1472.6317302296509,1464.6495721269132,1461.4607148723992,909.4294049448669,928.9369821327405,909.0608009190292,912.988140197836,910.286439094081,910.5904605601729,908.7277962259457,556.7290148123267,920.6190834675982,920.8950504061927,909.5821126057322,908.2197493620187,908.0386682611448,908.9984124198508,908.712396693189,908.8176016942425,908.2672344668912,912.3400989786757,919.3840619645173,907.8787731411851,553.7570002339337,917.7299856646612,908.8278189529178,912.0188848699736,918.5036731971618,923.86386162465,915.2957355409262,917.2753724451086,911.5595069556538,911.5832765724306,184.90057270003882,908.173631411561,912.7114075818907,913.9289960489928,914.0446819823657,916.7131845228499,915.5332644354091,909.4769327155418,188.2668144404011,922.4004188050193,914.9031321140383,917.4453125849146,928.1723790246292,909.895145761468,909.3112903485825,907.9396883854521,908.8176016942425,908.8176016942425,907.9272685695912,907.8269911602212,907.8269911602212,907.8269911602212,907.9874041493777,907.8269911602212,908.148261495845,907.9874041493777,912.3400989786757,909.3824953421292,207.19156865350203
388.561587844622,370.8315173074751,388.57502613437407,382.9934295035929,1096.8501211578703,847.1462495857932,1462.4174652796175,1457.8118143548468,1455.6446889868587,1478.0287703355013,744.2329564425702,1481.9417649637835,1465.7723763038678,1467.7853856500033,1457.977133885962,1459.3943204111354,738.2598230623263,1093.7999042805386,761.3145241697371,363.8901493632807,1102.321044479269,372.2658732635456,371.0914769220186,911.7230305727331,910.7141589056488,922.7662843389325,375.99380046402865,364.1564962428161,366.8610601742448,750.6334060506719,743.5240870729008,738.7232488911953,741.4671384676508,1482.5912279854024,733.2311678201662,743.775189285805,749.1379114972825,740.746424991313,1478.3410050436448,1468.4511812655846,771.4242971310446,748.0634883842166,1465.2234832956922,1500.5042464283017,1488.0988993491474,1116.4815420601537,1464.6863458166063,1478.281757096697,1479.6598578979033,1478.2187753221244,1488.9416362476466,66.83315967110116,1116.7760776060536,1488.5402930665514,,1538.8302283051223,1477.8008181028827,1478.9629026938933,1467.1395954467046,1475.3161598840882,731.1355156721266,1464.3239027886198,1457.2635699702,1455.9530991412087,1467.9877622543067,1462.4236179407565,1474.5508076775518,1466.540203776574,1459.9053718012788,1470.2474012793016,910.1075810827793,917.8772989712189,910.2123026200184,912.4766863468863,915.7550003399389,918.6565425583075,918.285661444592,553.4365351678216,912.5487113667318,919.2829597847128,909.8629451568015,917.3431426015707,913.9476948902234,910.7018771997989,917.4761416318688,909.7921963416705,909.5791130543256,911.4475304776531,916.9955145798302,914.5217067470021,565.448478445627,921.5155066154443,911.7449717657153,912.97658789643,918.1738581550763,916.6744049612511,914.2271831787968,918.4816532606192,914.4873368998361,912.3372859307267,187.06006449392197,912.0359290089284,922.1912191402839,919.0948974419572,915.2354255968446,912.7480074769896,921.6113909264925,910.3417992104905,196.25052306618468,924.3208269932187,940.1169552580516,916.3718094717991,911.9885329521275,915.2865393731134,912.9987055744621,909.8348608282215,913.1355743228692,913.1355743228692,910.5286738319733,909.5507727813135,909.5507727813135,909.5507727813135,909.8293946385298,909.5507727813135,910.108788301445,913.1635239946077,911.4475304776531,918.8024358086639,203.74072412623983
395.67088667137324,366.1261070179834,391.1681445896323,401.2363630510289,1110.5248103425704,840.3797344819951,1463.194132954454,1462.8328552017656,1454.7993006991685,1469.7432463305354,741.7343110548655,1472.186811567343,1482.222981272187,1484.730674501335,1456.1527054224096,1455.780012276403,740.6675163055686,1118.7071977869987,786.5692426345173,365.64635749972774,1098.928053573224,380.9803472411927,368.2227011906355,917.0418906015012,926.1460799540773,921.237673486908,376.0065206983166,364.2064237367769,365.40135774918537,741.0860530103713,757.3622207232976,759.7041842949236,731.6138032189267,1461.1348565592928,743.3440952909576,741.691438942466,732.8727851859434,745.0266166523954,1466.7721355678837,1472.5683928301978,748.8809695977621,748.8839233883235,1478.9744065883285,1483.358442998668,1523.6599343193745,1105.75041490068,1470.4209891416194,1492.7625410561154,1473.1568314800172,1458.2217491320832,1468.2937427779743,61.52504354127841,1096.6223250983337,1462.798494118788,1538.8302283051223,,1493.6332862623544,1475.4612467874497,1461.6374594285471,1457.7678356426677,734.9983810011232,1479.116066786758,1476.8403201672145,1472.7852377319023,1476.6359280341796,1474.8882882956682,1476.5809689034181,1478.5937137477847,1469.1131984357826,1475.4605135949541,909.0649585859921,918.1005435082819,916.7037392828303,910.5617897445734,921.851445402147,927.0204372214515,940.932444072022,564.7518845584549,913.5387219649671,925.1477514842104,909.4638834597182,909.6964804809379,908.883323790705,913.2160636329132,911.8608705349747,908.7520948353699,908.8788425084493,908.8788425084493,919.3639502383772,909.5290271775203,552.2997392455709,922.482402927454,909.3875882977227,908.8761355889832,912.9602456890227,912.6838741926592,916.1046448256643,913.8941763651073,913.9578346870946,912.4103050080331,182.1282129154088,909.8840940955864,916.9091256013572,920.9184310193205,922.0701919475501,920.621441602023,924.8629803458241,916.714360050764,211.15725128996684,944.0624272987625,952.5315815418759,916.4656718995737,915.7533003810463,914.1725021402408,909.2409571604098,910.5389227688743,908.7520948353699,910.2624855444474,909.1408705312507,908.7500000000001,908.7500000000001,908.7500000000001,909.2527748722539,908.7500000000001,909.002775830163,909.2527748722539,911.9038194563516,909.9400032768575,207.20060062797165
389.5463629884286,365.94543873017926,367.17447947552273,376.3402422193283,1090.6292427179196,837.9190940568634,1458.849358536456,1474.6423026095622,1454.6185866733424,1479.7230027013486,736.7503809063503,1459.7372395708858,1457.1110677544066,1455.0383732844182,1454.6877281543634,1455.2712660604182,735.0289587295183,1094.390970444076,762.7030971239492,369.29688904844096,1100.2577316272173,376.6366063046221,375.9209751471634,916.2522518117045,920.7781349787011,922.0245299841786,392.1456072480407,363.3243637431755,365.6561941666292,752.3730884798034,734.5449275352815,730.460040545878,740.6141351522671,1461.6385510443044,734.869834650689,733.1498879196009,733.5571790152565,729.8174494627123,1459.091173115965,1468.8958038597034,742.4570923412462,730.6748936772918,1462.8057082054925,1482.4974394421336,1464.2927912890939,1102.059055718385,1465.0071182081472,1466.1415163105878,1464.9491132072408,1465.8689829900886,1455.562541726269,50.057054639667314,1108.1056053832501,1463.8737962229259,1477.8008181028827,1493.6332862623544,,1473.1782254265886,1457.5049559910835,1479.801371244078,727.6312321695123,1466.5417497282901,1454.7861757219632,1454.1104449187533,1455.2785649681964,1463.7951578380641,1456.0970619872933,1471.8695482346877,1455.5741156453798,1460.3559361525467,909.771225688884,910.7047093932322,913.2154872826694,923.187004623145,916.1867655814563,916.3509187877602,912.3360433530291,562.9080705338398,914.841531214601,926.0521530124747,927.8448185297601,911.5508509980415,908.8303413574683,915.2714557646551,918.4070631479476,908.0343925311032,908.117039800995,908.117039800995,910.277122960957,908.6484116476034,545.3740852487373,913.3521537392558,909.0037301800471,908.6203970854999,911.490946061767,909.848816364578,918.193157240638,909.6114158772408,916.3952002323869,914.1506817217879,190.40339153796333,911.3774285772784,911.6492529405114,921.5948581478286,920.9773437551239,909.9566203452974,914.2371307962463,915.5354194084856,186.3146311054154,910.7033794815254,920.4480213162675,907.9195462224571,909.9149214720853,910.0956213512867,914.761897037732,907.9461453752156,910.7217270610016,923.1481084841372,909.2981064299809,907.78782056568,907.78782056568,907.78782056568,907.8697838607792,907.78782056568,907.9519742010172,907.8697838607792,909.5890350715558,910.2738328612611,200.02086639314538
389.5264584374917,372.38033564955975,375.1226638574912,374.80445499365146,1092.6082933434143,843.272272170791,1462.869968253238,1459.5619113025464,1455.187857822416,1478.0823767770153,746.033189946721,1467.6940518708475,1457.5369624262294,1455.2989223928264,1459.1522097147883,1457.777241884556,755.7109120036171,1101.3922233782303,778.6928551433612,364.7680815731356,1103.2828470004565,371.10019232128394,368.39816622622027,919.4208237501446,908.8241578509572,909.5255066746261,364.2928684334936,363.16217380917266,365.69893510347737,731.8643774499085,753.29894412148,736.4554222639914,732.5331117904395,1473.3068336862261,728.2535601151156,731.135476382755,743.424121110894,742.8621853577903,1470.7863326467184,1472.5461838473964,763.5596759624367,738.0958112448232,1461.3163562921793,1467.479849824732,1465.1949439933362,1113.2523919993384,1468.2649215557578,1461.614154107853,1455.8042158348835,1454.501730364111,1461.0682514617815,38.67051198891826,1115.658978902675,1459.7312693677488,1478.9629026938933,1475.4612467874497,1473.1782254265886,,1462.4849762622207,1511.6838282536369,737.2734071892262,1472.4346896076945,1456.5434643502035,1460.2844170751748,1464.9307204682996,1459.4101003581834,1461.5851339943717,1467.6515470770503,1459.2813033547213,1458.3650651312482,916.6409242406386,941.9363007357716,924.0485824984468,924.1409815465523,921.7878019736743,923.7678832210015,918.2881795561303,571.2877147017524,928.8102126643436,928.3122726721059,914.7781409112608,914.7089663232914,914.7131632211243,915.2330102531716,914.4641192465588,917.1700902726215,914.4319766447338,914.4319766447338,914.458159405334,914.3196599469203,551.3262377838806,917.1556914579709,919.0739151281767,914.1908812179056,916.6257822917589,917.8864993414627,914.53072566414,916.2574873150223,914.3604723528466,914.9479417405821,189.8579128516447,914.8632969502199,921.4953438923918,924.7138699439424,919.600487631246,915.0717514485855,918.5717635689464,917.7428109237641,200.35476952091426,927.335567372081,922.059608469694,915.7361174396653,914.1670462057181,914.2707959961936,915.3388707255915,914.865177251403,914.3539645296701,914.3539645296701,915.7507800223395,914.1212212029606,914.1212212029606,914.1212212029606,914.1985877029871,914.1212212029606,939.6892019024723,926.8875296850127,916.0117917303253,918.4992012065279,207.21349297160629
388.81169134743163,365.9294702146945,364.70652133865667,366.0787886479114,1090.425963875422,842.053651298054,1454.91363974742,1454.0015912715296,1454.0196361019362,1454.447065661844,733.3216511435537,1457.5927480420737,1458.8207204926528,1455.5384701752541,1454.1034638257559,1454.027246098823,732.1990526720873,1092.5668173640495,759.0869294481524,363.98653608128717,1090.2536830796448,365.4708888489844,368.8006309383584,908.7503655321525,909.3408825526761,912.6540169900944,368.58398623054745,363.2480765316079,366.5453955918678,729.0601047570775,733.7735727063215,731.938206466407,775.0653010859953,1460.952991080394,728.7502240046485,728.0377364433954,728.17830278646,731.4002463810278,1457.221834571041,1458.0446656724275,732.060094924079,729.7366468781007,1455.7900649432418,1456.6530183485295,1454.0533273740693,1091.4168691441887,1459.3356793601713,1456.3982688372362,1460.8082256397834,1458.404819116073,1454.0529484035922,27.77853998835812,1091.0174436572847,1463.0304629550797,1467.1395954467046,1461.6374594285471,1457.5049559910835,1462.4849762622207,,1454.6090170938787,730.6172622582868,1454.902865704266,1455.0327547870484,1454.0228201547418,1455.310848553079,1454.0365465193565,1454.5959830151376,1455.612346072495,1454.105288437473,1455.82347290051,931.9731094835045,934.074240431919,932.0388599719204,931.857686043877,938.3963912072448,931.9324011709772,941.478292499508,574.6440706766889,932.6725151366011,933.266044816571,931.9970216095913,935.3973901265967,932.6521359092549,933.0704063840537,936.0171543443832,931.6020699780316,931.6215138040016,931.6215138040016,936.1694942493004,932.9917039807544,568.8978021688963,931.6892386277152,931.798969481524,935.6745845459449,931.7752296527793,936.7380863817084,935.3670455433225,935.6745845459449,937.6310703365712,932.8451823738931,205.08879234267258,936.1382593399269,932.4535859894723,935.0680990027622,935.7437396903726,938.0227836886488,934.9796448650914,931.6800074035266,211.73199906960755,935.1570488945133,936.851968566443,935.1712149265945,939.4923810352515,943.1753394562321,932.8384012736477,932.0937066744848,931.6020699780316,931.6020699780316,931.7790306413528,931.5440607734807,931.5440607734807,931.5440607734807,931.5633436856436,931.5440607734807,931.5826800130757,931.5633436856436,931.6215138040016,934.5265802974423,225.70312464680555
389.3695261417818,367.8194018279021,366.42619958429276,367.12407261342446,1090.4610855639141,838.2707228750257,1454.7298036246536,1455.6025564033855,1454.319793413371,1458.4385742482434,734.9190296454661,1459.8423177332318,1454.331510031876,1461.5104179317386,1455.7943970339186,1454.1805407147772,745.3965227282749,1095.3683102813786,763.538211066447,363.5465960837866,1091.943911851108,372.5120449498644,368.1401411012639,915.3652714233026,910.0067162710355,909.3249862586538,374.22395339485723,363.14988699370673,365.09020236472264,738.9814487578581,748.2400615127125,730.0861182521786,731.348943581882,1461.2297639951255,732.7618055002016,730.5472232121696,735.6483181906841,737.3358430233977,1461.0246840226196,1454.0289971910004,738.038347140859,729.0965150827057,1455.7176247253858,1467.7308395178595,1459.7451205732439,1098.775027546455,1456.0521814803392,1456.504750769827,1461.0519824997868,1460.3540933885852,1478.086283846987,52.98060466440064,1113.1827458534954,1455.3143934017344,1475.3161598840882,1457.7678356426677,1479.801371244078,1511.6838282536369,1454.6090170938787,,732.6469688492593,1460.2177118253344,1459.9898600992765,1454.5315210844412,1454.7648733309607,1454.1528888525395,1456.304370270888,1462.6418740699444,1456.2198900810747,1458.82417760513,908.064878031254,911.2154503345049,909.1475427626499,916.2725279160898,911.6583859223214,916.2599396699133,914.7172289795653,556.929303394811,909.3804221394311,912.2500042796341,909.4185806585505,909.088321714618,907.9000970539337,910.5914086604416,910.0627046289057,916.7069010469648,907.8994422650183,907.8994422650183,911.2754959663017,909.5874180763026,549.4981766598297,907.8778789952977,914.2087800967932,907.9084752908406,910.8002123579327,908.7080509714276,908.8782846296954,908.7464192574654,908.055983950819,907.9624996222948,182.6135543048443,916.2626546270408,910.2412550238362,913.8893091703607,910.8203147553318,908.2482930690254,909.4437156983531,908.0452772946362,183.35395610696804,910.0101792196796,909.4209473807491,907.8616907492668,907.828461768016,908.4316575872368,908.4367369015663,908.1425882536769,916.7069010469648,907.8653810387776,926.7362200049898,907.7637619107669,907.7637619107669,907.7637619107669,907.7975412520743,907.7637619107669,922.1167244776694,907.7975412520743,907.8994422650183,915.3089259720656,199.61916036457762
388.8399577766457,365.78358041005345,375.99928953865725,370.98437270736946,389.96644633891134,123.92612949200381,735.6977696623097,735.3736888237307,727.8766745664352,739.0257547475783,738.2338025876174,759.349862004909,748.7272387826773,743.1836608497757,731.0839996340014,738.5707183175505,740.8115289937531,378.1760201338326,41.661800080621475,363.3179619737998,373.55617432073365,371.69645653483394,365.57665121443574,548.619406939382,550.8859544120352,552.7919597716236,369.62964779521667,363.3310433918026,363.8230997425999,756.1016438689885,764.4468918376905,742.1655991273723,734.903169388452,756.2283863658711,739.8469809965151,739.2543365419947,763.629354914452,749.2033222686333,744.010666081389,742.0869928213863,746.3844821083022,746.4566431823387,758.4433149247459,742.6756060883571,755.4763888150137,759.1568843188297,803.5603321531256,755.1850201900249,748.5377894438764,753.0773746565021,737.392361253071,53.163805018226476,743.076997973025,745.2379338590592,731.1355156721266,734.9983810011232,727.6312321695123,737.2734071892262,730.6172622582868,732.6469688492593,,773.2557487890865,800.2221931603976,773.1407854766381,786.4901016887839,767.6829773184477,764.455985493195,760.7600571052681,771.5429410487601,816.9178782336271,200.5763441711788,210.95914253385402,213.80015376662774,205.49828041302226,196.152003538521,214.49759628738454,224.65941596469074,192.25282114361625,194.7403292109273,196.18348561666065,189.33565260229284,192.15787621103428,187.0960834472845,185.36042830507972,182.6410559303027,183.19637351956476,182.4084446373178,184.70011500965262,184.6736002189596,184.98775393032753,188.2757684390232,190.91905879414324,182.18760952318488,190.5166671755161,189.61454038148452,187.55049369989894,194.91060285550088,185.0084954429624,186.2395123678908,182.24207483576367,184.29702475244358,184.68274830221114,198.00294488328873,199.6225480733902,209.301459028661,199.3774026782605,207.39092766364985,191.14098216325507,209.1201427655931,214.5680836467795,196.85568150334785,202.27965810087693,188.87609381282817,197.27750883634954,187.11374627718567,189.84224879545843,183.19637351956476,187.0144324792536,182.87628083332118,182.17840363486312,182.17840363486312,182.17840363486312,182.80621559539162,182.17840363486312,185.39795746386176,182.80621559539162,182.4894518937304,190.27225927101716,187.30642275646287
389.0868888837833,370.884825402532,378.995174322446,368.15344883255125,1092.9801381082375,839.2290778996831,1457.469313297524,1464.2214945866458,1454.2032115156264,1456.3449377513462,737.583305332071,1463.464242297848,1458.7320438765028,1466.892784267639,1455.9980193277286,1456.474618181661,742.5551220117206,1097.1569509974677,771.5058887702152,366.84624153846397,1092.7346076786553,367.2625065583942,372.7009710964284,922.6907081852102,909.9587128530616,914.0828117277442,366.18874998315204,363.20759835089467,365.28811813873835,740.8510058962839,736.5485513498306,740.9739490793786,730.0181597641672,1458.4232200145457,731.675901179115,734.2136376735201,731.7008298819138,733.6598266963697,1461.1481070371788,1475.5741378975722,739.3182275941697,736.1130098668737,1468.577981104599,1462.945263493886,1478.2167848080362,1103.4309880494006,1488.6095269737384,1471.07034400128,1462.179783772245,1458.931677845336,1456.3298634028847,41.35976134978189,1092.7931084185623,1465.6424894231177,1464.3239027886198,1479.116066786758,1466.5417497282901,1472.4346896076945,1454.902865704266,1460.2177118253344,773.2557487890865,,1489.6391710782154,1493.2903623320683,1496.8374876932412,1501.185742438452,1493.4352921744824,1506.816953273732,1500.5338637048817,1483.5580757470593,923.796993472659,945.1988879294532,948.2350259192234,931.7021970978964,928.4163064892963,935.4458414266367,940.3947059187865,570.0453816744341,935.2406274819172,938.6381054175664,908.84583529474,909.2058759427416,913.3037116715124,913.2782119235785,909.6905983874759,910.03414209072,907.9878346509378,908.8169406357442,913.6622048161305,912.9765232082228,547.6839671694956,926.5757360373484,908.5344517234633,918.5621728389513,922.4305398497506,916.1130072614558,922.793332200505,916.9389849355737,914.9569444634434,908.4495585610972,189.0993278406732,911.5403057660182,924.8758483740384,934.219394197642,932.8888279904896,935.0420714251356,926.3682083846064,915.8425551873403,213.26215638100408,931.0637730412743,927.2287021536367,918.9298016636327,922.3756496925855,932.0669595768321,909.1148212995971,914.4191586771509,907.9820381967654,907.9820381967654,910.5740725184405,907.9529365608273,907.9529365608273,907.9529365608273,908.3655892277637,907.9529365608273,912.877908266468,908.3655892277637,908.8169406357442,914.3887123088836,200.4197685222158
390.7953286777774,366.556506208225,373.95435980503873,377.18286954414845,1098.7832270000445,842.9896184161564,1458.8115063736955,1457.9807455276257,1454.0244157561465,1468.946295723419,740.1301748288404,1473.9374321851303,1456.7483590051081,1460.5091083384991,1458.4774313412515,1454.0377162400764,749.0229088571908,1095.4207736645046,763.5855504629376,363.25744066356623,1093.23501328575,367.7696859846724,372.97161723517206,924.4544211808085,915.589921120903,909.4889514835604,364.7541249962301,365.1952623417113,365.22179640848583,739.5331636271534,735.942041185315,741.636735521563,729.2614706918835,1462.2946410092968,733.0973885755656,747.9307128393167,736.3242290474068,734.4765331528808,1460.2252111892249,1466.059215563412,752.9311448880208,738.678507172625,1469.895017882128,1457.6551721330927,1478.850497492761,1110.1059690686732,1499.3024714233636,1476.345965393453,1467.688773029087,1459.6411644377295,1456.2455935109792,44.39952466998115,1094.7951444200921,1456.962682829817,1457.2635699702,1476.8403201672145,1454.7861757219632,1456.5434643502035,1455.0327547870484,1459.9898600992765,800.2221931603976,1489.6391710782154,,1478.6718221009335,1478.8566411921001,1486.2019969240807,1480.4397626002558,1482.965540940964,1489.9925750052248,1509.682739093328,918.858304474854,929.3017594551042,932.0071977761206,913.5164424578941,914.8486296421698,923.9960292445869,932.2634943122873,550.7176191873966,913.2225529725644,920.6198903418524,909.1815436672349,916.9663360945115,910.1697793996021,917.8046747335364,909.3010686202507,908.5505715744135,908.6367117544693,910.4766713248607,917.9516378822296,918.8876609473216,551.538375711249,921.8103140202294,909.4707291602538,913.418199463871,916.3052910521772,911.5758076810855,918.8193471969374,921.8733394028321,917.3635390376522,912.5020698513799,181.8974563017168,910.9302065550017,919.2716700374441,928.7321154770651,916.1977685577739,935.5732326746519,919.149000321861,912.5797678391449,204.1976081564087,943.6911237109937,928.1998885204066,924.7061386833082,912.3017959433843,916.9462949191627,912.860493127734,917.2341502507135,909.3427765420697,912.9221885702964,909.7166944854766,908.4835945427897,908.4835945427897,908.4835945427897,909.169019599863,908.4835945427897,911.4385588030227,909.169019599863,908.6367117544693,918.8328405551463,203.26645921519153
388.74797180607567,366.47508549258305,375.41228915662646,372.7374580922388,1095.051070195627,841.596181258052,1454.4409314916281,1457.9601761743809,1454.9752019774032,1460.4497418379037,731.0877380005329,1465.1763316753438,1479.3529958490726,1464.5682716429326,1454.4587978915808,1463.0097709131512,737.8596321493799,1100.6567659156378,769.8883216433237,363.99124605199216,1094.8200974341712,369.6855824669227,368.44024563349825,917.1325879609692,912.7576155478394,916.0929415767938,365.3645317241886,364.1975860972109,365.88235782296454,741.2767924116839,743.0453417512596,742.9573569022923,729.5552839332234,1454.991118318468,732.2592563325337,740.6726676607075,741.1863297890342,737.6928621064187,1458.7572295258349,1462.3948198337243,732.4678699260407,737.7054229687336,1458.2780255591501,1466.3657935545689,1476.1744652150824,1094.937465025869,1482.745321297832,1481.7949512041969,1467.3053634937019,1456.602413559322,1455.4622197044955,36.692274005320364,1090.4702141564394,1459.0453564284824,1455.9530991412087,1472.7852377319023,1454.1104449187533,1460.2844170751748,1454.0228201547418,1454.5315210844412,773.1407854766381,1493.2903623320683,1478.6718221009335,,1514.433650646258,1526.709288275316,1514.9789787537718,1495.584319487766,1515.4746273695355,1539.678045574907,917.2197774937566,927.4709420088849,934.7216271076526,930.7603424337556,914.6141285003997,928.7686164544014,949.9420170744589,566.5223159328673,922.3617733700524,930.5684791789276,908.8633067734606,913.1245979468875,918.2871018906986,911.7350636166706,909.4503811900822,908.7414365264865,908.2017893947188,908.799114883402,917.4331772427707,908.8334506861615,567.4860540888646,921.9729978108477,908.6029228708948,913.0999712718162,912.8947123163756,917.6210400410165,912.4077086720037,909.2617012017026,914.8298011590878,908.2125215197118,183.37338438136425,911.3478712013476,924.5591721562366,937.8556422299753,936.6922323056498,963.1821520272728,927.9662316466854,929.3457087037577,198.12610740161733,939.1142272948706,930.5208371871748,921.1634629868138,918.5038843244884,926.7749674610739,913.7110104854488,913.9461094267314,908.3183770754497,908.3183770754497,908.2968540626301,908.155044889503,908.155044889503,908.155044889503,908.9724740663901,908.155044889503,908.1783523990289,909.394363228489,908.2017893947188,916.4518040029311,202.1795710744858
389.68078747644,369.8935386280863,378.1910770056137,377.9390753384635,1098.0117659714795,839.6523870662604,1454.7320418689612,1456.5395579009362,1455.4929723082018,1462.9731173267674,734.8964450837918,1467.2523965850298,1479.1295177721224,1475.5305355214632,1455.3104321228345,1466.6035257737715,743.231446968103,1103.5520314308683,762.6526423320012,363.7111407146175,1095.119076043429,369.38629407077406,368.2788725197321,912.5022972130943,916.3784745634936,911.5252510109186,367.29565545801853,363.15939370465304,365.2591966197363,753.7717691510461,743.6926036878822,752.4294245200031,733.5029577964751,1466.3216435064448,735.6778093259609,736.1115543561817,745.0366325579722,753.0544848034265,1469.0549423182347,1469.7960254256457,752.7354618794134,749.9583007273596,1477.1603999634585,1471.11826690011,1479.3105732113775,1111.1892815389574,1489.3293319685386,1477.3311336006473,1475.7080439347087,1478.3049149582187,1469.7323744507682,56.16608644200483,1090.325142862326,1454.9135036267662,1467.9877622543067,1476.6359280341796,1455.2785649681964,1464.9307204682996,1455.310848553079,1454.7648733309607,786.4901016887839,1496.8374876932412,1478.8566411921001,1514.433650646258,,1511.674463748419,1506.4497456076401,1502.41931512327,1488.9624427024607,1500.9383767538475,916.0139361341045,925.8653062606761,927.9944038109788,926.4281753541393,914.0367787806258,923.5711035916698,933.422931075901,556.093587274428,922.3664008240819,927.1432144638499,908.9013488308747,910.3400037179033,917.6589488561638,909.4486010511573,910.4208057653053,913.2607256803714,910.7325233178601,910.7325233178601,908.8374627540745,911.0706857488229,559.9580754145973,911.7565828203893,909.770801905517,909.7335858015188,910.4771330657841,912.4316367352852,916.907051593134,914.9441820634187,914.767437255779,912.276343953969,184.09527651101413,909.9637976568231,931.9339163322941,935.2548199971188,925.9546057055558,937.5196794900128,931.7735572273247,915.5319714273897,227.061605033835,939.2720847118941,914.8168282631971,917.234358282677,914.7484899843491,925.3820166719848,917.188425952331,915.5124970131516,913.2607256803714,909.5060723393087,909.1624792301883,908.5317850379714,908.5317850379714,908.5317850379714,909.1749803527151,908.5317850379714,911.6800456133826,910.103738105362,910.7325233178601,930.7378326686527,202.96450045812745
388.9195449325617,365.9638273164161,371.75190825387983,367.79902705402446,1090.9597062052333,840.5772036636386,1475.1943824126704,1463.9039603567705,1454.9427024852782,1462.4933143076485,741.103167339329,1463.7151510587805,1466.1821439636715,1470.5501805491706,1455.2181753907876,1476.1861689690534,734.9489700686568,1098.3677663475098,777.94711108099,376.9424950620385,1094.3790003705797,380.87632618957576,372.07715287518766,914.8705164473023,921.3432584122493,922.2831218298666,376.50857769887597,363.1982253850188,367.9744285845266,746.7770573051174,733.5104342628313,746.6545200689469,734.1682493881538,1461.3149036171017,733.9524206208782,734.582056989332,734.4382499917041,744.656047582966,1466.7247657018297,1464.9192886793833,751.533755608358,737.5421048988632,1463.8901201895867,1459.8198930648182,1473.3301967816692,1105.6705365853204,1473.2449808295653,1466.5640599617911,1469.5619719332592,1460.5501061776351,1455.7288905485893,35.237215757628555,1093.8911722904493,1460.9220969836238,1462.4236179407565,1474.8882882956682,1463.7951578380641,1459.4101003581834,1454.0365465193565,1454.1528888525395,767.6829773184477,1501.185742438452,1486.2019969240807,1526.709288275316,1511.674463748419,,1518.966613317816,1522.096061740275,1510.1577202507963,1520.989611262886,924.489397020411,928.1108865277514,973.7006702216738,945.3088014343989,920.5039516768791,941.8548789217634,950.0455629882858,569.6629819252963,931.1779826012219,922.6069463168944,913.6447425606775,922.1789118022888,916.2529786351313,911.3613375557188,915.2817353701819,907.9832653265643,908.0476820987654,911.6076960031174,909.3330562330551,908.7927876695921,552.5191689153806,918.6338775291013,909.3860359624368,915.6283955607778,914.4072021884172,918.5212339475983,919.772255836038,913.0757555500808,910.2811776577538,910.6905961276049,181.7138367989663,910.3271866097191,927.9976702486904,924.731230016522,941.5800438758173,932.7979313882569,933.6528509106104,928.3943366644583,192.71028875122153,925.8285247881429,918.1196158439889,926.4206502272526,919.339091596545,925.7184753515131,908.9195183036109,910.392121305197,909.3440813666168,909.7608034757552,908.0107556790653,907.9742537561311,907.9742537561311,907.9742537561311,908.4295998636278,907.9742537561311,908.3107779239613,908.4295998636278,911.6076960031174,911.8273254718026,201.90233420302843
388.55924075059716,369.1334108695297,368.8265391026324,367.095853607932,1094.849473159501,840.2740351374215,1454.8206866859334,1462.726381911303,1455.094849821906,1455.6599959276928,736.0029947456974,1465.2212384979375,1468.9799162560387,1462.0113871060344,1456.4538587213367,1467.6804069515858,742.8539832474133,1095.7255774391656,775.6403664858525,363.0893885423538,1095.4231891463967,366.85997559926415,370.5140781764475,909.494279930967,910.3625943979727,912.8577824310743,363.33470846914577,366.86300271986835,365.1609632994366,733.0350904947322,737.3329502759385,734.7380865623978,734.1995486236774,1467.5631118137971,738.6896066495717,756.31460391846,750.0575805204915,744.870681258284,1461.7500597536275,1463.1114902981644,742.2664085641501,735.3905444241265,1462.2848878267253,1468.484819233928,1469.9673828738714,1109.0234264589567,1481.4912427329784,1471.6430169496102,1466.6443720474226,1468.6503532756492,1461.2906260972588,51.398635488136975,1097.161362551577,1467.233225049977,1474.5508076775518,1476.5809689034181,1456.0970619872933,1461.5851339943717,1454.5959830151376,1456.304370270888,764.455985493195,1493.4352921744824,1480.4397626002558,1514.9789787537718,1506.4497456076401,1518.966613317816,,1497.6489962057142,1507.9537663639962,1525.864691791392,919.4070159729878,946.4833365089171,932.2875634457411,931.7978902110101,928.5296531068392,931.3348904082443,948.7412820206731,582.9092366225117,928.2809933986549,916.0456149479456,909.5084473399775,911.5201024276896,910.3735066555571,913.2616606336933,908.6199427636186,909.1713814828441,908.3053947090704,908.3308202892729,911.0677979094316,909.5859855230118,556.3041940426723,921.7305045279468,909.6303856584133,913.9237359968453,913.087713865669,909.2965853137285,911.0899602897407,916.5213030327911,912.4985775535944,919.9907870655628,181.12140378998944,910.2224182275787,924.3467941209781,955.262653811226,923.3174846017373,934.1296205624919,932.8056049062424,915.8825733564402,209.18701867971498,939.6081759845566,937.5584657381269,922.6446492748793,919.4763562520624,921.6311139519391,910.2207100979523,909.1689021160961,908.0664166849724,908.0664166849724,910.3956527841721,908.044892538401,908.044892538401,908.044892538401,908.6417118842431,908.044892538401,911.4470532206984,909.7436200713323,908.3308202892729,913.0320829107845,201.51145211053745
388.5990555911021,366.09999155771635,386.0480673208676,381.8698255944311,1097.1850560253038,849.0221367892964,1475.3307056359172,1479.7058242803348,1454.11052243811,1459.6856736673674,749.0596332204246,1481.9262946388487,1479.8854921183886,1481.6069814492462,1456.351377230944,1469.0361685849218,735.2977721598887,1105.3381487434317,779.9994637497183,366.10971483565487,1098.8158170237552,367.94847749001275,368.0378203457951,915.8268717105664,916.9074898105043,914.0562256730504,367.294677487781,363.430924084782,365.4272771108662,747.6245738311021,737.8260359154724,743.9259991238944,730.3020358088439,1460.4179113810867,736.9601758954818,743.0824177152465,757.954457241909,738.9318348241457,1466.824954974315,1474.7003206734585,756.2559718953671,742.915833367347,1460.648630038485,1503.2267850915048,1510.0574267128466,1120.3487489254692,1482.6772895685585,1488.8304687671266,1476.6233379976154,1475.557251442496,1465.256096391677,57.55871440638971,1102.010706171934,1472.6317302296509,1466.540203776574,1478.5937137477847,1471.8695482346877,1467.6515470770503,1455.612346072495,1462.6418740699444,760.7600571052681,1506.816953273732,1482.965540940964,1495.584319487766,1502.41931512327,1522.096061740275,1497.6489962057142,,1547.0332543895977,1510.3513518506784,920.9746549976493,937.3512701585366,939.1081596166539,925.1963218418252,923.2875337451788,942.6819450886502,952.6824891446437,568.4801952576403,928.503376254664,938.4813816684923,911.1953247482136,908.1176453782372,911.6918090794044,910.9164621215369,907.9313565893546,910.5534131349333,913.0153345745217,913.0153345745217,919.7597387358785,912.487843306049,565.3663320563095,925.5222671495981,908.0986916865829,922.3687355978011,926.8457950992439,924.8549889234417,914.7318611116714,913.9533243299138,923.4226582917886,913.0297437882218,189.2147582993495,912.5512476524573,929.4016053616673,939.6425439458637,928.2244895219783,934.1030516789523,931.9877993531371,928.4555271524655,218.85864552305497,952.1189183356781,930.4289916974969,925.1616896835998,925.508610862083,928.9362764621383,911.2934503794777,911.6241887441611,908.01274229057,910.5534131349333,907.9358273874601,907.9225631963951,907.9225631963951,907.9225631963951,908.2743849983646,907.9225631963951,913.7014851953143,908.2743849983646,919.5125123164497,912.996548270599,201.0942710201125
389.74268355824944,366.76172323047604,379.6666886302955,370.6218107370976,1094.637661737169,843.9188586253713,1465.6777880770655,1472.0735604781619,1454.6903655730862,1464.3850605472794,753.8879111488509,1476.065540931593,1460.8782554477625,1466.1349537406015,1454.417635223479,1464.9323887922815,740.1527921696988,1097.4039998411827,772.8968404494896,365.31323238507684,1095.8423521838586,383.48009926800125,369.38114469936295,918.2425399370698,910.3966801948926,916.2975691315663,372.50096606610634,363.26740806646313,365.47370752613546,736.345090133247,748.9370050911376,745.7408837715356,729.25825004485,1460.450111244992,733.1640562328874,734.6691343647826,745.6831328892054,743.3717768693592,1463.5325947233518,1459.51225138903,745.7255367400245,736.0982974208939,1460.812581316209,1469.6044994184538,1475.5565982847243,1111.4684352791735,1494.1534275305576,1489.9925750052248,1469.795903067042,1465.8107079121364,1462.6293840488856,40.324137193070065,1097.5741726821307,1464.6495721269132,1459.9053718012788,1469.1131984357826,1455.5741156453798,1459.2813033547213,1454.105288437473,1456.2198900810747,771.5429410487601,1500.5338637048817,1489.9925750052248,1515.4746273695355,1488.9624427024607,1510.1577202507963,1507.9537663639962,1547.0332543895977,,1511.708532349738,911.7701713253118,940.1743575990681,935.0739157811325,919.8659670756504,911.6297885405655,912.5588790665253,962.2024796574924,564.3323637723578,921.5191954196724,920.6181874966786,912.6318702057621,910.2831953365348,912.8463915678311,909.9398275478417,916.0056505764214,909.9568110654722,911.9597213568709,911.9597213568709,917.1312451583117,911.238566486516,558.6025251741801,917.2632675509925,909.7173901428084,909.7146737046429,911.3307659969304,910.0617265432837,914.2012290754402,912.3392518505523,909.0180305904859,908.3400162070396,186.42969526612407,908.0210767699259,928.3953377910661,938.2434704942411,924.3403318837453,930.2411451919014,924.4882241236074,933.3524348770414,209.6805289729351,935.8994394390629,924.720970086593,915.102588064187,915.6546906846145,920.2196569261262,912.2695783432877,910.820688945609,907.980855155479,909.9568110654722,910.4162652649006,907.9584985375367,907.9584985375367,907.9584985375367,908.3822905649121,907.9584985375367,912.7536947893301,910.3527804834529,917.5755310203002,908.5966219223149,203.01337521659855
389.29930248115875,368.31409525519814,374.9772402516847,374.8493650193812,1106.7330708218701,840.7444880971534,1459.6113345409142,1463.6129402957806,1454.485466638132,1464.756189217493,740.9491222062801,1475.8721356019148,1471.9837858771436,1474.0291342009366,1454.2551494342802,1459.317095637046,738.1425886397068,1098.8361625208588,768.6496847299678,366.75678340625456,1097.1368883670289,371.9726955190573,371.37792736681627,914.000786463768,909.7273694890421,918.0079299498743,373.2927455212099,363.73848128747727,365.07650357288986,741.4877357357792,749.884060879559,738.0666219008634,729.6568044030425,1454.954718168272,732.6718663257121,746.2408227709226,749.9777019140864,737.6498104087954,1468.6905171654832,1468.162058529766,735.1438829506077,743.8571238711588,1465.0278501129121,1480.2454394964764,1472.2636324529267,1110.5080293837532,1495.4433111216476,1477.5980592532394,1480.0106601718182,1463.9602641483953,1463.9337175504886,50.03217023263629,1101.764307029377,1461.4607148723992,1470.2474012793016,1475.4605135949541,1460.3559361525467,1458.3650651312482,1455.82347290051,1458.82417760513,816.9178782336271,1483.5580757470593,1509.682739093328,1539.678045574907,1500.9383767538475,1520.989611262886,1525.864691791392,1510.3513518506784,1511.708532349738,,921.8914797478767,951.0018048380105,960.746344786447,928.9581032686476,934.1886931971069,942.3057946668445,976.452800727078,571.9493474445105,927.1629005352603,944.4993414150723,914.5749719622294,917.7527353054544,913.7831621036875,915.9216582537543,909.3905436750699,908.8190228440305,909.8153916469216,908.2095746048615,912.9633588687071,916.2350892071744,556.2560806524069,927.8314088478054,909.9968517339091,915.2816045005926,912.3895951600009,914.0392907554246,910.0341872778469,915.2816045005926,914.205725717625,909.8944687968253,188.7794577149711,918.8645926701658,926.3005984330072,941.2912658986543,954.5661022510461,946.5485869027317,937.33097022197,935.227222696041,199.16934627536506,922.0089987788161,922.6762040739939,918.8031503788129,922.3524069588962,926.3470482724047,912.2452413944598,912.8927408520672,912.1371802127958,912.1371802127958,910.9320301484818,908.1263611493854,908.1263611493854,908.1263611493854,908.8863433902994,908.1263611493854,908.1678526230301,908.8863433902994,908.2095746048615,921.7832969860335,203.1145057121638
25.054975541504678,3.860055699595506,9.115050248102436,7.604379326771892,727.4203607715962,840.5127615552484,917.2545400731475,911.5949936874537,909.186270510225,912.3876749980208,185.3885134519347,911.5067853464667,908.1975115521566,909.2041694766718,913.7219439269253,908.3233882643713,193.20314395649598,731.3158917950096,759.3331272884142,5.4458445572688605,727.9878462935612,2.4677500460787503,14.464184976110547,550.1033799489768,545.3130065535195,545.7699232392099,1.0284834972192902,3.5527783468638146,7.9648587191530655,186.49889791614297,183.83486741046883,183.10302691955283,193.69123240332777,911.6875140601766,186.47810746250212,194.19079896794602,182.94723889129568,183.36000711777893,916.0407191361037,965.3629883524147,187.95256867993936,182.02321509874537,923.6896124618338,909.802598592881,912.073397776345,550.4157905305908,923.2547587662796,916.8022905734704,916.7222215249145,912.1790626444266,915.2553962014637,11.822406164801192,548.1774427813053,909.4294049448669,910.1075810827793,909.0649585859921,909.771225688884,916.6409242406386,931.9731094835045,908.064878031254,200.5763441711788,923.796993472659,918.858304474854,917.2197774937566,916.0139361341045,924.489397020411,919.4070159729878,920.9746549976493,911.7701713253118,921.8914797478767,,1532.6783029695769,1483.6382976267812,1505.2607477002337,1489.4789640597023,1504.069382533311,1483.1758066332654,1108.0154277542117,1469.4492453795135,1499.8924387237191,1456.5422966115311,1462.0351291154245,1460.912503204448,1457.601914830591,1454.0225402269182,1456.3536544273006,1458.6158231555094,1455.0430344851131,1456.0920516275944,1454.2365277933989,1099.605260094815,1459.5561364066405,1458.6974635804752,1462.2674062437193,1458.2702693633487,1468.5080096466131,1464.5880713997747,1458.3270303703534,1462.4983629898525,1456.6776431377923,727.0398116923271,1462.1809145465443,1469.3277241037856,1465.3377986467963,1467.0099031521206,1468.7181699953694,1466.2084672884637,1469.8281546060034,733.1841293001938,1460.9436469139998,1459.0967708294324,1467.9835799895454,1456.8184585368458,1467.1122695332297,1459.6157932320255,1459.046979327739,1454.0545398151437,1454.0545398151437,1463.5336227083353,1454.0,1454.0,1454.0,1454.3785084328606,1454.0,1459.349925851311,1454.3785084328606,1455.0430344851131,1457.4844748467444,746.1072394930876
25.008426385322196,5.316313740218666,8.11891032225566,9.171740389293506,732.2251208645199,839.6510513914571,911.4254563848571,911.4685064764569,909.8540527155072,923.2598153009017,201.42488785682525,919.0784703946038,913.9862645408234,916.4330148507984,913.5430957895497,909.6353598936166,188.53160602529638,731.0399745009234,760.1188462119162,1.5112843381991001,729.0373626663408,1.9707103118943712,13.35663262093073,553.3335587177478,546.063042760101,547.6715510931301,2.4590983391960473,4.7031189996146585,5.701760283430074,194.90308410809132,188.85044873661946,186.07135866272256,192.4347970869201,914.4633692847624,186.09739373964334,193.59325334581462,203.50826546881228,187.10409730670798,915.1899358268873,985.0962885119146,200.47012193896563,192.2055664243495,912.9671521137848,918.4565773032276,915.4304891873298,560.5811802096646,950.9945417248082,920.1880143398195,928.6676581905908,913.5394003389896,913.701105245594,27.752543777828556,546.3366918223497,928.9369821327405,917.8772989712189,918.1005435082819,910.7047093932322,941.9363007357716,934.074240431919,911.2154503345049,210.95914253385402,945.1988879294532,929.3017594551042,927.4709420088849,925.8653062606761,928.1108865277514,946.4833365089171,937.3512701585366,940.1743575990681,951.0018048380105,1532.6783029695769,,1495.6795215948662,1480.772297296719,1504.7459485452953,1484.692002278702,1493.2473161513417,1133.2024632474265,1490.5776921730437,1484.0724096910772,1462.0966715851046,1456.224540419818,1454.5217943276891,1454.1222942856175,1455.4047478857951,1454.0091004041851,1454.698471865437,1454.698471865437,1460.8895796254621,1455.6055255080032,1097.0663029305892,1468.2560630281102,1455.4699906185285,1466.9298628765541,1458.3054471279581,1471.2503669351704,1470.8459107307995,1466.9298628765541,1460.1328935250347,1458.0609619114518,727.7828906535249,1457.5989057195359,1471.075362439868,1478.1634771309432,1472.9997419051165,1475.4856212169607,1475.50168387762,1458.9108631632016,738.4243597871559,1482.3861908220456,1469.8033699912278,1459.6235003786035,1460.395874360283,1466.213504974541,1460.013041419713,1460.5030177161507,1454.0091004041851,1454.0091004041851,1454.678694876752,1454.0,1454.0,1454.0,1454.4475723518385,1454.0,1458.524390395389,1454.4475723518385,1457.7018538906243,1457.4873273369342,754.4254153797511
26.09225765919536,3.891734797501596,1.4191993764367399,9.136526145162888,727.9938936724782,838.9796722177077,915.0147169629853,909.6350215000076,909.2814118949261,914.7961836854096,185.53594915902187,921.0103067367035,908.2125910937125,909.0121800548874,908.7728649177857,912.0090894803312,188.16900755063224,731.224700228522,762.7995809225176,5.84535300628629,729.9805882138347,2.1035665967410426,16.744302182680805,550.7195059648079,548.0669422025187,545.711072482797,3.213005599543411,3.560012815995438,9.217068150217287,189.11190343419335,184.31206577887838,191.14428388371059,187.67596996306077,914.2297798213602,188.24881575624462,190.23280156724226,182.60143528660137,200.73932528572698,909.6699891448771,935.1785845135873,190.15157433404434,181.79807131015465,911.8834819867812,916.050383033835,910.0359404219247,550.351794903885,929.5442948569654,910.0173282097549,912.3489191879901,912.9069196120771,912.1513135777949,15.306226136976539,547.1402218438332,909.0608009190292,910.2123026200184,916.7037392828303,913.2154872826694,924.0485824984468,932.0388599719204,909.1475427626499,213.80015376662774,948.2350259192234,932.0071977761206,934.7216271076526,927.9944038109788,973.7006702216738,932.2875634457411,939.1081596166539,935.0739157811325,960.746344786447,1483.6382976267812,1495.6795215948662,,1534.9424121239915,1535.0474147797179,1514.5287293655526,1529.4821520271273,1161.6357594523606,1492.1959866995624,1486.93620988293,1455.8833987680323,1456.7917664662102,1457.9630804904336,1457.1645090958054,1454.2846290304049,1461.4039627501486,1463.8856613756614,1458.1492342968315,1459.6413130221617,1464.5576512243501,1098.1799076091302,1465.7560354302186,1457.9831628043123,1472.4668072370382,1472.7888957917799,1462.1086926951623,1471.3571313014734,1470.296940543132,1475.5941801091892,1458.018550374432,729.3642064188397,1455.5310417906649,1490.313087247749,1495.463390273873,1501.9599312780344,1498.5034284871845,1511.4107713206263,1479.3069372779428,735.8252897563804,1473.8395211662778,1463.6185670603122,1477.3635718282032,1470.8407154925799,1484.5240299441762,1459.2425115016617,1467.9592383453655,1456.0835411635596,1456.0835411635596,1456.6226505361906,1454.0,1454.0,1454.0,1454.410820672619,1454.0,1454.43105428942,1454.410820672619,1454.8645033248924,1478.7420951974652,747.6349708401827
24.865826904199185,3.8475545064670285,1.2632234343165618,17.737285807822335,727.1522024752218,839.6493894241893,916.992443919681,915.2720220180322,908.6966789666787,919.2613154300207,188.72356260610715,928.3107388618079,908.287122217107,912.2434092741781,909.0221348289166,907.9745204288398,196.11119691451515,730.8166372666956,758.0810716702008,3.3504350052817657,736.5377560752381,4.064765030945782,10.442741605616698,549.5867990381703,547.1289534384057,554.4036498298319,7.2532618977624495,0.46665749625811004,8.587338821148945,190.19921553559757,183.95803572856184,183.45691360532575,197.18873771498693,911.9762525565534,184.62600718750468,194.61199455575073,184.2463779438877,191.32180583374398,916.6403930975941,927.4774878159839,192.1102360292719,182.32700902949244,912.8945794839975,918.3863465918996,919.7760326227472,559.143977336747,928.2433981739874,918.6671650059833,922.401368441961,915.9070812718265,915.3934027817577,27.060882913788568,567.0251315502989,912.988140197836,912.4766863468863,910.5617897445734,923.187004623145,924.1409815465523,931.857686043877,916.2725279160898,205.49828041302226,931.7021970978964,913.5164424578941,930.7603424337556,926.4281753541393,945.3088014343989,931.7978902110101,925.1963218418252,919.8659670756504,928.9581032686476,1505.2607477002337,1480.772297296719,1534.9424121239915,,1492.565260288408,1510.2448252698268,1509.3554080624253,1156.127713481346,1489.8800440557486,1501.0125527403584,1463.1559432315773,1459.6828233248248,1461.9014803678785,1462.5208342580504,1455.4663154312402,1455.4253745124322,1454.7290846172,1454.5229762523834,1460.3855986940207,1457.1892947215267,1099.095866603418,1460.9494471866126,1463.5454117325894,1483.7746147701841,1468.3804513596485,1467.791818748062,1477.1317991945637,1464.4429536869684,1462.5792378252495,1460.6707781842322,728.6466684252973,1454.413967828325,1486.6845062128762,1466.4831619325005,1489.2081757224687,1484.8172975914179,1510.5093874117947,1462.2245856813463,736.8682270301399,1475.7347129711707,1457.3504582205321,1476.5426751741759,1459.6276839549414,1482.8125356955227,1455.311652002185,1456.6511608033748,1454.3916881779294,1454.3916881779294,1459.7735675475483,1454.0,1454.0,1454.0,1454.13020155661,1454.0,1456.9464528352519,1454.13020155661,1454.7290846172,1455.2919113568198,746.5677514569661
24.97630610209011,4.5932995250388595,1.9517598161170282,7.73136776131178,727.4896159306282,841.1447344735343,910.2615266768672,908.4043494557984,909.8467755206716,908.788083995009,185.8133039499668,916.665281331371,908.5693248879454,915.2040622344721,910.7133420688377,908.2773535468759,191.83877373884272,731.0523159026851,759.930686012944,0.5759685368202847,731.2919558713962,1.9242316456173487,16.31386626163844,548.3018864959425,545.6051925998564,546.5244344628277,3.116540274931173,0.7424988517561371,11.300780018941929,192.65532085861295,185.18655365118155,188.30208842977476,185.9384989022571,913.180050133685,188.24130902102715,193.52483493321475,183.55251975228944,190.58765445239027,911.3428540087436,935.1416422538774,185.35538573046725,189.38142878001167,914.1721120578515,914.6840136742737,911.1083737220349,562.1267306996469,923.0888199047273,913.2499806026905,909.6928217823208,913.4389949874515,912.8737131584771,18.10462466363738,546.4637680323548,910.286439094081,915.7550003399389,921.851445402147,916.1867655814563,921.7878019736743,938.3963912072448,911.6583859223214,196.152003538521,928.4163064892963,914.8486296421698,914.6141285003997,914.0367787806258,920.5039516768791,928.5296531068392,923.2875337451788,911.6297885405655,934.1886931971069,1489.4789640597023,1504.7459485452953,1535.0474147797179,1492.565260288408,,1524.6337056348639,1506.9615768427761,1124.9634563526981,1471.8241629513464,1475.106047933901,1454.0004680134898,1455.4434711778886,1454.0517423753151,1455.9146302945758,1459.577724102514,1462.5627325363803,1455.1954695698516,1454.0025563851939,1458.241571674129,1454.0000082991535,1091.3335023312707,1455.2749187874733,1462.651622235294,1457.4002541806506,1457.2957877630602,1458.250835768219,1457.6301059253449,1462.5262371971066,1460.1443810748726,1464.4153173964341,728.0540499838161,1455.1730523433184,1466.1026036497128,1465.4432070158837,1471.4835892827887,1478.2562995943565,1484.616734324238,1456.8886630617203,745.5626002505652,1462.321904695783,1464.0475640857624,1470.6081853636538,1460.5361958285166,1462.9851763253635,1461.2315270065258,1456.5297454688175,1454.081933519391,1454.081933519391,1457.6267054366288,1454.0,1454.0,1454.0,1454.3552255012216,1454.0,1454.5960790098984,1454.3552255012216,1454.0025563851939,1459.653351889568,750.1667351343253
25.28626064259801,3.798820324953176,5.293500484305462,8.663936810011378,727.3929682276379,839.9869012675491,917.5494436996979,908.3168228634905,908.597324645885,908.403664905151,194.44534010053414,916.6896416738916,908.1528804672229,921.347548449507,908.0571897542764,908.0215569198568,188.57525370824922,731.9285641778583,763.2063563983285,7.463989901107296,737.0725417779005,2.4782831964183996,11.84651834161658,548.0583747703038,547.0854871414817,548.2771609136666,3.3048769140647183,0.6004794527889886,4.52271139516249,197.66990965123782,188.59122171483017,191.29349568230933,188.74709926550494,917.2788707635987,188.93528722398702,191.0227097389248,185.3744965082527,185.22153793967064,912.3900978159596,925.308570519438,185.3945895312561,188.1538898826961,922.6146925719833,915.0161453558521,917.0574778766046,558.298197874553,933.3519536237962,913.9047994479565,911.71900330756,913.071256235129,912.841290555304,24.711077276262152,549.5318770468907,910.5904605601729,918.6565425583075,927.0204372214515,916.3509187877602,923.7678832210015,931.9324011709772,916.2599396699133,214.49759628738454,935.4458414266367,923.9960292445869,928.7686164544014,923.5711035916698,941.8548789217634,931.3348904082443,942.6819450886502,912.5588790665253,942.3057946668445,1504.069382533311,1484.692002278702,1514.5287293655526,1510.2448252698268,1524.6337056348639,,1504.2830056515486,1115.586518249012,1478.4101668571493,1476.9485429534477,1459.0565361355316,1456.77201132712,1458.767368228663,1468.8947488612032,1454.0197311140398,1457.27478517014,1455.6750653750007,1455.6750653750007,1459.1646256342524,1459.4930084428672,1096.1601353056972,1466.3741442012292,1458.0576958058678,1459.6110034881915,1472.6559415299498,1466.8717788082542,1469.3504845681339,1490.2696785292592,1470.3442043911725,1466.6648866414312,741.6856428365245,1458.1342540496596,1484.4800477888632,1470.478393592273,1467.438822454656,1467.0075755087732,1483.904671739836,1464.570810973152,738.5922934434359,1462.906469105087,1465.118978288715,1491.2262612272145,1475.0004867981456,1484.0274535548176,1458.3705274055512,1458.8798479443465,1454.1853328834904,1454.1853328834904,1459.0816590028107,1454.0,1454.0,1454.0,1454.2991369096308,1454.0,1454.8352126523548,1454.2991369096308,1460.197297133576,1459.9530949478105,747.1472635367791
28.347069916109657,5.832637365775554,10.497578615307372,14.655152635041372,729.89217093675,846.7956038014394,915.0732948917118,914.3491769546113,909.2647835088787,909.7408299614883,187.18796280093213,916.5345233281743,914.4343583626537,920.866495106663,908.3482248078874,909.0336137298905,197.90277208534167,730.9063740890689,762.7057694072835,0.6574937762466367,731.3551587514779,3.6300021598855707,11.573242014438403,552.6575586243299,550.9422793614306,551.3106549424343,4.902719889657419,2.4816767585066404,5.681510608115802,192.86371378271485,186.05192897551055,192.86149304256085,188.7160659960271,912.6470053223477,188.58597165392715,191.79178127223958,185.7354369830671,187.05502466353101,915.6170176533493,919.1419289914894,192.12815150006475,182.54709236922972,912.5639078964484,920.1307178275204,920.8593361569923,562.7314261703214,929.8329814707167,929.2081791936371,912.8603960600901,911.5536843175702,913.8520376929881,15.31774129408834,550.3639663626369,908.7277962259457,918.285661444592,940.932444072022,912.3360433530291,918.2881795561303,941.478292499508,914.7172289795653,224.65941596469074,940.3947059187865,932.2634943122873,949.9420170744589,933.422931075901,950.0455629882858,948.7412820206731,952.6824891446437,962.2024796574924,976.452800727078,1483.1758066332654,1493.2473161513417,1529.4821520271273,1509.3554080624253,1506.9615768427761,1504.2830056515486,,1166.2310157279944,1508.2091722809957,1486.8108978681735,1459.2406321183507,1458.6884877537655,1461.564378477155,1461.2948230835923,1457.5392938482582,1460.4970994391847,1457.4825374542822,1454.6193768702692,1463.7886661549248,1458.386597140605,1110.7922111327778,1485.9689801763234,1466.5038723957728,1480.4533491194102,1465.6347722151374,1475.794244633252,1483.521341638149,1483.1281072295465,1465.324455245608,1460.2105064521795,733.1268218754236,1459.6036004296454,1480.8755558746896,1487.5392965136325,1503.461127616332,1492.1894094963072,1517.9216155634585,1479.7875702629035,753.784865828428,1484.8704615990096,1471.4525750208436,1482.7301885396116,1500.2310338294753,1480.8739638978313,1456.8542976121553,1456.5783475440012,1455.6996579021018,1455.4083846659216,1455.8790084828395,1454.0,1454.0,1454.0,1454.4681629064683,1454.0,1458.3254004576659,1454.4681629064683,1457.4825374542822,1460.2718596626087,749.1672460243157
26.472405883566374,1.8585584769898906,2.121619925180756,14.691274539034874,364.20451574871277,478.2096611685879,548.659986931892,550.6301917952702,553.3799066045301,546.3515054780378,187.93102036771424,562.5541087146174,548.8605755876587,545.1008475123414,545.0634391316551,548.143819000542,201.33801977876965,369.04304896921013,410.19075812757944,4.497258585361855,366.9342740644262,2.0477292224095356,24.47269815222659,368.53515313572143,366.03869721806626,371.3171330622619,2.4848775851734706,2.2923633348709633,4.36394190893671,181.89634737937578,181.76039840458358,190.6704967461362,189.7283777373583,553.5430826569053,189.48147771999626,186.80247742185543,184.70123177160713,195.18390696611857,544.2844806314191,562.3484189937784,197.78199956073323,183.86225538213384,547.8621961297038,564.0315772132245,547.4409476292906,377.52105180400713,553.614305065915,557.6913904295133,554.8992990582764,546.2999972431413,549.4307176390215,11.99692440162482,376.2867455838475,556.7290148123267,553.4365351678216,564.7518845584549,562.9080705338398,571.2877147017524,574.6440706766889,556.929303394811,192.25282114361625,570.0453816744341,550.7176191873966,566.5223159328673,556.093587274428,569.6629819252963,582.9092366225117,568.4801952576403,564.3323637723578,571.9493474445105,1108.0154277542117,1133.2024632474265,1161.6357594523606,1156.127713481346,1124.9634563526981,1115.586518249012,1166.2310157279944,,1154.1277903389428,1135.6310769598194,1093.8320248306402,1094.879286130014,1091.722735438642,1098.188058095737,1090.1579979695316,1096.7045399907533,1090.6732613044771,1093.6336262829093,1104.1091242081573,1090.083130392546,916.2966544314509,1108.903726685616,1093.2142324775316,1099.1294748293458,1102.7577083715241,1113.9218110296324,1106.3822290821658,1115.6063611626391,1112.2687203960131,1095.2539894225158,733.6081279742792,1093.430665357727,1116.9170542675743,1119.2914476118256,1141.522331358409,1125.3741621317713,1144.6983740731548,1112.264365998182,758.4261479088508,1129.7551212688757,1110.2146714779967,1102.611282952519,1101.3697633942134,1104.536886259189,1092.1978948033102,1092.417213808397,1091.7855855166697,1091.368614541383,1092.046691597852,1089.9979281767955,1089.9979281767955,1089.9979281767955,1090.4535597438162,1089.9979281767955,1090.3346593761935,1092.227281389273,1090.6732613044771,1095.1753431487896,739.4706767494613
26.720529971735736,3.9146903832974687,3.762385155585104,14.904589189137338,730.1674497272651,840.1551980675438,914.8050120255148,912.6264174374752,910.6961295104092,920.4861035425276,189.98437416752782,916.9719576167138,924.8605940168236,912.4181303286408,909.7646439186334,911.0972656221538,189.62083096604468,730.1523196721312,756.9462553035197,0.7524272324297178,736.6536969642285,2.5160255879746196,10.503469746164717,554.2990450048475,546.9120247863868,549.1668071509825,2.2788706043303324,0.6710444288976568,5.048218188550466,186.95099255155114,184.4315464185432,190.0895841438938,189.25690172082878,912.5314447983867,186.4359380209298,189.4647564768651,188.81723808881418,187.31066766263177,910.740142558274,915.4841870976256,192.89934056688267,183.06926885269485,910.6369868727187,913.8349364821642,909.7435644726712,550.324893025619,925.3356558858957,916.7566519416607,914.4737084355112,910.7513116736372,910.5770301106487,9.373923233887043,544.5547537578711,920.6190834675982,912.5487113667318,913.5387219649671,914.841531214601,928.8102126643436,932.6725151366011,909.3804221394311,194.7403292109273,935.2406274819172,913.2225529725644,922.3617733700524,922.3664008240819,931.1779826012219,928.2809933986549,928.503376254664,921.5191954196724,927.1629005352603,1469.4492453795135,1490.5776921730437,1492.1959866995624,1489.8800440557486,1471.8241629513464,1478.4101668571493,1508.2091722809957,1154.1277903389428,,1512.9616447872231,1455.2897889359663,1466.7173022960258,1475.603366122887,1461.188657046853,1460.5106891002577,1456.9803749213977,1455.470058866048,1455.470058866048,1468.5123255531123,1460.02204419716,1111.9047531135786,1489.0870064659744,1468.7247391378512,1488.945850759668,1479.921218451349,1476.139282050577,1456.683531010055,1477.1134522696761,1477.5374036566236,1469.880147171963,736.8933988817897,1464.053567610181,1484.968473383787,1468.7416396330534,1490.6605768023144,1470.4565388518174,1492.9394925449278,1478.4584395640352,741.5974550254356,1464.4797482984752,1473.2647412739113,1489.6685129254265,1492.549130136029,1483.4139522844202,1455.133893206369,1455.8244928620827,1454.1385395112295,1454.1385395112295,1454.5611628516658,1454.0,1454.0,1454.0,1454.3205249327962,1454.0,1460.317736446379,1457.1544991108476,1455.470058866048,1459.8954870132075,748.6063513499118
26.246951974378685,3.7742537096824447,1.030895846378078,11.532192346870476,727.5950508711095,839.7839923341825,922.9613831057209,911.1776139230873,908.8205040988518,926.2629550390589,183.82993448292862,916.9739058635474,909.7274162802056,908.2903152335342,908.3861145741355,908.2889997300251,192.7243158137513,730.3708641055737,762.5882828714045,0.5187173669963265,735.3684732567751,2.14640618781813,24.553591737563522,561.0595610302886,548.878771685069,545.3421894458039,3.9961706607061003,4.220374977037295,15.754313919801703,190.1032299004692,189.6829887853595,190.00670973224462,194.83735018207395,914.1010665187086,190.4910497428634,196.05058527248988,186.5891459320057,199.6759398548334,912.6999291808595,934.5142951560243,197.68334968620906,183.44058182194414,913.3373205734621,935.6147558760067,910.408781927061,552.8789628795619,929.2956628200172,918.2004647243429,947.2407626704526,924.8126838397935,940.5808861138596,22.981665218308734,547.5761643008021,920.8950504061927,919.2829597847128,925.1477514842104,926.0521530124747,928.3122726721059,933.266044816571,912.2500042796341,196.18348561666065,938.6381054175664,920.6198903418524,930.5684791789276,927.1432144638499,922.6069463168944,916.0456149479456,938.4813816684923,920.6181874966786,944.4993414150723,1499.8924387237191,1484.0724096910772,1486.93620988293,1501.0125527403584,1475.106047933901,1476.9485429534477,1486.8108978681735,1135.6310769598194,1512.9616447872231,,1469.3001269473036,1473.241930261074,1469.1918553477692,1477.4550713281922,1454.057295228901,1465.0139763149473,1455.9342981320974,1454.0284884610369,1521.7878546503644,1470.9546441418213,1114.5338664116812,1474.1344516320717,1478.113338226693,1495.9777017129788,1482.2512585793972,1508.0299946788937,1489.8427777198833,1469.1539691691514,1553.327681913324,1486.4932549355965,743.7489316487706,1481.1201928270204,1496.3519142448417,1484.9218006640342,1501.5466579610722,1471.1658127667831,1489.4346734229157,1466.682564220591,739.8301293497201,1477.1681693169273,1481.424344533361,1483.712153424432,1478.5046898914686,1515.8834138432387,1472.9057513732573,1487.5730452151993,1457.6429826991157,1457.6429826991157,1468.756126550912,1454.0,1454.0,1454.0,1454.2761673777102,1454.0,1461.332481000071,1454.2761673777102,1455.9342981320974,1490.2540758250293,747.0241380739666
25.079981478752096,3.528221255461322,0.7966592192833125,7.264522409074885,727.0707697262109,839.337339992454,908.5946999447729,908.3769431261424,909.6984607040539,908.9723174050772,184.85649123141383,908.7033393443346,908.2211773721936,908.0870284159988,908.2706456023495,908.1208392190736,185.6437098036835,729.0611081619641,757.7359941946661,0.3994102635246897,734.7535107633864,8.020154335620926,11.074872215595642,546.5039546838069,549.5658158358503,548.0946861755635,1.083594645950394,0.426058698659015,5.920207059744387,183.3503920658325,183.40635850583178,183.79346626158804,188.6325829629729,909.9258286702782,207.27911529751287,181.63414275017377,182.7509920417887,182.22251101733616,908.2626218810896,910.5012061995362,183.85762593558124,181.240413345061,910.6099655792273,908.6389545153254,908.7567089681999,545.7239749545877,909.1267205454978,908.5036372112763,910.8931049003077,909.8369307437247,907.8357105671066,10.757458180574618,546.820303659079,909.5821126057322,909.8629451568015,909.4638834597182,927.8448185297601,914.7781409112608,931.9970216095913,909.4185806585505,189.33565260229284,908.84583529474,909.1815436672349,908.8633067734606,908.9013488308747,913.6447425606775,909.5084473399775,911.1953247482136,912.6318702057621,914.5749719622294,1456.5422966115311,1462.0966715851046,1455.8833987680323,1463.1559432315773,1454.0004680134898,1459.0565361355316,1459.2406321183507,1093.8320248306402,1455.2897889359663,1469.3001269473036,,1460.3749951689895,1454.0056737386337,1457.5765745534693,1454.314660596491,1454.1171794315642,1454.156456241033,1454.156456241033,1457.277590933379,1454.3323608511896,1090.6947093876888,1454.68637387108,1459.0296547020644,1457.4509778119395,1457.8399972407328,1466.154488576875,1474.0561292644652,1457.4509778119395,1458.0634278632808,1454.9136043266105,737.2834841310261,1460.1625436170655,1457.2288715648426,1456.1675173828387,1466.6432266584557,1455.2610373134446,1455.1686350435903,1456.8023883088931,731.3137833146973,1454.808221543896,1454.010602889742,1454.0158416807442,1458.400290404662,1454.040043804701,1455.4134010677017,1454.1414797041703,1461.3841973480878,1487.3747774409928,1454.4746425289766,1454.0,1454.0,1454.0,1454.038951761253,1454.0,1454.0780114221218,1454.038951761253,1459.0898713475153,1454.0318735296894,747.2807051558088
28.181716580777785,6.378675935633984,3.467560859917974,11.092991897411805,729.4667222245382,841.3367424179957,917.7506476808818,909.1069551293057,908.8001323987538,910.3080958298978,186.46517061930837,915.02547667549,912.0328067156529,913.6192588893687,911.9827008484026,909.2015244241414,192.00527422649012,728.8069376015796,758.1697539807437,0.8182514960871571,732.7294738844515,1.7324309421086184,29.142258215302725,547.1601776877607,549.3245464429792,548.7508733235912,1.347231529911736,5.319764884105995,11.577127388967282,199.02903415344466,185.51062962312682,191.2323920242947,184.39672693291433,914.7758231630221,186.1688917715236,182.87665988557697,184.65572877736182,194.02561124902354,914.2206863022219,910.681632256398,190.36457275897513,185.28640833267156,912.7635859623335,914.4302602865213,916.9267847299304,546.964942018219,920.6588642836281,914.962196509669,915.2876198308219,940.223116330772,929.6839271419807,23.24135187646899,545.2830409187268,908.2197493620187,917.3431426015707,909.6964804809379,911.5508509980415,914.7089663232914,935.3973901265967,909.088321714618,192.15787621103428,909.2058759427416,916.9663360945115,913.1245979468875,910.3400037179033,922.1789118022888,911.5201024276896,908.1176453782372,910.2831953365348,917.7527353054544,1462.0351291154245,1456.224540419818,1456.7917664662102,1459.6828233248248,1455.4434711778886,1456.77201132712,1458.6884877537655,1094.879286130014,1466.7173022960258,1473.241930261074,1460.3749951689895,,1469.7300855349047,1515.3527838229113,1458.0035243008485,1457.7225123288194,1454.033542378674,1454.033542378674,1480.6478502103846,1482.1287778951616,1135.7509926306113,1496.947773481333,1472.257822928176,1465.5485086047545,1471.887385650397,1468.0226477626823,1469.9069048670724,1463.6696177041179,1479.2922010030625,1457.0697929095197,737.0493658639128,1471.5927728163947,1465.8577115571247,1462.87703876407,1465.1429977337289,1458.546980120456,1465.9449405886055,1481.524586973708,731.3198677553968,1461.9518212274559,1456.816505074016,1457.5594021670984,1462.99538150844,1472.97777050734,1471.5848524674923,1466.2455190683472,1457.7225123288194,1457.7225123288194,1457.0437223250499,1454.0,1454.0,1454.0,1457.721776149162,1454.0,1461.453861927546,1454.2716701851448,1455.9906412495886,1481.9300612284692,747.2571837009509
25.576427480269704,6.68612622310947,1.034884834542423,8.911833787211748,731.0305561811139,837.743445473871,908.8588358021775,911.4928604077724,909.874633590525,909.3079516679231,186.16938767423568,909.5535407709742,909.6686440583043,913.2897404393385,910.7341374780607,907.9526896163787,185.4342064957225,728.6009441045363,758.6137245205202,1.602497768370774,728.0924245431667,3.070053962136139,18.96372630919788,545.8225461198192,545.1845846516675,545.0448331425048,4.40457747600822,2.1085670427323935,7.739799291799581,186.3832759347659,183.88009474831503,185.49163488442755,182.46054389105154,911.4259525524055,182.20855214762028,183.93732126457107,183.4387584311383,185.6913797370868,908.4990074443698,909.3599469969715,185.36951347150492,181.39978518112702,909.0431719248928,909.4018569386991,913.924827395225,544.8907371166799,914.0494014920654,908.5609482587281,916.6499362723514,909.5181947346907,911.4364135492144,8.9785882174198,544.0956937179793,908.0386682611448,913.9476948902234,908.883323790705,908.8303413574683,914.7131632211243,932.6521359092549,907.9000970539337,187.0960834472845,913.3037116715124,910.1697793996021,918.2871018906986,917.6589488561638,916.2529786351313,910.3735066555571,911.6918090794044,912.8463915678311,913.7831621036875,1460.912503204448,1454.5217943276891,1457.9630804904336,1461.9014803678785,1454.0517423753151,1458.767368228663,1461.564378477155,1091.722735438642,1475.603366122887,1469.1918553477692,1454.0056737386337,1469.7300855349047,,1511.7116388463778,1454.369249849076,1470.4222321790317,1455.9886729662974,1465.3814460339197,1458.6941182931391,1487.9085259791093,1129.6755250292197,1491.613315671128,1474.0372845913998,1486.2203891047127,1469.9404808899412,1472.1064734433237,1455.4800447838018,1457.9309237783825,1471.9101857458656,1464.802471413669,790.2916005153957,1491.3503691833896,1459.6558344417097,1461.6665820842097,1475.399206500729,1466.3960582854174,1464.0521140881347,1465.7057211190815,732.822978842093,1464.2475727826165,1460.7467532876783,1463.7515804740276,1454.2832223621865,1462.0167561608268,1474.4219059241893,1489.963329296323,1454.2292321420844,1454.2292321420844,1488.5279823500932,1454.0,1454.0,1454.0,1467.2690857809237,1454.0,1459.6749592412896,1454.0761993427584,1455.9886729662974,1480.1798391760854,746.0660319302
26.499813829720946,3.635562647173097,1.6104367938569375,7.736364104605345,728.8033207745749,837.4213719200726,916.7634577277641,908.1459326062067,908.5032199119396,911.5281530157179,185.76418733941136,914.6509865596374,908.6770273020275,909.3699365488778,907.9752737971559,910.0163461294566,189.23770736309942,728.8017897256728,756.3145786448845,0.8545891714050304,728.194306981584,4.187352816573132,16.92933176046249,548.7775690831246,546.3001092665327,549.4214811604614,0.7773275128404205,7.0449776793620105,14.829883402636417,183.00862961948934,185.62292851794402,185.38227478709229,182.57296964209215,912.1126892048369,190.01193505414398,184.4754823414102,188.26122756571814,185.08187229860383,910.9389070608481,911.5855743475475,191.3564221825734,182.18807270683624,909.4870417410922,913.1828589353597,913.2616606336933,545.9861062621998,911.5737109720232,915.0946864562669,922.9302073877825,909.9497180277351,912.5777868939349,14.843037106571423,545.685843578879,908.9984124198508,910.7018771997989,913.2160636329132,915.2714557646551,915.2330102531716,933.0704063840537,910.5914086604416,185.36042830507972,913.2782119235785,917.8046747335364,911.7350636166706,909.4486010511573,911.3613375557188,913.2616606336933,910.9164621215369,909.9398275478417,915.9216582537543,1457.601914830591,1454.1222942856175,1457.1645090958054,1462.5208342580504,1455.9146302945758,1468.8947488612032,1461.2948230835923,1098.188058095737,1461.188657046853,1477.4550713281922,1457.5765745534693,1515.3527838229113,1511.7116388463778,,1454.0173825752975,1463.5199771423977,1454.7997031357834,1460.2342507763974,1486.8152703952487,1477.3249069259,1123.5616230124651,1512.4440495695223,1470.6657813903823,1471.3397383035176,1488.7288082492282,1498.6553488747984,1459.179009773424,1486.1659775015107,1474.4873382202345,1471.238523366962,760.987956995421,1470.4846873706003,1466.9202077724167,1462.0062102563575,1469.8135700427817,1463.6016064369976,1481.1671760418706,1469.8181829715431,730.1913670155037,1464.0489296755998,1459.5403731653953,1475.054484393261,1490.52424196532,1500.5167981775212,1457.1400412232144,1462.0503447342662,1454.3757720901783,1454.3757720901783,1472.9128956137902,1454.0,1454.0,1454.0,1462.0945366528354,1454.0,1457.1084906918325,1462.0945366528354,1454.7997031357834,1456.8940255981024,746.4640812610992
24.710564869033423,4.325534682578415,1.6431591938182437,8.316143671037999,728.4055788240942,837.357069870714,908.8532238728067,912.3513503919107,911.362957829684,909.1870160479443,183.51986687805808,908.8114295932802,911.0476474958941,910.125026581275,907.9191692934561,909.8432240403779,185.5808886375402,728.8767295158287,757.7545471934235,0.9466485027770088,730.8842826289318,1.3865348644639255,10.056345147988912,549.8383714493274,544.9271825478329,549.4991585329309,6.479094946376188,0.4344331523579996,4.3732666437152155,189.4108878199287,187.7412875865733,185.64452340239546,185.40765980877362,908.7322324494882,181.33613237974052,183.41844452329846,185.09191106421088,185.68919247174998,909.1618594161893,910.0396912865765,182.9944989230991,182.1372878565411,909.4862033453525,908.9689896911349,908.6199427636186,551.5293675332672,910.1983888300222,912.4920171212569,911.4208976149146,909.6824548438655,908.8727623127273,11.911355132318342,543.8284635352013,908.712396693189,917.4761416318688,911.8608705349747,918.4070631479476,914.4641192465588,936.0171543443832,910.0627046289057,182.6410559303027,909.6905983874759,909.3010686202507,909.4503811900822,910.4208057653053,915.2817353701819,908.6199427636186,907.9313565893546,916.0056505764214,909.3905436750699,1454.0225402269182,1455.4047478857951,1454.2846290304049,1455.4663154312402,1459.577724102514,1454.0197311140398,1457.5392938482582,1090.1579979695316,1460.5106891002577,1454.057295228901,1454.314660596491,1458.0035243008485,1454.369249849076,1454.0173825752975,,1454.0337984952619,1454.0451272501552,1454.0451272501552,1455.6143788566553,1454.5157555047315,1090.0201159314745,1454.4337029922547,1459.278394279349,1459.659855503522,1454.0251886145634,1454.210289667543,1454.2991083533295,1459.659855503522,1454.4086721182396,1458.4281948668363,737.790202622323,1454.4229681990735,1459.4877645880647,1454.3909205995828,1461.0039859415733,1454.0811363945202,1455.9721024308171,1454.3244658503863,729.0217420831392,1454.0274281687045,1454.3088889322173,1455.3361015141265,1457.2851413164337,1458.5560058943522,1455.7313195335353,1454.0074478941094,1454.0337984952619,1454.0337984952619,1459.8585406727973,1454.0,1454.0,1454.0,1454.0112350000386,1454.0,1454.022501121961,1454.0112350000386,1454.0451272501552,1457.5339544789113,746.1357514527169
24.616585973868116,5.946487983116062,0.7514638729786921,8.088901021437943,730.640691390458,841.248592272975,908.0788586386716,909.0083213471962,908.9513792438349,909.4170909306181,185.23009650720837,908.6039741623738,909.5361136501914,908.0860905104223,908.8180073139824,908.5452646141499,185.78951312792518,729.0738378024349,758.5341648671974,0.36158477656963317,730.8140142544383,2.0915442179838144,10.911094848211755,547.2699174066488,545.9237591274374,545.2202203817956,1.1614458910654566,0.6040777957996645,6.321640889365455,184.88809966979989,185.43743249744045,182.20835186051866,182.26566302474862,908.7001570513545,182.4244340931097,182.87647812963925,185.8913662489183,186.26379753772142,908.1469175923881,909.4214917278781,183.52793428027542,181.3797418074212,908.223894625224,913.947661134922,908.0664166849724,551.1047023932481,908.558693231775,908.5505715744135,914.3336316490602,918.1304756514581,916.8912906761078,11.902592760179827,545.1745385593747,908.8176016942425,909.7921963416705,908.7520948353699,908.0343925311032,917.1700902726215,931.6020699780316,916.7069010469648,183.19637351956476,910.03414209072,908.5505715744135,908.7414365264865,913.2607256803714,907.9832653265643,909.1713814828441,910.5534131349333,909.9568110654722,908.8190228440305,1456.3536544273006,1454.0091004041851,1461.4039627501486,1455.4253745124322,1462.5627325363803,1457.27478517014,1460.4970994391847,1096.7045399907533,1456.9803749213977,1465.0139763149473,1454.1171794315642,1457.7225123288194,1470.4222321790317,1463.5199771423977,1454.0337984952619,,1694.6546643036934,1513.162346535162,1454.3520543813477,1472.4940895922903,1093.2370812710583,1459.556803718037,1526.1916427715862,1455.4930420947205,1463.830783778994,1454.699651844094,1454.2438031755232,1455.4930420947205,1461.9804361613894,1496.6015950069348,808.241862489081,1457.3832155236369,1459.4636970615747,1455.6647025455366,1460.4970994391847,1454.5722330470512,1461.816989604647,1454.783860580112,728.6678895828511,1454.464839043171,1454.001138883364,1462.6746644432665,1456.7035067885918,1454.3343697734733,1456.7997019506006,1473.3227376942455,1454.0125865408845,1454.0125865408845,1633.481276005548,1454.0,1454.0,1454.0,1454.0041839077815,1454.0,1573.9940154422848,1454.0041839077815,1513.162346535162,1458.108829123503,745.8444773702821
24.635277331906547,3.492291914278824,3.7121847978917764,8.378288117144377,727.0575158227848,837.2803268355443,909.5481309299415,908.2630815531501,909.0090471852709,909.8972250451671,184.06702774309517,909.3094906841991,908.1386577401238,908.3038209432859,909.12592176259,908.7747732186501,185.45428118437988,729.3523162037037,759.2999055577975,0.42243480725623594,729.2377126019967,2.359390122919086,11.208601706064742,547.7807543773592,546.2615783292483,544.9453907912941,3.548274485553697,0.7057362581946546,7.051368269530034,182.99268996246064,184.23160710673437,182.04933036969447,182.77857595666208,908.8623874422442,181.32036231061835,181.95501952672325,183.71410819665022,182.26549795877585,907.9190784410522,909.294943305758,183.2914466803181,182.43070142629168,908.8707843277874,911.0820169247116,908.3308202892729,545.3687929213659,908.2428732789939,911.2367185220342,916.227132740448,908.7387255464247,913.7196503512752,8.799541593188348,544.500723922798,908.2672344668912,909.5791130543256,908.8788425084493,908.117039800995,914.4319766447338,931.6215138040016,907.8994422650183,182.4084446373178,907.9878346509378,908.6367117544693,908.2017893947188,910.7325233178601,908.0476820987654,908.3053947090704,913.0153345745217,911.9597213568709,909.8153916469216,1458.6158231555094,1454.698471865437,1463.8856613756614,1454.7290846172,1455.1954695698516,1455.6750653750007,1457.4825374542822,1090.6732613044771,1455.470058866048,1455.9342981320974,1454.156456241033,1454.033542378674,1455.9886729662974,1454.7997031357834,1454.0451272501552,1694.6546643036934,,1633.7361651234569,1454.0701967376667,1485.988005180055,1091.6485465220637,1454.2156467655932,1466.3329654873958,1460.1232015351566,1460.4650437052915,1454.102275285114,1454.3255223880597,1460.1232015351566,1464.6553601340033,1466.2725064376507,752.1613843952899,1456.1276976568406,1461.2950473729543,1456.2226861765405,1457.4825374542822,1454.0403428183863,1458.4539854224886,1454.0482733845606,728.1850933215509,1454.0136378949946,1454.153586441297,1459.6073922869432,1463.8823651039977,1456.2653473752473,1457.738120567376,1479.7994331065759,1454.0168053629218,1454.0168053629218,1511.9077585310029,1454.0,1454.0,1454.0,1454.0055862916859,1454.0,1454.011188057864,1454.0055862916859,1633.7361651234569,1459.4860477741586,745.9024085488996
24.635277331906547,3.492291914278824,3.7121847978917764,7.2483815643384775,727.7084709968887,837.2803268355443,909.1152765310194,910.2017920689154,909.0090471852709,908.5824914143539,184.06702774309517,909.186543315421,910.0504634442135,908.3497623844233,909.12592176259,907.9808227120961,185.45428118437988,728.694987037037,756.8045686081445,3.1177013483965013,727.6219692935273,1.339229043136296,11.208601706064742,547.7807543773592,544.9215103031953,544.9453907912941,0.8030658110948532,0.7057362581946546,4.622425368295467,185.78763197965884,184.23160710673437,182.7224346440311,182.39128286475054,908.8623874422442,182.79973008385747,181.95501952672325,183.71410819665022,182.26549795877585,907.9190784410522,909.294943305758,182.89332354462752,181.21450495081837,908.8707843277874,908.483396089481,908.3308202892729,545.3687929213659,909.213602351321,908.8900608201938,911.5505825295791,908.7387255464247,913.7196503512752,8.799541593188348,544.3589755311739,912.3400989786757,911.4475304776531,908.8788425084493,908.117039800995,914.4319766447338,931.6215138040016,907.8994422650183,184.70011500965262,908.8169406357442,910.4766713248607,908.799114883402,910.7325233178601,911.6076960031174,908.3308202892729,913.0153345745217,911.9597213568709,908.2095746048615,1455.0430344851131,1454.698471865437,1458.1492342968315,1454.5229762523834,1454.0025563851939,1455.6750653750007,1454.6193768702692,1093.6336262829093,1455.470058866048,1454.0284884610369,1454.156456241033,1454.033542378674,1465.3814460339197,1460.2342507763974,1454.0451272501552,1513.162346535162,1633.7361651234569,,1454.0701967376667,1466.9314893192538,1091.6485465220637,1457.312623793319,1466.3329654873958,1460.1232015351566,1471.3316811542431,1456.5796604753011,1454.3255223880597,1460.1232015351566,1464.6553601340033,1456.2017968921214,732.3839073370993,1456.1276976568406,1456.72863850351,1454.194374409237,1454.6193768702692,1454.654481293653,1454.9805731531007,1454.0482733845606,728.1850933215509,1454.791678258199,1454.444644551369,1459.6073922869432,1463.8823651039977,1456.2653473752473,1457.738120567376,1458.588485362196,1454.0168053629218,1454.0168053629218,1467.5012529910528,1454.0,1454.0,1454.0,1454.0055862916859,1454.0,1454.011188057864,1454.0055862916859,1633.7361651234569,1455.7571606992365,745.9024085488996
24.893034952680033,4.084454173634242,2.363899526839077,10.806892617165584,727.8102330043871,839.9515964234188,911.1539810033056,908.9194488791126,908.642740423116,908.2880565991476,187.64442281094685,929.5245829971159,908.2728674988742,908.1852010973583,910.5887699769327,908.2946536168132,187.47806902865392,728.9053062018303,762.1596708800246,1.8483129326327197,738.5672742050745,1.9729213803359742,29.187336795062617,547.8425579962754,550.2281822120611,545.1345205330146,1.7125675743143103,4.219380305625341,9.485383402665978,190.48317607750576,189.86299429107905,192.88693947754365,194.65082240668664,923.5903836953572,183.06405762630848,192.20752120496383,186.83763693536645,190.64158070379065,909.6113793162069,917.3808281784867,191.48317894094853,182.9637862863304,909.7991276047934,930.1985956516245,914.3042141902008,548.7632486232801,925.0112043963528,914.7846565147199,920.1393660670348,919.6780151169182,921.587858471272,20.707421181288858,546.3146515402045,919.3840619645173,916.9955145798302,919.3639502383772,910.277122960957,914.458159405334,936.1694942493004,911.2754959663017,184.6736002189596,913.6622048161305,917.9516378822296,917.4331772427707,908.8374627540745,909.3330562330551,911.0677979094316,919.7597387358785,917.1312451583117,912.9633588687071,1456.0920516275944,1460.8895796254621,1459.6413130221617,1460.3855986940207,1458.241571674129,1459.1646256342524,1463.7886661549248,1104.1091242081573,1468.5123255531123,1521.7878546503644,1457.277590933379,1480.6478502103846,1458.6941182931391,1486.8152703952487,1455.6143788566553,1454.3520543813477,1454.0701967376667,1454.0701967376667,,1506.6132782107925,1165.0351726155006,1498.725268715639,1481.411655938034,1538.6380148626458,1496.4458598306617,1487.4187405496725,1459.086531979213,1471.2641476727556,1541.7000912448966,1492.574176827189,762.6133803390084,1490.9433997426227,1469.3232696187529,1485.612499490308,1466.464596911011,1470.5092833218803,1481.4095191049166,1458.90353467318,739.3376648621389,1467.557313480093,1468.001994426062,1468.1575893388858,1467.9202087898054,1497.9420677500455,1487.1125978492216,1515.341666765477,1458.2006267103773,1466.2902437368457,1465.5071830385218,1454.0,1454.0,1454.0,1458.0854152762865,1454.0,1455.1625275902218,1458.0854152762865,1454.0701967376667,1491.5257567122774,746.9048396480229
25.470102854207205,6.194483717256155,0.8192988842529589,11.717970930106915,727.087718777284,842.8783280801165,909.4284485145953,908.1139049753693,909.6302770966348,908.1832152849399,183.3363597183337,916.4219980296308,909.2876290424067,908.1141506286924,908.1584276029956,908.8368997178709,186.41502901154388,728.7846947116414,757.9281617326519,0.34073057739558205,732.8857737307286,1.4124479640998535,19.53070812204676,545.8521041145306,545.7940809834686,545.140004211267,1.2695801580704007,0.5821241287320117,7.97042440250009,192.80128218520446,185.77346026394702,182.92991241629085,183.8060143765288,913.9094485994856,181.45600704109737,187.7755735373976,182.3889543152526,183.34848884482807,909.3445382464056,909.5257831127032,184.78324223937614,186.44703480591537,908.4372390050248,909.2977271277801,908.433856136726,548.8090991672228,913.9143167767783,911.2926210266255,912.3692174231155,914.7012007765885,918.2153708633363,11.657217286888477,544.4464425103713,907.8787731411851,914.5217067470021,909.5290271775203,908.6484116476034,914.3196599469203,932.9917039807544,909.5874180763026,184.98775393032753,912.9765232082228,918.8876609473216,908.8334506861615,911.0706857488229,908.7927876695921,909.5859855230118,912.487843306049,911.238566486516,916.2350892071744,1454.2365277933989,1455.6055255080032,1464.5576512243501,1457.1892947215267,1454.0000082991535,1459.4930084428672,1458.386597140605,1090.083130392546,1460.02204419716,1470.9546441418213,1454.3323608511896,1482.1287778951616,1487.9085259791093,1477.3249069259,1454.5157555047315,1472.4940895922903,1485.988005180055,1466.9314893192538,1506.6132782107925,,1110.1559221278587,1489.3842130102464,1477.0315333348292,1486.9630898236442,1469.6914290418651,1458.3882776914793,1454.0627173227106,1459.526553872138,1497.8186236126983,1472.1903148786048,773.9559143123604,1497.7844494796195,1472.8187195002831,1461.062061669016,1458.386597140605,1460.4676828245497,1456.0108870961483,1454.0405384726132,730.2440740085324,1455.0400836368365,1454.0592992729617,1455.4320992228913,1455.8180779094666,1470.9356701736863,1491.766135447308,1576.2355882594247,1454.205233635683,1457.7007146376284,1528.9114527867484,1454.0,1454.0,1454.0,1454.0682219692612,1454.0,1460.4478340096002,1454.0682219692612,1466.9314893192538,1498.096414357974,745.989035328437
26.542912681369597,1.5976910900775863,1.568731239422556,13.543576019041065,364.033634126718,474.3497600353189,545.0424902405363,546.5716504529405,544.9228066414407,549.2105444846189,183.21673878564957,553.5538075840356,550.1468491906339,546.0744464148303,545.7954998143081,544.1548788946702,189.2127627539387,365.21438331969154,393.0798449912996,1.3024070367664955,364.26624004701125,3.5979931981262925,20.723607282390656,364.6032950585524,373.01749826098967,363.72087865790377,1.1784045916041883,5.437419381143995,13.576048855476074,189.96787612413956,188.05121379114087,193.09678293863692,186.46045072931594,554.1415716583687,187.93459130439163,206.79373397791628,190.02322892443044,192.2391268297502,548.2777710098079,560.9218014407822,212.03111500572965,185.32645876992478,551.1595245250104,563.3216133994982,553.6278148389017,365.84889461274764,556.8870258275732,553.5131639828516,554.7078563762101,551.8588633783193,574.2346855774085,18.650248344524385,365.9682206372228,553.7570002339337,565.448478445627,552.2997392455709,545.3740852487373,551.3262377838806,568.8978021688963,549.4981766598297,188.2757684390232,547.6839671694956,551.538375711249,567.4860540888646,559.9580754145973,552.5191689153806,556.3041940426723,565.3663320563095,558.6025251741801,556.2560806524069,1099.605260094815,1097.0663029305892,1098.1799076091302,1099.095866603418,1091.3335023312707,1096.1601353056972,1110.7922111327778,916.2966544314509,1111.9047531135786,1114.5338664116812,1090.6947093876888,1135.7509926306113,1129.6755250292197,1123.5616230124651,1090.0201159314745,1093.2370812710583,1091.6485465220637,1091.6485465220637,1165.0351726155006,1110.1559221278587,,1196.56643152656,1111.7171334736022,1125.7305989989457,1133.024382360538,1123.7404913107919,1100.3201157261694,1116.3866366296115,1122.6678735054177,1107.958892059279,745.3440166659657,1113.230405162692,1104.4723858565678,1124.0081458425955,1124.6162095606446,1122.1522949601094,1121.4138288615136,1112.6662929115705,739.0993461579404,1117.8100146688637,1110.733419994363,1114.6333608613895,1120.5898297226488,1135.5589275653988,1139.0422498792168,1120.5679834956052,1090.1786688350116,1093.237081271058,1103.118317957489,1089.9979281767955,1089.9979281767955,1089.9979281767955,1093.3510158107022,1089.9979281767955,1096.7133917760048,1093.3510158107022,1096.1342808836762,1145.3400340969304,740.4888526036607
27.19692022737222,3.756855288403977,6.53064421721688,17.96485341139824,728.7552083135702,839.7699940838953,914.2865821519255,909.6592639668766,908.5363413332543,910.2372189551019,186.68761615251094,914.5510253332319,911.7721765795147,910.7209297536341,908.0052811712711,908.9789209514495,185.77612228123093,728.7248885779105,760.1958238739063,2.861942870587263,728.4422803571033,1.699216705905991,21.570869487046576,551.256508732296,549.8631119680492,545.1790001846658,1.9949382879965878,3.225634701040464,7.592882281416858,191.36412123751978,184.37220963149332,191.85556659628298,187.51579120180256,912.2883779428005,181.8028870148229,184.51854835095946,187.53345997708988,199.56081362094216,908.1470326052839,919.8634319231954,197.22280531933978,187.36982030196535,910.6316340272846,920.9179282854249,913.1181672328144,552.7819097388196,924.3745062372183,915.4150567448638,912.0099493855922,908.2025278279862,909.0205792904197,11.653960037200058,545.5636427504588,917.7299856646612,921.5155066154443,922.482402927454,913.3521537392558,917.1556914579709,931.6892386277152,907.8778789952977,190.91905879414324,926.5757360373484,921.8103140202294,921.9729978108477,911.7565828203893,918.6338775291013,921.7305045279468,925.5222671495981,917.2632675509925,927.8314088478054,1459.5561364066405,1468.2560630281102,1465.7560354302186,1460.9494471866126,1455.2749187874733,1466.3741442012292,1485.9689801763234,1108.903726685616,1489.0870064659744,1474.1344516320717,1454.68637387108,1496.947773481333,1491.613315671128,1512.4440495695223,1454.4337029922547,1459.556803718037,1454.2156467655932,1457.312623793319,1498.725268715639,1489.3842130102464,1196.56643152656,,1467.5441318190524,1506.3054375536058,1505.6758776474046,1487.9462386162882,1457.8415928245124,1489.4868521066778,1503.6075556249327,1470.6750177013444,754.628705370047,1466.8079615770748,1472.6716087756063,1470.3285137152402,1479.0660318733874,1489.302791526756,1492.7904786964564,1491.1133339168396,744.2829501640678,1477.2502270487678,1475.2356415277702,1469.9656061660094,1483.8036414344797,1497.1692723211986,1479.6865107069489,1475.7911628001268,1454.5949931798123,1454.628792979119,1464.0495328561362,1454.0,1454.0,1454.0,1454.1977824263,1454.0,1464.2384832049163,1454.1977824263,1457.312623793319,1480.9698444447026,748.4024905339287
24.80586554894086,8.489947053327482,1.5055614954700187,7.2488962028801405,727.4098778552952,839.2011101905564,908.3530740158501,909.2208252700844,908.5913258205644,908.2417829413246,184.9517205486272,909.048028065483,908.1511121876055,909.4753403328464,909.7109093130746,907.9501091578735,185.4114107649043,729.3659289372138,757.1620192099672,0.3172076954303768,731.5438033320905,1.3492965500986578,13.923822522672392,549.725960137584,547.040333806311,545.0640704076359,0.7173242283684265,1.6335305795463975,4.837573340129806,190.45756044388142,185.24086693154732,183.2325122505655,183.2850624260414,910.884002790956,183.8246044494514,185.59486555713488,182.68478990812696,184.15505648440947,908.6041923999953,912.6680955630171,186.73548300086185,181.63695782212136,910.8076188800402,912.6068843912453,908.2899606540984,553.0370456063226,911.96603121261,908.5162830440935,912.856958992923,910.1247042887744,909.5829681324105,10.468188103066149,544.0451322079381,908.8278189529178,911.7449717657153,909.3875882977227,909.0037301800471,919.0739151281767,931.798969481524,914.2087800967932,182.18760952318488,908.5344517234633,909.4707291602538,908.6029228708948,909.770801905517,909.3860359624368,909.6303856584133,908.0986916865829,909.7173901428084,909.9968517339091,1458.6974635804752,1455.4699906185285,1457.9831628043123,1463.5454117325894,1462.651622235294,1458.0576958058678,1466.5038723957728,1093.2142324775316,1468.7247391378512,1478.113338226693,1459.0296547020644,1472.257822928176,1474.0372845913998,1470.6657813903823,1459.278394279349,1526.1916427715862,1466.3329654873958,1466.3329654873958,1481.411655938034,1477.0315333348292,1111.7171334736022,1467.5441318190524,,1499.070032064953,1489.6358094444709,1469.92653012736,1472.5107267705375,1463.9512400654762,1475.7665275554239,1518.7408704833617,796.586570231258,1475.1606065246492,1467.9032933427065,1456.3484032993056,1471.1268792077042,1462.4160147275527,1461.4768971459666,1454.8443151051683,729.4068939586006,1455.1122623031133,1454.1044848193385,1462.9738114149004,1455.0340929941026,1456.820160660222,1457.3252859989861,1457.373049764831,1454.0553087893632,1454.0553087893632,1523.1132544478442,1454.0,1454.0,1454.0,1454.0183852637763,1454.0,1480.5378117991813,1454.0183852637763,1466.3329654873958,1460.4855445971905,746.4311222170427
26.249100231159616,4.009318823023151,1.5114955693358332,13.774216710573258,727.1872035809798,837.5348212825362,908.813270961943,909.5755179270546,909.6757655485249,908.1111031749797,184.81881743807563,909.7596236450794,908.1587969576368,908.203063938699,912.7547815664706,907.9994275772075,188.98284974372345,729.4590973094228,757.1213335743274,0.36865062152141204,734.3321998136911,1.7839583875152318,14.535990561522388,549.0389313937619,546.788668284732,545.0025242736267,5.027879078091653,0.44104667826489935,4.334602287561084,184.34393575866687,184.72878854755248,184.89944770639096,195.86513852075814,917.6214797165267,181.49915704103185,185.97793877845777,184.92813833519082,186.45716117312668,909.1169112477536,915.6855450359634,190.6893665318001,182.05911424875953,908.7162565537013,916.5657493306319,910.1633085921173,553.002170575231,919.4171213759786,912.4141426470958,917.2504031469119,912.5786396989058,920.8188851097744,13.244140152574165,544.7582535916613,912.0188848699736,912.97658789643,908.8761355889832,908.6203970854999,914.1908812179056,935.6745845459449,907.9084752908406,190.5166671755161,918.5621728389513,913.418199463871,913.0999712718162,909.7335858015188,915.6283955607778,913.9237359968453,922.3687355978011,909.7146737046429,915.2816045005926,1462.2674062437193,1466.9298628765541,1472.4668072370382,1483.7746147701841,1457.4002541806506,1459.6110034881915,1480.4533491194102,1099.1294748293458,1488.945850759668,1495.9777017129788,1457.4509778119395,1465.5485086047545,1486.2203891047127,1471.3397383035176,1459.659855503522,1455.4930420947205,1460.1232015351566,1460.1232015351566,1538.6380148626458,1486.9630898236442,1125.7305989989457,1506.3054375536058,1499.070032064953,,1578.4334545773006,1524.6326399269267,1478.2859025936903,1477.5149179500686,1533.706765169959,1509.0853817251414,785.9760321804454,1494.4238564345135,1486.5733495014758,1477.785989807705,1483.1281072295465,1477.7625071665952,1482.8786932201315,1459.926017953622,733.2437265575729,1466.3533000404118,1458.7409087665383,1494.2734329391812,1484.6644432617322,1488.0892331141256,1464.8562910338942,1517.2886670860948,1455.4930420947205,1455.4930420947205,1465.4554760296533,1454.0,1454.0,1454.0,1461.9821901200417,1454.0,1469.9864915700557,1454.126668946781,1460.1232015351566,1478.3792676443823,748.6849489010744
26.17902147553285,3.6518124616136673,1.3521270590742478,10.980069133119125,728.3137473352546,837.9997998085742,911.9240525867499,908.4146279246075,908.670160403543,909.0902319141672,183.8181817540954,913.608012870443,908.0653894966474,909.26581987185,910.0863087062417,907.9330189094281,192.76964376838097,729.3310323622027,756.9080169817202,0.4310113576951891,731.556695115579,1.558617095396208,15.068244765219951,547.5555154402697,546.0277089912994,546.0827493402157,3.440965019890466,4.856859547751875,4.271669325029369,183.53222260865414,188.16895862216379,190.0405247473694,187.78900339603354,917.9741058934984,181.79391781514414,194.89599795946413,192.32571747246152,190.5512449811958,907.9765433993884,916.9860073441732,187.61686599755683,186.2852380802395,908.534411940748,920.1420085817119,911.1155363996694,552.4828224626705,917.4964995862047,910.9870489827291,920.8549184030338,910.2400433297091,917.0749993221035,9.897754059106278,550.4072380821598,918.5036731971618,918.1738581550763,912.9602456890227,911.490946061767,916.6257822917589,931.7752296527793,910.8002123579327,189.61454038148452,922.4305398497506,916.3052910521772,912.8947123163756,910.4771330657841,914.4072021884172,913.087713865669,926.8457950992439,911.3307659969304,912.3895951600009,1458.2702693633487,1458.3054471279581,1472.7888957917799,1468.3804513596485,1457.2957877630602,1472.6559415299498,1465.6347722151374,1102.7577083715241,1479.921218451349,1482.2512585793972,1457.8399972407328,1471.887385650397,1469.9404808899412,1488.7288082492282,1454.0251886145634,1463.830783778994,1460.4650437052915,1471.3316811542431,1496.4458598306617,1469.6914290418651,1133.024382360538,1505.6758776474046,1489.6358094444709,1578.4334545773006,,1546.9372251083494,1475.6725184201332,1487.873842942821,1494.1838117406342,1492.3586902911513,748.6329374993157,1461.4838939792442,1477.199636791813,1476.0065964450446,1486.8667393321437,1481.9008203367794,1496.1347740358835,1476.4499967980018,735.0578185939005,1471.2558031531019,1460.0506261247365,1538.3300449140174,1497.9207432107012,1495.1709045538146,1460.3622409617144,1462.7856434136304,1454.365243491367,1455.6015589575059,1460.4872135301223,1454.0,1454.0,1454.0,1454.121411045309,1454.0,1457.2235674984831,1454.121411045309,1471.3316811542431,1468.9827479751823,746.5190243420241
25.79520954649918,3.7921412625588173,1.2611409293074909,7.484707113893077,728.125812582417,839.824666549001,922.1086094770744,908.2166544891738,908.5225908389191,908.8946069246315,183.8513973636792,915.5155320387194,908.679037754318,909.6898504115152,909.6166073657968,910.9628846010627,188.5612129999836,728.9262905995731,759.1173949087679,0.8171632938889845,728.8284865882747,1.8415328101715658,14.419869080504707,552.3708515198556,545.3166297115251,545.174310193426,3.874199012014922,2.5203419061095875,4.710930142365069,182.89111147192872,184.31556625463827,182.3213612027847,187.3770688077298,916.6498745118527,185.79026090011965,183.6544751338166,186.39056452596202,184.239183399932,908.050594368529,918.6178727963179,191.7665033837977,181.32920403777484,908.0339581380981,920.0205290124931,908.9150438462898,561.4957003938653,918.0682902537943,913.9245707411268,915.1471282356671,908.7407667299073,909.6529497924014,8.476247628057832,549.6472185831736,923.86386162465,916.6744049612511,912.6838741926592,909.848816364578,917.8864993414627,936.7380863817084,908.7080509714276,187.55049369989894,916.1130072614558,911.5758076810855,917.6210400410165,912.4316367352852,918.5212339475983,909.2965853137285,924.8549889234417,910.0617265432837,914.0392907554246,1468.5080096466131,1471.2503669351704,1462.1086926951623,1467.791818748062,1458.250835768219,1466.8717788082542,1475.794244633252,1113.9218110296324,1476.139282050577,1508.0299946788937,1466.154488576875,1468.0226477626823,1472.1064734433237,1498.6553488747984,1454.210289667543,1454.699651844094,1454.102275285114,1456.5796604753011,1487.4187405496725,1458.3882776914793,1123.7404913107919,1487.9462386162882,1469.92653012736,1524.6326399269267,1546.9372251083494,,1483.070412946826,1476.7962099456836,1515.163281618941,1491.5186404875067,753.9071086974461,1467.8247019624175,1467.618133441286,1465.8506976408073,1470.4352755765217,1469.832556205884,1474.0352231613786,1466.533239039415,731.8661181485845,1473.2091818665094,1460.394211025424,1475.8060660438266,1469.984507230389,1500.9569543546083,1473.8907795876971,1468.3485483128507,1454.419696958765,1454.419696958765,1454.0360240538164,1454.0,1454.0,1454.0,1458.3474493531853,1454.0,1455.2862573007042,1458.3474493531853,1456.5796604753011,1466.5088242875713,747.2140161798084
25.640983984571527,3.8189470123480214,1.372748718834159,12.90582194202485,728.1328839500236,837.960529153736,908.6618372248242,908.2722995525014,910.2779269217395,908.2832615300907,184.71117547142558,913.9623936915867,908.0441765148233,909.7934586588777,910.2720135949995,909.9745161195791,185.37231356033402,729.3155224617652,757.9370946569778,6.458056969767296,727.7241870497048,6.843352556856281,11.349322225279135,548.1476332055811,547.2297292947029,544.9629140747942,3.450913319411859,1.2274867255714907,5.987970650946947,189.35345937297535,185.16874082505527,182.29796980806876,182.3814291086769,911.2547862089451,193.87751295716197,185.86522922632471,185.4256134501408,184.3208415929702,909.3920045477785,910.1697087313612,189.70189364865715,181.48298222300298,912.9746353521934,916.638460694403,914.9153493648995,546.7302061313014,910.9274422678561,918.8193471969374,912.0991078981907,914.1520781596782,912.4159181620317,21.363343049266284,550.0699483130172,915.2957355409262,914.2271831787968,916.1046448256643,918.193157240638,914.53072566414,935.3670455433225,908.8782846296954,194.91060285550088,922.793332200505,918.8193471969374,912.4077086720037,916.907051593134,919.772255836038,911.0899602897407,914.7318611116714,914.2012290754402,910.0341872778469,1464.5880713997747,1470.8459107307995,1471.3571313014734,1477.1317991945637,1457.6301059253449,1469.3504845681339,1483.521341638149,1106.3822290821658,1456.683531010055,1489.8427777198833,1474.0561292644652,1469.9069048670724,1455.4800447838018,1459.179009773424,1454.2991083533295,1454.2438031755232,1454.3255223880597,1454.3255223880597,1459.086531979213,1454.0627173227106,1100.3201157261694,1457.8415928245124,1472.5107267705375,1478.2859025936903,1475.6725184201332,1483.070412946826,,1499.2508529487425,1471.4531822163278,1477.012713552553,755.9705492018284,1455.7516259368313,1468.2569975237577,1454.8810542928086,1462.985586834355,1463.268257650545,1473.3934074972851,1471.370583961172,732.1322729731972,1466.7351645366077,1457.7665335561283,1468.1504004363978,1470.6337772459672,1472.6274492676014,1460.456315900863,1459.5598089908055,1456.934147621169,1469.3635389600515,1454.013584128877,1454.0,1454.0,1454.0,1454.081042918189,1454.0,1454.1623103319964,1454.081042918189,1455.8005317548061,1462.3965587275427,746.0343675568733
24.904850657175825,6.498878853316096,3.2593285898840776,7.660108166511399,733.7736723138964,838.4186282322718,910.1632001434522,908.3828214633729,909.0427766092799,913.2498582160817,186.32725116214536,911.9767041374722,908.5474014535657,912.0946220324804,910.0633371182045,907.924888182221,187.91987397713456,728.7618056275561,761.0831927165428,0.92340900812669,728.1075948516233,1.7839583875152318,14.535990561522388,553.6021826444928,548.5323823872474,545.7211859213371,3.847011012843727,0.7081627498047314,4.322345925871068,186.89250557420579,183.8230946700789,191.69704085281083,182.72035705757264,919.1611536565024,183.4458354950278,185.97793877845777,185.73523923622014,182.61968253900386,909.8248963855024,912.2209700817479,190.6893665318001,183.36778497582952,911.0830654848828,921.5000095223561,910.9240771099039,555.2736067707416,915.1929429691331,911.5258381654783,910.1435366336467,908.2524698290581,909.7598481530983,9.283561411108204,546.6251350037186,917.2753724451086,918.4816532606192,913.8941763651073,909.6114158772408,916.2574873150223,935.6745845459449,908.7464192574654,185.0084954429624,916.9389849355737,921.8733394028321,909.2617012017026,914.9441820634187,913.0757555500808,916.5213030327911,913.9533243299138,912.3392518505523,915.2816045005926,1458.3270303703534,1466.9298628765541,1470.296940543132,1464.4429536869684,1462.5262371971066,1490.2696785292592,1483.1281072295465,1115.6063611626391,1477.1134522696761,1469.1539691691514,1457.4509778119395,1463.6696177041179,1457.9309237783825,1486.1659775015107,1459.659855503522,1455.4930420947205,1460.1232015351566,1460.1232015351566,1471.2641476727556,1459.526553872138,1116.3866366296115,1489.4868521066778,1463.9512400654762,1477.5149179500686,1487.873842942821,1476.7962099456836,1499.2508529487425,,1469.2080478216942,1463.91135337349,747.3094652690556,1456.7377668219526,1469.844086334461,1475.4385817278205,1469.0114469084513,1477.7625071665952,1488.8185866851823,1474.0702142559473,738.4102172947994,1468.0731285434022,1467.4771144268043,1477.8675707448417,1489.7154228028992,1484.7291308640433,1457.5196557865454,1455.0992421840317,1454.3810609508566,1454.3810609508566,1454.3701613622911,1454.0,1454.0,1454.0,1454.126668946781,1454.0,1454.2536887770707,1454.126668946781,1460.1232015351566,1461.7614003669187,746.4399419867998
27.38160044758686,4.207318291658721,1.1440302179519977,8.895054482635116,727.9539367245566,839.9871373877396,911.2897748705009,908.580258548577,909.210028424366,909.0210375200259,184.0920883465221,914.7012973337564,908.1928464137827,908.3309453753211,912.1852959740711,908.3170834369198,190.7991993606059,728.933235477387,756.7360749167879,0.6970572144353592,734.345285660421,1.6868146879770998,37.6305164804345,549.0083184995841,546.406117944805,545.3368538908738,1.180552956893081,9.009731978429388,8.900915484898594,182.58125466493084,185.68366366747193,186.3122482879664,190.70470430320512,915.0724375189081,184.26022247006284,186.01248530672117,184.48979589048972,193.1743147274258,908.0897048008436,914.259324345117,194.10568344321385,181.41801243195752,908.1801392562008,927.4120233941959,908.7030669705015,547.0496494672942,913.5314177920891,910.6879551190083,918.398783514676,914.557044954024,921.7398905527556,11.614555969945382,546.2437187890578,911.5595069556538,914.4873368998361,913.9578346870946,916.3952002323869,914.3604723528466,937.6310703365712,908.055983950819,186.2395123678908,914.9569444634434,917.3635390376522,914.8298011590878,914.767437255779,910.2811776577538,912.4985775535944,923.4226582917886,909.0180305904859,914.205725717625,1462.4983629898525,1460.1328935250347,1475.5941801091892,1462.5792378252495,1460.1443810748726,1470.3442043911725,1465.324455245608,1112.2687203960131,1477.5374036566236,1553.327681913324,1458.0634278632808,1479.2922010030625,1471.9101857458656,1474.4873382202345,1454.4086721182396,1461.9804361613894,1464.6553601340033,1464.6553601340033,1541.7000912448966,1497.8186236126983,1122.6678735054177,1503.6075556249327,1475.7665275554239,1533.706765169959,1494.1838117406342,1515.163281618941,1471.4531822163278,1469.2080478216942,,1528.8641356826397,784.1237938606972,1509.9873420915903,1477.9310661272655,1473.9787520252662,1492.8371797671184,1469.38670459481,1486.1327123506387,1460.1773255686912,741.5914581161466,1473.2768278618519,1461.1067015556425,1481.562316459457,1479.5931440017955,1504.6532754988204,1528.3712779821033,1544.7281087529195,1461.9804361613894,1461.9804361613894,1467.8784245464885,1454.0,1454.0,1454.0,1456.6527867553536,1454.0,1459.3129219504726,1454.3811447013106,1464.6553601340033,1527.0002684093984,756.5002195258317
25.512443962692455,3.712890272943384,0.8458323325928725,7.982353742136561,727.1544790226814,842.8114444892309,912.3481257476974,908.1117489349384,908.9718547715825,908.0571321999439,185.57878282189336,908.7715185076252,909.0234438255752,908.5759591253931,916.2936150604032,907.9991860044139,185.59317446172207,728.595122123603,757.4578924437346,0.3023509874152535,731.9766216024622,1.8903838490185623,20.168104423377375,546.7620816504227,549.3770155325444,544.9898306786881,2.608243423591459,1.8415582519692306,11.831341857091294,184.11803943833257,184.38772688970147,185.27276958669842,190.61958488779746,917.476924580016,181.55097003169405,189.6775656042769,183.14051072687025,187.5189564823973,908.3409932173091,910.6028134363145,189.73507061464485,183.0998988204949,912.1926096912285,927.1376646013193,908.412204010071,545.474888537283,913.6833881178356,908.5383508705993,915.4602070947986,908.0925707734249,914.5005271434213,11.7320617707623,544.2783177980157,911.5832765724306,912.3372859307267,912.4103050080331,914.1506817217879,914.9479417405821,932.8451823738931,907.9624996222948,182.24207483576367,908.4495585610972,912.5020698513799,908.2125215197118,912.276343953969,910.6905961276049,919.9907870655628,913.0297437882218,908.3400162070396,909.8944687968253,1456.6776431377923,1458.0609619114518,1458.018550374432,1460.6707781842322,1464.4153173964341,1466.6648866414312,1460.2105064521795,1095.2539894225158,1469.880147171963,1486.4932549355965,1454.9136043266105,1457.0697929095197,1464.802471413669,1471.238523366962,1458.4281948668363,1496.6015950069348,1466.2725064376507,1456.2017968921214,1492.574176827189,1472.1903148786048,1107.958892059279,1470.6750177013444,1518.7408704833617,1509.0853817251414,1492.3586902911513,1491.5186404875067,1477.012713552553,1463.91135337349,1528.8641356826397,,824.5595492476951,1495.0442457447584,1461.7288092630577,1468.181785644459,1465.9480586869204,1460.366625892741,1464.2811986790225,1459.1367906674518,729.4550195838261,1455.7347926144307,1462.8693532438983,1472.5061280208595,1474.877170259467,1479.0684061575205,1474.38863275358,1500.0088506941806,1454.2147904373446,1457.4845439391743,1478.298224147977,1454.0,1454.0,1454.0,1454.0713987576419,1454.0,1460.1192552874713,1454.0713987576419,1466.2725064376507,1482.566817043445,746.032496584875
25.040149795511592,1.615779932937243,1.7569868728481641,7.317147028454394,0.8553151842634101,114.37156036192818,180.95642641308513,182.36986806153132,183.23909122320325,181.0645151297172,184.29355887227265,184.1168302733512,181.60280129162112,182.75931246761277,184.62919575672765,180.93137042608592,181.72280992442785,3.28835426066542,30.32353245132545,0.40089669315823284,6.211555322736371,1.1080143837881833,8.68021389398414,182.32284090865647,181.03161080056913,181.10017114255686,3.6560540012138323,0.2923470521860068,5.310404226618568,182.9880229677357,186.5850716486213,182.53321729220008,182.15265576347434,188.14154595949995,181.7874928234313,181.16464447255083,185.2308319757918,191.86030805853576,181.4527651451528,182.9271705842032,182.08665248838778,182.89680200518413,182.9930480642225,193.191156822092,182.03162961366334,185.71478284663976,188.87019943257351,183.53397096014697,184.47487958061606,183.15141249437826,187.23340453293403,7.703803394213571,186.91031342767454,184.90057270003882,187.06006449392197,182.1282129154088,190.40339153796333,189.8579128516447,205.08879234267258,182.6135543048443,184.29702475244358,189.0993278406732,181.8974563017168,183.37338438136425,184.09527651101413,181.7138367989663,181.12140378998944,189.2147582993495,186.42969526612407,188.7794577149711,727.0398116923271,727.7828906535249,729.3642064188397,728.6466684252973,728.0540499838161,741.6856428365245,733.1268218754236,733.6081279742792,736.8933988817897,743.7489316487706,737.2834841310261,737.0493658639128,790.2916005153957,760.987956995421,737.790202622323,808.241862489081,752.1613843952899,732.3839073370993,762.6133803390084,773.9559143123604,745.3440166659657,754.628705370047,796.586570231258,785.9760321804454,748.6329374993157,753.9071086974461,755.9705492018284,747.3094652690556,784.1237938606972,824.5595492476951,,781.2418959880639,740.3621724643722,736.1806036070259,741.1549699789321,733.4457571221203,736.0991145004232,727.7039080028806,730.9422296962356,732.3605001401338,731.3186003120403,736.2691780721524,729.1439470993885,732.7824252338695,738.623760114012,780.3506252854013,727.1500221239376,734.7657902005582,778.3415701640281,727.0373501213255,727.0373501213255,727.0373501213255,754.0306435363333,727.0373501213255,739.5645694269033,727.0748035624889,752.1613843952899,737.4692270831066,727.2423351289117
25.533708608287256,10.575141232232932,1.1369004648494578,7.8476147784620744,727.3486473512646,838.9368760476165,911.9335187279623,908.3529937000259,909.7941722008377,909.8673443546189,183.50916920434986,913.7217815680526,909.2672534352548,908.6129138362094,908.6380510169126,908.4753358369163,187.77375105176532,731.8377902695893,758.8702265910233,0.9527038866080928,730.3073367094598,1.5670125139323616,18.348683293992345,549.8579142769207,547.7008164000168,545.1596510861475,2.3916309087737657,1.9294187033179915,8.057162222913858,189.44604750461608,184.87288201007885,186.94174897359548,188.25570385657272,920.5963369293169,181.56688266824165,185.94946096831168,184.12305855189427,184.62852270670436,911.9816897917165,910.3979550150538,194.2218574034962,182.8517036211196,915.3148488553039,918.8099340787622,908.1371149227916,545.3165758434986,912.9144450072365,908.8346250340951,914.7876038058201,908.1195878230401,910.3154826436755,12.50867147108691,544.2080068842585,908.173631411561,912.0359290089284,909.8840940955864,911.3774285772784,914.8632969502199,936.1382593399269,916.2626546270408,184.68274830221114,911.5403057660182,910.9302065550017,911.3478712013476,909.9637976568231,910.3271866097191,910.2224182275787,912.5512476524573,908.0210767699259,918.8645926701658,1462.1809145465443,1457.5989057195359,1455.5310417906649,1454.413967828325,1455.1730523433184,1458.1342540496596,1459.6036004296454,1093.430665357727,1464.053567610181,1481.1201928270204,1460.1625436170655,1471.5927728163947,1491.3503691833896,1470.4846873706003,1454.4229681990735,1457.3832155236369,1456.1276976568406,1456.1276976568406,1490.9433997426227,1497.7844494796195,1113.230405162692,1466.8079615770748,1475.1606065246492,1494.4238564345135,1461.4838939792442,1467.8247019624175,1455.7516259368313,1456.7377668219526,1509.9873420915903,1495.0442457447584,781.2418959880639,,1455.9740768408,1462.4709107067117,1465.0391016911606,1454.1004419963942,1458.3764589096854,1455.1432913337485,729.8155089221118,1455.3564762369263,1459.9144980552385,1464.8240048544185,1454.3954074862158,1463.1972469263196,1491.1940380945725,1504.3119152074992,1454.2195900755123,1457.3832155236369,1467.7039235536079,1454.0,1454.0,1454.0,1467.8517232619188,1454.0,1459.965076685029,1454.0729942113621,1454.293193415638,1502.534499284365,747.0535497903918
26.423003886916625,5.949826716985446,15.332267963431425,14.69105568913846,731.7534412592037,840.1058740191504,915.1447530822176,915.7386542837611,909.4704937540465,913.9789929528253,191.435271145588,933.0810194092794,911.4216384867316,918.4745812798432,911.1362020217998,913.406671179108,189.56154076787737,730.9827822359738,759.6213429742919,3.6524032763405514,749.4241739617527,4.566167541497548,19.11581420480299,554.5229260806709,550.66045842556,549.6381323760716,5.466243627770559,2.4448706827058455,12.861012313454735,200.59814519885845,192.72544179327514,212.16293141096543,185.28335410577205,915.7206895107423,191.1691071904703,190.45544274181103,191.69701845289302,187.8343675697127,913.3694768744732,920.8660321424744,191.0384671038561,185.03614041353404,915.3961283564478,940.6898885639599,920.7917085229827,558.825108572633,919.0747842813281,938.1206869311858,929.5980173673926,928.294470607199,944.4717574807466,34.83363913479973,550.2198584251787,912.7114075818907,922.1912191402839,916.9091256013572,911.6492529405114,921.4953438923918,932.4535859894723,910.2412550238362,198.00294488328873,924.8758483740384,919.2716700374441,924.5591721562366,931.9339163322941,927.9976702486904,924.3467941209781,929.4016053616673,928.3953377910661,926.3005984330072,1469.3277241037856,1471.075362439868,1490.313087247749,1486.6845062128762,1466.1026036497128,1484.4800477888632,1480.8755558746896,1116.9170542675743,1484.968473383787,1496.3519142448417,1457.2288715648426,1465.8577115571247,1459.6558344417097,1466.9202077724167,1459.4877645880647,1459.4636970615747,1461.2950473729543,1456.72863850351,1469.3232696187529,1472.8187195002831,1104.4723858565678,1472.6716087756063,1467.9032933427065,1486.5733495014758,1477.199636791813,1467.618133441286,1468.2569975237577,1469.844086334461,1477.9310661272655,1461.7288092630577,740.3621724643722,1455.9740768408,,1493.3138016266942,1486.3218643680452,1481.9561020791698,1492.9931984924558,1459.2418870004399,780.945021448908,1497.801786140825,1495.629735822124,1475.6376412288646,1480.0828529907785,1486.4747523817664,1458.1007519956397,1476.9528937617038,1454.0069889555352,1459.4636970615747,1459.144075382865,1454.0,1454.0,1454.0,1454.5567111285238,1454.0,1457.6374197427474,1454.5567111285238,1456.72863850351,1464.5061267322887,752.6107712124267
26.438529868037083,5.6515520074177035,6.973367625984877,16.864982849726704,739.1047199074889,838.6172513904459,916.6285892396216,911.6628131257107,910.958245292786,919.0972631139895,192.36604506896202,923.1708774483276,912.855494007992,912.9067630056741,911.8727572231835,912.8901870556957,188.07729579546702,730.9890000180527,761.9076398125873,3.7151695247863685,731.8832635642726,3.5754267323415894,34.0723618391331,552.3877937753462,549.8158538485696,550.4937986822266,4.139875331646903,9.515517576701777,18.754446243179256,199.04826213488832,193.46905852898095,227.59016308115991,189.94161663758115,929.8646547780672,197.05336155513956,203.7167673726309,209.63318933365184,189.18770807441643,910.8482716106216,922.848674498518,197.2025761341058,186.6020608627837,915.8895220480027,935.6404250626792,920.6717183244434,552.1773984830904,946.4649285342025,923.5592853780856,937.273679923638,922.5414830773265,924.7566929157222,28.848203677825893,555.0950873948615,913.9289960489928,919.0948974419572,920.9184310193205,921.5948581478286,924.7138699439424,935.0680990027622,913.8893091703607,199.6225480733902,934.219394197642,928.7321154770651,937.8556422299753,935.2548199971188,924.731230016522,955.262653811226,939.6425439458637,938.2434704942411,941.2912658986543,1465.3377986467963,1478.1634771309432,1495.463390273873,1466.4831619325005,1465.4432070158837,1470.478393592273,1487.5392965136325,1119.2914476118256,1468.7416396330534,1484.9218006640342,1456.1675173828387,1462.87703876407,1461.6665820842097,1462.0062102563575,1454.3909205995828,1455.6647025455366,1456.2226861765405,1454.194374409237,1485.612499490308,1461.062061669016,1124.0081458425955,1470.3285137152402,1456.3484032993056,1477.785989807705,1476.0065964450446,1465.8506976408073,1454.8810542928086,1475.4385817278205,1473.9787520252662,1468.181785644459,736.1806036070259,1462.4709107067117,1493.3138016266942,,1495.7313999117305,1524.623454104974,1506.3725639748682,1476.9608555930595,788.7729465974626,1527.663659878828,1518.4922092890095,1476.0668951584305,1468.6253206917856,1482.5406419018893,1471.0015940585636,1466.8996063935788,1455.6647025455366,1455.6647025455366,1455.8975348722095,1454.0,1454.0,1454.0,1455.8271738486958,1454.0,1455.1082645755605,1454.5533658530805,1456.2226861765405,1491.6784662182456,748.3227845373035
30.800625564559628,4.578993386612668,4.707137041999919,14.655152635041372,728.6304914928847,841.6059085985889,917.2185541128185,910.997540450321,909.5090149345309,915.9271695987695,185.00785504633217,922.909162007556,920.5282154701821,909.8250409831846,909.6771279935845,912.9712893357662,191.7141920230864,734.9603919263042,761.4487811598474,0.8475485160242081,734.6733202408368,5.587583605180538,21.467125255284067,550.3358372134458,545.4876088826071,553.429516719373,3.4473050460403405,1.827645859779556,5.11722673954872,189.13732954359946,190.45322635981816,200.06116461128343,186.43906022803532,917.5523659951091,186.86366543494577,192.8779603083036,184.25928613436096,187.77871777838854,911.9460035560411,925.7652874203706,187.90361588361978,186.23224026776742,913.4527517989867,929.7042484631451,914.8002195913876,548.456191495133,923.0788076180411,914.5220252633831,927.7029935483979,925.9920564742116,921.4775458816871,23.608255330506545,550.3639663626369,914.0446819823657,915.2354255968446,922.0701919475501,920.9773437551239,919.600487631246,935.7437396903726,910.8203147553318,209.301459028661,932.8888279904896,916.1977685577739,936.6922323056498,925.9546057055558,941.5800438758173,923.3174846017373,928.2244895219783,924.3403318837453,954.5661022510461,1467.0099031521206,1472.9997419051165,1501.9599312780344,1489.2081757224687,1471.4835892827887,1467.438822454656,1503.461127616332,1141.522331358409,1490.6605768023144,1501.5466579610722,1466.6432266584557,1465.1429977337289,1475.399206500729,1469.8135700427817,1461.0039859415733,1460.4970994391847,1457.4825374542822,1454.6193768702692,1466.464596911011,1458.386597140605,1124.6162095606446,1479.0660318733874,1471.1268792077042,1483.1281072295465,1486.8667393321437,1470.4352755765217,1462.985586834355,1469.0114469084513,1492.8371797671184,1465.9480586869204,741.1549699789321,1465.0391016911606,1486.3218643680452,1495.7313999117305,,1519.757508623937,1571.6934717793627,1477.8172244863536,747.7046843917392,1478.158343046122,1460.2103087677372,1494.3099925022723,1479.172818842619,1482.9862053206998,1460.1999661455775,1467.7647418485612,1454.0034196443473,1455.6996579021018,1460.884569367502,1454.0,1454.0,1454.0,1454.4681629064683,1454.0,1458.3254004576659,1454.4681629064683,1454.6193768702692,1473.773099952644,751.5419338074582
25.39004855924939,4.3343239280646,7.281360788963102,8.986532156367815,732.4862501857928,839.5206451557426,913.4032586457876,908.578150333037,908.8602024884068,909.8028727252957,189.82179865759707,918.0500373509726,911.6978293737826,912.4897663314118,908.3136995061332,909.6318145722809,189.09913086833006,729.9389743194499,759.301522687739,1.4485221588095731,730.5717839785439,2.155879211660453,31.115796603817977,549.1419499407231,545.8408908163053,545.7283088514523,1.7570286629004936,8.408338085194432,18.862497353557035,193.7920278689253,187.60044262782213,208.88033191734257,186.4030266124324,926.18712023916,189.95880966229174,192.82470767665944,187.08429535694876,193.23941828372622,912.7682178882426,922.0233013745545,201.18977243621967,189.91578826772985,911.4884432601235,917.4501908786281,915.9822549059938,551.3193745929366,935.2108196233424,926.9624821970623,916.536003898332,914.4742185111106,913.2864783205596,16.490206302990103,546.6181312942797,916.7131845228499,912.7480074769896,920.621441602023,909.9566203452974,915.0717514485855,938.0227836886488,908.2482930690254,199.3774026782605,935.0420714251356,935.5732326746519,963.1821520272728,937.5196794900128,932.7979313882569,934.1296205624919,934.1030516789523,930.2411451919014,946.5485869027317,1468.7181699953694,1475.4856212169607,1498.5034284871845,1484.8172975914179,1478.2562995943565,1467.0075755087732,1492.1894094963072,1125.3741621317713,1470.4565388518174,1471.1658127667831,1455.2610373134446,1458.546980120456,1466.3960582854174,1463.6016064369976,1454.0811363945202,1454.5722330470512,1454.0403428183863,1454.654481293653,1470.5092833218803,1460.4676828245497,1122.1522949601094,1489.302791526756,1462.4160147275527,1477.7625071665952,1481.9008203367794,1469.832556205884,1463.268257650545,1477.7625071665952,1469.38670459481,1460.366625892741,733.4457571221203,1454.1004419963942,1481.9561020791698,1524.623454104974,1519.757508623937,,1518.2940688684212,1486.7508189827315,774.0485581920265,1515.879210792715,1491.2020673665613,1483.0013029266354,1462.2502756090685,1489.1767146520629,1464.5659471740591,1461.9335059999414,1454.5722330470512,1454.167126243837,1454.122388325442,1454.0,1454.0,1454.0,1455.2276133017674,1454.0,1456.4586271943986,1454.823627125948,1455.4658201967575,1469.2301174719244,751.9282456950665
27.469354036402702,4.202446394443389,9.655765862788563,10.153084449553006,733.5884117045489,839.3022689056113,911.4835784192014,909.7227786433066,908.7375714373258,910.2987237145117,190.25609590781053,914.2586196622923,915.2539494318154,911.2762171646089,908.1378566755922,908.2112023129954,187.2454922158982,730.8532571981336,756.5080058580669,0.6589159453795989,734.597354540488,6.536950344221521,16.073042633531323,550.3048879440613,548.1047600600436,551.2555826186397,8.129905058894773,2.9360006854668455,4.732623794431345,187.065073329989,194.4184013327368,201.6679133428337,187.6696104620136,916.8323000856016,186.72058516837072,193.54810714387511,185.87674343633145,190.7257358046705,909.5473410075431,915.340839259817,186.09808016291467,185.3153668493425,913.3745132136356,932.0949184212044,917.64134700941,552.7748747852968,928.5744815981442,922.6889288869971,924.3603824460918,918.7734953074502,911.1580431675327,24.66425479098536,548.8881163128553,915.5332644354091,921.6113909264925,924.8629803458241,914.2371307962463,918.5717635689464,934.9796448650914,909.4437156983531,207.39092766364985,926.3682083846064,919.149000321861,927.9662316466854,931.7735572273247,933.6528509106104,932.8056049062424,931.9877993531371,924.4882241236074,937.33097022197,1466.2084672884637,1475.50168387762,1511.4107713206263,1510.5093874117947,1484.616734324238,1483.904671739836,1517.9216155634585,1144.6983740731548,1492.9394925449278,1489.4346734229157,1455.1686350435903,1465.9449405886055,1464.0521140881347,1481.1671760418706,1455.9721024308171,1461.816989604647,1458.4539854224886,1454.9805731531007,1481.4095191049166,1456.0108870961483,1121.4138288615136,1492.7904786964564,1461.4768971459666,1482.8786932201315,1496.1347740358835,1474.0352231613786,1473.3934074972851,1488.8185866851823,1486.1327123506387,1464.2811986790225,736.0991145004232,1458.3764589096854,1492.9931984924558,1506.3725639748682,1571.6934717793627,1518.2940688684212,,1519.576607927458,749.1525145380095,1478.6712077542613,1464.1334504662411,1559.4169595456906,1513.8717156798184,1502.4370799697465,1457.399326259272,1464.9882629859935,1461.816989604647,1456.2598530629602,1463.1536744853615,1454.0,1454.0,1454.0,1454.3891141105335,1454.0,1454.4889284419894,1454.3891141105335,1454.0168919047078,1473.5939350698816,761.1683844872226
25.027911262933713,4.074057055948074,5.460612634334892,11.266853850565523,728.8606934567872,837.5617677520889,911.551868719944,910.5128908978706,908.9838097666784,914.8926958639686,186.89844408434803,912.2037737146634,913.5402193126614,921.6411297675942,908.1202058362481,912.1670963135615,188.07262270122683,729.1308885497521,760.5110495286569,1.6757686422603566,729.8059829720979,6.544116851187303,19.615884211267083,550.5052732289302,549.6326469727614,556.0612947541889,3.4649509855827194,4.807441370750841,4.477527555249316,183.58781325847073,184.02084932356968,189.04844086822266,187.55447909904467,913.7625478614497,190.77060401458564,187.45778296598988,182.87011858705685,193.2029086089736,908.0945375958133,910.8178537805532,195.3606306842475,182.71166513881204,908.3442418655873,926.041869974017,913.0342506392782,545.3386283310614,910.9861713515745,918.3288024257334,917.2877111114052,909.822361579523,908.6435320559036,15.820838454546834,553.3945267403624,909.4769327155418,910.3417992104905,916.714360050764,915.5354194084856,917.7428109237641,931.6800074035266,908.0452772946362,191.14098216325507,915.8425551873403,912.5797678391449,929.3457087037577,915.5319714273897,928.3943366644583,915.8825733564402,928.4555271524655,933.3524348770414,935.227222696041,1469.8281546060034,1458.9108631632016,1479.3069372779428,1462.2245856813463,1456.8886630617203,1464.570810973152,1479.7875702629035,1112.264365998182,1478.4584395640352,1466.682564220591,1456.8023883088931,1481.524586973708,1465.7057211190815,1469.8181829715431,1454.3244658503863,1454.783860580112,1454.0482733845606,1454.0482733845606,1458.90353467318,1454.0405384726132,1112.6662929115705,1491.1133339168396,1454.8443151051683,1459.926017953622,1476.4499967980018,1466.533239039415,1471.370583961172,1474.0702142559473,1460.1773255686912,1459.1367906674518,727.7039080028806,1455.1432913337485,1459.2418870004399,1476.9608555930595,1477.8172244863536,1486.7508189827315,1519.576607927458,,741.8708451393906,1480.3618236386285,1481.5466998465379,1514.422508273936,1481.2770312968314,1469.598638818505,1454.7251798804296,1454.0501271336157,1457.930899434625,1457.930899434625,1454.1464473464196,1454.0,1454.0,1454.0,1454.260564074809,1454.0,1454.5218499337589,1454.260564074809,1455.0465990338164,1459.7094649691044,747.7697438756157
25.410000009578948,2.302322505321964,20.285084577190073,20.928460093742302,16.566229885036016,132.02368960523347,190.1532254395075,193.42828100838742,183.34443335945164,191.33811259562975,200.43891541801472,226.07019752242607,196.2827821615906,201.9648049669055,187.90668832680828,192.41609965176775,186.01740525992764,7.09662294446485,41.96888573927498,1.6205969017702564,11.836733401316566,5.897930891184332,13.696323094241015,185.274632188029,185.1089470572934,186.01367926773153,1.3974945154307277,5.611018076657891,4.21525433938214,207.24213670170337,232.52458275803053,306.40852584951017,193.18217293203728,205.66612448503244,212.86578317109374,191.86556722695462,200.43313858760743,193.41258768951712,202.6801011833396,202.64449367773386,231.13533631121012,196.50210025388793,185.15239424880525,226.45389321685946,217.74090685120913,197.4102818273956,216.5158957392552,211.7585561350274,196.50955580047193,198.2383085666603,215.4616264194303,38.388214044055125,190.90684947845497,188.2668144404011,196.25052306618468,211.15725128996684,186.3146311054154,200.35476952091426,211.73199906960755,183.35395610696804,209.1201427655931,213.26215638100408,204.1976081564087,198.12610740161733,227.061605033835,192.71028875122153,209.18701867971498,218.85864552305497,209.6805289729351,199.16934627536506,733.1841293001938,738.4243597871559,735.8252897563804,736.8682270301399,745.5626002505652,738.5922934434359,753.784865828428,758.4261479088508,741.5974550254356,739.8301293497201,731.3137833146973,731.3198677553968,732.822978842093,730.1913670155037,729.0217420831392,728.6678895828511,728.1850933215509,728.1850933215509,739.3376648621389,730.2440740085324,739.0993461579404,744.2829501640678,729.4068939586006,733.2437265575729,735.0578185939005,731.8661181485845,732.1322729731972,738.4102172947994,741.5914581161466,729.4550195838261,730.9422296962356,729.8155089221118,780.945021448908,788.7729465974626,747.7046843917392,774.0485581920265,749.1525145380095,741.8708451393906,,861.4511712035043,786.9435827709265,745.8021241595683,744.589381119708,739.3142962378729,731.9462382830371,737.0358478343185,731.6694901261475,728.6678895828511,728.2668400134356,728.1625353525387,728.1625353525387,728.1625353525387,729.0270976435388,728.1625353525387,730.4972670162247,729.3282865705064,728.1850933215509,737.2383447069855,731.3571848468681
25.832221797531094,4.486328300900835,17.076900542018397,14.427275718109827,739.9496457586816,850.4660323216544,916.614552250629,913.8418859267967,908.8284807164006,919.2578639640442,202.52526920205986,937.6986698877564,916.8925663508074,922.4548941835616,916.1098581679755,913.8985655006795,188.613530902987,734.5765882292137,785.1404406443437,1.9509776819247628,732.8256325755359,3.308538092660742,20.833439045480876,548.2947045679787,550.1766983213397,553.7174335200506,3.2251740180426784,4.213732634852727,10.100762607184986,194.82866804597077,196.23098142261964,222.20245983219576,198.24924773671702,929.9390090876872,200.11236398778078,198.15743154028613,199.0399136758017,195.9452199910887,920.7988195642993,920.0351900333121,222.7540368046499,192.64636812972293,924.6361210293074,950.1642016810875,948.8167248735081,563.5091117753847,937.3064134141437,941.9228283518901,928.5288176759705,919.3845390982679,922.044534050518,42.423126699382244,562.1790083080343,922.4004188050193,924.3208269932187,944.0624272987625,910.7033794815254,927.335567372081,935.1570488945133,910.0101792196796,214.5680836467795,931.0637730412743,943.6911237109937,939.1142272948706,939.2720847118941,925.8285247881429,939.6081759845566,952.1189183356781,935.8994394390629,922.0089987788161,1460.9436469139998,1482.3861908220456,1473.8395211662778,1475.7347129711707,1462.321904695783,1462.906469105087,1484.8704615990096,1129.7551212688757,1464.4797482984752,1477.1681693169273,1454.808221543896,1461.9518212274559,1464.2475727826165,1464.0489296755998,1454.0274281687045,1454.464839043171,1454.0136378949946,1454.791678258199,1467.557313480093,1455.0400836368365,1117.8100146688637,1477.2502270487678,1455.1122623031133,1466.3533000404118,1471.2558031531019,1473.2091818665094,1466.7351645366077,1468.0731285434022,1473.2768278618519,1455.7347926144307,732.3605001401338,1455.3564762369263,1497.801786140825,1527.663659878828,1478.158343046122,1515.879210792715,1478.6712077542613,1480.3618236386285,861.4511712035043,,1539.4776037434235,1474.2098157498488,1467.2778615830196,1475.2133719047408,1463.7462244146327,1465.9373433301585,1454.464839043171,1454.464839043171,1454.1451456469517,1454.0,1454.0,1454.0,1455.1293810815964,1454.0,1456.261890642643,1455.1293810815964,1454.0136378949946,1458.7292488004834,747.5112413390194
28.42475945389029,5.410896338520706,13.279695839744527,18.1874091774525,732.8881391865928,846.2843176296035,911.1149685006728,918.0606582577224,913.1050532461908,925.5944111412099,185.03520781687385,940.4670660545311,912.9561946885767,925.2956049656996,915.066023273431,909.6354678998538,191.34923860263032,730.4508604974249,780.7799595722621,3.694963436329107,748.4461704340624,9.09971504052572,25.26328435900895,550.0777644745597,549.2243875345046,551.6485285808799,2.7062823128293823,3.962050359536343,12.920982107264159,197.2074768685662,191.11335090770888,218.6241608959969,189.26429067972484,924.5602215441274,194.49283801500852,194.56210318638338,198.49708670331336,198.71632655150717,921.5881821365682,927.0256961415063,227.1870498449913,196.53971713888257,916.2944724805989,945.4058138594545,931.0387473047556,566.5905498137687,932.4190260232382,940.9051861533383,924.0947619001726,912.6251208492245,914.0895145718971,29.830870943922683,552.3353761065674,914.9031321140383,940.1169552580516,952.5315815418759,920.4480213162675,922.059608469694,936.851968566443,909.4209473807491,196.85568150334785,927.2287021536367,928.1998885204066,930.5208371871748,914.8168282631971,918.1196158439889,937.5584657381269,930.4289916974969,924.720970086593,922.6762040739939,1459.0967708294324,1469.8033699912278,1463.6185670603122,1457.3504582205321,1464.0475640857624,1465.118978288715,1471.4525750208436,1110.2146714779967,1473.2647412739113,1481.424344533361,1454.010602889742,1456.816505074016,1460.7467532876783,1459.5403731653953,1454.3088889322173,1454.001138883364,1454.153586441297,1454.444644551369,1468.001994426062,1454.0592992729617,1110.733419994363,1475.2356415277702,1454.1044848193385,1458.7409087665383,1460.0506261247365,1460.394211025424,1457.7665335561283,1467.4771144268043,1461.1067015556425,1462.8693532438983,731.3186003120403,1459.9144980552385,1495.629735822124,1518.4922092890095,1460.2103087677372,1491.2020673665613,1464.1334504662411,1481.5466998465379,786.9435827709265,1539.4776037434235,,1469.9374060054686,1461.703171969108,1464.6831620061212,1458.039296946147,1455.631985949074,1455.5760323546895,1454.001138883364,1455.3489216726923,1454.0,1454.0,1454.0,1454.5238908841545,1454.0,1454.2217064245053,1454.5238908841545,1454.153586441297,1457.1406827443195,747.6139084987457
24.84006304317579,6.011063082745702,2.655788850267146,7.415783019405809,730.6848793962922,837.2371610231037,908.30658392355,908.3613655998729,908.4445574453966,912.3498904085405,189.89735224613133,915.5027201936957,909.6122661175679,909.1582538563388,908.269618937579,908.051404854546,194.7656339968099,729.6304217151467,756.7841474992532,0.4613852254156327,732.5214442304205,4.338818669700334,17.044349475094553,546.070898056352,558.1496583184074,550.1622124481548,1.4858536209005593,4.0654132837888834,4.506005800050331,186.05809399854374,194.09674788040076,191.62120980292016,184.91672515495685,917.5607394557836,183.1251857372763,190.94908480166563,186.16822171261057,192.08046348345422,913.9149974637031,915.0785707389152,188.9472055187042,190.29297870595246,908.0210121030799,923.2075836652776,910.8955157076598,547.1994360349481,918.0879914980284,913.1489314828184,920.2165747904716,915.0233950328901,909.1569898401566,11.939535929916214,545.8699398442941,917.4453125849146,916.3718094717991,916.4656718995737,907.9195462224571,915.7361174396653,935.1712149265945,907.8616907492668,202.27965810087693,918.9298016636327,924.7061386833082,921.1634629868138,917.234358282677,926.4206502272526,922.6446492748793,925.1616896835998,915.102588064187,918.8031503788129,1467.9835799895454,1459.6235003786035,1477.3635718282032,1476.5426751741759,1470.6081853636538,1491.2262612272145,1482.7301885396116,1102.611282952519,1489.6685129254265,1483.712153424432,1454.0158416807442,1457.5594021670984,1463.7515804740276,1475.054484393261,1455.3361015141265,1462.6746644432665,1459.6073922869432,1459.6073922869432,1468.1575893388858,1455.4320992228913,1114.6333608613895,1469.9656061660094,1462.9738114149004,1494.2734329391812,1538.3300449140174,1475.8060660438266,1468.1504004363978,1477.8675707448417,1481.562316459457,1472.5061280208595,736.2691780721524,1464.8240048544185,1475.6376412288646,1476.0668951584305,1494.3099925022723,1483.0013029266354,1559.4169595456906,1514.422508273936,745.8021241595683,1474.2098157498488,1469.9374060054686,,1514.705891221251,1500.7662247200224,1455.5118977736256,1458.5781023941477,1454.4077539467562,1454.4077539467562,1459.388226670806,1454.0,1454.0,1454.0,1454.1355419988986,1454.0,1454.2714594603983,1454.1355419988986,1454.6643393639686,1465.4587553035333,752.2515396694583
24.647381420909888,5.297555638199242,6.8716213467879665,11.668049933668438,736.3170558095067,838.1485990599676,911.6087937940641,910.4976800534783,908.4312032614685,909.9753698145764,192.22736584023568,911.9555363968667,914.7495692427957,910.3957253429104,908.2729788585181,908.1960730690782,187.01806700524514,730.9889708610607,757.1297532221068,0.5284366869810454,732.5899770875171,7.178089887524601,15.3759309103634,548.0438822731879,559.2768644761512,547.5521902211831,5.32026980700813,0.3903401799807527,5.412777310789296,186.9169204193114,193.34244012116488,191.53535954684014,186.67147365738347,909.1819036394714,195.50229400548656,185.59441948217648,187.00709919158362,182.46419842209306,914.9787995444784,910.291190219037,184.69385019017923,184.80049806891034,919.326707278503,932.0959296573134,913.0608058873999,545.0823758705158,910.3703595619618,917.9471625872009,917.3636947360449,921.3162186299331,918.3300774341303,19.799165125634794,545.8965634519232,928.1723790246292,911.9885329521275,915.7533003810463,909.9149214720853,914.1670462057181,939.4923810352515,907.828461768016,188.87609381282817,922.3756496925855,912.3017959433843,918.5038843244884,914.7484899843491,919.339091596545,919.4763562520624,925.508610862083,915.6546906846145,922.3524069588962,1456.8184585368458,1460.395874360283,1470.8407154925799,1459.6276839549414,1460.5361958285166,1475.0004867981456,1500.2310338294753,1101.3697633942134,1492.549130136029,1478.5046898914686,1458.400290404662,1462.99538150844,1454.2832223621865,1490.52424196532,1457.2851413164337,1456.7035067885918,1463.8823651039977,1463.8823651039977,1467.9202087898054,1455.8180779094666,1120.5898297226488,1483.8036414344797,1455.0340929941026,1484.6644432617322,1497.9207432107012,1469.984507230389,1470.6337772459672,1489.7154228028992,1479.5931440017955,1474.877170259467,729.1439470993885,1454.3954074862158,1480.0828529907785,1468.6253206917856,1479.172818842619,1462.2502756090685,1513.8717156798184,1481.2770312968314,744.589381119708,1467.2778615830196,1461.703171969108,1514.705891221251,,1514.894180804554,1457.1354778262103,1456.9992792250525,1454.2585052827262,1454.2585052827262,1455.3063489445894,1454.0,1454.0,1454.0,1454.0859300640136,1454.0,1454.1720981614455,1454.0859300640136,1455.6334452656713,1463.183372453759,749.929312352134
25.698109040347138,4.338592413131948,11.133127985482904,7.481507208520961,728.9707635481197,838.0013950581974,911.5562238019387,908.4549690803874,908.6343292357005,915.3277656858975,189.82911148189268,919.0965368837603,910.7808592077279,909.4388525164051,908.556921540539,908.0882309875888,194.51396221570243,729.8013984455959,757.9957945513452,0.5904878272807887,728.3924241826912,3.8975493065177753,17.374538041448886,551.1639809159906,560.0210229460284,547.1619152558693,2.5905283719738366,3.239185492679861,13.201826642157071,189.31810302274798,187.4289605112451,193.92155918339824,194.18690472436364,913.3324243376248,194.47947853637424,193.79060699795298,192.79317292028986,185.4420956135973,908.8848939922533,922.1356313507605,188.56495863130507,186.49110155933585,919.2018273308241,920.7770408325613,916.5723054771486,560.8640103577919,929.6683302548337,921.8975959445056,920.423261148777,919.1301133961603,917.0850080559619,16.201347365482732,550.730470539453,909.895145761468,915.2865393731134,914.1725021402408,910.0956213512867,914.2707959961936,943.1753394562321,908.4316575872368,197.27750883634954,932.0669595768321,916.9462949191627,926.7749674610739,925.3820166719848,925.7184753515131,921.6311139519391,928.9362764621383,920.2196569261262,926.3470482724047,1467.1122695332297,1466.213504974541,1484.5240299441762,1482.8125356955227,1462.9851763253635,1484.0274535548176,1480.8739638978313,1104.536886259189,1483.4139522844202,1515.8834138432387,1454.040043804701,1472.97777050734,1462.0167561608268,1500.5167981775212,1458.5560058943522,1454.3343697734733,1456.2653473752473,1456.2653473752473,1497.9420677500455,1470.9356701736863,1135.5589275653988,1497.1692723211986,1456.820160660222,1488.0892331141256,1495.1709045538146,1500.9569543546083,1472.6274492676014,1484.7291308640433,1504.6532754988204,1479.0684061575205,732.7824252338695,1463.1972469263196,1486.4747523817664,1482.5406419018893,1482.9862053206998,1489.1767146520629,1502.4370799697465,1469.598638818505,739.3142962378729,1475.2133719047408,1464.6831620061212,1500.7662247200224,1514.894180804554,,1478.722625483883,1476.3311257311063,1454.7575474477733,1454.7575474477733,1455.354385430754,1454.0,1454.0,1454.0,1458.0151953069108,1454.0,1455.129536087381,1454.251817293612,1456.2653473752473,1480.8432864213792,746.7832874823988
35.15148453039455,7.771105094567733,1.9557966465979884,9.120712008661066,729.5122288397033,838.0591257476017,909.6392173340187,910.5703157258425,908.9167530760656,911.3542625808742,183.81937268089933,913.9398445023918,914.1019644767047,909.8965427896295,908.3885512253651,908.6636457868397,185.88239112597842,730.9965664893617,756.8489790466582,7.498107409429551,728.8467282936705,4.5397188216075515,59.7560827566234,547.185186731945,547.1574143817724,548.4375719972003,2.31591053197317,9.033697013530865,31.585772265619383,194.811995629229,184.40782747064222,183.80293855780835,187.6227192820884,917.4061402559684,185.2717857019005,196.92589403273007,185.17848210093393,190.63286425294694,908.3497455802404,912.87247541362,206.93011363912464,184.11866210921517,908.38513124258,914.4000194788648,908.6568448602653,548.576041349986,922.2496277568731,924.5579598282466,914.1447685624114,917.0307942830949,920.5132422806349,16.366260466643077,550.0777043688678,909.3112903485825,912.9987055744621,909.2409571604098,914.761897037732,915.3388707255915,932.8384012736477,908.4367369015663,187.11374627718567,909.1148212995971,912.860493127734,913.7110104854488,917.188425952331,908.9195183036109,910.2207100979523,911.2934503794777,912.2695783432877,912.2452413944598,1459.6157932320255,1460.013041419713,1459.2425115016617,1455.311652002185,1461.2315270065258,1458.3705274055512,1456.8542976121553,1092.1978948033102,1455.133893206369,1472.9057513732573,1455.4134010677017,1471.5848524674923,1474.4219059241893,1457.1400412232144,1455.7313195335353,1456.7997019506006,1457.738120567376,1457.738120567376,1487.1125978492216,1491.766135447308,1139.0422498792168,1479.6865107069489,1457.3252859989861,1464.8562910338942,1460.3622409617144,1473.8907795876971,1460.456315900863,1457.5196557865454,1528.3712779821033,1474.38863275358,738.623760114012,1491.1940380945725,1458.1007519956397,1471.0015940585636,1460.1999661455775,1464.5659471740591,1457.399326259272,1454.7251798804296,731.9462382830371,1463.7462244146327,1458.039296946147,1455.5118977736256,1457.1354778262103,1478.722625483883,,1546.3462266084957,1454.2630333154805,1456.7997019506006,1465.3403657661966,1454.0,1454.0,1454.0,1454.930652423413,1454.0,1455.8638828313785,1454.930652423413,1454.8608505458412,1666.127192544563,749.9270036474188
26.658900494361514,4.5279277600550705,1.0039677265535303,10.878970721403634,731.3977130324993,837.6708626307166,908.7326227963856,908.5342315620853,908.6202082374775,908.3892363888593,184.1007316252954,912.8163941591642,911.428893757232,910.1154082706589,911.0276772536834,907.9394193604516,185.47078064444503,729.8752454195736,757.0527375495125,0.37784896696968095,730.3453607708605,1.8845623556686792,23.893268854412394,545.937500372601,545.8962336079265,548.1920682978857,1.3787912447721349,2.5631895922114962,11.363765107442648,186.20468960243738,187.49830508324902,191.26638562359906,189.46005228861353,925.9408890130572,182.35415556396026,188.4346691909039,188.05105811435888,196.88922119066896,908.653541465678,917.1154899413687,201.3307089601392,183.10053026895022,910.3087905114367,914.4143017764641,911.0075535574958,548.7715005196926,915.756182527212,914.8196687608297,916.0736189246679,912.227788351275,926.870248300593,20.251181248698963,544.6648104835692,907.9396883854521,909.8348608282215,910.5389227688743,907.9461453752156,914.865177251403,932.0937066744848,908.1425882536769,189.84224879545843,914.4191586771509,917.2341502507135,913.9461094267314,915.5124970131516,910.392121305197,909.1689021160961,911.6241887441611,910.820688945609,912.8927408520672,1459.046979327739,1460.5030177161507,1467.9592383453655,1456.6511608033748,1456.5297454688175,1458.8798479443465,1456.5783475440012,1092.417213808397,1455.8244928620827,1487.5730452151993,1454.1414797041703,1466.2455190683472,1489.963329296323,1462.0503447342662,1454.0074478941094,1473.3227376942455,1479.7994331065759,1458.588485362196,1515.341666765477,1576.2355882594247,1120.5679834956052,1475.7911628001268,1457.373049764831,1517.2886670860948,1462.7856434136304,1468.3485483128507,1459.5598089908055,1455.0992421840317,1544.7281087529195,1500.0088506941806,780.3506252854013,1504.3119152074992,1476.9528937617038,1466.8996063935788,1467.7647418485612,1461.9335059999414,1464.9882629859935,1454.0501271336157,737.0358478343185,1465.9373433301585,1455.631985949074,1458.5781023941477,1456.9992792250525,1476.3311257311063,1546.3462266084957,,1455.0130115421052,1461.2960718161498,1532.267943132309,1454.0,1454.0,1454.0,1460.4230953792305,1454.0,1466.8639832664367,1454.1574156315316,1467.0371156716149,1558.6670511723523,754.9862266711758
24.616585973868116,3.552886373246125,2.1524838234703885,7.4418408012314705,727.5687458247922,837.8847368169313,908.8097389920742,910.0587464138468,912.0914232369573,909.4170909306181,184.59427642846566,908.6039741623738,908.003787997765,908.0860905104223,908.0745182534378,908.3127608156909,185.78951312792518,729.1421796116505,757.0445353780884,0.36158477656963317,730.8140142544383,5.116232176844465,10.911094848211755,545.7500833050096,547.7453835808865,545.2202203817956,1.1614458910654566,0.6040777957996645,4.90704044293014,184.88809966979989,185.43743249744045,182.20835186051866,188.33652765275284,910.07326432376,189.5584332368134,181.57546119735508,185.8913662489183,182.8952876551723,908.1469175923881,909.4214917278781,186.90782778248106,184.4072501351845,908.223894625224,913.947661134922,908.0664166849724,544.7981719620706,908.5977554271186,908.5505715744135,910.0331860564625,909.5247626194953,916.8912906761078,18.89453493118334,545.1745385593747,908.8176016942425,913.1355743228692,908.7520948353699,910.7217270610016,914.3539645296701,931.6020699780316,916.7069010469648,183.19637351956476,907.9820381967654,909.3427765420697,908.3183770754497,913.2607256803714,909.3440813666168,908.0664166849724,908.01274229057,907.980855155479,912.1371802127958,1454.0545398151437,1454.0091004041851,1456.0835411635596,1454.3916881779294,1454.081933519391,1454.1853328834904,1455.6996579021018,1091.7855855166697,1454.1385395112295,1457.6429826991157,1461.3841973480878,1457.7225123288194,1454.2292321420844,1454.3757720901783,1454.0337984952619,1454.0125865408845,1454.0168053629218,1454.0168053629218,1458.2006267103773,1454.205233635683,1090.1786688350116,1454.5949931798123,1454.0553087893632,1455.4930420947205,1454.365243491367,1454.419696958765,1456.934147621169,1454.3810609508566,1461.9804361613894,1454.2147904373446,727.1500221239376,1454.2195900755123,1454.0069889555352,1455.6647025455366,1454.0034196443473,1454.5722330470512,1461.816989604647,1457.930899434625,731.6694901261475,1454.464839043171,1455.5760323546895,1454.4077539467562,1454.2585052827262,1454.7575474477733,1454.2630333154805,1455.0130115421052,,1533.4389427621993,1454.050982561673,1454.0,1454.0,1454.0,1454.0041839077815,1454.0,1454.008379405335,1454.0041839077815,1454.0168053629218,1458.108829123503,745.8444773702821
24.616585973868116,3.552886373246125,2.1524838234703885,10.645014137212309,727.2037078149958,837.3048963813857,908.0788586386716,908.1271143775467,908.9513792438349,909.6476640905273,183.3159765267031,911.354959530269,909.4860899352989,909.1103445455735,911.1032833531076,908.3127608156909,186.00337084781435,729.1421796116505,757.0445353780884,0.36158477656963317,727.7865059266751,1.5790160902153898,10.911094848211755,547.2448767933306,545.9237591274374,545.6315976373811,1.1614458910654566,0.6040777957996645,6.321640889365455,184.88809966979989,185.43743249744045,182.20835186051866,183.78756597697603,910.07326432376,183.75348626881896,181.57546119735508,182.87000407597392,186.26379753772142,911.6030559208091,909.4214917278781,183.52793428027542,181.3797418074212,908.223894625224,913.947661134922,909.8403171724254,544.7981719620706,908.5977554271186,912.9221885702964,910.0331860564625,909.5247626194953,909.2378397572279,8.858262492173083,552.6156669223369,908.8176016942425,913.1355743228692,910.2624855444474,923.1481084841372,914.3539645296701,931.6020699780316,907.8653810387776,187.0144324792536,907.9820381967654,912.9221885702964,908.3183770754497,909.5060723393087,909.7608034757552,908.0664166849724,910.5534131349333,909.9568110654722,912.1371802127958,1454.0545398151437,1454.0091004041851,1456.0835411635596,1454.3916881779294,1454.081933519391,1454.1853328834904,1455.4083846659216,1091.368614541383,1454.1385395112295,1457.6429826991157,1487.3747774409928,1457.7225123288194,1454.2292321420844,1454.3757720901783,1454.0337984952619,1454.0125865408845,1454.0168053629218,1454.0168053629218,1466.2902437368457,1457.7007146376284,1093.237081271058,1454.628792979119,1454.0553087893632,1455.4930420947205,1455.6015589575059,1454.419696958765,1469.3635389600515,1454.3810609508566,1461.9804361613894,1457.4845439391743,734.7657902005582,1457.3832155236369,1459.4636970615747,1455.6647025455366,1455.6996579021018,1454.167126243837,1456.2598530629602,1457.930899434625,728.6678895828511,1454.464839043171,1454.001138883364,1454.4077539467562,1454.2585052827262,1454.7575474477733,1456.7997019506006,1461.2960718161498,1533.4389427621993,,1454.050982561673,1454.0,1454.0,1454.0,1454.0041839077815,1454.0,1454.008379405335,1454.0041839077815,1454.0168053629218,1458.108829123503,745.8444773702821
24.786698333543743,3.7727890943912543,1.2321101947185251,7.462718922609911,729.2455780425503,846.7792290106478,908.1922799273663,908.2830853496547,908.5070580026126,909.3313576765903,184.09668007937668,908.6482216427531,911.5208045704562,908.1791105058494,908.2046320006597,908.6963223955868,185.708918646354,729.0605140449437,760.6963011677223,3.106664592000524,728.3269715433291,2.472385639180165,13.61874153204232,547.314649919935,545.3770633866062,545.0899447484826,1.1146848269395178,0.3242034606166242,9.810748141328942,183.13381573427853,184.31409134532404,182.11385714732498,182.65957306088006,908.7128619620545,183.47649305502438,182.74129160748691,182.43653910317818,185.11115005194154,908.0488313693667,911.2517279340756,183.09681110357593,181.50979848061175,907.9545084811178,908.3554987937723,908.1320774242328,545.2890067696924,908.5501733111568,908.7548891484128,914.1473984793154,914.7697107285002,910.0275769461131,9.344039007148137,545.8992806336723,907.9272685695912,910.5286738319733,909.1408705312507,909.2981064299809,915.7507800223395,931.7790306413528,926.7362200049898,182.87628083332118,910.5740725184405,909.7166944854766,908.2968540626301,909.1624792301883,908.0107556790653,910.3956527841721,907.9358273874601,910.4162652649006,910.9320301484818,1463.5336227083353,1454.678694876752,1456.6226505361906,1459.7735675475483,1457.6267054366288,1459.0816590028107,1455.8790084828395,1092.046691597852,1454.5611628516658,1468.756126550912,1454.4746425289766,1457.0437223250499,1488.5279823500932,1472.9128956137902,1459.8585406727973,1633.481276005548,1511.9077585310029,1467.5012529910528,1465.5071830385218,1528.9114527867484,1103.118317957489,1464.0495328561362,1523.1132544478442,1465.4554760296533,1460.4872135301223,1454.0360240538164,1454.013584128877,1454.3701613622911,1467.8784245464885,1478.298224147977,778.3415701640281,1467.7039235536079,1459.144075382865,1455.8975348722095,1460.884569367502,1454.122388325442,1463.1536744853615,1454.1464473464196,728.2668400134356,1454.1451456469517,1455.3489216726923,1459.388226670806,1455.3063489445894,1455.354385430754,1465.3403657661966,1532.267943132309,1454.050982561673,1454.050982561673,,1454.0,1454.0,1454.0,1454.0169471770246,1454.0,1482.8736746137965,1454.0169471770246,1467.5012529910528,1470.6430662811551,746.3717161869142
24.560821701267262,3.480800398358772,0.7460251374168275,7.225536205518191,727.0190660186026,837.1468338291545,907.8981905333427,908.0759857715888,908.3653357416066,907.984646610969,183.29805251692986,908.2342849207304,908.0015894028327,908.0555977679066,907.8993675225566,907.8605428106684,185.32907270860258,728.5152527624309,756.2496346300483,0.18004324855435466,727.6093367190058,1.2924459380664302,10.023505327545383,545.7458734056339,544.9159007352939,544.874311773671,0.6498387812043829,0.30078735550521973,4.144553677824722,182.20441211552458,183.3841570867037,182.01760173318004,182.25936116610123,908.6959922739981,181.30476649640366,181.56839955330906,182.35152967016754,182.168909189933,907.8832654841525,909.2915606182881,182.7932661261391,181.20466166420348,907.8711582716026,908.0031681629835,908.044892538401,544.7927941695075,908.2396974911694,908.4835945427897,908.6845123708866,907.8054241970223,907.8124337404436,8.458770271678723,543.813035816346,907.8269911602212,909.5507727813135,908.7500000000001,907.78782056568,914.1212212029606,931.5440607734807,907.7637619107669,182.17840363486312,907.9529365608273,908.4835945427897,908.155044889503,908.5317850379714,907.9742537561311,908.044892538401,907.9225631963951,907.9584985375367,908.1263611493854,1454.0,1454.0,1454.0,1454.0,1454.0,1454.0,1454.0,1089.9979281767955,1454.0,1454.0,1454.0,1454.0,1454.0,1454.0,1454.0,1454.0,1454.0,1454.0,1454.0,1454.0,1089.9979281767955,1454.0,1454.0,1454.0,1454.0,1454.0,1454.0,1454.0,1454.0,1454.0,727.0373501213255,1454.0,1454.0,1454.0,1454.0,1454.0,1454.0,1454.0,728.1625353525387,1454.0,1454.0,1454.0,1454.0,1454.0,1454.0,1454.0,1454.0,1454.0,1454.0,,1454.0,1454.0,1454.0,1454.0,1454.0,1454.0,1454.0,1454.0,745.6716440197102
24.560821701267262,3.480800398358772,0.7460251374168275,7.225536205518191,727.0190660186026,837.1468338291545,907.8981905333427,908.0759857715888,908.3653357416066,907.984646610969,183.29805251692986,908.2342849207304,908.0015894028327,908.0555977679066,907.8993675225566,907.8605428106684,185.32907270860258,728.5152527624309,756.2496346300483,0.18004324855435466,727.6093367190058,1.2924459380664302,10.023505327545383,545.7458734056339,544.9159007352939,544.874311773671,0.6498387812043829,0.30078735550521973,4.144553677824722,182.20441211552458,183.3841570867037,182.01760173318004,182.25936116610123,908.6959922739981,181.30476649640366,181.56839955330906,182.35152967016754,182.168909189933,907.8832654841525,909.2915606182881,182.7932661261391,181.20466166420348,907.8711582716026,908.0031681629835,908.044892538401,544.7927941695075,908.2396974911694,908.4835945427897,908.6845123708866,907.8054241970223,907.8124337404436,8.458770271678723,543.813035816346,907.8269911602212,909.5507727813135,908.7500000000001,907.78782056568,914.1212212029606,931.5440607734807,907.7637619107669,182.17840363486312,907.9529365608273,908.4835945427897,908.155044889503,908.5317850379714,907.9742537561311,908.044892538401,907.9225631963951,907.9584985375367,908.1263611493854,1454.0,1454.0,1454.0,1454.0,1454.0,1454.0,1454.0,1089.9979281767955,1454.0,1454.0,1454.0,1454.0,1454.0,1454.0,1454.0,1454.0,1454.0,1454.0,1454.0,1454.0,1089.9979281767955,1454.0,1454.0,1454.0,1454.0,1454.0,1454.0,1454.0,1454.0,1454.0,727.0373501213255,1454.0,1454.0,1454.0,1454.0,1454.0,1454.0,1454.0,728.1625353525387,1454.0,1454.0,1454.0,1454.0,1454.0,1454.0,1454.0,1454.0,1454.0,1454.0,1454.0,,1454.0,1454.0,1454.0,1454.0,1454.0,1454.0,1454.0,745.6716440197102
24.560821701267262,3.480800398358772,0.7460251374168275,7.225536205518191,727.0190660186026,837.1468338291545,907.8981905333427,908.0759857715888,908.3653357416066,907.984646610969,183.29805251692986,908.2342849207304,908.0015894028327,908.0555977679066,907.8993675225566,907.8605428106684,185.32907270860258,728.5152527624309,756.2496346300483,0.18004324855435466,727.6093367190058,1.2924459380664302,10.023505327545383,545.7458734056339,544.9159007352939,544.874311773671,0.6498387812043829,0.30078735550521973,4.144553677824722,182.20441211552458,183.3841570867037,182.01760173318004,182.25936116610123,908.6959922739981,181.30476649640366,181.56839955330906,182.35152967016754,182.168909189933,907.8832654841525,909.2915606182881,182.7932661261391,181.20466166420348,907.8711582716026,908.0031681629835,908.044892538401,544.7927941695075,908.2396974911694,908.4835945427897,908.6845123708866,907.8054241970223,907.8124337404436,8.458770271678723,543.813035816346,907.8269911602212,909.5507727813135,908.7500000000001,907.78782056568,914.1212212029606,931.5440607734807,907.7637619107669,182.17840363486312,907.9529365608273,908.4835945427897,908.155044889503,908.5317850379714,907.9742537561311,908.044892538401,907.9225631963951,907.9584985375367,908.1263611493854,1454.0,1454.0,1454.0,1454.0,1454.0,1454.0,1454.0,1089.9979281767955,1454.0,1454.0,1454.0,1454.0,1454.0,1454.0,1454.0,1454.0,1454.0,1454.0,1454.0,1454.0,1089.9979281767955,1454.0,1454.0,1454.0,1454.0,1454.0,1454.0,1454.0,1454.0,1454.0,727.0373501213255,1454.0,1454.0,1454.0,1454.0,1454.0,1454.0,1454.0,728.1625353525387,1454.0,1454.0,1454.0,1454.0,1454.0,1454.0,1454.0,1454.0,1454.0,1454.0,1454.0,1454.0,,1454.0,1454.0,1454.0,1454.0,1454.0,1454.0,745.6716440197102
24.579358372795713,6.234091077460516,1.2709924748185044,7.512528382686536,728.2229350334056,837.9320680273607,908.2011994954198,908.7350777139899,909.1822994954138,908.4608072169934,183.72893192689637,909.2716322667319,908.5116825251681,909.6952779175654,908.2047337233948,908.0881520408714,185.55321699554204,728.7236502996773,757.0090381805253,0.24038969470420057,730.9344027401903,1.5580751957060952,10.318550069085473,547.7431412894376,547.9534571084082,545.1260421137979,0.8676501200405222,0.40160450970175965,4.868241957917331,183.09650004850408,185.81863621571802,182.86654941691066,182.76178668533035,910.5968146776656,181.67695660116394,182.1169123922192,183.5282111700658,182.91055170628817,911.6029607843324,912.3851694717703,184.16099270715455,184.52903325686353,908.1200278291591,909.979184498976,909.7436200713323,545.2763044777674,909.2266663643442,909.9590331291577,910.5623431682877,907.9226435179562,907.94369156509,20.035599468781022,543.9489544175478,907.9874041493777,909.8293946385298,909.2527748722539,907.8697838607792,914.1985877029871,931.5633436856436,907.7975412520743,182.80621559539162,908.3655892277637,909.169019599863,908.9724740663901,909.1749803527151,908.4295998636278,908.6417118842431,908.2743849983646,908.3822905649121,908.8863433902994,1454.3785084328606,1454.4475723518385,1454.410820672619,1454.13020155661,1454.3552255012216,1454.2991369096308,1454.4681629064683,1090.4535597438162,1454.3205249327962,1454.2761673777102,1454.038951761253,1457.721776149162,1467.2690857809237,1462.0945366528354,1454.0112350000386,1454.0041839077815,1454.0055862916859,1454.0055862916859,1458.0854152762865,1454.0682219692612,1093.3510158107022,1454.1977824263,1454.0183852637763,1461.9821901200417,1454.121411045309,1458.3474493531853,1454.081042918189,1454.126668946781,1456.6527867553536,1454.0713987576419,754.0306435363333,1467.8517232619188,1454.5567111285238,1455.8271738486958,1454.4681629064683,1455.2276133017674,1454.3891141105335,1454.260564074809,729.0270976435388,1455.1293810815964,1454.5238908841545,1454.1355419988986,1454.0859300640136,1458.0151953069108,1454.930652423413,1460.4230953792305,1454.0041839077815,1454.0041839077815,1454.0169471770246,1454.0,1454.0,1454.0,,1454.0,1454.0027854085968,1454.001390778013,1454.0055862916859,1455.3658210226122,745.7290957697159
24.560821701267262,3.480800398358772,0.7460251374168275,7.225536205518191,727.0190660186026,837.1468338291545,907.8981905333427,908.0759857715888,908.3653357416066,907.984646610969,183.29805251692986,908.2342849207304,908.0015894028327,908.0555977679066,907.8993675225566,907.8605428106684,185.32907270860258,728.5152527624309,756.2496346300483,0.18004324855435466,727.6093367190058,1.2924459380664302,10.023505327545383,545.7458734056339,544.9159007352939,544.874311773671,0.6498387812043829,0.30078735550521973,4.144553677824722,182.20441211552458,183.3841570867037,182.01760173318004,182.25936116610123,908.6959922739981,181.30476649640366,181.56839955330906,182.35152967016754,182.168909189933,907.8832654841525,909.2915606182881,182.7932661261391,181.20466166420348,907.8711582716026,908.0031681629835,908.044892538401,544.7927941695075,908.2396974911694,908.4835945427897,908.6845123708866,907.8054241970223,907.8124337404436,8.458770271678723,543.813035816346,907.8269911602212,909.5507727813135,908.7500000000001,907.78782056568,914.1212212029606,931.5440607734807,907.7637619107669,182.17840363486312,907.9529365608273,908.4835945427897,908.155044889503,908.5317850379714,907.9742537561311,908.044892538401,907.9225631963951,907.9584985375367,908.1263611493854,1454.0,1454.0,1454.0,1454.0,1454.0,1454.0,1454.0,1089.9979281767955,1454.0,1454.0,1454.0,1454.0,1454.0,1454.0,1454.0,1454.0,1454.0,1454.0,1454.0,1454.0,1089.9979281767955,1454.0,1454.0,1454.0,1454.0,1454.0,1454.0,1454.0,1454.0,1454.0,727.0373501213255,1454.0,1454.0,1454.0,1454.0,1454.0,1454.0,1454.0,728.1625353525387,1454.0,1454.0,1454.0,1454.0,1454.0,1454.0,1454.0,1454.0,1454.0,1454.0,1454.0,1454.0,1454.0,1454.0,,1454.0,1454.0,1454.0,1454.0,745.6716440197102
24.597946392444747,4.040657158789254,0.9684447995994503,7.800315552035403,727.0382376661173,837.2133954389886,908.7208754956357,908.1692745269379,910.8459535478373,908.9382868274668,187.983942598232,910.311853151088,908.2455983814865,908.1793655561845,908.7102438745483,908.3163917675569,194.3011917591576,738.1923093259464,756.3289055912608,7.810715900923092,734.2686794705747,2.323655801045753,10.61441210907858,546.760495496799,545.598063770753,545.3784697678861,1.0860648143859029,0.5027009357935807,5.593934914686097,183.99105913919263,188.25985905423096,183.7178487562749,182.51824942732273,912.5029025173545,182.05017770344435,181.76117405528842,184.70815217550393,184.89505369478567,908.875194596918,910.0002540696463,185.53250800446094,187.86261363509882,916.0491382095195,908.2426169906,908.1874603920213,548.9949048152296,910.2163692233172,911.4385588030227,912.4453757130501,911.2122450193281,923.3610141275125,15.00456312515144,544.0852495245704,908.148261495845,910.108788301445,909.002775830163,907.9519742010172,939.6892019024723,931.5826800130757,922.1167244776694,185.39795746386176,912.877908266468,911.4385588030227,908.1783523990289,911.6800456133826,908.3107779239613,911.4470532206984,913.7014851953143,912.7536947893301,908.1678526230301,1459.349925851311,1458.524390395389,1454.43105428942,1456.9464528352519,1454.5960790098984,1454.8352126523548,1458.3254004576659,1090.3346593761935,1460.317736446379,1461.332481000071,1454.0780114221218,1461.453861927546,1459.6749592412896,1457.1084906918325,1454.022501121961,1573.9940154422848,1454.011188057864,1454.011188057864,1455.1625275902218,1460.4478340096002,1096.7133917760048,1464.2384832049163,1480.5378117991813,1469.9864915700557,1457.2235674984831,1455.2862573007042,1454.1623103319964,1454.2536887770707,1459.3129219504726,1460.1192552874713,739.5645694269033,1459.965076685029,1457.6374197427474,1455.1082645755605,1458.3254004576659,1456.4586271943986,1454.4889284419894,1454.5218499337589,730.4972670162247,1456.261890642643,1454.2217064245053,1454.2714594603983,1454.1720981614455,1455.129536087381,1455.8638828313785,1466.8639832664367,1454.008379405335,1454.008379405335,1482.8736746137965,1454.0,1454.0,1454.0,1454.0027854085968,1454.0,,1454.0027854085968,1543.6191405047707,1456.73542548296,745.7867066658434
24.579358372795713,3.847110772182199,1.2709924748185044,7.512528382686536,727.8589068106348,837.9320680273607,908.2011994954198,908.7350777139899,909.6039291413981,908.4608072169934,185.63775696969623,909.2716322667319,908.5116825251681,909.6952779175654,908.2047337233948,908.0881520408714,185.55321699554204,728.7236502996773,757.0090381805253,0.24038969470420057,727.9152692625729,1.5580751957060952,13.383158796021869,546.252482776188,545.2509242026687,548.922986783464,0.8676501200405222,0.40160450970175965,5.53371482295085,183.3362262955482,185.81863621571802,183.20802367207605,182.76178668533035,910.5968146776656,181.67695660116394,183.4143303841651,183.5282111700658,182.91055170628817,908.1563830045377,909.6172960979479,184.16099270715455,181.50989977924618,908.1200278291591,909.979184498976,908.6417118842431,546.8909434684088,909.2656205038223,909.9590331291577,910.5623431682877,907.9226435179562,907.94369156509,8.891826956696816,543.9489544175478,907.9874041493777,913.1635239946077,909.2527748722539,907.8697838607792,926.8875296850127,931.5633436856436,907.7975412520743,182.80621559539162,908.3655892277637,909.169019599863,909.394363228489,910.103738105362,908.4295998636278,909.7436200713323,908.2743849983646,910.3527804834529,908.8863433902994,1454.3785084328606,1454.4475723518385,1454.410820672619,1454.13020155661,1454.3552255012216,1454.2991369096308,1454.4681629064683,1092.227281389273,1457.1544991108476,1454.2761673777102,1454.038951761253,1454.2716701851448,1454.0761993427584,1462.0945366528354,1454.0112350000386,1454.0041839077815,1454.0055862916859,1454.0055862916859,1458.0854152762865,1454.0682219692612,1093.3510158107022,1454.1977824263,1454.0183852637763,1454.126668946781,1454.121411045309,1458.3474493531853,1454.081042918189,1454.126668946781,1454.3811447013106,1454.0713987576419,727.0748035624889,1454.0729942113621,1454.5567111285238,1454.5533658530805,1454.4681629064683,1454.823627125948,1454.3891141105335,1454.260564074809,729.3282865705064,1455.1293810815964,1454.5238908841545,1454.1355419988986,1454.0859300640136,1454.251817293612,1454.930652423413,1454.1574156315316,1454.0041839077815,1454.0041839077815,1454.0169471770246,1454.0,1454.0,1454.0,1454.001390778013,1454.0,1454.0027854085968,,1454.0055862916859,1454.7402841212506,745.7290957697159
24.635277331906547,3.492291914278824,3.7121847978917764,7.2483815643384775,727.7084709968887,837.7451367065704,909.5481309299415,908.4369303324784,909.0090471852709,909.8972250451671,187.1826263981125,908.2380173136162,908.1386577401238,908.3038209432859,907.909213403087,907.9808227120961,185.45428118437988,728.694987037037,756.4086169467021,15.483781179138322,729.2377126019967,3.3605946077082947,11.208601706064742,545.8814575734328,546.2840166008533,544.9453907912941,3.548274485553697,0.7057362581946546,7.051368269530034,185.78763197965884,184.23160710673437,182.7224346440311,182.77857595666208,909.1228912339835,182.79973008385747,184.36339869281048,187.0778670280922,183.91927226616977,909.8726344269766,909.294943305758,184.5584972822608,182.83024825928777,910.2012652926057,908.483396089481,910.5183936514745,545.3687929213659,912.2040224650881,908.6367117544693,916.227132740448,908.7387255464247,923.8707719985507,10.851774774910371,544.500723922798,912.3400989786757,911.4475304776531,911.9038194563516,909.5890350715558,916.0117917303253,931.6215138040016,907.8994422650183,182.4894518937304,908.8169406357442,908.6367117544693,908.2017893947188,910.7325233178601,911.6076960031174,908.3308202892729,919.5125123164497,917.5755310203002,908.2095746048615,1455.0430344851131,1457.7018538906243,1454.8645033248924,1454.7290846172,1454.0025563851939,1460.197297133576,1457.4825374542822,1090.6732613044771,1455.470058866048,1455.9342981320974,1459.0898713475153,1455.9906412495886,1455.9886729662974,1454.7997031357834,1454.0451272501552,1513.162346535162,1633.7361651234569,1633.7361651234569,1454.0701967376667,1466.9314893192538,1096.1342808836762,1457.312623793319,1466.3329654873958,1460.1232015351566,1471.3316811542431,1456.5796604753011,1455.8005317548061,1460.1232015351566,1464.6553601340033,1466.2725064376507,752.1613843952899,1454.293193415638,1456.72863850351,1456.2226861765405,1454.6193768702692,1455.4658201967575,1454.0168919047078,1455.0465990338164,728.1850933215509,1454.0136378949946,1454.153586441297,1454.6643393639686,1455.6334452656713,1456.2653473752473,1454.8608505458412,1467.0371156716149,1454.0168053629218,1454.0168053629218,1467.5012529910528,1454.0,1454.0,1454.0,1454.0055862916859,1454.0,1543.6191405047707,1454.0055862916859,,1455.7571606992365,745.9024085488996
34.42753189102009,9.928882605227248,2.974160967941983,8.39570665011572,727.7614066030061,838.3244983738563,910.9122535624763,909.4324667079686,908.7824645977873,911.2241304385968,183.6885247554623,915.832958366928,908.5744276835571,908.5017922957886,908.624665867836,911.6674971923181,191.10586094087625,729.272492810963,756.3425468023654,4.816459849470686,728.5757159923155,2.9287991815939813,52.17611583889195,550.6316309601028,557.2970601086673,547.9791020147303,2.232953369908955,5.053993211853288,25.317698359856994,203.57223971412725,184.55552026683583,185.43662739889973,188.34862621923756,922.1516350776792,186.94877059262745,205.41422912352365,188.27805388272134,200.2724170705328,910.2171080101638,915.5305450046278,208.53889189248667,190.42116207476212,908.6271484307919,924.7621334078943,910.2893241806703,546.0514798724901,916.8232964452943,919.8258366104169,918.0687113079016,912.2417135498549,920.3666898965844,20.449893241987567,547.5315698331169,909.3824953421292,918.8024358086639,909.9400032768575,910.2738328612611,918.4992012065279,934.5265802974423,915.3089259720656,190.27225927101716,914.3887123088836,918.8328405551463,916.4518040029311,930.7378326686527,911.8273254718026,913.0320829107845,912.996548270599,908.5966219223149,921.7832969860335,1457.4844748467444,1457.4873273369342,1478.7420951974652,1455.2919113568198,1459.653351889568,1459.9530949478105,1460.2718596626087,1095.1753431487896,1459.8954870132075,1490.2540758250293,1454.0318735296894,1481.9300612284692,1480.1798391760854,1456.8940255981024,1457.5339544789113,1458.108829123503,1459.4860477741586,1455.7571606992365,1491.5257567122774,1498.096414357974,1145.3400340969304,1480.9698444447026,1460.4855445971905,1478.3792676443823,1468.9827479751823,1466.5088242875713,1462.3965587275427,1461.7614003669187,1527.0002684093984,1482.566817043445,737.4692270831066,1502.534499284365,1464.5061267322887,1491.6784662182456,1473.773099952644,1469.2301174719244,1473.5939350698816,1459.7094649691044,737.2383447069855,1458.7292488004834,1457.1406827443195,1465.4587553035333,1463.183372453759,1480.8432864213792,1666.127192544563,1558.6670511723523,1458.108829123503,1458.108829123503,1470.6430662811551,1454.0,1454.0,1454.0,1455.3658210226122,1454.0,1456.73542548296,1454.7402841212506,1455.7571606992365,,749.5942734826954
25.344565181680796,4.638378055007835,3.3334038405027417,8.22996394302437,23.144040270056262,130.27723716096574,204.1287608413133,202.41363640426368,201.46503455892656,202.903029869651,183.83375293985185,203.83112051465372,203.3053818498496,202.28805285411372,200.97256336534787,200.9989890881503,181.93320036130692,22.055196367420056,57.96696733612616,1.0267338488941602,20.115275160961644,5.644082953215359,8.19816886930993,194.24710920037393,194.14430765582406,197.70586104669405,5.742621155070204,2.5817675227580468,3.676541795001547,187.35396472158996,182.06850740079037,183.3282111569054,186.77894985242685,203.1425249602242,182.0814206801423,183.40568484300124,185.38255536303214,182.97569411541394,200.69272892887855,201.66256173544764,189.64077339853563,187.22097642654197,204.7760945851466,202.7531526808301,203.94630024352685,224.2267218781942,206.61127855095398,201.24672891861215,203.2576768885544,200.45138834601372,200.99580543862615,16.282634870162386,190.19851867114068,207.19156865350203,203.74072412623983,207.20060062797165,200.02086639314538,207.21349297160629,225.70312464680555,199.61916036457762,187.30642275646287,200.4197685222158,203.26645921519153,202.1795710744858,202.96450045812745,201.90233420302843,201.51145211053745,201.0942710201125,203.01337521659855,203.1145057121638,746.1072394930876,754.4254153797511,747.6349708401827,746.5677514569661,750.1667351343253,747.1472635367791,749.1672460243157,739.4706767494613,748.6063513499118,747.0241380739666,747.2807051558088,747.2571837009509,746.0660319302,746.4640812610992,746.1357514527169,745.8444773702821,745.9024085488996,745.9024085488996,746.9048396480229,745.989035328437,740.4888526036607,748.4024905339287,746.4311222170427,748.6849489010744,746.5190243420241,747.2140161798084,746.0343675568733,746.4399419867998,756.5002195258317,746.032496584875,727.2423351289117,747.0535497903918,752.6107712124267,748.3227845373035,751.5419338074582,751.9282456950665,761.1683844872226,747.7697438756157,731.3571848468681,747.5112413390194,747.6139084987457,752.2515396694583,749.929312352134,746.7832874823988,749.9270036474188,754.9862266711758,745.8444773702821,745.8444773702821,746.3717161869142,745.6716440197102,745.6716440197102,745.6716440197102,745.7290957697159,745.6716440197102,745.7867066658434,745.7290957697159,745.9024085488996,749.5942734826954,
