pso001,pso002,pso003,pso004,pso005,pga001,pga002,pga003,pga004,pga005,pga023,pga024,pga025,pga026,pga027,pga028,pga029,psa001,psa002,psa003,psa004,psa005,psa006,psa007,psa008,psa009,psa010,psa011,psa012,pmd001,pmd002,pmd003,pmd004,pmd005,pmd006,pmd007,pmd008,pmd009,pmd010,pmd011,pmd012,pmd013,pmd014,pmd015,pmd016,pmd017,pmd018,pmd019,pmd020,pmd021,pmd022,pmd035,psz001,psz002,psz009,psz010,psz011,psz012,psz013,psz014,pad001,pad002,pad004,pad005,pad006,pad007,pad008,pad009,pad010,pad011,pad022,pad023,pad024,pad025,pad027,pad028,pad029,pad031,pad032,pad033,pad044,pcd001,pcd002,pcd003,pcd004,pcd007,pcd008,pcd009,pcd012,pcd013,pcd014,pcd015,pcd019,pcd020,pcd021,pcd022,pcd023,pcd025,pcd027,pcd028,pcd029,pcd039,pod001,pod002,pod003,pod004,pod005,pod006,pod007,pod008,pod009,pod010,pod011,pod012,pal001,pmj001,psu001,psu002,psu003,psu004,psu005,psu006,psu007,psu008,psu009,psu010,psu011,pni001,pni002
,1558.4901619048696,1576.9972078016892,1567.7034826221618,1575.2411627658373,77.72125476109201,797.8581430909198,797.0620800062976,797.0525753333021,797.7278626345486,795.2421761504538,790.9106846144883,791.4087301155738,790.7031173651641,794.4796904543496,790.9554702759573,792.3025803725777,1573.5512948271646,66.28900962913923,1558.1224940849193,1558.2601031026372,1572.954411078523,1570.9670622398132,1588.6006877134707,1580.6203654158205,1579.862104608806,1563.11139122433,1558.0420514382479,1569.0105312585554,790.3917817023113,794.982314068444,790.928373209391,790.516444910663,791.08170957614,792.1957468269391,790.8770818506537,790.9747661509639,792.9752489147425,790.7486076225931,790.8998048817056,790.8570323939572,790.8070641963052,797.2465286148305,802.1302765769299,801.4435490250793,799.6626267641714,791.6158355651659,802.2155810519325,802.2537410611058,801.5112877155209,801.4194645453539,21.022225285085455,797.179208125126,802.3235884032108,802.8618546083997,801.8908628956282,802.2686513672139,803.8295930508627,801.9096692472418,801.3085471813444,814.3686268897285,801.3674704042367,794.6548728116683,797.158871917772,801.3418414920701,803.611709881788,805.4417361170838,803.2141427295254,802.1450858056107,802.0434355779231,11.986709011470431,13.133089574667208,19.023494779945537,23.039378106682673,18.141153247383148,17.938385514488548,24.575237899478203,16.840165884885906,18.15503687554562,18.171306195263515,22.092987222925846,16.08530365904739,11.131547889322611,11.056552668529992,11.319350462900083,11.109245739212417,11.109245739212417,11.109245739212417,12.77922300502245,12.961678341508005,15.806757991496948,15.390476956027937,11.530818617630501,15.11115829963706,11.814171456364075,12.372644035530652,13.00843529732052,11.106634658527593,18.044938584529636,13.228589712346313,12.043985027906325,13.183956495754586,25.301141687581563,19.499903266009408,22.942576970820816,22.863766056143742,23.30847150429773,22.36074083871013,11.632436199825758,12.357763446922922,19.070426944560747,22.55844284070424,23.24148160133638,23.365166204982355,32.056364434033846,15.347993097455234,11.067387246580825,11.109245739212415,11.446066895734653,10.942134792423406,10.942134792423406,10.942134792423406,10.983831877119313,10.942134792423406,11.02558266057207,10.983831877119313,11.151158242802238,24.926876355507677,11.338865426725679
1558.4901619048696,,1559.7784567552058,1562.0922590505324,1558.8213463837378,35.81784233350404,778.8186378306725,779.2943666845642,779.0394619024521,778.8421960705758,781.4712775497717,784.0621308939853,779.6460269388324,779.0550569762839,779.48427637923,785.005536889419,779.8804439898054,1561.4892998605585,35.895387659618514,1560.9717132121693,1560.773978923168,1558.7700153299759,1558.0004932115826,1559.4937076806402,1558.5857996366417,1558.126350864442,1558.9473008924822,1558.105467183837,1559.8774057184019,780.2437685977048,778.6926365654375,779.3184247088913,781.8279378497384,781.7894786693773,779.0625289553003,778.7985284952186,781.5603959370507,780.0805472253021,784.1456093260406,785.7201477589784,786.696227969548,780.7598944916609,778.9665468992347,780.2565641501226,782.3775334553621,779.9436352182028,784.491771094735,784.5005493144206,779.6164150025377,780.0404905082447,784.0425381850899,27.04377714071977,781.1264934516884,780.0576677632189,786.009945131684,782.4069143374692,779.9002045940224,790.9275834501784,779.4214691408353,784.7209074815992,783.3881466986796,781.9410358875856,782.4566861120462,779.3400940452494,782.9284663504565,779.5176894631878,782.8337315103698,779.6575640834247,779.7753379692842,783.4353741179315,4.434249409199109,4.728407023290328,4.324219118894365,1.6314345925801392,1.3682291109103935,1.2823545045144746,4.614596972885955,1.1889103330002666,2.9369783563818244,1.4364347187250932,1.7220816636571015,5.411025785261414,9.650344130167516,5.293857685036261,3.7838080299036214,9.35445368164178,3.7598175632490007,3.7598175632490007,5.430916169767834,7.482641818220744,4.36463821468928,4.3609371061626705,8.825581218090331,4.4254332347991285,1.4766001628910994,3.9652151517385477,3.90500455769356,4.524698273022533,3.945462220844866,3.921935682825113,1.8623228917079118,15.374248832168426,12.441724854502624,3.3570570929032404,3.5436808563654894,2.441336121231023,4.778751189042413,2.146105279850193,1.6185657408195497,4.786711730892109,2.1620666607313366,2.401868074129123,2.4629782986562603,1.3697156013958731,13.166261372772853,5.87787752187382,3.8907266071339257,4.212600778841816,4.2973326227844035,3.756237200456822,3.756237200456822,3.756237200456822,6.870486745880395,3.756237200456822,4.47483338582829,4.078568914597512,3.8104371271130835,14.31496730449899,4.826119503269896
1576.9972078016892,1559.7784567552058,,1710.7097335964313,1686.8202432366718,70.04534137429367,799.6516756675147,822.5304734845465,798.3336503439009,818.3642867979478,853.3128351145754,824.4101482571741,854.9267485002549,828.901001292879,802.9769306942759,814.1950587487178,790.35542078841,1599.8385556082599,92.71457668183587,1575.1323095810967,1579.4313617322887,1569.4513369922001,1560.0954496959139,1600.9331236847665,1579.6709381743326,1577.195083445257,1591.1291028773103,1558.9196535327453,1558.0738265739542,871.9301762592862,863.0334002082686,859.1284693313173,806.5319189423941,795.5039348496878,803.6640912010464,810.6089485422459,797.5962045702377,787.6737413757955,833.7865471246058,805.927009279847,816.314930970442,812.416889643603,809.4571630325393,820.4763387555645,849.7147957909067,821.1970459226836,799.3429444034332,845.8779850638527,833.6825432724997,807.8442047687763,788.2565385684837,94.51320922757908,790.4727972894974,793.2816862556463,815.2838380250158,816.9427595124464,785.3099537874261,794.1296359125378,780.3072135870145,782.85531284323,796.3554354138386,797.8372280793914,799.7801303897792,800.7128506893073,797.3230054803988,791.6643448977629,785.6988960842727,810.1911038497357,801.6201908410683,795.2863435541183,7.477699661957858,12.198630488497779,4.001948322563058,1.4437351577981035,1.104802800824797,9.516075221750956,8.68790866214096,2.71448598193904,6.579506429547116,1.947191281525679,2.097003292783909,2.3072243603000206,1.5550396947888314,0.8715552539992818,3.074696950005529,0.8640909107884364,4.172365808939787,4.172365808939787,3.376265611316104,1.179973939823403,2.6996283136616737,13.050596333909818,1.5109221197760054,1.6163093899306684,1.4226148484348897,1.0485607692600398,2.924575180160254,4.149345152819315,1.3820262566084516,1.169974386516919,1.5288794085603954,0.81501665171025,21.52054492350302,14.674169777629668,7.145622844779331,6.6515622287948295,18.919442223846055,4.891622191075209,43.0550751734513,28.010011217493137,21.57853037079544,4.531546543204491,7.327308667189943,15.875970508734627,6.930979879508876,1.3695525222511151,2.427312274169292,2.8981687186927254,1.0537059236949067,0.7700150378255157,0.7700150378255157,0.7700150378255157,1.2428383929912508,0.7700150378255157,1.0679020422454018,1.2428383929912508,2.574259071224955,5.126293355112097,2.2387183085221416
1567.7034826221618,1562.0922590505324,1710.7097335964313,,1682.7875783045783,101.6938261891081,809.8216936281128,810.9196908368533,787.2391497467371,821.642708370383,875.0964167012361,833.4644072841247,865.1727905414502,829.8390943643317,815.7279122045885,805.1917110359957,799.8324303863473,1586.076203962337,70.61236914812773,1595.5457879496855,1852.3315190208702,1573.8175108869525,1563.2204090960631,1583.3754388108305,1591.897901137637,1590.8082929282375,1609.3958483920733,1558.4671413432086,1561.9752041763072,837.8713959270725,846.8276001039463,859.01965415859,803.6143141265869,797.422100851258,795.0721557824639,802.3465753060498,829.1167251845327,800.0060961902382,821.7128928643438,811.7415467408662,828.0771056936924,840.9472694536316,837.4413703047644,844.7155500974106,867.5604664020555,822.1611932426131,815.4065087847536,847.1173895937948,830.2860459208999,829.5668749761842,800.6541107356026,118.68490085132977,790.0287866802233,792.9882629835787,815.5249044551139,825.0801828297917,796.6753473317988,796.4535963857062,782.35874471822,784.4535868206123,801.5196989854287,792.5726453902537,818.0868966169584,799.9258873612418,809.0791021480869,789.413852789966,792.6857285971126,813.4857437043335,802.1112164725262,803.3944051554226,10.380766352720359,16.8269404873532,16.445946597639463,26.272164041118078,8.998719709120838,16.055417328171742,19.525119322099737,15.130814836973881,28.392680134038294,19.204376718864758,8.797819638300906,13.893555873071433,10.863753176705893,12.955071464865311,10.895198218616407,8.90311339930142,8.90311339930142,7.8856663792943165,13.116356120405184,13.030068145069178,19.26982337696302,22.324913559169314,8.374970317979749,14.09662227475167,16.7926137223683,9.451192337139537,12.582041695085607,9.74200355497076,10.181287773418122,8.989144367789304,8.062590065580132,10.032963263511503,35.22383583855741,30.095818782702473,24.972607045241244,19.64260642293983,18.31577060095462,11.938409487503984,52.033651294827145,40.19921814279144,27.114975225641917,9.710013252135141,14.219371537765754,22.79557671176745,11.897110466416773,13.773424026563953,8.123573946425786,11.915910320397364,7.996035027039332,7.8343335827965115,7.8343335827965115,7.8343335827965115,8.101012716547977,7.8343335827965115,8.36803528768998,8.101012716547977,7.849697834872179,10.718415847448872,8.8406276151981
1575.2411627658373,1558.8213463837378,1686.8202432366718,1682.7875783045783,,352.05466466662506,1828.458922956379,1844.625355180525,1838.1648908274997,1842.2094577444639,867.4743365587069,1208.7888067838842,1310.426119899307,1094.2518235716632,1184.8530231985194,1182.3709937105716,790.0051551016294,2353.870448574061,480.9747776080236,1569.6448935008407,1951.4309808189691,1560.5401285139562,1569.8617518849017,2647.271200044893,2200.534601619808,2370.169817820428,1589.825680838139,1560.734285587505,1564.4628883669182,820.2701534638877,815.2627844800302,829.8980929759616,787.8457547669298,1570.426751874231,801.0967815433903,808.6864426470685,816.7125740310108,793.1173461026166,1580.918768652011,1565.3840750694922,813.495305840029,823.1052097839408,1850.5018028337226,2364.455009090567,2406.193313143289,1844.2030982743943,1602.875101480217,2400.886589479983,2367.624087570813,2351.5826736273307,2345.079926680463,46.211428381611086,1818.2607259422916,2351.251047574342,2357.868751521221,2380.64196692527,2338.547043449779,2342.925775514586,2337.1561175632446,2337.567520766564,1610.5547108741598,2350.8926199949765,1588.4352119190614,1842.1525189422014,2365.130853959709,2344.3991699862663,1843.1902337471595,2359.5410762233914,2352.5224404515207,2375.751194597161,779.9113473754013,791.926091335334,1043.4094675303902,1559.4238886740823,1040.728351433685,1041.6582107971287,1560.0365710477406,782.6958698072897,1049.959956754669,1038.6403389139227,1560.123297102219,784.2697477597027,779.0323326469464,782.8454782671976,781.5716988180724,782.3279407526553,778.5092937154052,779.6154066357988,779.5212373380461,778.9341718420503,393.7960925364902,788.4825080331206,778.525484841174,780.3341036178939,391.8015805493825,787.9663616415323,780.7140822367935,791.1973306283738,779.6040917997916,780.6461464957596,0.262003938816261,778.7729561287499,1584.294507768247,1068.6016115606674,1567.6431548906717,1579.7716790713803,1584.7652017204978,1562.7352800702927,58.23112800236301,833.2610605805547,1060.0244046163964,1561.834694239997,1573.7804428089405,1059.900285641496,784.994487038555,779.0641407943104,778.7920674977706,779.8460402439993,779.6663904559726,778.5028755739751,778.5028755739751,778.5028755739751,779.4572957947173,778.5028755739751,778.5060805119525,779.5580683175988,778.7625785093113,263.7627310481142,48.55168137677259
77.72125476109201,35.81784233350404,70.04534137429367,101.6938261891081,352.05466466662506,,862.6734268290609,874.126019793212,836.835597301193,822.7804083362082,123.2742779384593,1197.3281629791973,1160.615780105003,834.3247513607507,1129.2675734876002,1130.2189628792669,594.5647982097794,560.1245760500997,1815.4456813233605,39.72991054951479,297.88793791461876,49.59256980368481,62.55937231858533,320.37276337452295,517.9915231018211,612.8434864487142,40.21133635604721,35.33604675364106,43.08083271168141,128.33380299898954,99.69565570668404,105.42043558888342,94.04159517958323,617.6767932442931,89.91749284252805,90.26828963851837,126.11145971619437,108.83104002829506,607.5414173399226,592.8297280981037,127.35402792896947,96.75116113367858,788.5340237403755,403.20344337915384,412.78490904861206,311.27889497015155,623.8982346382313,433.9967569806878,360.11193720646145,358.23529613098106,347.9787743682411,43.857048607744254,256.2125601117972,356.6292990078806,378.64768071067044,365.20470148673564,349.3628612593147,346.56104674140624,349.92551812706205,344.74539273047225,120.82491368937275,345.16667849207715,594.3076515138193,293.5837897724854,352.66196310045956,349.11569782072405,267.2588087064163,361.4983635043308,353.79288140984784,354.0457081414778,591.2398530388984,595.2713210891675,254.08790338633082,350.17742010410774,775.3313654634273,771.0044241565499,344.974038168642,599.5080922627999,261.4188348865442,770.3070275853515,346.53721871667085,596.858214812489,586.1221173399606,590.4121089172072,588.0754542204959,589.4620063588072,586.1573372035232,586.1573372035232,604.9259076726971,586.747823688112,340.98374768053424,596.8219355770761,586.882774560303,592.2994143315743,326.56093189158565,595.5376776402609,586.6714521629171,589.3039362836032,593.3666187872836,586.3602335319731,68.83338450508235,586.6113563986144,347.02132352398615,780.9697326870762,352.5014098923143,353.9513108219497,354.60238523546616,352.10447676978316,100.85876517452704,608.2478181785309,297.00012152010635,345.0827176519873,345.926053659307,776.1954007383081,610.6828233758786,589.7069184919203,586.2449284100785,587.5494217581017,590.3388061092855,585.995026795284,585.995026795284,585.995026795284,587.3004242337579,585.995026795284,586.0760774852965,587.3004242337579,586.6282630360229,255.98125844200337,76.2712472848476
797.8581430909198,778.8186378306725,799.6516756675147,809.8216936281128,1828.458922956379,862.6734268290609,,3187.002701507527,3146.890153683484,3161.099583513997,1594.2105183129322,2661.595884334914,2640.9246330404626,2326.63403673236,2600.991553676977,2611.5012744788655,2101.6604985702897,1299.152273063543,339.5684536901484,796.3516774706958,1043.287801202131,780.6303383704449,794.995587352772,1787.9362561305845,1886.330501177768,2168.0607530930524,794.3548830302931,779.8053434962443,789.85920074444,1594.7619734242796,1576.4940500999821,1581.8274229591582,1584.4667352171289,2094.443291828599,1577.4032830861643,1579.3401288494829,1595.7007722435917,1576.5051945051675,2101.7202717075374,2101.806259332755,1598.8588950141634,1571.9517144632036,3144.3044831932593,2645.334723510001,2617.449490840968,2301.7716740198152,2102.2451395826197,2638.01278609347,2618.715051467569,2607.4548896715155,2601.0996012990186,59.96507636258032,2255.8398614657485,2612.625673597096,2631.2056544881725,2631.494328110196,2609.3288172440866,2614.1528914231126,2598.662660201456,2599.749910392818,2092.3767751222194,2601.4054162120824,2085.251495022523,2252.1186402647095,2602.508403083235,2619.5278440435127,2265.6225919383082,2620.1331185772096,2607.307118080843,2607.1389119374153,915.9734315929534,916.0332077189927,1084.4998616537814,1432.5146271770113,1948.0839574340564,1957.4216831035017,1427.475587566997,1562.025306028269,1094.1481760330662,1961.178134280085,1427.4458602607838,920.4823448310412,907.3985616295798,934.1015766287703,908.8698539309845,910.2327242964219,910.2327242964219,908.1272227033504,919.9537116510595,912.4563298950051,655.9856929524235,927.363139604359,907.4425053014828,913.2031632551904,656.470933818815,933.1324941474194,907.6574986703595,914.5530566096853,923.5691957549052,915.4973443745884,389.10230212832903,918.3599667456855,1438.655747784647,1967.575856309014,1442.9255919354548,1443.8913253113237,1434.1764520057134,1430.4133786756738,416.4563423071568,931.6974805042466,1100.1089884690446,1428.4667699011102,1429.1765037440102,1958.027773746844,927.4851245337909,914.4846096908524,907.9127313288409,908.014755573676,907.2905614486699,907.2709124442147,907.2709124442147,907.2709124442147,907.4845767318466,907.2709124442147,908.74991121523,907.4845767318466,909.0514844622353,581.8636968629631,421.52672726798994
797.0620800062976,779.2943666845642,822.5304734845465,810.9196908368533,1844.625355180525,874.126019793212,3187.002701507527,,3165.2274971936677,3168.1991309353853,1643.989175411088,2734.9432811277343,2668.155986771607,2305.9508601674484,2618.849398030015,2636.262476786589,2104.2294660457283,1314.334647219592,352.4195296280169,813.1908095985407,1059.1398244168493,802.5123645481065,785.7475033753567,1779.5638434105326,1911.6556761380716,2190.55895838702,829.6280362159405,780.2636319467504,781.482107858656,1610.8914099623548,1594.8888576099382,1622.5886070474662,1569.236280366046,2090.666371611322,1583.8887014620148,1588.1744892637037,1603.5783218802135,1575.220526125654,2100.4470394418418,2109.870052595516,1598.833324070817,1592.0784662306835,3149.990830052043,2670.7975208243743,2642.621538241522,2289.782183246799,2104.334250524854,2659.7468053892344,2628.645867435114,2603.094306846376,2599.7759640899385,74.62664055842231,2256.372031884692,2607.962079492593,2603.404042017046,2614.252065365193,2622.2612864152825,2602.7276391787473,2596.019846195753,2597.015859432419,2097.87263794419,2614.8622842618365,2090.466970991893,2258.1426174785806,2603.8305777878772,2613.235786221931,2267.610904360133,2624.445949567023,2616.822198590365,2616.5524484696407,917.492147185437,924.8487286863691,1093.9690564794432,1442.630274027675,1950.994800778866,1952.7255808913897,1436.5807213130036,1582.8547306792248,1105.5317361916104,1955.8676890634451,1426.9341423360222,908.1796308459286,909.9451379190814,907.673933802997,913.4646147151434,907.7129697593768,907.7129697593768,909.7695489272676,908.8372790958442,907.5341482026707,656.7067244083084,912.0584929072924,908.3090486384558,909.9252681120815,648.7217161751246,908.8478548952895,907.5923552980146,907.9903288334342,909.0632201597329,907.5501394073272,389.99690235073194,908.3335438106878,1451.5185300115886,1957.57745297721,1438.8402286010696,1428.2241852260947,1431.2970243244238,1444.7229484412246,430.75002593879117,937.3708888788888,1109.3289536121958,1428.4104596152063,1434.1487515584736,1949.1790044441018,909.9923957481491,907.7768529433906,909.3555252745913,908.1379929927065,907.61956774045,907.4766848583708,907.4766848583708,907.4766848583708,908.1021589737664,907.4766848583708,907.5946751614811,908.1021589737664,908.1986227338399,561.5468212423775,419.1042665512215
797.0525753333021,779.0394619024521,798.3336503439009,787.2391497467371,1838.1648908274997,836.835597301193,3146.890153683484,3165.2274971936677,,3139.396349312771,1584.8736554849297,2650.665196007544,2631.763422493951,2276.049750251597,2603.06580296697,2597.80904408495,2083.3923052546534,1299.3187062792877,308.59589864963385,782.6976793675295,1040.1075185578381,784.097590639949,786.3571877868966,1777.3594531804633,1876.7888900615112,2148.1692502385345,787.1600504300876,780.2636361683042,784.9146262862336,1569.6291139405091,1560.2843796177249,1566.3237818396176,1577.8089225529634,2084.0631276754893,1563.5868160886141,1576.3563786858658,1565.2695453098,1569.7529280016558,2080.7931657806516,2082.6546579726214,1570.1343287599946,1565.5155132783154,3131.65262704648,2610.9460276752293,2610.7668825013334,2263.2113126685904,2078.507449103192,2620.508558183045,2598.713906657102,2597.164388387691,2596.024065679299,39.87642195986692,2249.6324948938745,2596.5670520476574,2596.1594924214087,2602.4669014978053,2596.0307686994033,2597.7573921537078,2596.042417395443,2596.8781577729214,2078.014322530658,2596.1371238719703,2077.533274873994,2251.0216932357735,2597.6034383698393,2599.696699218604,2253.7610989501645,2596.9040924805895,2597.931764480435,2596.4303748710827,908.7452137557544,910.4530126455971,1081.219062288686,1427.3824862595216,1949.2892756041047,1948.0490597652793,1427.9946369828479,1583.2901710993604,1088.578944861924,1949.0745813777173,1427.4413143235777,908.1062854484577,908.3434586913199,908.0038035720946,908.7979140493325,907.6878113357227,908.6316154248041,908.6316154248041,910.4444066906219,910.0630061126967,650.5699248915482,908.6148005496044,907.9289015213983,908.4318479048105,648.1880301857188,909.4185900872831,910.3054604490103,908.1398764403939,908.2840498818072,909.0588146505835,390.18975159594817,911.2223320255505,1428.2675753707867,1958.5811474618686,1427.4776383111555,1427.994675377922,1428.3356877818671,1427.4177558947042,394.3404397590583,910.06988758162,1096.272921659825,1427.9244710361963,1428.081893352002,1947.3593248969253,912.2146177564726,909.2313269839086,910.7957929047908,909.0905421736835,907.6993289543036,907.6820969674043,907.6820969674043,907.6820969674043,908.656556528802,907.6820969674043,909.7565576219755,908.7186598363069,909.4078669992969,564.0059433069871,418.12302897316476
797.7278626345486,778.8421960705758,818.3642867979478,821.642708370383,1842.2094577444639,822.7804083362082,3161.099583513997,3168.1991309353853,3139.396349312771,,1614.7323429446476,2652.85189114347,2642.138048238488,2289.857021054278,2655.907244486641,2654.493645102876,2202.1309417724815,1304.0538389995,349.08650095374486,791.0320580616126,1047.7679013384377,787.8644192781468,797.340352138463,1803.160076856634,1914.0337984843497,2218.003739008665,811.6205063931745,780.6246664289359,786.0931402060185,1609.005094951918,1615.2695860704816,1608.4146706738497,1601.8709647729745,2135.3892936907014,1590.5008462494488,1596.4615241744416,1611.3638338866285,1591.0860022628653,2149.1431833269485,2111.3128949071406,1613.4459797372526,1600.218428244499,3171.180755090595,2653.0767971379264,2647.6143843280556,2295.173455948907,2106.4112661301715,2656.177535220256,2641.035507117389,2615.3329836564367,2617.974278776638,109.03781345189066,2262.3373404843132,2643.605806085455,2653.600007180464,2644.084443009994,2640.104725422282,2636.896879800168,2598.3240615209966,2611.06455219138,2093.0656482117834,2608.204400877131,2099.0165219003384,2268.55804972302,2609.6218055155155,2602.3540070222507,2261.5783372647757,2612.574555609797,2611.5932776481473,2615.846625046654,911.95611949175,929.5379333274258,1086.2665644226129,1428.961743081211,1947.0823490335342,1949.8369712866981,1428.2018372240645,1566.43336268743,1097.9717751410215,1977.3050060089342,1427.7633267760834,913.4839695588029,912.7973418949271,914.32066872991,912.5445687913568,908.5565078518123,908.5565078518123,908.9032143368166,915.0844422179546,910.4139506458033,667.5227892727892,918.1777260399396,910.3087870706507,908.9903613234022,652.3458718848922,920.9007001614134,908.3076036512234,915.2293010210984,920.5116246873615,909.6638503577637,389.3020816710968,916.0040449661333,1438.88088772066,1971.1475350714857,1444.5426135942512,1433.7134664146558,1434.0494985965443,1430.983023201385,415.57802321374226,941.4262023724983,1123.4068261523078,1437.801189465866,1430.6352919108135,1960.324575762026,942.9341009930116,910.2169312703843,908.2464080459771,910.766735872752,907.6442518380302,907.318501681635,907.318501681635,907.318501681635,907.627405730854,907.318501681635,907.9367075959766,907.627405730854,908.8670077864293,594.9198611858488,419.4191137563
795.2421761504538,781.4712775497717,853.3128351145754,875.0964167012361,867.4743365587069,123.2742779384593,1594.2105183129322,1643.989175411088,1584.8736554849297,1614.7323429446476,,1656.7485610544284,1641.9555304943444,1597.2787148562627,1611.2661092632106,1620.6140774027783,1593.8117776526083,826.6269294627997,69.43029979267106,822.0535339162124,837.4999653312946,804.3475695901045,793.9026332184973,1088.7697067501506,1000.0956878334704,1016.1535672615107,855.5637324280011,780.2647513657428,781.7941633888336,1682.5725557343847,1673.7708405685398,1727.6489035880718,1583.2537351381404,1577.8652500187698,1592.9390091053726,1620.7637139771305,1664.78105029702,1581.8444979394314,1642.9461902631504,1618.191173338573,1628.896709209547,1655.187295364962,1622.8774112946737,1655.646371328163,1676.3754561605253,1622.696030454885,1625.960824978733,1652.5999265385174,1623.0386175935237,1580.2295836138057,1575.7220006547564,170.04949991972967,1568.490847408693,1575.228946804071,1585.5267162675962,1590.4445221767883,1570.4205506141795,1577.4971410733333,1563.348517074135,1568.4449044169055,1607.1361298881286,1592.3764561489754,1609.6936197757198,1570.183496423129,1587.4030032732676,1591.8488703913242,1583.7147751163002,1622.6680685235744,1608.5827218307072,1607.4159431312994,412.0763439314024,448.39717210248847,410.52683668031784,417.26845398092155,397.9919463178365,434.54461001021446,407.1309363745487,411.7094840225607,438.85768635827645,403.92655742472755,395.8581945763015,402.36147757532734,391.71537694244734,399.94299446452004,392.5095845376583,392.24934463463893,392.24934463463893,392.24934463463893,397.4147555900322,391.70207721676263,394.4935195663644,397.2731383789023,394.7060251857014,393.9231870245596,393.3093963334444,400.1598018803158,397.0461557309061,398.1845721271455,393.10199210133743,393.94371341897636,392.4193837070961,392.5175961069944,429.9239011422429,434.4594601280601,405.7930990327135,414.7833717183553,416.78099320302744,411.38692627069537,486.5754111476008,451.7921970392549,411.23130667933367,404.80831841473434,410.3464447606391,417.1188394747677,394.7070442329541,393.5297411816654,392.44574498925056,393.90690484263024,392.41934140148965,391.2755196239156,391.2755196239156,391.2755196239156,391.66509271851015,391.2755196239156,396.44752721175286,393.8598593227287,393.84323756554903,393.15418170047224,392.4382139964479
790.9106846144883,784.0621308939853,824.4101482571741,833.4644072841247,1208.7888067838842,1197.3281629791973,2661.595884334914,2734.9432811277343,2650.665196007544,2652.85189114347,1656.7485610544284,,3210.4458183041747,2672.5993835164395,3155.3189996212054,3152.148105537397,2370.6334343921717,1566.9186530712125,460.0619544326754,791.540558252989,1210.1876863927207,787.5121638177702,806.7113518119589,1364.671665093483,1598.9557395903669,1809.7688929073884,812.9022369599991,782.4801120972903,790.2268673969523,1682.4645182985687,1619.1366180408702,1614.2589030357055,1591.147674421044,2376.9636093477234,1599.1396145654776,1610.6368177119348,1640.7553843846545,1607.2251564900728,2390.2634812638207,2371.6523060421455,1648.3086820739466,1600.4431127927346,2637.8070814050366,2109.850723188392,2057.9649666791843,1916.4134926921374,2396.0650798858283,2082.322919324907,2012.687995955255,1966.7789134366378,1981.3904137613288,180.01918413809184,1837.5149698809482,1986.7987852703889,2016.6540513435837,2010.9081687681473,1963.7879853253503,1969.8497662990492,1954.1191552327457,1961.0632353261756,1600.6402097066764,1966.2695179938398,2363.403793122029,1840.3930421766315,1975.8570065261076,1962.6332717203306,1856.430847522461,1989.8560509363692,1977.282139908691,1974.3000159113626,1168.096697546233,1178.7029195214723,658.3977642177844,781.1186347178167,1430.253514375009,1436.408390024857,779.7294590915549,1186.0960467154246,669.251812586289,1438.0717741899225,777.870199605997,1174.1635237324874,1169.2928762987594,1177.3697999947274,1168.3137715374721,1167.5142097473492,1169.4522999774094,1167.6801739439243,1212.8227612107733,1184.010664991744,800.8550474159176,1186.0843287581727,1169.1857507514405,1174.1155554635488,787.4974526219623,1188.4512517137753,1173.1911383357963,1171.7537123553982,1186.610824489999,1171.470123537501,397.40039242229915,1182.5221714955087,799.4076763343921,1453.1092895690058,792.6695356571871,797.7377499662392,790.0088556079647,783.92139792619,447.3204355434473,1217.8333106068583,729.8145866006826,790.2177225660125,781.8359480709972,1438.4336604412326,1207.827408666127,1183.606644540017,1168.260023973152,1172.6002630793819,1169.1386244530142,1167.3250489490897,1167.3250489490897,1167.3250489490897,1168.8644203627734,1167.3250489490897,1170.405774225155,1168.8644203627734,1167.3288763489047,687.6227440043867,404.1567250019732
791.4087301155738,779.6460269388324,854.9267485002549,865.1727905414502,1310.426119899307,1160.615780105003,2640.9246330404626,2668.155986771607,2631.763422493951,2642.138048238488,1641.9555304943444,3210.4458183041747,,2735.308994398819,3148.3732343050233,3154.388180701691,2358.429992334124,1567.0137537259793,454.7861246902513,798.0891729861173,1181.1972892598499,786.2951759561378,794.9136254839302,1342.476454708421,1604.9552270516492,1788.7289248023644,811.2648950214841,780.9367890309815,786.2617239000988,1611.66684582064,1625.6539546438394,1632.1469559382767,1573.21459893065,2354.121560790411,1591.8699364312379,1594.3782027235575,1603.2334320878724,1581.7613581691176,2364.0681110843548,2358.8604405282517,1607.4636091056134,1626.2409169527766,2648.8622901987633,2020.6352932332697,2060.017591837303,1853.5738977327264,2369.5815737473094,2034.3782275513756,2000.3967071815805,1972.4626498885439,1955.2265839312859,100.65551040583883,1817.1897472790831,1964.773902499177,1975.0588738898289,2014.4347563966792,1958.433692745502,1954.978066658123,1954.3663931129545,1949.9027590026433,1608.5341256076579,1968.3316302095745,2362.5964609396015,1855.4063689279942,1989.4838979057624,1969.1956616261998,1865.1407339217012,1980.0657045160967,1962.9613805662077,1973.4472914309179,1167.9058602917682,1181.8366180008902,649.9539004516147,777.9041381850228,1427.7624921549734,1433.2958361010074,795.1085717777153,1183.0950548593983,685.3185268134466,1437.2520847348671,777.6428030982505,1177.2476135473348,1167.2425645139515,1174.4055821528618,1170.5952534717003,1168.7664026555663,1167.2152389127923,1168.7664026555663,1172.2101959821389,1167.380767119086,788.6705839182636,1173.9349777637362,1167.612476577611,1167.6415012291031,778.2985598578283,1169.7278528949284,1169.1329717185652,1169.1507657848822,1170.736762549742,1167.5720263170424,388.80306488083085,1172.6418341774304,807.2572699270747,1451.6206898254125,807.0977909185324,790.958921309445,797.7677295337699,787.7152274398584,442.9154870992507,1205.8765081018814,698.4924224639738,785.8441328325539,790.134126426526,1437.0783933313394,1169.524021129404,1167.6803853117813,1167.2370451262093,1169.8096086978599,1169.5425630338336,1167.1938176233398,1167.1938176233398,1167.1938176233398,1167.5862049117864,1167.1938176233398,1167.673269174997,1167.5862049117864,1167.5513811974517,657.6013237384508,404.5452853804721
790.7031173651641,779.0550569762839,828.901001292879,829.8390943643317,1094.2518235716632,834.3247513607507,2326.63403673236,2305.9508601674484,2276.049750251597,2289.857021054278,1597.2787148562627,2672.5993835164395,2735.308994398819,,2615.9462029798597,2613.3281312533118,2107.125049197037,1301.7021600507462,315.97642044961026,786.4552649367728,1055.6140301119267,781.3965911255846,797.6262588308872,1265.5604761194954,1377.0883158357467,1563.6018803648185,813.1470493426176,780.8867400236592,786.0774839516354,1627.7848697620157,1612.1832440372737,1618.9591463464224,1575.3840139394624,2098.9575919957542,1593.055445617967,1597.2973845511685,1619.2286907117686,1588.311363039895,2129.5822385515216,2103.0410979033786,1613.6448735977904,1613.160287266553,2317.643082106097,1893.324204318721,1969.54954978184,1791.6958815935736,2110.9082450206356,1894.7360229600993,1859.9215273039447,1841.7361232105309,1839.4261299709162,109.14349710154835,1736.675925536225,1845.7138012319117,1860.7508052376959,1901.533201282333,1826.2423916785315,1826.414491338424,1821.3802363860227,1832.6728645183562,1573.8577034397547,1830.1455673595437,2083.4651029939823,1755.462480446191,1842.446818092417,1836.8492537068491,1761.5422985346652,1853.1069219911026,1833.922559404278,1847.4352139559928,909.9736153930935,926.8488592600127,563.523503315497,648.1466392209941,1086.7816958120734,1096.6078127695107,659.1374601992336,917.3543089061247,577.7023442790935,1082.8838057843725,656.1594088045912,922.3492141442811,918.0668192682755,911.258946634212,913.9402985934144,907.3902916990737,908.2967293959684,907.3902916990737,913.8669546612297,908.8849324909806,666.5474248568587,924.0227230060016,913.1663503457355,911.3828309842102,657.5318916238647,916.4355322722798,910.709080247085,913.7040725552022,917.6085217923521,907.5199217577591,394.0818536879797,912.6050624233598,655.8645067449506,1090.944507245193,652.6418351277063,658.6974469478665,654.3935960404889,658.0871631202068,427.1962270310926,936.9137031633454,616.8565431828167,650.8274357730401,649.8118908624241,1084.8825025432934,922.7643816233397,908.3130652150041,907.4037317251278,909.9436391947651,907.52597940774,907.3632969610825,907.3632969610825,907.3632969610825,909.902514264711,907.3632969610825,907.8294121273761,909.902514264711,907.7055789825918,576.0378054208418,398.01955716603845
794.4796904543496,779.48427637923,802.9769306942759,815.7279122045885,1184.8530231985194,1129.2675734876002,2600.991553676977,2618.849398030015,2603.06580296697,2655.907244486641,1611.2661092632106,3155.3189996212054,3148.3732343050233,2615.9462029798597,,3205.98545240853,2381.7122938208886,1575.7047251129418,501.54210113098054,840.9957136589801,1193.3143606717895,797.3666923111143,796.5049563634527,1318.6511215335338,1563.6360670502565,1760.4655534600104,806.2040823757162,779.0558982172502,786.6901426588696,1617.7561588768422,1595.4225867351133,1613.8122477858435,1569.461455492979,2363.3036242232665,1609.1296662442412,1610.4758641884177,1601.9118951634937,1572.9919562483192,2380.513171785517,2362.576753774929,1610.1319640379838,1626.7196671098834,2649.965976999672,1991.9851791403062,1989.524673823996,1842.2320859266506,2353.5792619302338,1964.5938913081472,2008.283894711278,1964.0145500694846,1959.6856912322987,148.26038219035422,1840.0896851916511,1962.5966457974876,1963.4609367712878,1965.7699384814334,1948.1807746404788,1955.9703487429106,1946.8459838796707,1951.5332919628406,1570.0099048432328,1962.5882835301488,2353.0268785616217,1825.8344602758696,1957.4081111614876,1950.5295962028833,1829.1635801587702,1957.7815712650508,1953.4867540358734,1957.378720146411,1176.3238529178482,1183.9161333481939,650.60467861312,784.8162549587818,1432.7431937001836,1429.6261969601705,782.5068883494023,1174.8235234587191,664.2439663853572,1428.4222129073755,777.4827488925381,1170.2352717171002,1167.65102228683,1169.2245860296553,1167.8394466518073,1168.268730276582,1168.268730276582,1168.268730276582,1167.6491613808266,1167.546372136925,780.8345133557823,1167.4057493078733,1168.9506851332185,1172.09202641201,779.015390011222,1167.2923939957318,1167.1983363639395,1174.2990036371846,1167.4354319162637,1175.6549448963026,392.0668099049379,1167.3970754176232,784.8839758744808,1448.1672518429996,781.2026955861736,779.3344098170103,782.0970045077025,779.4913774281498,430.2171970663608,1187.2329895635405,672.9948830793178,777.503328344519,781.603571841119,1431.0922475013608,1169.7242548029603,1169.244262404101,1167.371343916437,1170.9548175047075,1167.340224637059,1167.1386471868923,1167.1386471868923,1167.1386471868923,1167.4206225524183,1167.1386471868923,1168.0679151081779,1167.4206225524183,1167.1524322061714,648.1680376003762,399.39987005682354
790.9554702759573,785.005536889419,814.1950587487178,805.1917110359957,1182.3709937105716,1130.2189628792669,2611.5012744788655,2636.262476786589,2597.80904408495,2654.493645102876,1620.6140774027783,3152.148105537397,3154.388180701691,2613.3281312533118,3205.98545240853,,2383.9851094598944,1609.4477442262291,519.918712686527,888.7262246212595,1211.631613356668,811.1713574818651,787.6580870594971,1322.9657450203542,1593.4224295200452,1793.040158409695,828.7460686967831,779.1456533196236,781.1422696276196,1597.3655661454875,1599.372045240549,1610.995926811544,1576.0022649326168,2363.980233070002,1581.6149959668528,1588.860366722021,1624.288081054417,1567.4860617524373,2371.474185088872,2355.652712731252,1614.9711893404976,1610.834622961019,2649.9562610275893,1995.602141010744,1998.5660418065004,1848.739086533185,2367.1703143386567,2001.0745656804206,1980.905486714671,1960.7089859108255,1961.0772362391992,94.61127435657517,1833.127007353634,1977.5179713626533,1961.4383879171821,1961.5857401983585,1950.0469775866363,1956.2308538923003,1946.6578719330353,1947.2607643679316,1583.7915265406918,1957.6023448341944,2341.764311390674,1829.5943725578372,1964.4330307760229,1968.2283900136447,1834.0358605313065,1965.0729345917944,1966.6414961074836,1958.7433674203305,1167.6789446263388,1171.7656079429462,656.8022110933673,778.1624366363383,1429.02877698398,1428.9120914868547,783.7421285030421,1174.9610648984008,655.7773565414521,1427.0674993426742,778.5423777610919,1167.842133513014,1167.3552719777429,1167.2157694493826,1171.4664575727884,1167.9871157045004,1167.9871157045004,1167.247967587621,1167.2685988117432,1168.0109195189318,779.2613034286626,1167.31491121497,1167.2425689615584,1167.4299537211305,777.3162682487631,1168.979898009458,1169.748611489773,1167.5913369911304,1167.918924827811,1167.1745505043589,388.66081955071877,1167.5307543771914,781.2226970547705,1438.0346329419078,783.8510503385241,782.0729398767286,779.7334943805538,787.239713685479,414.658549511488,1182.5306531593972,660.4749401811031,777.8121043437002,778.718808793597,1427.5421112172878,1169.9042927901444,1167.1814273602179,1167.5979729539254,1167.816744227751,1167.8707928788588,1167.1074282575169,1167.1074282575169,1167.1074282575169,1167.3269255596842,1167.1074282575169,1167.5467055370634,1167.3269255596842,1167.1257551628835,652.2984308170758,400.39813385040424
792.3025803725777,779.8804439898054,790.35542078841,799.8324303863473,790.0051551016294,594.5647982097794,2101.6604985702897,2104.2294660457283,2083.3923052546534,2202.1309417724815,1593.8117776526083,2370.6334343921717,2358.429992334124,2107.125049197037,2381.7122938208886,2383.9851094598944,,795.4507660300344,60.830969589870364,804.707251694843,796.7455112346777,790.4593650086947,790.5066187263019,1063.122693895488,1262.7405270609295,1403.8101283292215,790.8986808512408,778.7725040661649,781.108466231803,1578.6182370040653,1595.3782060565393,1591.0570246089426,1602.4020678630186,1615.0457241595873,1587.062749564368,1585.131363060187,1620.0324913866828,1579.2860053220281,1591.4395852790835,1578.1637967993995,1587.6701381721743,1616.5822372485347,2143.5143011973555,1592.5372251369092,1604.452364211271,1574.1570537273124,1582.1132400795113,1579.108881199047,1593.5681587541235,1570.6394734798926,1578.9346857065248,68.14210926633642,1576.5783756630342,1577.8015265182933,1586.7394962194762,1589.0774462469933,1567.306642004277,1594.4559146408803,1561.6570261107859,1587.814631729523,1573.366323938416,1571.876455151125,1583.7938315023785,1572.6668471203673,1579.4129234454886,1571.618788406995,1582.4946536814045,1567.3083357863732,1579.6289783371283,1580.3852321186657,402.9592323317995,405.0855990637493,394.2947752385942,396.3089119021243,915.480090288572,915.2940141036021,403.67069238595417,792.8557470609607,393.76234744037646,919.7223870233871,391.43576839694634,399.5775893908416,394.6388105234047,406.96432681919276,394.7359468256462,394.66696050955323,394.66696050955323,394.66696050955323,403.7731463853515,398.79342593534557,405.98564811329163,398.38373124510025,394.34998273040446,400.28354039240946,399.67316422144967,401.7184295963944,394.85395812584414,398.41899930613783,409.7926364768118,395.1020326606194,388.92044919976655,402.7811215317886,402.93142151834166,916.9540988521377,400.29679409478575,399.4396798181955,397.3465873560116,394.6899030947966,407.8351888199358,410.48448844248554,408.46553950788586,401.86225162363536,395.11219269890046,918.2665690655057,402.0374972638294,394.90270281471305,395.15308038948814,395.03388598947015,395.33961589078615,394.333228273784,394.333228273784,394.333228273784,394.5080545474373,394.333228273784,405.8474909219151,394.5080545474373,396.8593546235462,410.530100673823,389.9894882144536
1573.5512948271646,1561.4892998605585,1599.8385556082599,1586.076203962337,2353.870448574061,560.1245760500997,1299.152273063543,1314.334647219592,1299.3187062792877,1304.0538389995,826.6269294627997,1566.9186530712125,1567.0137537259793,1301.7021600507462,1575.7047251129418,1609.4477442262291,795.4507660300344,,890.5059843078423,1629.6784670682762,2368.566601101843,1650.1693958292753,1563.5612702112242,2095.6904762007553,1899.001468931318,1965.2101172178295,1632.1692609268498,1565.476239283285,1579.0609823324355,796.4350371825403,804.0378794995883,800.5025939980868,797.5709047533644,2352.6622997407617,782.5073462445049,781.2790633481902,791.2942602032996,780.8895083308345,2341.8990573560322,2354.998585002375,786.0009209897535,799.9028946290128,1303.8465376732554,1574.6328839825587,1576.1754922643643,1299.9200412473663,2346.8959292059417,1566.7713303162016,1579.9057062632808,1559.449295468967,1559.2346783926077,66.02814640942212,1299.1350690164459,1560.2826045536663,1558.7158110632274,1569.6189506554208,1558.7518600150677,1560.7413227678003,1559.7632337850564,1560.3198212002962,801.378808603025,1580.6528165507095,2349.4046995625363,1303.6353148935061,1571.632187518395,1562.7917163734123,1300.4070900947825,1577.7973825939434,1565.1579549004966,1580.153573320244,1575.1292987182687,1560.8526295762272,529.3440760997689,803.1333043558177,522.7777870056224,528.5172789467041,792.0268334279488,393.3555263988347,526.4771089819984,522.5654351087796,779.4041126486002,1558.9723446852079,1561.0578575602785,1559.063334171633,1558.7119483757433,1558.6722577743749,1560.0073049037665,1558.6722577743749,1566.130686641909,1559.5772452781268,779.8399170378606,1560.4945152606956,1559.5396297663517,1561.2651465028334,779.4198788391602,1558.819836608253,1558.762982633142,1559.4392586182053,1566.7987522681615,1560.5741324007029,5.231109381664515,1558.7043861434518,782.7994775033035,522.4477966377589,789.9541071143955,781.847064442266,780.4033017039984,784.0747214181462,15.833333333333336,1570.6074463390253,521.2854692110495,779.5259080966507,782.3217820202766,526.9435369130439,1584.6153967926525,1565.3559111078398,1559.672249754857,1560.0073049037667,1558.6774736891216,1558.6696699427177,1558.6696699427177,1558.6696699427177,1559.0034331062614,1558.6696699427177,1564.691569127614,1559.0034331062614,1558.7390131851735,531.5850130038963,24.956693408480632
66.28900962913923,35.895387659618514,92.71457668183587,70.61236914812773,480.9747776080236,1815.4456813233605,339.5684536901484,352.4195296280169,308.59589864963385,349.08650095374486,69.43029979267106,460.0619544326754,454.7861246902513,315.97642044961026,501.54210113098054,519.918712686527,60.830969589870364,890.5059843078423,,129.53594405250374,445.513358064104,90.77051028538833,47.48870565865063,364.5878879141258,252.21289540436834,276.8411192651271,101.80710493012967,37.79337415763975,38.13050225934379,74.83901244115165,56.622295424344166,97.37791845169606,41.08270149651361,840.6300880905295,48.76430610655629,59.1793244606872,74.17289889155569,43.6087377330618,835.9880431895955,827.5074832752118,80.4136626328406,75.19398846839098,349.26393258274715,479.95987707918,522.1410146973479,334.0195786846985,831.6830540945816,480.820054531003,474.13119688877924,443.3827622824428,431.4624243398209,76.0511384878765,302.25036651878156,446.4637847973204,438.31409696055294,463.6503946410229,429.26704553041986,442.13219123865167,423.8121458779745,429.7968276998777,74.34661501891655,465.09209071749456,815.4514867150658,339.3256171587454,447.83615047044987,448.31931505427093,326.1098171959743,449.5424658087071,451.09914106343297,462.06157870055154,805.1181814676717,809.8209900982874,307.8373778371746,440.0877290590043,287.2473598103532,303.2213785506953,433.04871094633467,244.00739960630673,305.3102838075041,299.4096235766802,424.3264625563925,799.1015790400726,796.2620450369685,797.9476538123191,796.3041985337218,795.5685132427374,797.9215441415711,795.5685132427374,805.0837679575941,795.664339618215,409.27355820061376,803.1167574420382,796.2402620790944,796.3616057243505,405.6046418882517,802.5530032008297,796.1023459547582,798.0962083380937,798.832822168193,795.4893560337144,17.873431700995308,796.159543036514,435.56414593888303,314.1729267865794,433.5588515276916,443.0889497744253,431.9228244359321,444.17221980969555,64.73573913117635,840.811708169323,333.22529390476336,424.0750331698525,426.8549786961369,293.66453251480107,798.610052420451,795.4438249932724,796.0988220170406,796.8064926577954,797.1315111420512,795.0786975165659,795.0786975165659,795.0786975165659,795.7880371425928,795.0786975165659,795.2253135851524,795.7880371425928,795.2203806076266,278.8331334606398,34.61950780959095
1558.1224940849193,1560.9717132121693,1575.1323095810967,1595.5457879496855,1569.6448935008407,39.72991054951479,796.3516774706958,813.1908095985407,782.6976793675295,791.0320580616126,822.0535339162124,791.540558252989,798.0891729861173,786.4552649367728,840.9957136589801,888.7262246212595,804.707251694843,1629.6784670682762,129.53594405250374,,1585.6123833374622,1650.7017295630123,1558.595608075829,1576.0162006312714,1597.580156746773,1596.8626069865697,1681.230383309531,1578.6002357177613,1561.2526328031677,794.7682806213677,799.7989013728436,811.0521839744994,780.9158352149252,796.8335695905487,786.5415154537044,791.1200848044715,805.7451380225677,779.2545708041185,795.5808637530122,798.2359353768425,794.5076296946766,788.8600520702745,809.918300808614,801.089692440938,804.4222261735295,787.0359215982593,788.3573122555607,791.5702661626827,805.9924067261184,779.1427712996455,779.0272125743362,59.70313610116342,782.0355597584817,780.6256125983194,781.4685598647366,779.8893677662923,779.8256302081334,779.2866378158257,780.2506077001491,779.0546576019779,789.6900860259823,794.8875051513893,785.9738421366627,781.7304574143766,786.2424890891555,791.3899221959338,781.2683460044645,787.3333895952989,793.363000693599,790.9558619751119,20.69610672255591,11.403522982674488,17.36046776665393,31.880918135460565,8.559344705823639,19.100780284967424,11.210708116359875,18.014537069442103,9.731948806056193,1.190041188069669,0.5920582563750771,1.0384077875486368,3.266937157305706,0.5378972819598093,0.36279196566952693,0.6996856354654523,0.6996856354654523,1.575719407520412,4.346843306524845,0.7548276103416547,0.9629318041304047,6.170323037642721,0.37413223817763797,3.142662221903212,0.9064429257862228,0.8262426003026369,1.96518397565933,0.627745166759852,4.485946747204376,0.502872903166891,0.31459295896574535,0.4733183088874137,14.458932395719092,3.917663929193407,3.7203383434197432,4.150539725188427,8.138329342854526,14.210869233895739,19.30611245090026,11.459757948361323,4.864544167779312,0.5885100690179664,7.706775089472562,6.6924513682339075,20.96144947526314,2.4147747860564475,0.5993441203646444,0.6996856354654519,1.2009413911578055,0.2990939147285943,0.2990939147285943,0.2990939147285943,0.39904850914025225,0.2990939147285943,4.455034888294528,0.39904850914025225,6.257707363737712,12.162492905611662,0.6994562583821878
1558.2601031026372,1560.773978923168,1579.4313617322887,1852.3315190208702,1951.4309808189691,297.88793791461876,1043.287801202131,1059.1398244168493,1040.1075185578381,1047.7679013384377,837.4999653312946,1210.1876863927207,1181.1972892598499,1055.6140301119267,1193.3143606717895,1211.631613356668,796.7455112346777,2368.566601101843,445.513358064104,1585.6123833374622,,1639.500632017175,1566.4827368820208,1831.8964332027795,1739.5745422206705,1795.4146409566172,1605.2896258794879,1559.243424029927,1559.6960998463217,817.4897881710835,822.1597657117752,835.3402559832255,797.4289945917884,1578.7368555899873,799.0229980490576,799.7737861490518,868.4129321899418,797.8175212927753,1599.5741951896832,1598.2530249923557,811.7616787549367,814.4853863285367,1079.7506824056468,1210.4325666879504,1191.7575748820057,1072.0553906618384,1595.3050903438666,1193.11053042003,1217.9150788589307,1183.1433248659482,1185.2586854253823,85.82237910339056,1061.4812097628026,1182.9594909728783,1189.2049445510518,1186.4847852192204,1178.6555601139455,1180.722420298251,1167.4063254555783,1171.3190479089883,800.2169671737059,1176.144476343422,1573.3162293248479,1044.8253318855202,1177.000916398822,1175.0735701360034,1049.7496167700072,1186.0615847085396,1189.7780722947648,1184.421519287174,783.1904762897068,795.7527434937151,271.4635326121701,409.256377857169,273.8315373890676,277.99885210929324,403.0874215389717,208.42257668859534,279.09369712464115,275.4651477485995,389.95283131741365,785.6458985334582,779.1750044273484,779.5475892844244,781.4035941695015,785.1497350251888,780.7256175796808,779.119071453618,789.6920270977308,783.7057726099744,390.3610884754101,779.6494095402188,782.1759975022587,784.532643406834,391.93662009735476,788.4076341829185,779.5357744701492,779.7719007124143,787.418740389382,782.703519574715,5.390837327866917,783.0695440374042,416.89479573774486,272.0461874303488,398.86649896072316,398.2546816346433,406.1306262793497,400.82761678747903,28.454419539216552,793.1135556252469,293.2331411480593,395.8283413895947,395.454805845844,262.8503715402031,782.5967776918261,781.3841233806357,782.2964808594127,779.5874587115451,779.811701151473,779.108248638692,779.108248638692,779.108248638692,782.4226316277362,779.108248638692,785.7412829786465,779.4131209457844,779.9045644748929,260.28270915467044,11.23653701180546
1572.954411078523,1558.7700153299759,1569.4513369922001,1573.8175108869525,1560.5401285139562,49.59256980368481,780.6303383704449,802.5123645481065,784.097590639949,787.8644192781468,804.3475695901045,787.5121638177702,786.2951759561378,781.3965911255846,797.3666923111143,811.1713574818651,790.4593650086947,1650.1693958292753,90.77051028538833,1650.7017295630123,1639.500632017175,,1569.2625803383603,1563.8266741935004,1618.94667081752,1601.176197807769,1727.3466964845593,1568.5780964302148,1580.0328089457923,783.7493027263946,789.9830537410737,798.4825596620466,780.3801643224185,783.1719502992048,784.2881803150251,783.3905733925488,795.5684440255629,781.1796900696182,782.4060438035549,789.9082487519396,779.5211802391001,789.4965011574308,796.4129665403234,792.4321933133766,790.9280659728447,781.4503057036446,787.6605535514574,787.8859885197236,798.7343376182995,779.5228896225963,780.3640529761094,37.22121229824906,783.9123561438356,779.4840943715294,780.9188082388918,779.5164177772084,780.1961736278274,779.4908498738467,780.2023881849591,780.7538113816306,799.6902178818103,784.681362594615,800.7997818263719,779.3803388089843,784.2086701667558,789.4125224600156,779.6213013859707,789.0489699052808,800.5520488625004,796.212330184599,16.425292464253424,6.0619680095318245,17.771500431794074,42.73285151182361,24.165423975762497,13.839213432272727,51.60070724374446,11.032946306116214,8.623297793783346,2.902010389243746,1.896289009615429,2.426684984105444,5.420968379943223,4.986519841705965,1.617167539312197,0.9957352934383141,3.120983354156198,0.9957352934383141,20.878826927229124,6.065817150641946,6.403824817122914,10.319737718474872,2.259774410577621,5.669288971972299,8.676281200157861,2.9452859338832615,1.142852828572942,1.9408993509501764,20.119769007607395,1.9446493608310662,2.8092944205068218,8.25497516984724,10.91248940254589,2.1035335682783294,9.609476293499899,1.190967641347615,1.8022696701619314,20.938482393961998,12.237083012741321,2.9811565178264643,2.7962456142880923,0.3768453872646061,4.673496880454353,1.6073453972156955,74.45237913902447,17.27553449378596,1.8499170555736073,2.443411127399087,5.074439892003762,0.7351615723566863,0.7351615723566863,0.7351615723566863,1.3304655594176646,0.7351615723566863,0.8756244774426231,1.3304655594176646,1.8489337589929904,53.563259952584495,2.2493658995543586
1570.9670622398132,1558.0004932115826,1560.0954496959139,1563.2204090960631,1569.8617518849017,62.55937231858533,794.995587352772,785.7475033753567,786.3571877868966,797.340352138463,793.9026332184973,806.7113518119589,794.9136254839302,797.6262588308872,796.5049563634527,787.6580870594971,790.5066187263019,1563.5612702112242,47.48870565865063,1558.595608075829,1566.4827368820208,1569.2625803383603,,1598.6485972132348,1570.0064472231138,1567.8712011526402,1558.0230609048717,1571.7925889012113,1783.2331576186064,821.4125065291855,785.0066952287133,800.9710219557206,808.6485644650795,786.7412848847982,813.2192713600583,811.5523489352593,800.5119719067484,813.7071976846244,804.1143917920817,789.1904150672779,827.7481908632975,797.4050911549693,792.5469034698397,818.6401532866424,795.955981589612,805.8375088348242,793.2432730525153,798.1376831279599,809.3993313188739,795.3397089779428,807.0102864088682,39.14768488329697,786.6903058605392,794.2211527740712,814.0433433036798,805.9670247133986,800.0576639898883,785.0545707477677,786.3950672753014,783.6300393916534,781.5504369299591,785.6933796265012,782.2398469651998,786.6514077769216,784.9081324273618,788.5655615817172,785.2666564184883,782.7719042639992,783.7073219432453,783.3639486474959,7.166758940696556,5.537101958338043,9.378333135866137,12.974884871394645,9.4486550158563,9.167285832740726,8.53696832870154,19.08630033310454,5.41598959639188,17.644631752329833,7.056211903428452,22.46276472946806,18.8439261399674,15.65662265704505,5.935461177406442,5.32356861554157,7.4377763552252985,7.4377763552252985,55.581999777394934,27.522189059960862,46.22092146500081,45.17375952713641,13.415081997490999,24.33241844049194,14.982704549169943,24.402717465219197,8.721192609976123,11.448088827764714,62.592131410215934,23.12178123146448,9.273044818878377,27.753863137861146,10.595085341523937,49.42979590652919,13.31376729580879,16.818149843840803,19.477108477951983,7.650437052268574,16.273317728247793,15.01545790931638,58.510740383098266,14.41178925805068,7.063006934403558,17.21723434837559,140.7148344482928,43.331660637433714,6.844282283399817,7.437776355225298,12.21342275560453,5.0683800864840896,5.0683800864840896,5.0683800864840896,5.65958562265166,5.0683800864840896,6.251552531048678,6.7621887897749975,8.032036225853131,117.05626089998789,7.856035853475597
1588.6006877134707,1559.4937076806402,1600.9331236847665,1583.3754388108305,2647.271200044893,320.37276337452295,1787.9362561305845,1779.5638434105326,1777.3594531804633,1803.160076856634,1088.7697067501506,1364.671665093483,1342.476454708421,1265.5604761194954,1318.6511215335338,1322.9657450203542,1063.122693895488,2095.6904762007553,364.5878879141258,1576.0162006312714,1831.8964332027795,1563.8266741935004,1598.6485972132348,,2606.155937559689,2791.5398858162703,1617.6550271391159,1559.4312632052452,1570.3249953223792,1095.2366403198653,1069.2834189098446,1088.9285470112595,1081.1815515525186,1584.0219748474576,1060.007603432311,1078.6633302496953,1111.6482703768534,1085.8863813979651,1586.6022121079413,1574.3685355172224,1101.2870312580162,1059.9857133728574,1782.0278602719543,2152.0483916640524,2123.310810916484,1797.1637697582903,1591.2575423141736,2138.0331223451167,2138.5938903020397,2078.9864746468074,2086.4106382903947,78.53215772957365,1737.8891142114524,2119.32733660538,2114.560301810349,2134.0227622362017,2104.2769390279936,2104.261636288244,2078.8070592798817,2094.391917291173,1564.4162234977439,2094.8887180968154,1579.5582530905722,1749.059708460429,2090.623787849757,2089.3904755251933,1744.8032154513407,2090.6998569757034,2088.722100589577,2092.2810893164065,779.953814449036,785.2291798191985,955.8439101169057,1299.222594867134,952.5591647482447,956.3052661667888,1299.4194376058417,788.2425261450115,962.4879979562761,964.1212816127602,1298.4924540975555,798.2304063706683,780.5577246011753,795.3755976629799,787.0396216014241,782.2031887420213,782.2031887420213,782.2031887420213,799.6349048976326,781.5359322325402,542.6511988058587,815.2868461611229,788.2392038820245,793.0650084317655,526.5594331147015,804.1260685797427,783.8417377262114,788.3488076807888,810.7969970604453,784.615521896115,263.1479955078757,792.7666614917595,1310.1964154183686,976.1742151004535,1313.44993277612,1310.4175883824269,1310.8837505027986,1301.2063559173819,277.6665936071461,790.581848172566,1003.6189610510625,1302.0575114158514,1300.4509654890219,963.2272621705434,833.7040634738114,790.0668114237776,778.6502550269634,779.7925767536559,783.3997399621161,778.3564362272241,778.3564362272241,778.3564362272241,779.4067460317459,778.3564362272241,780.2773355029647,779.3162678151342,780.0385633921073,489.5412403853806,291.82410708009337
1580.6203654158205,1558.5857996366417,1579.6709381743326,1591.897901137637,2200.534601619808,517.9915231018211,1886.330501177768,1911.6556761380716,1876.7888900615112,1914.0337984843497,1000.0956878334704,1598.9557395903669,1604.9552270516492,1377.0883158357467,1563.6360670502565,1593.4224295200452,1262.7405270609295,1899.001468931318,252.21289540436834,1597.580156746773,1739.5745422206705,1618.94667081752,1570.0064472231138,2606.155937559689,,2924.6868042949345,1696.4233054812344,1559.3445883013705,1562.2512770653163,993.6393682288722,969.7155902186751,985.8529972310613,950.5631936108961,1260.8494624478558,947.9954389188904,952.4238894239284,964.2138955526743,945.1704493260236,1271.555171484884,1261.8904797007285,953.4697064079778,959.9057975233547,1908.3056171791427,1603.1832155756492,1594.44443321061,1365.1172670509388,1251.7349652402308,1588.8434986654704,1590.2716793419827,1560.7368356647705,1568.3570954857287,73.74515262031252,1349.5257239597338,1557.2159818329405,1560.8697854600714,1581.1320880669366,1570.3966587634934,1556.9428482371504,1557.4592329276315,1558.6632358993982,1260.5030942288097,1563.816088534109,1263.1272021574478,1872.0036951701422,1574.4429827019333,1573.5943512351296,1349.9502904103508,1570.1375124993087,1567.9485814624795,1562.64971380852,475.9459492597334,470.35428505716476,579.0785950413457,789.6322298825378,1099.5870450251357,1099.420081646779,786.4230149478333,878.5466800286707,580.097017084756,1104.2648289666581,781.65220365336,473.514870255161,466.3748274450697,469.5839517366518,465.90123619893046,467.17040921265766,467.17040921265766,465.86867493957783,472.0063047103214,466.70337466441197,327.6563723080387,476.01261954822087,468.18411940189395,469.08575838706065,312.8398355676434,467.5468365666095,469.99570460693417,470.31158561048795,470.35356683951045,471.23922903586816,154.77037988021803,468.9903245538403,792.1843331941941,1103.7951682008304,779.9253796229592,779.6141882637238,781.4557698569273,790.3107483498682,168.6367959230242,494.0650752312558,582.2820810264911,792.4345625070446,784.937963015189,1109.4671197299554,470.7024706547177,466.90326271068454,468.7818541675019,467.17040921265755,466.2796381514129,465.86071890856164,465.86071890856164,465.86071890856164,468.9701902789108,465.86071890856164,466.57617305569516,466.1875093946705,469.32057622259043,267.6801174347569,173.73609365815986
1579.862104608806,1558.126350864442,1577.195083445257,1590.8082929282375,2370.169817820428,612.8434864487142,2168.0607530930524,2190.55895838702,2148.1692502385345,2218.003739008665,1016.1535672615107,1809.7688929073884,1788.7289248023644,1563.6018803648185,1760.4655534600104,1793.040158409695,1403.8101283292215,1965.2101172178295,276.8411192651271,1596.8626069865697,1795.4146409566172,1601.176197807769,1567.8712011526402,2791.5398858162703,2924.6868042949345,,1632.5407168782926,1558.5364589498079,1561.5684510463716,1007.2582460540551,1006.5534760986145,1007.9064418055491,995.9115277014589,1376.8046562342067,987.5951836023427,1003.949770463236,1031.663252117207,986.0193409448963,1400.0375563834084,1383.3862068281687,1006.0559631654949,1002.3254819108145,2186.4738569387578,1794.0521503372156,1804.5772392598199,1525.8625536972863,1379.7596027820725,1790.1994927642693,1806.207049233597,1764.2452718395782,1755.1955709985214,80.35208528243894,1495.0391474350124,1764.1393552781165,1779.6492792392555,1782.3173560159655,1771.5876081412996,1754.5070309322039,1757.6004846031162,1754.1247873970372,1379.0356654972375,1767.0266706450964,1367.523757393391,1504.8580645562786,1765.3075340214414,1772.408146670259,1503.43401576855,1763.8034779529455,1769.5427910029484,1766.1580633906842,586.2350279794426,592.3046133588158,721.3747624781391,984.5171292638466,1366.5633545224416,1373.2675361443873,988.1021551226052,1094.1712540296096,726.2288753534626,1366.2511760924376,972.7670716450366,586.640857263222,583.0237136150146,591.596494384997,587.6340934910361,583.0325307259543,583.0325307259543,583.0325307259543,583.5729345181713,582.915314985508,398.6828372661707,586.270109143371,582.9517579209106,583.2671218661322,389.74907578087505,585.0823215488356,583.0733445366303,584.8890944534055,585.5276084869869,583.0390188850419,194.16322053911983,584.2623356237282,982.882897827595,1374.088439170795,987.5656417189498,977.6508817854263,983.4237261906961,989.8679917314632,214.37137555345893,613.4939416966669,733.1077857513775,979.746984622016,979.7004184124592,1372.1888018916472,586.2673466677799,584.1891886287699,583.4132182489141,583.6899858326357,583.395989838634,582.8522035841972,582.8522035841972,582.8522035841972,583.0612448112447,582.8522035841972,583.2705552478573,587.709252530681,582.8877022977023,323.3070782920211,221.80864911835477
1563.11139122433,1558.9473008924822,1591.1291028773103,1609.3958483920733,1589.825680838139,40.21133635604721,794.3548830302931,829.6280362159405,787.1600504300876,811.6205063931745,855.5637324280011,812.9022369599991,811.2648950214841,813.1470493426176,806.2040823757162,828.7460686967831,790.8986808512408,1632.1692609268498,101.80710493012967,1681.230383309531,1605.2896258794879,1727.3466964845593,1558.0230609048717,1617.6550271391159,1696.4233054812344,1632.5407168782926,,1564.8255775494508,1562.6365129588794,820.9758363558046,823.9632549434243,824.7281830034672,797.8875625902592,791.8822775513252,801.2643884839445,804.979915762645,811.3070657265168,780.2346614120361,803.3292980766038,792.8591566949166,796.7029201085447,817.6888480882453,820.9067223136921,837.5379719062009,826.0112209292569,808.3524573062484,788.6498923349968,810.8178952182334,822.4057472405311,781.006505880979,781.0021815082604,93.49018971580504,780.0170946496926,786.3513633555549,786.5083040330519,794.3473538233404,798.3810948658277,780.4137006324654,782.6734096578284,785.06362197628,794.9649876173821,784.4054061670577,787.1667379301726,782.9890946272707,786.8586482505389,785.7230643050323,781.0263810281053,798.9773271948919,782.1129813500924,785.8385580107501,5.010027844007136,4.508037010552217,9.993607688520537,17.838910950020722,10.228612177014606,13.687389082904607,9.548702494969076,19.432538515956672,7.085007863971451,7.334206416498761,1.1193906678982404,2.079347709301112,3.6360816173088124,0.9743597582189825,3.9634149578052495,0.8287974222503228,2.9192264821901137,0.8287974222503228,0.8847673340613282,0.824886115991196,1.2669965215923658,3.3108299221979376,1.1241434334452967,3.9672859895632615,2.7088330745141525,5.324664273376539,2.812946083285935,1.0876554757098942,0.9545442108243576,1.3517580053194318,1.9376196467081808,1.4726124068199484,16.899875890238537,8.113489832904994,9.954183074706105,2.2655803238060113,4.910886343480426,3.9362797605147524,12.55223726738726,14.515299267653917,8.692091602594203,2.135960892140397,2.095411011353075,14.100544825815765,8.787412119514945,0.8519960094195007,1.0816466426594902,1.3406719189863874,0.9333182606396238,0.7769402988951167,0.7769402988951167,0.7769402988951167,1.0365870139698896,0.7769402988951167,1.2965681098754094,1.0365870139698896,1.9484636819259211,2.2493228724449947,5.09148093934316
1558.0420514382479,1558.105467183837,1558.9196535327453,1558.4671413432086,1560.734285587505,35.33604675364106,779.8053434962443,780.2636319467504,780.2636361683042,780.6246664289359,780.2647513657428,782.4801120972903,780.9367890309815,780.8867400236592,779.0558982172502,779.1456533196236,778.7725040661649,1565.476239283285,37.79337415763975,1578.6002357177613,1559.243424029927,1568.5780964302148,1571.7925889012113,1559.4312632052452,1559.3445883013705,1558.5364589498079,1564.8255775494508,,1581.8329844682555,779.0535008533483,779.4587282150131,779.8384075895668,779.2853553813978,786.2977956164192,778.9033402423097,784.0019375149813,785.1361620479807,786.5083031720019,778.7354213277438,780.0636604964584,789.2073047331635,778.6498710068372,780.3206318564885,784.6683001987093,786.4339763889707,783.4731883091001,779.8770396102917,783.7724332846506,782.2323985543966,780.8833660340434,784.849072930338,17.383956547739597,780.5921428333918,784.0525489750831,784.5268986128576,789.5000733517305,781.8071962191067,780.8870961901982,781.4717121235785,781.5174821431817,785.5372893746775,781.525816996136,783.310859985157,784.3403006389833,781.5656153155691,780.9225820756923,783.6701849747301,782.466068216871,781.3580014738629,781.0540131269728,1.09589113161091,4.354284474553499,4.376410523630239,2.924986794883253,1.9822700709212835,1.7746582422094395,3.5128204441093787,3.1248113900313164,9.892927098869476,7.894059153295636,2.7155031785861525,9.036738017414931,2.447730535053538,7.058895929272834,0.516704612196568,0.9315552267766021,1.0954261345700196,1.0954261345700196,8.652045832418521,0.8292101691129296,6.144709890629772,6.092223198109757,2.6775842115701973,1.2133829359692831,5.872717866872542,3.6061869381818714,1.2923513021029434,0.5702180509539272,13.709268564629571,0.7176602997439756,1.1907908893720298,4.774717205970426,4.28078998010418,10.166385659875495,7.013658291217434,11.545201144919494,5.234641613269521,4.7262687274315685,3.3891947666576745,9.592173037256574,10.577747011740668,8.341903876666013,3.182361519649754,1.9907095632423486,27.37907128605381,6.958014798460242,0.9383317017957109,1.09542613457002,0.7485756527953894,0.46826070777715234,0.46826070777715234,0.46826070777715234,0.6247493784585771,0.46826070777715234,0.7814395799457734,0.6247493784585771,1.2527232698382313,16.44643597229127,1.938612382494898
1569.0105312585554,1559.8774057184019,1558.0738265739542,1561.9752041763072,1564.4628883669182,43.08083271168141,789.85920074444,781.482107858656,784.9146262862336,786.0931402060185,781.7941633888336,790.2268673969523,786.2617239000988,786.0774839516354,786.6901426588696,781.1422696276196,781.108466231803,1579.0609823324355,38.13050225934379,1561.2526328031677,1559.6960998463217,1580.0328089457923,1783.2331576186064,1570.3249953223792,1562.2512770653163,1561.5684510463716,1562.6365129588794,1581.8329844682555,,786.2747833603419,780.4916968674771,786.250520882296,785.1578595367414,780.62024006009,789.0093543021723,789.211474285143,787.7538149659025,793.2053647658349,787.5530104518116,779.9773064398602,793.5379945386951,779.5354625437894,783.6373841067359,793.4189112414069,783.8715499792343,786.0048188495506,795.1569936725938,783.8647140843823,784.7882653689848,785.4420279623042,793.745518955039,20.27258312910263,785.5563278577789,794.5560703902959,800.3159639785459,789.5230058787652,782.7043898110819,781.7251750328285,785.2190587132669,781.0013259632561,782.7650359220249,781.1054932717198,780.2378957555854,787.7273390401693,787.4499953182755,789.4698353635266,785.8526373191231,780.6229062200746,786.9646697988057,783.2035221562754,3.1184254911440306,3.7540110069325383,5.853550343039706,3.727187171859433,4.8078291278120355,4.8047531507611865,5.522168151594401,3.2899713904953383,3.1956693757587833,19.156665742154654,6.279647061840885,17.68828290999128,12.183546250951553,28.323445961252183,2.8901556553474643,3.916087446178135,7.2801084352242285,3.916087446178135,28.764745158176147,16.251161547552627,34.463142855437624,21.932771069004684,6.268647526291718,4.180765639323996,8.912002572509452,6.434131086520913,6.651468906856447,8.647615857139506,35.4362139079975,21.944861062055644,10.533793376895023,14.400940953483284,9.42100253092988,26.118237686950902,7.501357648795898,23.893656208151906,7.673511830959328,3.7441913547605843,3.7595936002339725,9.92658371652804,20.034080391130814,8.614152406295897,6.794143957242155,19.097894883961718,95.57911172936663,28.87888434989829,2.735535294269412,6.939416049037688,12.769849526898843,2.5428109903841762,2.5428109903841762,2.5428109903841762,3.724849011128533,2.5428109903841762,4.908409295904755,3.392596387857052,8.468253197599433,75.42929572589384,5.96802887018036
790.3917817023113,780.2437685977048,871.9301762592862,837.8713959270725,820.2701534638877,128.33380299898954,1594.7619734242796,1610.8914099623548,1569.6291139405091,1609.005094951918,1682.5725557343847,1682.4645182985687,1611.66684582064,1627.7848697620157,1617.7561588768422,1597.3655661454875,1578.6182370040653,796.4350371825403,74.83901244115165,794.7682806213677,817.4897881710835,783.7493027263946,821.4125065291855,1095.2366403198653,993.6393682288722,1007.2582460540551,820.9758363558046,779.0535008533483,786.2747833603419,,1714.5060165931259,1741.0788934401514,1615.5432106982942,1623.1589152826714,1634.171635467279,1652.4577581101814,1643.2022625367902,1613.2084815712067,1662.8131382588188,1611.5600226002202,1735.0911750588396,1652.656674903628,1632.1985757242173,1738.4692339524609,1687.5896203980892,1652.2825550549483,1637.318264102761,1692.6896936320306,1689.2897286461036,1624.854939907261,1632.0070836935317,357.9018325575456,1573.0010243478182,1585.3966827378663,1618.0007042390364,1609.154557954741,1608.6885518879271,1569.5735349994975,1561.5520475399514,1575.6258347951211,1606.453032379027,1588.5475428918892,1584.1534880669599,1587.3524722172926,1604.584384018086,1593.1127834413232,1581.290865629943,1594.9949377492535,1576.8461792779738,1592.6615128230274,394.2435598348695,411.6720600286526,394.7268071616288,390.0383969126415,392.26646400148826,407.1045132878046,392.82449064030146,395.4563360150356,394.97725203163895,398.68009282188154,388.9999491504751,418.73746508256926,395.7188965337261,399.0766413573511,398.0548383328183,391.90513257436373,391.90513257436373,395.5648703308573,417.7688214944478,412.7798901151972,408.40066335892334,413.60350221716664,400.822901344314,398.9487611140447,398.4325404777408,396.865278267819,398.2863367699359,397.3903910394453,404.40412375664687,397.11356168474344,393.4088167144316,407.83873205825734,424.3376952121184,423.7388546423939,402.1172765655121,405.557771084393,396.66455311740873,394.6673568288911,470.07797486521076,430.50037134262345,441.8378720417847,397.0223105643233,396.61777930760235,405.47080159538166,444.0501291917025,405.4555656892087,394.22354086726017,394.9714048375572,393.0166320998273,390.2099035720078,390.2099035720078,390.2099035720078,391.5460608183038,390.2099035720078,392.88393880799475,390.96163360398225,393.0407541002531,449.35881329066183,395.84329740964813
794.982314068444,778.6926365654375,863.0334002082686,846.8276001039463,815.2627844800302,99.69565570668404,1576.4940500999821,1594.8888576099382,1560.2843796177249,1615.2695860704816,1673.7708405685398,1619.1366180408702,1625.6539546438394,1612.1832440372737,1595.4225867351133,1599.372045240549,1595.3782060565393,804.0378794995883,56.622295424344166,799.7989013728436,822.1597657117752,789.9830537410737,785.0066952287133,1069.2834189098446,969.7155902186751,1006.5534760986145,823.9632549434243,779.4587282150131,780.4916968674771,1714.5060165931259,,1749.17852686549,1632.920649067448,1645.5767720517078,1633.4114754438856,1617.8512259673723,1687.1736797617486,1623.6941828420381,1699.301758003837,1611.6474904768074,1699.4053160986866,1712.2355007037177,1643.202711265284,1684.1015142814401,1691.4294690831669,1622.3552914637162,1630.393006311297,1679.6004105424267,1668.562199102147,1616.0380351473405,1615.2855418870372,325.2510544768175,1571.2205579895717,1584.3158839431567,1598.0898228791782,1628.0283823307473,1578.5775880431454,1602.8170441862967,1567.0489488135324,1588.8332703534054,1635.9562871436597,1589.0769645291916,1594.0877840322364,1584.317942011603,1597.3866181303129,1576.8220038488998,1603.2366547494478,1599.6582139582342,1597.587806536656,1606.0453440356214,392.4236387274502,414.51484600212643,401.00065016628554,390.9268996086742,392.62986084718545,414.07658735277835,393.0654507974847,395.90363804229975,395.2698290546597,399.2866578978196,389.58561268857136,399.9185124432499,394.6917691261836,397.8803429840184,397.70317868615797,393.79715911159894,393.79715911159894,393.79715911159894,414.11616865624063,400.90945406732015,412.854622252878,401.99952543395443,395.3968930155953,398.2844366955673,399.49573333081116,398.6545012280684,398.18953190394717,395.28139958770976,405.3509606501684,397.61013079551947,398.8840630780111,398.07938044916483,414.1963759650062,419.32378095858087,406.43724243730094,401.961536147765,417.61202682260404,392.93662779257136,501.81918807573237,431.4065906019545,433.277747853882,409.5962158740204,401.98344336969416,397.882419051671,411.4116542058543,405.33011263240513,395.41374070398604,395.7038778773293,394.59415916048573,392.0720017363926,392.0720017363926,392.0720017363926,395.5024992740939,392.0720017363926,398.9374147094613,395.5024992740939,392.9436393960503,404.6961877304286,390.15412502604704
790.928373209391,779.3184247088913,859.1284693313173,859.01965415859,829.8980929759616,105.42043558888342,1581.8274229591582,1622.5886070474662,1566.3237818396176,1608.4146706738497,1727.6489035880718,1614.2589030357055,1632.1469559382767,1618.9591463464224,1613.8122477858435,1610.995926811544,1591.0570246089426,800.5025939980868,97.37791845169606,811.0521839744994,835.3402559832255,798.4825596620466,800.9710219557206,1088.9285470112595,985.8529972310613,1007.9064418055491,824.7281830034672,779.8384075895668,786.250520882296,1741.0788934401514,1749.17852686549,,1596.7912777921008,1620.518265852808,1648.9364812229853,1629.8682567545873,1665.837296999771,1623.2208879468183,1632.3684316920771,1626.5529093155699,1700.4419645794364,1679.4203495461459,1649.645544906176,1662.9368526262413,1706.4579776464514,1617.1858666917713,1649.4302368694662,1667.2762740290468,1641.3831860851983,1587.8177353630128,1590.0401898889263,181.9297707639901,1570.6518263665848,1569.81644616118,1587.0831950906693,1628.742932253418,1567.2610582518269,1578.6223838976462,1563.993475422954,1563.5858326805223,1608.0545775096653,1610.5368829082236,1597.1942955537504,1592.5882295106032,1617.138173325321,1600.814149598999,1594.7170060909395,1605.741857666954,1605.412810056805,1604.5527870918363,398.71046962082977,423.4757789994383,431.04591346370086,404.2762037116298,399.9334903789922,424.36260885996455,418.51030997070177,426.1679937587255,414.5190593900352,410.5618529364542,393.9281204523738,407.3095957727385,394.7219505870093,395.4320080958705,396.0078665439552,390.09656259487815,390.09656259487815,391.2201873620535,408.13311607708755,393.48308115656795,418.29179024262356,412.95899316503983,391.50380646616566,398.26276019820904,410.04029922821053,396.4122269458999,393.0812489554991,413.70734668774526,407.1375074349097,398.39093192787305,391.32559865207077,401.15642604443127,492.1086496291773,526.734958807376,443.56273398920746,473.59822384953554,440.0697352846526,411.7879490051349,725.9572583002645,531.9606728117956,496.1014315727854,406.3085861107774,411.3447453100282,410.21036136934543,404.2679290619216,405.6788607593171,390.48946970910833,391.554216242124,390.1062668665795,390.0917479031627,390.0917479031627,390.0917479031627,391.1550427978999,390.0917479031627,392.2197070357083,391.0363186741163,390.3583492404847,404.12124106755465,393.6604135217923
790.516444910663,781.8279378497384,806.5319189423941,803.6143141265869,787.8457547669298,94.04159517958323,1584.4667352171289,1569.236280366046,1577.8089225529634,1601.8709647729745,1583.2537351381404,1591.147674421044,1573.21459893065,1575.3840139394624,1569.461455492979,1576.0022649326168,1602.4020678630186,797.5709047533644,41.08270149651361,780.9158352149252,797.4289945917884,780.3801643224185,808.6485644650795,1081.1815515525186,950.5631936108961,995.9115277014589,797.8875625902592,779.2853553813978,785.1578595367414,1615.5432106982942,1632.920649067448,1596.7912777921008,,1760.1832829229147,1665.581976389917,1621.4563664227624,1610.1741475188155,1620.9985523125008,1616.5131183983435,1597.423564678103,1641.1571999325097,1594.2622018443658,1609.8383483113735,1612.2517732256626,1596.1193441149117,1607.6088128767221,1576.9923245162943,1589.4567469201925,1597.2241169149588,1588.150358628977,1597.9288472154851,129.30892158228505,1579.0510350112856,1582.4567901246671,1616.9520372586505,1590.105438298775,1594.7102199063952,1578.7760870468665,1663.10904955414,1571.525787847446,1565.99276672425,1561.416249736391,1559.9405018639081,1564.3312780273907,1565.6537391360873,1567.861281183582,1574.4563424141634,1564.7844782458028,1560.477021342937,1567.14184546398,394.02847357581527,400.1489807013392,392.86267324512306,395.0690950611512,392.58370176648003,396.15648461212606,393.94791205194866,394.2723091265032,397.5318875392571,405.8728905924458,391.2959878952011,399.6503549751441,391.61145191085524,393.5416747158197,396.1787471320257,390.53008515772405,392.25008918180606,390.53008515772405,439.19371337237214,399.4499018461679,413.43044548793904,410.25170369716034,393.8699667148284,422.8279605053681,404.08164837841343,411.6309801419398,391.4049159775935,391.17481308994735,425.20141110950345,409.65186817233916,393.5652849724042,410.68192371104624,395.4639175898959,414.5228635573182,401.1431495941186,402.578729393182,405.93994646000044,394.4681288685916,412.06282682947733,415.6953156439924,417.5280902835487,398.9826470510302,395.53638951867026,415.38491076809834,450.6786569867506,419.70498055017777,400.8549636308642,394.1610113059065,390.56601944299376,390.51225666828,390.51225666828,390.51225666828,390.80459122430324,390.51225666828,391.3800539086145,390.80459122430324,391.39404749844357,445.1424353685306,395.70826204169066
791.08170957614,781.7894786693773,795.5039348496878,797.422100851258,1570.426751874231,617.6767932442931,2094.443291828599,2090.666371611322,2084.0631276754893,2135.3892936907014,1577.8652500187698,2376.9636093477234,2354.121560790411,2098.9575919957542,2363.3036242232665,2363.980233070002,1615.0457241595873,2352.6622997407617,840.6300880905295,796.8335695905487,1578.7368555899873,783.1719502992048,786.7412848847982,1584.0219748474576,1260.8494624478558,1376.8046562342067,791.8822775513252,786.2977956164192,780.62024006009,1623.1589152826714,1645.5767720517078,1620.518265852808,1760.1832829229147,,1611.1453410477184,1615.208533871544,1639.1018142325536,1647.3923306223826,3170.562910431705,3152.8145881898745,1685.7167042195808,1613.8711825845198,2130.585912851072,2425.539901542682,2392.933185542725,2106.1671211544035,3153.29386624488,2391.829528165587,2387.170812052781,2389.614813634473,2383.255747484597,143.4379040936727,2100.8256735737027,2377.251918585822,2403.6017263366484,2370.5656587698163,2352.91838168358,2370.9579892229194,2350.295592926697,2352.7362797282517,1579.4145569686966,2346.41009270438,3128.0464330550776,2080.002194260639,2345.1170755294656,2341.7791197782008,2106.7527766602116,2348.525086961684,2346.6535548824795,2346.209522295775,1948.8802138010374,1958.3936271163911,917.5703780183832,1171.9772384789128,914.0152382252652,923.3361503765199,1174.3765580111587,789.4277068596477,917.8792903600636,916.7389063871323,1168.7099363853167,1956.7723093442808,1954.1560135359416,1954.3954278898693,1948.2794649517236,1947.973353834462,1947.973353834462,1947.973353834462,1992.1105533659995,1962.2382144011165,1202.139566956743,1962.8109096699939,1952.5136045216577,1969.998670027232,1190.8690615390892,1969.5161163792775,1957.1824420933938,1964.2510481243798,1976.9966212469021,1964.2889391840918,403.25090520655175,1974.3040050865045,1182.3768838026433,957.2231999120191,1181.7524536883323,1192.7889982465713,1181.333511491119,1170.6237664251273,425.0763283379407,1982.7441725589665,938.7056646411016,1184.2829578226379,1172.6493213855867,917.6917730664579,2005.831887964543,1989.279058399013,1950.6852661683404,1951.0235570129637,1948.3828193465392,1947.9717945378325,1947.9717945378325,1947.9717945378325,1950.9201733378952,1947.9717945378325,1953.8723491486467,1950.9201733378952,1948.542333830839,967.6196983446893,416.48936204798065
792.1957468269391,779.0625289553003,803.6640912010464,795.0721557824639,801.0967815433903,89.91749284252805,1577.4032830861643,1583.8887014620148,1563.5868160886141,1590.5008462494488,1592.9390091053726,1599.1396145654776,1591.8699364312379,1593.055445617967,1609.1296662442412,1581.6149959668528,1587.062749564368,782.5073462445049,48.76430610655629,786.5415154537044,799.0229980490576,784.2881803150251,813.2192713600583,1060.007603432311,947.9954389188904,987.5951836023427,801.2643884839445,778.9033402423097,789.0093543021723,1634.171635467279,1633.4114754438856,1648.9364812229853,1665.581976389917,1611.1453410477184,,1718.1263302455586,1615.9064890613627,1625.3259306127688,1600.7935356474316,1586.7186855392672,1634.7047007051501,1648.010026919789,1626.5698135424102,1623.0462273202484,1649.8115328771346,1591.6363278161164,1602.2063913751776,1630.165047977666,1592.6878241413272,1620.2750977100152,1653.0482755498233,133.7182678648776,1576.6679087220098,1575.089696379536,1590.5822616319178,1617.580180858067,1575.4197006961367,1562.8275955989004,1562.694523145091,1568.5337323891144,1576.7429202220699,1567.2365098250377,1566.004772059433,1575.4864224062362,1574.767010432973,1566.5608048035722,1594.4100311744387,1579.6223353673583,1568.0359649079817,1569.1374543406705,390.9130922138511,393.9416626030362,393.3345198137195,389.64515747722385,392.3358843087534,398.66800919347276,395.2050836158457,396.07580827581154,397.9558264134459,396.3823784075036,411.7157262631638,405.5760289705296,388.94912910588266,406.1193270347404,388.91928523817097,389.8219080970978,388.9483655152146,389.8219080970978,404.2293534769926,391.11548458481565,406.1051955444783,390.09635382138606,390.2092884912936,391.5004451371389,390.61359095518407,405.13616671637783,407.3543813088873,395.0842557036924,400.42377319488435,390.72788442846047,388.6549031044266,390.05740044189287,397.76690934060383,416.44489651078,391.3311935745493,399.28311432833544,398.27985729714624,393.728315988812,438.89282711065664,413.7491834492814,418.56902717930177,391.2564787174119,400.85358215510666,409.47553302762896,424.1601075381493,397.2898864095105,401.50492665375486,393.4590984628009,389.801003080157,388.8590364962009,388.8590364962009,388.8590364962009,389.099289690054,388.8590364962009,389.3398522891793,389.099289690054,390.0634025066776,424.4129880339814,390.04803056160836
790.8770818506537,778.7985284952186,810.6089485422459,802.3465753060498,808.6864426470685,90.26828963851837,1579.3401288494829,1588.1744892637037,1576.3563786858658,1596.4615241744416,1620.7637139771305,1610.6368177119348,1594.3782027235575,1597.2973845511685,1610.4758641884177,1588.860366722021,1585.131363060187,781.2790633481902,59.1793244606872,791.1200848044715,799.7737861490518,783.3905733925488,811.5523489352593,1078.6633302496953,952.4238894239284,1003.949770463236,804.979915762645,784.0019375149813,789.211474285143,1652.4577581101814,1617.8512259673723,1629.8682567545873,1621.4563664227624,1615.208533871544,1718.1263302455586,,1654.870588153573,1638.9717441781352,1623.8024358506573,1608.7707718111444,1672.6425565302623,1684.543809644483,1669.8018551796251,1669.801305123111,1648.5852589324625,1667.9692555007668,1631.6894271619612,1664.184666195961,1619.0939769752572,1590.9918507634732,1583.8279699698526,136.4841546627439,1577.5537129998513,1592.2827309206582,1607.573896151055,1619.8220679251606,1576.6017819400847,1572.43865688658,1558.8108529339595,1568.4058693238426,1591.7138500955052,1581.1454776071132,1595.8520207835745,1596.9456050141634,1583.1763087183283,1579.6624970968862,1613.6253886109826,1593.4004787224792,1568.5188306269315,1597.493579805141,403.3537257487493,420.0793006616824,401.08320772595084,399.50847923352694,398.52813015063634,417.32424260726754,398.28391413139065,404.9576882747157,407.31505592836476,415.8858428393611,389.8598516554116,394.99064631841406,396.4137147147192,398.4018487521615,390.4183682880823,393.40945767495884,390.02525010929577,390.02525010929577,416.02791938213795,401.49198177189976,447.15942661870076,401.25796581327097,398.12222216709506,399.13984162653156,410.9384881932202,406.4603461785451,396.88903772917837,398.68948502824134,410.1826713555452,402.98265517321715,389.7423539667826,401.6011058148718,402.1301037999646,439.959771299665,405.88417619921927,415.04763601064707,417.4581662400731,402.2356117952276,436.4977629521016,432.13959031834906,447.78074432427326,401.2367791419248,403.0597394714923,410.59463445157905,433.6766871147121,408.2910884998342,389.131209819484,389.5273058048718,391.9045448949385,389.09285401468264,389.09285401468264,389.09285401468264,389.4892196343809,389.09285401468264,389.55845167815494,391.63185813589035,391.5808296177172,446.0553617883697,391.3176436048689
790.9747661509639,781.5603959370507,797.5962045702377,829.1167251845327,816.7125740310108,126.11145971619437,1595.7007722435917,1603.5783218802135,1565.2695453098,1611.3638338866285,1664.78105029702,1640.7553843846545,1603.2334320878724,1619.2286907117686,1601.9118951634937,1624.288081054417,1620.0324913866828,791.2942602032996,74.17289889155569,805.7451380225677,868.4129321899418,795.5684440255629,800.5119719067484,1111.6482703768534,964.2138955526743,1031.663252117207,811.3070657265168,785.1361620479807,787.7538149659025,1643.2022625367902,1687.1736797617486,1665.837296999771,1610.1741475188155,1639.1018142325536,1615.9064890613627,1654.870588153573,,1680.2111054706406,1665.260632035315,1637.996466853043,1775.4631923571092,1648.6216615726657,1659.7105105798853,1694.2696066701856,1668.338351540147,1698.4066371206322,1684.1079215243276,1686.9258598097235,1655.9722694681084,1621.6745311254338,1627.3908276294587,231.70258628843843,1586.9222403982603,1624.056671104475,1627.0769822041239,1614.249617468105,1578.670598756304,1589.9895141272716,1562.9459485247962,1581.795133300078,1626.076270657633,1581.9771492622917,1585.1904430522754,1585.7097257379219,1599.3135326838517,1579.8402671886217,1619.3823144476107,1622.090511547591,1598.4176524984982,1616.5930996966597,393.89148425181037,431.1149508509391,396.4969312900467,396.0961534897983,391.76667631446225,405.5730144703457,395.73605147366425,398.16753562905734,409.1434040092277,402.14221276461546,392.9610372840747,398.08566051432035,394.0514091042995,409.01357661300113,394.9698964340269,398.44937071156323,393.6806335017442,393.6806335017442,419.17807459163527,393.1219505793997,423.6907902818072,413.3121536048732,394.03615828636583,405.1980513741678,410.61872514426346,411.0759576915068,394.4832015779596,404.55068503829983,419.1722554499062,396.17292279731913,398.9295407716513,400.047493711211,418.2642066772143,440.1790759486981,408.17571436868445,428.02633484673504,413.94062610921776,398.7301661262202,460.5243222125253,429.5743698071886,458.8002678119459,409.26448831595974,403.64273165668214,419.737735799589,437.4022667114287,416.6678390771187,396.5063113266158,394.05180738749436,392.05683274077813,390.6921278422681,390.6921278422681,390.6921278422681,392.62769471650824,390.6921278422681,394.5657542718485,392.62769471650824,395.39970072292084,439.1626789959991,395.55935179668546
792.9752489147425,780.0805472253021,787.6737413757955,800.0060961902382,793.1173461026166,108.83104002829506,1576.5051945051675,1575.220526125654,1569.7529280016558,1591.0860022628653,1581.8444979394314,1607.2251564900728,1581.7613581691176,1588.311363039895,1572.9919562483192,1567.4860617524373,1579.2860053220281,780.8895083308345,43.6087377330618,779.2545708041185,797.8175212927753,781.1796900696182,813.7071976846244,1085.8863813979651,945.1704493260236,986.0193409448963,780.2346614120361,786.5083031720019,793.2053647658349,1613.2084815712067,1623.6941828420381,1623.2208879468183,1620.9985523125008,1647.3923306223826,1625.3259306127688,1638.9717441781352,1680.2111054706406,,1633.0533011748084,1586.7773661222834,1735.7219871350155,1628.258989184017,1628.9486844376327,1628.509791413761,1602.9107368427333,1666.7886229041587,1606.233761428367,1641.5912511001663,1584.8542910409653,1583.9455210695498,1596.9845472496497,108.73013159331146,1573.6718211718842,1586.8316583724506,1622.5923645901025,1636.6887051870992,1574.8690373539405,1607.8381550726156,1571.1123688443522,1585.417675376975,1579.3478926572395,1569.0678315588157,1561.700540508312,1581.589196223862,1590.7421288200508,1583.436031556105,1602.3137575564497,1582.1436206115811,1577.7787604809816,1584.1148583600007,390.99202879698544,398.5907486635301,402.3769645260735,392.0980329451479,391.69801132955644,397.3593124825414,391.26900533317524,406.2609945643996,400.1593044392234,419.51855451512506,390.6620726448722,422.4301130460404,403.4863683462737,402.61691302153656,397.6687714580255,395.04384632105774,391.3626352039008,391.3626352039008,449.69524173199113,405.0567616020397,444.9130595337743,457.5429448290404,396.97464508249396,420.825712232954,415.1267897106672,408.7309808664059,396.28474866516945,396.00234056747246,452.19891387400827,412.4024975656025,416.8077875492623,407.8637814266272,403.49923412862586,419.23956176925094,405.26164365274747,415.1704132634713,427.6312317599853,398.42820948981944,427.21744388480005,426.0435307105005,441.20246915667786,411.4043265347771,391.2838866642452,397.98942982956424,501.26082030112775,449.06340009849123,392.70738305689844,398.8836106368661,400.16393503500194,390.2410465719652,390.2410465719652,390.2410465719652,390.6049677600082,390.2410465719652,395.75915878304295,390.6049677600082,393.1005148496505,511.0032258923094,393.2847995186703
790.7486076225931,784.1456093260406,833.7865471246058,821.7128928643438,1580.918768652011,607.5414173399226,2101.7202717075374,2100.4470394418418,2080.7931657806516,2149.1431833269485,1642.9461902631504,2390.2634812638207,2364.0681110843548,2129.5822385515216,2380.513171785517,2371.474185088872,1591.4395852790835,2341.8990573560322,835.9880431895955,795.5808637530122,1599.5741951896832,782.4060438035549,804.1143917920817,1586.6022121079413,1271.555171484884,1400.0375563834084,803.3292980766038,778.7354213277438,787.5530104518116,1662.8131382588188,1699.301758003837,1632.3684316920771,1616.5131183983435,3170.562910431705,1600.7935356474316,1623.8024358506573,1665.260632035315,1633.0533011748084,,3164.519432449742,1750.0987993338622,1685.8426913657818,2225.7134620430165,2419.547072894946,2434.3684310817976,2216.157581086715,3167.6308403225485,2415.9922089591896,2411.490027643716,2392.827304789993,2409.43662378785,221.23162331517008,2103.20420981347,2383.183361274627,2397.87335735246,2383.9285760389716,2353.7952899809043,2371.6342093683284,2345.3758945943146,2356.180563772939,1579.0836684834876,2353.4287273252503,3130.4140123611915,2086.762339888475,2358.076856963729,2351.9463403561926,2104.7013411432054,2356.3161876260383,2356.840178709802,2365.8023069192777,1949.0339583661591,1957.6727631055733,908.2947107692645,1168.3376745446049,907.7476766769539,918.7411550175063,1168.5226171020213,778.223080978883,913.3191573264698,913.0121892679874,1167.1978918580057,1968.4828843282746,1953.3355268839616,1958.2182976571803,1953.7719731291343,1947.0069537219235,1947.0069537219235,1947.0069537219235,1964.9642056706962,1957.0900144325499,1198.1841533352124,1960.2815706363667,1949.195872871849,1952.8136689620637,1167.2168111787112,1950.2470127165668,1951.6729048001664,1952.474341683708,1953.7744823363607,1950.2414647787207,392.0334431820192,1962.8567174823904,1175.9328517404874,917.1950421715294,1171.808015412994,1176.290589854898,1172.27234969779,1167.9650256370965,425.5632667225757,1972.1693551701187,942.6866666505723,1183.8452973497094,1172.4273236913189,908.3256063890435,1971.9703205356973,1956.4005244761338,1947.5508251738365,1953.8378625471378,1946.6682743110105,1946.5787630289824,1946.5787630289824,1946.5787630289824,1952.8602811510361,1946.5787630289824,1948.7984183350547,1946.7392848265335,1949.4937166523125,943.5355330253776,410.8568065758785
790.8998048817056,785.7201477589784,805.927009279847,811.7415467408662,1565.3840750694922,592.8297280981037,2101.806259332755,2109.870052595516,2082.6546579726214,2111.3128949071406,1618.191173338573,2371.6523060421455,2358.8604405282517,2103.0410979033786,2362.576753774929,2355.652712731252,1578.1637967993995,2354.998585002375,827.5074832752118,798.2359353768425,1598.2530249923557,789.9082487519396,789.1904150672779,1574.3685355172224,1261.8904797007285,1383.3862068281687,792.8591566949166,780.0636604964584,779.9773064398602,1611.5600226002202,1611.6474904768074,1626.5529093155699,1597.423564678103,3152.8145881898745,1586.7186855392672,1608.7707718111444,1637.996466853043,1586.7773661222834,3164.519432449742,,1623.0062874436142,1607.700337365099,2137.598014272944,2405.8373568971156,2398.7239590316813,2146.5085938385378,3203.3180006354646,2395.0542249632012,2407.655822472905,2361.7513556608924,2357.734990393117,131.2406774158605,2097.2875552438163,2352.6072281242587,2360.0943947245773,2355.9285981208145,2353.8430528400886,2362.420013494478,2341.0604087005004,2336.9097453357263,1616.5888837969862,2402.700711283933,3153.457113516236,2102.0902841632624,2375.936034743059,2364.5701659133865,2101.9475592829276,2382.3682305745856,2366.0335710753334,2387.1255658703776,2081.559836765107,2114.9750294885534,976.8532311730648,1224.5062518400496,959.9037536659416,995.3380936403425,1203.5202148397273,822.9101396857342,940.2356686408649,974.9236933306262,1177.7678984933034,1952.821127824302,1948.737107755068,1950.7658455400149,1950.2743565098049,1948.1160893435572,1948.1160893435572,1948.1160893435572,1956.4007511010404,1948.2816535293764,1187.6101478094172,1964.2636730577774,1950.9913754974602,1951.8982978640454,1180.9182996313466,1957.268962515118,1950.1043922325016,1955.460490727286,1957.0774602489978,1949.4150877515272,390.67673760106726,1948.9228939271497,1206.9547447253694,944.8073931753111,1218.4743393450503,1208.2470949947,1195.8833594143537,1174.7908934169875,473.67928023188324,1992.0774128686005,943.038004649396,1182.261235031329,1188.2180272864398,930.8453598267286,1952.3155142618052,1956.120066314663,1948.266935159591,1948.577412808675,1950.2805049918493,1948.1109324758845,1948.1109324758845,1948.1109324758845,1951.3377663377669,1948.1109324758845,1948.879504283175,1948.421897807227,1948.150173529892,915.0769928630046,412.4958258544944
790.8570323939572,786.696227969548,816.314930970442,828.0771056936924,813.495305840029,127.35402792896947,1598.8588950141634,1598.833324070817,1570.1343287599946,1613.4459797372526,1628.896709209547,1648.3086820739466,1607.4636091056134,1613.6448735977904,1610.1319640379838,1614.9711893404976,1587.6701381721743,786.0009209897535,80.4136626328406,794.5076296946766,811.7616787549367,779.5211802391001,827.7481908632975,1101.2870312580162,953.4697064079778,1006.0559631654949,796.7029201085447,789.2073047331635,793.5379945386951,1735.0911750588396,1699.4053160986866,1700.4419645794364,1641.1571999325097,1685.7167042195808,1634.7047007051501,1672.6425565302623,1775.4631923571092,1735.7219871350155,1750.0987993338622,1623.0062874436142,,1744.1015926988123,1768.0490490203683,1718.581286000752,1685.2191970922222,1757.166928571095,1631.8899726775644,1711.7222848448905,1637.9268308703606,1608.849726960187,1607.2731316003183,261.3475103076893,1585.8715846491318,1614.5596907079068,1670.8888700519503,1653.6857254808997,1597.7342110814793,1624.255074532758,1569.670404657822,1582.8008542637858,1584.5458763623164,1578.8253492658328,1586.3669266464203,1580.0731742234705,1595.1666951943255,1588.341761246832,1618.6964864126112,1590.2387801372322,1586.0040611854047,1573.521740381416,393.59157937823926,401.360739497202,394.5851870155183,390.90503086373667,390.1679231655627,394.62458639130847,391.0173682520991,408.07912204395507,402.61596678132867,407.8881395380538,390.47769398561667,413.6389485115343,401.6668066233457,423.2099543091554,393.56980226934684,393.3163914017222,392.3712694072739,393.3163914017222,441.46649558198146,405.1570201113973,465.34724160575075,437.4747977749474,401.58193691649956,418.7857236284679,399.57191987462056,410.7051500472292,402.0357999420225,406.71537453115496,451.98676221814924,411.7977665834752,395.30034957741213,422.3836041347933,400.580479964936,423.764552961125,403.3888152105628,424.6974292532227,402.36045355084764,396.93437969047073,491.4816278768569,461.1806923875258,510.75648323251636,402.6612207416511,393.5308829862469,397.5919548361993,522.1728879549551,451.6465941678889,400.07964477812635,394.9689020543494,395.25982392913045,392.35217391304343,392.35217391304343,392.35217391304343,394.92468244642157,392.35217391304343,397.50050393348073,394.92468244642157,394.9014559433074,505.34870047766714,397.94217423533735
790.8070641963052,780.7598944916609,812.416889643603,840.9472694536316,823.1052097839408,96.75116113367858,1571.9517144632036,1592.0784662306835,1565.5155132783154,1600.218428244499,1655.187295364962,1600.4431127927346,1626.2409169527766,1613.160287266553,1626.7196671098834,1610.834622961019,1616.5822372485347,799.9028946290128,75.19398846839098,788.8600520702745,814.4853863285367,789.4965011574308,797.4050911549693,1059.9857133728574,959.9057975233547,1002.3254819108145,817.6888480882453,778.6498710068372,779.5354625437894,1652.656674903628,1712.2355007037177,1679.4203495461459,1594.2622018443658,1613.8711825845198,1648.010026919789,1684.543809644483,1648.6216615726657,1628.258989184017,1685.8426913657818,1607.700337365099,1744.1015926988123,,1749.9856380417402,1673.1631945820027,1698.741895747653,1668.6005491872797,1630.6256035628523,1684.5683336582435,1625.4842714533886,1589.2393173424716,1580.365488486122,222.59742583186116,1562.0619918395191,1585.216953867951,1596.900248091753,1613.7258893345067,1568.1263116598693,1577.5165651540503,1562.6180108964088,1562.9908251756085,1595.3018420989167,1578.7370093104112,1583.1945884239499,1590.3373625525992,1602.7563015484798,1577.5068006791612,1594.5631770598382,1587.3248883743126,1585.3438119518028,1597.0488312531158,389.1575083684369,412.5552617219527,399.02112216019947,394.24992986157395,402.164432747431,402.7072842489962,398.7667506646109,398.2493715896574,401.8082462060648,395.9192079114469,389.15633606452303,395.0652010731759,390.8862256042233,396.0781964029481,392.5161524408707,388.94340998396126,389.82736725567105,388.94340998396126,396.56917705627166,400.0197935508534,405.46766535367016,402.44407302830933,389.6327834136027,392.24567331371446,397.1339791623296,390.47503782686533,391.84426776440523,394.78215432242825,393.51316278080526,391.6878730511465,392.0729302281605,396.903063615097,405.5666869636051,410.1133966160863,401.1785918231786,406.0216221465329,398.4333831765368,394.6067643635805,456.1539832166351,421.8924970188242,443.1067098805958,400.98630859824533,394.2818107799615,391.66925988347236,404.54647391617755,394.2855761304026,393.1766790250149,389.47820281705856,388.9211123539236,388.8605216433302,388.8605216433302,388.8605216433302,393.0357483852606,388.8605216433302,397.21635210947295,389.1017664220851,390.23226793607904,411.4670404342322,393.5510217500959
797.2465286148305,778.9665468992347,809.4571630325393,837.4413703047644,1850.5018028337226,788.5340237403755,3144.3044831932593,3149.990830052043,3131.65262704648,3171.180755090595,1622.8774112946737,2637.8070814050366,2648.8622901987633,2317.643082106097,2649.965976999672,2649.9562610275893,2143.5143011973555,1303.8465376732554,349.26393258274715,809.918300808614,1079.7506824056468,796.4129665403234,792.5469034698397,1782.0278602719543,1908.3056171791427,2186.4738569387578,820.9067223136921,780.3206318564885,783.6373841067359,1632.1985757242173,1643.202711265284,1649.645544906176,1609.8383483113735,2130.585912851072,1626.5698135424102,1669.8018551796251,1659.7105105798853,1628.9486844376327,2225.7134620430165,2137.598014272944,1768.0490490203683,1749.9856380417402,,2655.0709896445082,2703.240640122515,2363.0449601278383,2127.329191500746,2680.2427735768433,2665.405527409216,2639.3862362571886,2653.4491100334326,169.02897111471236,2264.5784851257695,2644.940350677244,2641.4585435646018,2674.9098182116873,2621.1225696755732,2613.413323589457,2600.403404815651,2602.383521907285,2117.644467726088,2620.996692459643,2098.728257150192,2269.7942336299598,2629.609311340753,2620.54183977762,2279.38488071959,2617.274185058002,2612.911328225134,2622.7560180416453,918.1721298336099,920.3656387898524,1088.1640883673917,1430.2717452276938,1951.5785426378134,1962.8525263524853,1431.6879637381091,1568.0589428215014,1087.5299140508153,1955.884361383571,1431.149669743957,918.1542300692724,911.4493140105548,917.2283461220404,909.8883899977527,907.6181048628839,907.9331262289093,907.9331262289093,917.84459369393,910.4771382817969,669.948353368888,915.7723984288996,912.4663186446409,912.452440827516,649.6805601320793,909.3660214111433,909.3123330269477,913.1772424655198,914.9099746357541,915.8924398892408,393.80441715377106,921.8915730225776,1439.1062898708133,1979.0484638261207,1441.4920806981124,1440.4069263801816,1440.0894243835871,1432.3867209029045,420.73822027056684,950.6886069370385,1116.6299684526614,1431.6382519254425,1440.9934519710287,1957.8575670549085,918.372042607079,917.434474725758,908.1256595686373,908.2954104587491,907.3127671079164,907.2493955032311,907.2493955032311,907.2493955032311,907.4199981987792,907.2493955032311,919.1687905635131,907.4199981987792,909.9203267242963,573.7595844462088,423.7830855927215
802.1302765769299,780.2565641501226,820.4763387555645,844.7155500974106,2364.455009090567,403.20344337915384,2645.334723510001,2670.7975208243743,2610.9460276752293,2653.0767971379264,1655.646371328163,2109.850723188392,2020.6352932332697,1893.324204318721,1991.9851791403062,1995.602141010744,1592.5372251369092,1574.6328839825587,479.95987707918,801.089692440938,1210.4325666879504,792.4321933133766,818.6401532866424,2152.0483916640524,1603.1832155756492,1794.0521503372156,837.5379719062009,784.6683001987093,793.4189112414069,1738.4692339524609,1684.1015142814401,1662.9368526262413,1612.2517732256626,2425.539901542682,1623.0462273202484,1669.801305123111,1694.2696066701856,1628.509791413761,2419.547072894946,2405.8373568971156,1718.581286000752,1673.1631945820027,2655.0709896445082,,3338.43086159861,2714.4482357881775,2437.6484173765148,3260.765455638064,3225.5658663100935,3204.759139749713,3255.6918530897233,276.36192086249923,2628.9032412313522,3160.2543508816193,3215.864809659145,3205.2378405771806,3176.5102084516984,3149.1337682086973,3122.7289074002647,3141.7812035349307,2372.6193371680624,3145.3975169567075,2360.7540981253364,2623.896223151669,3160.244267951668,3131.2454939305376,2661.416044759164,3195.471804951906,3145.776776759461,3174.8240065062055,1168.0219663244525,1187.1440118633643,1435.212230957101,1951.394843657635,1430.7115434825619,1444.3232523254937,1959.197066721786,1198.6627431716472,1446.5767913919965,1456.8875459103324,1948.497770735399,1185.3459068194206,1172.7113853113008,1186.0475974099013,1171.8321482290037,1179.4525263717783,1172.6505633329898,1168.5547473847453,1217.9058992605183,1173.6948591504909,829.7639734940439,1204.866657124467,1175.2172840094172,1186.6322814675625,788.9520456902437,1191.5644433900645,1179.2790659551158,1183.7305732614343,1221.3974993256327,1201.0952313674366,410.46803091079596,1188.7806984189544,1992.2187243717813,1484.794890074671,1972.7096831731308,1976.7951256507438,1982.995437105945,1970.3995528849964,488.1920644178269,1261.7879366178825,1528.4875543368853,1967.9571479838178,1963.297958207908,1449.7655147830772,1213.9146841914235,1189.5678194999045,1176.3740156496829,1176.6993422436976,1169.057820639289,1167.162240479322,1167.162240479322,1167.162240479322,1170.2288803472757,1167.162240479322,1167.8575972759452,1170.2288803472757,1167.80253044263,708.3496610355221,435.63161597111406
801.4435490250793,782.3775334553621,849.7147957909067,867.5604664020555,2406.193313143289,412.78490904861206,2617.449490840968,2642.621538241522,2610.7668825013334,2647.6143843280556,1676.3754561605253,2057.9649666791843,2060.017591837303,1969.54954978184,1989.524673823996,1998.5660418065004,1604.452364211271,1576.1754922643643,522.1410146973479,804.4222261735295,1191.7575748820057,790.9280659728447,795.955981589612,2123.310810916484,1594.44443321061,1804.5772392598199,826.0112209292569,786.4339763889707,783.8715499792343,1687.5896203980892,1691.4294690831669,1706.4579776464514,1596.1193441149117,2392.933185542725,1649.8115328771346,1648.5852589324625,1668.338351540147,1602.9107368427333,2434.3684310817976,2398.7239590316813,1685.2191970922222,1698.741895747653,2703.240640122515,3338.43086159861,,2784.035003834736,2473.1191944079765,3269.9791139600175,3218.065607421915,3201.727749806791,3171.0893098429306,287.8156816464095,2619.2552492577324,3159.06292165679,3190.4833397381926,3280.7090321208775,3137.400044992109,3135.4321413269754,3116.8884358849914,3127.867523329965,2389.7711511378047,3163.3495126709513,2391.2888631106252,2647.2533378955072,3189.9220648829946,3162.423989849938,2662.4630282055105,3185.248380205,3147.6710959618167,3159.4483403090644,1168.8201570797105,1185.5944170991825,1435.878068239036,1947.8815405053108,1428.9709397824001,1449.0697850712115,1963.5894387649148,1172.4979509041323,1440.2223418011338,1431.7985004044986,1948.3159616474463,1190.55801647155,1175.2559954268686,1186.4311088668692,1170.306668913576,1167.2377618882656,1168.0633387488112,1168.0633387488112,1189.8893999771558,1171.541607530849,798.1247867417404,1185.1683504171415,1167.2139446197464,1176.1590337032933,783.9584768697378,1179.9671829658398,1174.091467002723,1180.7286889782179,1179.6378559724499,1169.2579192188139,391.92271915741793,1170.6076653844664,1964.2578283211585,1462.8698556031584,1953.120097821859,1970.3509382760778,1962.6398599361078,1956.8722808700018,472.83210132917077,1243.0273969253437,1510.3536923904735,1952.5565055317372,1956.1512669117594,1450.001274819007,1187.6973640009799,1179.4820689660896,1167.2322063410602,1168.8519894455835,1167.3195831158216,1167.2033055128807,1167.2033055128807,1167.2033055128807,1169.6562110673624,1167.2033055128807,1167.6327683425422,1167.6146807991777,1169.546577848204,671.8551193654087,436.0703208823063
799.6626267641714,779.9436352182028,821.1970459226836,822.1611932426131,1844.2030982743943,311.27889497015155,2301.7716740198152,2289.782183246799,2263.2113126685904,2295.173455948907,1622.696030454885,1916.4134926921374,1853.5738977327264,1791.6958815935736,1842.2320859266506,1848.739086533185,1574.1570537273124,1299.9200412473663,334.0195786846985,787.0359215982593,1072.0553906618384,781.4503057036446,805.8375088348242,1797.1637697582903,1365.1172670509388,1525.8625536972863,808.3524573062484,783.4731883091001,786.0048188495506,1652.2825550549483,1622.3552914637162,1617.1858666917713,1607.6088128767221,2106.1671211544035,1591.6363278161164,1667.9692555007668,1698.4066371206322,1666.7886229041587,2216.157581086715,2146.5085938385378,1757.166928571095,1668.6005491872797,2363.0449601278383,2714.4482357881775,2784.035003834736,,2219.843092549752,2766.4284712048025,2654.162273527883,2648.1978445589543,2618.5998312214538,179.65574564575394,2271.0948555615355,2644.823117108048,2688.582052406817,2663.3665902415323,2643.6141886839814,2644.281927013781,2601.6579806798277,2618.2545300156266,2133.8706820020348,2621.163019033897,2116.6112175401845,2271.833758933355,2653.6748870125716,2624.3831809824474,2314.6245204196757,2661.160561818819,2626.2769216168717,2645.6267916022516,911.7037977047944,931.9643959046815,1089.0455132917248,1430.0841485219391,1083.5333289111682,1108.1684615929266,1434.9188519071438,926.4413529045152,1096.7345974903503,1099.7790123417967,1429.1267477445538,924.9809778835148,912.5119474588422,921.0391576535774,919.9423462318662,923.6421570419982,910.9243865205483,910.9243865205483,937.4795008896058,924.463720478904,675.8265725213486,941.9848449175853,929.8736497716017,930.7340660540979,664.8811154731594,946.8670209578233,914.0462979662648,927.7707770191687,939.2693589337582,919.7177247383355,401.9408470433009,914.5248955606846,1445.877443542848,1105.1376957312243,1435.769674519726,1443.4918573806324,1451.670233190872,1430.3171488455162,438.1320795951823,962.6149578145454,1161.4541766408652,1434.4359500969992,1430.757776094069,1103.3738701248267,964.5031896638752,927.5201432554395,909.2431257465572,909.5185480792876,911.9156842129295,908.9908505702995,908.9908505702995,908.9908505702995,909.2668508236408,908.9908505702995,916.307069610095,912.6466060943673,910.0125422561433,595.414715351476,460.6024456674859
791.6158355651659,784.491771094735,799.3429444034332,815.4065087847536,1602.875101480217,623.8982346382313,2102.2451395826197,2104.334250524854,2078.507449103192,2106.4112661301715,1625.960824978733,2396.0650798858283,2369.5815737473094,2110.9082450206356,2353.5792619302338,2367.1703143386567,1582.1132400795113,2346.8959292059417,831.6830540945816,788.3573122555607,1595.3050903438666,787.6605535514574,793.2432730525153,1591.2575423141736,1251.7349652402308,1379.7596027820725,788.6498923349968,779.8770396102917,795.1569936725938,1637.318264102761,1630.393006311297,1649.4302368694662,1576.9923245162943,3153.29386624488,1602.2063913751776,1631.6894271619612,1684.1079215243276,1606.233761428367,3167.6308403225485,3203.3180006354646,1631.8899726775644,1630.6256035628523,2127.329191500746,2437.6484173765148,2473.1191944079765,2219.843092549752,,2426.284244932418,2383.234578856026,2385.4474513212062,2357.9669509310856,122.55039306111668,2093.8957908227753,2369.129806914448,2360.8365378325047,2378.2912033361267,2351.6818963280443,2362.6380362827554,2344.384239732254,2340.6140784798595,1833.5713081954884,2470.285428377025,3285.9425464839733,2160.3094942728676,2489.5373010568906,2442.9505264902796,2176.7185475820856,2441.8693308130537,2413.393473115164,2468.0389687174365,1966.597920832737,2048.225628912734,975.8840979951797,1200.4922195734143,922.10273693209,971.0502661721464,1210.219372121419,814.5927341944896,967.3137873799527,951.3291072845421,1186.0566883318252,1975.226102207744,1960.6233354856918,1958.4986815138748,1950.913017815927,1948.510476130461,1947.1329711564556,1948.510476130461,1974.3611795432207,1955.3123111967232,1189.7522992496029,1978.0123303105545,1950.941708255934,1964.0542715529143,1186.6256469747734,1964.732389838346,1953.5423214686457,1967.698225423754,1966.781066427156,1958.2681176653157,400.69476284543407,1954.1316756667197,1200.745134895049,981.3679738869491,1202.5920081601048,1232.1802361390305,1204.6090552616602,1190.2235095089368,482.9370344587929,2018.306629504664,967.4680582161753,1185.827356100793,1186.3449552434702,950.4117463957745,1972.9745311835702,1959.6683010230834,1947.2793973278792,1948.117341377454,1947.9079147509947,1947.0988037495233,1947.0988037495233,1947.0988037495233,1948.300076711094,1947.0988037495233,1949.5028967080302,1947.9358805149036,1953.1206688536543,926.1714150249388,420.17497882516943
802.2155810519325,784.5005493144206,845.8779850638527,847.1173895937948,2400.886589479983,433.9967569806878,2638.01278609347,2659.7468053892344,2620.508558183045,2656.177535220256,1652.5999265385174,2082.322919324907,2034.3782275513756,1894.7360229600993,1964.5938913081472,2001.0745656804206,1579.108881199047,1566.7713303162016,480.820054531003,791.5702661626827,1193.11053042003,787.8859885197236,798.1376831279599,2138.0331223451167,1588.8434986654704,1790.1994927642693,810.8178952182334,783.7724332846506,783.8647140843823,1692.6896936320306,1679.6004105424267,1667.2762740290468,1589.4567469201925,2391.829528165587,1630.165047977666,1664.184666195961,1686.9258598097235,1641.5912511001663,2415.9922089591896,2395.0542249632012,1711.7222848448905,1684.5683336582435,2680.2427735768433,3260.765455638064,3269.9791139600175,2766.4284712048025,2426.284244932418,,3176.5457559235097,3156.5111656110607,3162.344315565211,211.44023283086912,2622.942212028307,3147.3928996044565,3174.2877925942944,3220.769364279223,3141.6507533609306,3134.7560429689847,3121.448870228389,3125.140845085557,2397.3289173670923,3162.794521509494,2397.351973704273,2647.4469133021066,3183.1629221416947,3153.583751880635,2664.4685677465673,3203.7904922847506,3157.1750804212684,3183.6443200202157,1169.9512825102008,1184.8533556710688,1433.0292238375423,1949.7339718190651,1428.9236590566845,1440.0138308927774,1958.6152752419641,1187.2191075582627,1443.3704857031032,1443.3681751862114,1947.6107288717478,1182.6358633872867,1168.463442916077,1184.0527917957397,1176.8009491347857,1168.1555380826687,1169.9559298679978,1168.1555380826687,1188.732285133388,1176.2005747063977,801.5786094658458,1186.3168174986654,1168.1611380111326,1179.727391127541,782.1907560952569,1188.0040151401636,1177.8263918890536,1180.8226575995866,1182.1150813399377,1170.380984706688,394.5926303753262,1169.1304437118592,1980.0794717101417,1456.1042460145322,1963.0762377969568,1976.2618335664706,1976.8463698884686,1964.6868446400895,464.5272990763559,1237.1929948326906,1523.0299637962116,1958.6255116832497,1962.9228186796372,1445.5175480585178,1223.6418313157287,1186.6641551675777,1168.066802570325,1174.9313234415888,1168.0800815154014,1168.0624104133576,1168.0624104133576,1168.0624104133576,1170.1931018798489,1168.0624104133576,1172.326537314745,1170.1931018798489,1168.2133533400463,692.5735776514931,433.72588286821593
802.2537410611058,779.6164150025377,833.6825432724997,830.2860459208999,2367.624087570813,360.11193720646145,2618.715051467569,2628.645867435114,2598.713906657102,2641.035507117389,1623.0386175935237,2012.687995955255,2000.3967071815805,1859.9215273039447,2008.283894711278,1980.905486714671,1593.5681587541235,1579.9057062632808,474.13119688877924,805.9924067261184,1217.9150788589307,798.7343376182995,809.3993313188739,2138.5938903020397,1590.2716793419827,1806.207049233597,822.4057472405311,782.2323985543966,784.7882653689848,1689.2897286461036,1668.562199102147,1641.3831860851983,1597.2241169149588,2387.170812052781,1592.6878241413272,1619.0939769752572,1655.9722694681084,1584.8542910409653,2411.490027643716,2407.655822472905,1637.9268308703606,1625.4842714533886,2665.405527409216,3225.5658663100935,3218.065607421915,2654.162273527883,2383.234578856026,3176.5457559235097,,3218.943076655538,3195.327840950701,252.24027568721885,2634.2047647712275,3153.4929695902492,3176.096337026797,3173.3387594324936,3139.825335386982,3119.388689787054,3125.458211932287,3129.6208134000735,2377.1727673136493,3138.1817047205127,2372.051824074968,2623.2190069431026,3156.1431784452107,3140.993684401822,2629.794406224601,3150.64112380946,3169.7178898075363,3157.806676178731,1176.6813911010977,1199.487684773248,1447.042049213045,1964.476792023576,1438.2752921999781,1449.3590239233686,1973.9543388607385,1194.1759181886428,1443.5709475953329,1480.0365120090812,1951.954117126328,1188.107669181906,1188.3824825198424,1203.6537810038012,1173.8213598420841,1171.9452124016102,1177.3799394048672,1171.9452124016102,1188.6276619579191,1176.1353997772799,798.9510919073307,1184.3500386094079,1172.973312468784,1182.811837791313,791.6849485412931,1192.3070942181942,1177.3927465161075,1177.7248129707425,1191.8244041576054,1177.3079231161653,393.8312429422129,1182.2897583976453,1980.8183049824413,1490.1122396211567,1986.6807205472342,1970.7215736232718,1968.9383857005912,1967.0118380393785,431.15868290742884,1215.4639957184797,1480.6264389355188,1962.207600175823,1958.3245624198353,1450.911021484791,1186.1227349483959,1181.2683419429122,1170.0322684294217,1170.4672431818824,1175.7269560418417,1168.1486879393972,1168.1486879393972,1168.1486879393972,1170.452045568571,1168.1486879393972,1172.7583695308151,1170.452045568571,1174.0191602332113,673.4391712931268,436.9104541943747
801.5112877155209,780.0404905082447,807.8442047687763,829.5668749761842,2351.5826736273307,358.23529613098106,2607.4548896715155,2603.094306846376,2597.164388387691,2615.3329836564367,1580.2295836138057,1966.7789134366378,1972.4626498885439,1841.7361232105309,1964.0145500694846,1960.7089859108255,1570.6394734798926,1559.449295468967,443.3827622824428,779.1427712996455,1183.1433248659482,779.5228896225963,795.3397089779428,2078.9864746468074,1560.7368356647705,1764.2452718395782,781.006505880979,780.8833660340434,785.4420279623042,1624.854939907261,1616.0380351473405,1587.8177353630128,1588.150358628977,2389.614813634473,1620.2750977100152,1590.9918507634732,1621.6745311254338,1583.9455210695498,2392.827304789993,2361.7513556608924,1608.849726960187,1589.2393173424716,2639.3862362571886,3204.759139749713,3201.727749806791,2648.1978445589543,2385.4474513212062,3156.5111656110607,3218.943076655538,,3421.8099622703967,251.36192088628727,2613.3184600715554,3169.1266522004735,3182.084655787698,3141.7749724905607,3145.5553630483414,3118.249665366388,3125.5543913639895,3128.0221524345743,2373.373712991667,3129.0698476093676,2346.7443046615763,2602.1085317705224,3160.73687525742,3132.2938745320826,2627.7303986062966,3148.859222585051,3138.744550478792,3139.0962210925627,1171.1966615085837,1177.463626680493,1433.0033584939717,1951.373470536076,1428.5184262470223,1433.6926849469962,1948.5063689719395,1167.2360772303848,1430.2346741385006,1451.9633434551295,1955.9085292952293,1220.2687491679162,1175.1058849622316,1178.5255211835954,1170.4838405950861,1196.753927317757,1169.1599700364732,1169.1599700364732,1200.0493510487431,1183.3156762745584,796.0058184478473,1170.7306110613995,1171.8800239316258,1180.5638562197978,782.1254685720829,1179.4053995504844,1176.9101556224182,1171.4514735227874,1191.1067839621167,1168.885241656081,394.62504566478776,1167.1434366318945,1973.583855046788,1465.292863679398,1975.3976038487494,1964.2130144981554,1960.9655829784137,1950.4876079998437,421.16607150525266,1193.2569634921404,1442.0080455307361,1954.7753705751709,1960.716328891543,1460.7004186293784,1203.918259319902,1181.9712824461787,1170.4137422063802,1170.4860799973658,1180.6304765274162,1167.034445087975,1167.034445087975,1167.034445087975,1167.1078820612981,1167.034445087975,1172.9937174959573,1167.1078820612981,1168.4367351900087,672.3746143458177,432.5756285285573
801.4194645453539,784.0425381850899,788.2565385684837,800.6541107356026,2345.079926680463,347.9787743682411,2601.0996012990186,2599.7759640899385,2596.024065679299,2617.974278776638,1575.7220006547564,1981.3904137613288,1955.2265839312859,1839.4261299709162,1959.6856912322987,1961.0772362391992,1578.9346857065248,1559.2346783926077,431.4624243398209,779.0272125743362,1185.2586854253823,780.3640529761094,807.0102864088682,2086.4106382903947,1568.3570954857287,1755.1955709985214,781.0021815082604,784.849072930338,793.745518955039,1632.0070836935317,1615.2855418870372,1590.0401898889263,1597.9288472154851,2383.255747484597,1653.0482755498233,1583.8279699698526,1627.3908276294587,1596.9845472496497,2409.43662378785,2357.734990393117,1607.2731316003183,1580.365488486122,2653.4491100334326,3255.6918530897233,3171.0893098429306,2618.5998312214538,2357.9669509310856,3162.344315565211,3195.327840950701,3421.8099622703967,,181.7631047730809,2623.578291900854,3155.039457544349,3212.529185145138,3167.5073829632433,3123.9656561566044,3137.6138092441797,3117.4982691964556,3169.1203257375396,2348.3131838574445,3119.6368493058194,2338.7627080475886,2599.648659130225,3133.49056156764,3118.13647557784,2614.691542603498,3133.4694988198607,3127.56786165111,3132.395515465142,1169.2317911320986,1176.0706294106528,1428.6710337236173,1947.5195549016244,1426.9668799965573,1432.4142016134867,1947.9022880753419,1170.360021645189,1431.0207812710412,1463.0880637922512,1947.4781197420878,1213.5957111173943,1178.002426312874,1179.7800771020313,1167.6073517466193,1181.0560567386624,1181.0560567386624,1181.0560567386624,1220.2388137957585,1200.6016893493513,845.3756405248405,1177.4192298946077,1173.1518331894763,1209.541990224427,793.0338747066445,1175.97812813285,1174.579539946374,1174.1183846976699,1216.1047782297314,1188.789270448534,408.36345696643076,1179.6138223094765,1979.206627457978,1462.8617723324692,1964.6711703567955,1956.7872879291747,1955.8983901380648,1946.7267506444825,435.1205278653423,1191.0245641784322,1447.7986496925498,1951.9789287186943,1953.0889185952399,1440.9108413393985,1247.143845571122,1230.9629841921,1186.994826045874,1171.1591400041484,1174.958890110417,1167.0296585305773,1167.0296585305773,1167.0296585305773,1167.0935162248431,1167.0296585305773,1198.9338230937649,1167.0935162248431,1193.4363608996878,723.1360571219884,433.1337517838213
21.022225285085455,27.04377714071977,94.51320922757908,118.68490085132977,46.211428381611086,43.857048607744254,59.96507636258032,74.62664055842231,39.87642195986692,109.03781345189066,170.04949991972967,180.01918413809184,100.65551040583883,109.14349710154835,148.26038219035422,94.61127435657517,68.14210926633642,66.02814640942212,76.0511384878765,59.70313610116342,85.82237910339056,37.22121229824906,39.14768488329697,78.53215772957365,73.74515262031252,80.35208528243894,93.49018971580504,17.383956547739597,20.27258312910263,357.9018325575456,325.2510544768175,181.9297707639901,129.30892158228505,143.4379040936727,133.7182678648776,136.4841546627439,231.70258628843843,108.73013159331146,221.23162331517008,131.2406774158605,261.3475103076893,222.59742583186116,169.02897111471236,276.36192086249923,287.8156816464095,179.65574564575394,122.55039306111668,211.44023283086912,252.24027568721885,251.36192088628727,181.7631047730809,,59.48654416509332,88.90442040485604,135.0488367475039,132.28580379925148,79.03174795235502,60.931863430738346,37.34973073579968,85.31131704565905,84.84521347973926,72.13759245021271,69.6066813037096,65.59756349508632,97.84587890609092,56.49567473108927,88.73984867439884,91.1423227785489,68.46766338108162,90.67158649308007,16.142757346210644,48.62990859025737,19.365693562808843,19.912993666590204,13.94768643377034,45.500411647868894,13.940262430748222,19.11407820970672,24.443235355135094,35.39467941965853,14.374762111937086,41.03139390434539,14.889901096077573,35.30263753117026,20.0579064626624,16.02774902252085,13.072833713386304,13.072833713386304,44.59940905056639,25.165571796512257,43.51756516048414,31.015214246641122,16.702802755199087,26.00343056781251,794.6247284224554,19.59698160377194,27.137653145250887,17.5156404677575,28.01317639821002,20.106907700324875,14.568296887982036,28.16866319440312,41.46401947388636,48.78550263895401,28.46917245413536,27.567879659387966,37.89372911882159,19.559665417996648,92.7384934679234,72.10159095542268,592.127525914077,21.413755380324616,32.16509315655689,30.20095218054639,57.842791110788326,43.38606512257499,27.89692751948609,13.685056680528898,15.530646242592251,12.668942393189889,12.668942393189889,12.668942393189889,29.607062109666117,12.668942393189889,22.69010912104189,12.951342984663084,15.379790095068328,69.75272561239217,19.186930955370578
797.179208125126,781.1264934516884,790.4727972894974,790.0287866802233,1818.2607259422916,256.2125601117972,2255.8398614657485,2256.372031884692,2249.6324948938745,2262.3373404843132,1568.490847408693,1837.5149698809482,1817.1897472790831,1736.675925536225,1840.0896851916511,1833.127007353634,1576.5783756630342,1299.1350690164459,302.25036651878156,782.0355597584817,1061.4812097628026,783.9123561438356,786.6903058605392,1737.8891142114524,1349.5257239597338,1495.0391474350124,780.0170946496926,780.5921428333918,785.5563278577789,1573.0010243478182,1571.2205579895717,1570.6518263665848,1579.0510350112856,2100.8256735737027,1576.6679087220098,1577.5537129998513,1586.9222403982603,1573.6718211718842,2103.20420981347,2097.2875552438163,1585.8715846491318,1562.0619918395191,2264.5784851257695,2628.9032412313522,2619.2552492577324,2271.0948555615355,2093.8957908227753,2622.942212028307,2634.2047647712275,2613.3184600715554,2623.578291900854,59.48654416509332,,2687.61552173408,2631.6202097497057,2612.3602524539433,2619.928903851974,2635.7074766628925,2597.6372225012374,2636.2753544731972,2108.9063576027265,2600.2896403706345,2082.9443369252813,2253.277761810624,2596.5835724341373,2598.7653926299718,2258.5487544018774,2610.4152361301285,2606.679684606575,2614.0556937946676,914.4216218271446,913.548093073816,1087.9290708927613,1443.3290303192898,1083.8159381714422,1090.9863116314696,1430.342715073247,923.4736939732816,1084.2694573965675,1092.334925424927,1430.588413212996,908.3706623544858,907.33357113671,908.2525963719315,907.2418510118003,908.2067641731842,908.2067641731842,907.6790305973839,911.0813412639479,908.4999218434859,653.8486238985686,910.1234224741869,907.3758258212472,908.1154068905461,651.9471528988273,911.4310987790286,909.7004586472049,907.8450774063132,913.6593752346399,908.7875398678342,396.20083788204204,908.9336238435699,1436.7120742137652,1094.8595280994664,1434.3675319922106,1429.049837312832,1441.2575767790572,1434.2923264624733,409.0908870016513,925.4373205455682,1092.9329872993796,1434.6745204405115,1430.835035955056,1085.4667423606838,918.5060706680648,909.2379320370841,909.0134980820193,917.9484104965961,910.1931671959845,907.2212272393639,907.2212272393639,907.2212272393639,907.3354571313024,907.2212272393639,907.4498341319231,907.3354571313024,907.7681634633102,571.7147804143603,417.07764977749963
802.3235884032108,780.0576677632189,793.2816862556463,792.9882629835787,2351.251047574342,356.6292990078806,2612.625673597096,2607.962079492593,2596.5670520476574,2643.605806085455,1575.228946804071,1986.7987852703889,1964.773902499177,1845.7138012319117,1962.5966457974876,1977.5179713626533,1577.8015265182933,1560.2826045536663,446.4637847973204,780.6256125983194,1182.9594909728783,779.4840943715294,794.2211527740712,2119.32733660538,1557.2159818329405,1764.1393552781165,786.3513633555549,784.0525489750831,794.5560703902959,1585.3966827378663,1584.3158839431567,1569.81644616118,1582.4567901246671,2377.251918585822,1575.089696379536,1592.2827309206582,1624.056671104475,1586.8316583724506,2383.183361274627,2352.6072281242587,1614.5596907079068,1585.216953867951,2644.940350677244,3160.2543508816193,3159.06292165679,2644.823117108048,2369.129806914448,3147.3928996044565,3153.4929695902492,3169.1266522004735,3155.039457544349,88.90442040485604,2687.61552173408,,3212.702680749548,3163.8359554749027,3144.1076047314214,3133.1158701452,3135.392302774582,3123.879821108487,2366.98504444896,3141.762564625034,2342.3388831743546,2611.171970562317,3119.484925588549,3132.01281110687,2627.906379024892,3147.6306812281828,3132.638134702246,3132.026640419588,1167.7922066007482,1189.397781492981,1430.1983077705277,1947.1379142019582,1427.3310031515186,1428.5927308842272,1947.0510756804163,1175.1006578110878,1442.7271770997397,1444.6904729534544,1949.7336986846183,1169.2423275728245,1167.5391849096166,1171.1498560710331,1174.251465437945,1168.4556006057028,1168.4556006057028,1175.9562083880203,1201.9040315311447,1168.2137892269952,802.0353587189029,1199.2842946422554,1170.0997500157855,1178.9663457857794,793.3771034765498,1194.2675956816497,1176.1878634155594,1185.9160067142975,1186.476155211179,1181.2345618595314,399.35354912979255,1170.3688488788164,1949.848480515743,1437.1492903010746,1953.6745123059893,1962.7183763732248,1957.6266601555685,1949.1895479523987,403.0084172242822,1194.90501749447,1450.323158698279,1958.4516087477275,1961.7263780170001,1431.5279949886933,1193.7121500988555,1171.4538270016787,1169.437645395075,1169.5304897929338,1168.0929139987893,1167.0446660425741,1167.0446660425741,1167.0446660425741,1167.138558087925,1167.0446660425741,1167.2325710502698,1167.138558087925,1173.4680363454884,676.5412826202678,445.0176708514539
802.8618546083997,786.009945131684,815.2838380250158,815.5249044551139,2357.868751521221,378.64768071067044,2631.2056544881725,2603.404042017046,2596.1594924214087,2653.600007180464,1585.5267162675962,2016.6540513435837,1975.0588738898289,1860.7508052376959,1963.4609367712878,1961.4383879171821,1586.7394962194762,1558.7158110632274,438.31409696055294,781.4685598647366,1189.2049445510518,780.9188082388918,814.0433433036798,2114.560301810349,1560.8697854600714,1779.6492792392555,786.5083040330519,784.5268986128576,800.3159639785459,1618.0007042390364,1598.0898228791782,1587.0831950906693,1616.9520372586505,2403.6017263366484,1590.5822616319178,1607.573896151055,1627.0769822041239,1622.5923645901025,2397.87335735246,2360.0943947245773,1670.8888700519503,1596.900248091753,2641.4585435646018,3215.864809659145,3190.4833397381926,2688.582052406817,2360.8365378325047,3174.2877925942944,3176.096337026797,3182.084655787698,3212.529185145138,135.0488367475039,2631.6202097497057,3212.702680749548,,3317.682719908083,3189.7012549635165,3188.580511724447,3150.499544565148,3173.875298763639,2341.9717848685473,3129.357837720871,2339.708918457058,2608.4476704491394,3138.0723206707526,3133.6753046593453,2653.0531467224414,3132.7933604845953,3127.7682729050125,3146.2905333695544,1174.164620635185,1180.2455342131432,1430.6053313059422,1951.0819587719568,1431.2507523818879,1437.2969090898553,1951.055475362107,1174.591588001937,1433.092178627844,1445.0991886210438,1950.443796112756,1196.1412797790094,1184.8660918694213,1185.185433409888,1187.8583609661277,1171.5106738063039,1171.5106738063039,1176.5721389963544,1221.0890035185487,1194.6384830166965,844.6643100609874,1216.3810966276578,1178.8243383455306,1189.814902953027,796.0118081949762,1200.4839246259783,1178.2985350853535,1194.2253772642764,1212.3282223082338,1185.7699108255656,409.6854213648772,1186.446771239336,1958.2434494853014,1466.4433533509523,1963.8723944992514,1962.4554784314491,1981.5072402701862,1950.8441091434893,426.1518180191333,1206.641352485384,1502.5664841641164,1967.0095553741505,1951.5191621695838,1442.2455547011223,1246.6872793539953,1184.834710997041,1179.6904115317082,1179.8196310792637,1176.3832336630696,1170.8055444031907,1170.8055444031907,1170.8055444031907,1170.9371561274259,1170.8055444031907,1171.068937345189,1178.4260365337714,1174.7530300290646,743.5931276779856,436.5377378968515
801.8908628956282,782.4069143374692,816.9427595124464,825.0801828297917,2380.64196692527,365.20470148673564,2631.494328110196,2614.252065365193,2602.4669014978053,2644.084443009994,1590.4445221767883,2010.9081687681473,2014.4347563966792,1901.533201282333,1965.7699384814334,1961.5857401983585,1589.0774462469933,1569.6189506554208,463.6503946410229,779.8893677662923,1186.4847852192204,779.5164177772084,805.9670247133986,2134.0227622362017,1581.1320880669366,1782.3173560159655,794.3473538233404,789.5000733517305,789.5230058787652,1609.154557954741,1628.0283823307473,1628.742932253418,1590.105438298775,2370.5656587698163,1617.580180858067,1619.8220679251606,1614.249617468105,1636.6887051870992,2383.9285760389716,2355.9285981208145,1653.6857254808997,1613.7258893345067,2674.9098182116873,3205.2378405771806,3280.7090321208775,2663.3665902415323,2378.2912033361267,3220.769364279223,3173.3387594324936,3141.7749724905607,3167.5073829632433,132.28580379925148,2612.3602524539433,3163.8359554749027,3317.682719908083,,3216.679443439623,3183.338891105108,3135.613904986436,3131.2697688310914,2348.2298477579006,3147.9776272299127,2358.9800730312872,2634.6676033883896,3157.4662961322692,3139.04347180474,2648.131394210065,3149.8393871277017,3131.7309141636883,3151.2953207927862,1173.7507639694884,1176.6492369207838,1432.3039565830902,1949.9927469339632,1431.5400367085565,1444.7162626112072,1961.9162413364684,1188.1272939911587,1436.095473552489,1444.3087890004922,1948.4661591451843,1177.955404533868,1173.2566166192682,1189.1184621886516,1180.6805133682378,1168.9760228175658,1168.9760228175658,1168.9760228175658,1226.8150889919866,1178.2375540299875,823.548508339615,1219.8451050318138,1168.9410365759054,1176.8186485062242,797.5426677232604,1194.7624171620448,1183.736887982914,1190.7111026890539,1209.1018145384378,1183.628764615931,395.01044005994333,1170.2743598416878,1953.9150091574563,1472.401460898494,1974.3610020402914,1978.360153494744,1991.5788402198918,1955.1977250135023,443.2881633307478,1241.694490338003,1538.9403784094209,1978.1895295701543,1958.439853561099,1455.0967829146423,1222.6312324693054,1171.8695359913297,1169.2258677971597,1173.0873577332184,1169.0767376103377,1168.9260540313128,1168.9260540313128,1168.9260540313128,1169.186590423271,1168.9260540313128,1169.9858114504557,1169.186590423271,1173.6913410064546,703.0940191395731,436.0730091718259
802.2686513672139,779.9002045940224,785.3099537874261,796.6753473317988,2338.547043449779,349.3628612593147,2609.3288172440866,2622.2612864152825,2596.0307686994033,2640.104725422282,1570.4205506141795,1963.7879853253503,1958.433692745502,1826.2423916785315,1948.1807746404788,1950.0469775866363,1567.306642004277,1558.7518600150677,429.26704553041986,779.8256302081334,1178.6555601139455,780.1961736278274,800.0576639898883,2104.2769390279936,1570.3966587634934,1771.5876081412996,798.3810948658277,781.8071962191067,782.7043898110819,1608.6885518879271,1578.5775880431454,1567.2610582518269,1594.7102199063952,2352.91838168358,1575.4197006961367,1576.6017819400847,1578.670598756304,1574.8690373539405,2353.7952899809043,2353.8430528400886,1597.7342110814793,1568.1263116598693,2621.1225696755732,3176.5102084516984,3137.400044992109,2643.6141886839814,2351.6818963280443,3141.6507533609306,3139.825335386982,3145.5553630483414,3123.9656561566044,79.03174795235502,2619.928903851974,3144.1076047314214,3189.7012549635165,3216.679443439623,,3163.651897083334,3125.6993841660455,3181.5716131765735,2337.2726067355816,3126.0061778835884,2337.774707717788,2596.6812185252093,3118.684699723415,3124.851646864185,2606.843673197143,3135.255142167687,3116.266497970415,3126.7400452178495,1167.6380262352363,1169.8490346497138,1428.2261110309946,1948.5858512707384,1429.8607933755343,1433.3182248450369,1946.9914314504515,1180.3760718683263,1433.031417177972,1448.9184347526138,1956.4814913439102,1176.726211164681,1167.2512201893192,1180.9443864834452,1186.6385951893608,1167.1951440724538,1167.1951440724538,1167.1951440724538,1181.4743535659593,1172.2773959233698,787.6476072968941,1183.587578750042,1170.734660172293,1171.9787508296777,785.5213839839397,1173.9305789692721,1188.96751078473,1169.474402866526,1197.5859901231263,1183.830058912628,411.4235118799408,1178.9713580631071,1949.0447838531388,1449.1503775259966,1960.3726673856597,1948.9071172102633,1961.2013812236605,1948.648591984922,397.0441520786726,1175.8028326706221,1451.508182768981,1947.8400245487753,1948.716214242257,1431.3220540522736,1208.691598881804,1171.2970718319712,1173.5340046995002,1196.917105872375,1171.8600552342903,1167.019632706791,1167.019632706791,1167.019632706791,1167.0634258419493,1167.019632706791,1167.107275375221,1167.0634258419493,1170.2340507956267,673.613583838241,432.15639217686316
803.8295930508627,790.9275834501784,794.1296359125378,796.4535963857062,2342.925775514586,346.56104674140624,2614.1528914231126,2602.7276391787473,2597.7573921537078,2636.896879800168,1577.4971410733333,1969.8497662990492,1954.978066658123,1826.414491338424,1955.9703487429106,1956.2308538923003,1594.4559146408803,1560.7413227678003,442.13219123865167,779.2866378158257,1180.722420298251,779.4908498738467,785.0545707477677,2104.261636288244,1556.9428482371504,1754.5070309322039,780.4137006324654,780.8870961901982,781.7251750328285,1569.5735349994975,1602.8170441862967,1578.6223838976462,1578.7760870468665,2370.9579892229194,1562.8275955989004,1572.43865688658,1589.9895141272716,1607.8381550726156,2371.6342093683284,2362.420013494478,1624.255074532758,1577.5165651540503,2613.413323589457,3149.1337682086973,3135.4321413269754,2644.281927013781,2362.6380362827554,3134.7560429689847,3119.388689787054,3118.249665366388,3137.6138092441797,60.931863430738346,2635.7074766628925,3133.1158701452,3188.580511724447,3183.338891105108,3163.651897083334,,3136.823970514496,3224.4805188728183,2348.4192340620293,3137.520800317655,2338.483212012956,2608.9357402002515,3135.484423091378,3123.4665956440863,2613.614992107907,3135.5033517132533,3120.8964103453636,3124.2400574353437,1180.2389244781943,1207.8218133698654,1444.958216378709,1961.7853011077912,1440.892354310115,1444.4202168515687,1959.4135856835999,1193.9892217980682,1449.0836847911958,1458.4787506844293,1959.474228631142,1181.8039196972265,1181.9704906531067,1183.0169747381458,1180.552983460041,1184.048540591243,1179.4447909886558,1179.4447909886558,1181.3456112155002,1182.0967298232858,799.367777124571,1191.0156218204065,1190.8794513294606,1181.0359281752114,796.2849437638274,1187.6200056819412,1180.2117701471366,1184.2033644922792,1184.2881070357619,1183.8447353731826,409.5895753956416,1184.049470420396,1966.1056527441508,1460.5571611681914,1969.5960289944333,1965.0065590339402,1969.6494822616924,1960.2435179763459,420.72648859522945,1204.4101828579935,1455.769505924427,1966.1918398827881,1958.8611754147296,1439.0751957624632,1202.5265263287472,1187.0319471012992,1179.4042796726678,1179.4447909886558,1184.560797666965,1179.2830583522218,1179.2830583522218,1179.2830583522218,1179.3234134550387,1179.2830583522218,1228.4875967192004,1203.8694959596598,1182.7585605095946,689.9393513991628,445.20342906528
801.9096692472418,779.4214691408353,780.3072135870145,782.35874471822,2337.1561175632446,349.92551812706205,2598.662660201456,2596.019846195753,2596.042417395443,2598.3240615209966,1563.348517074135,1954.1191552327457,1954.3663931129545,1821.3802363860227,1946.8459838796707,1946.6578719330353,1561.6570261107859,1559.7632337850564,423.8121458779745,780.2506077001491,1167.4063254555783,780.2023881849591,786.3950672753014,2078.8070592798817,1557.4592329276315,1757.6004846031162,782.6734096578284,781.4717121235785,785.2190587132669,1561.5520475399514,1567.0489488135324,1563.993475422954,1663.10904955414,2350.295592926697,1562.694523145091,1558.8108529339595,1562.9459485247962,1571.1123688443522,2345.3758945943146,2341.0604087005004,1569.670404657822,1562.6180108964088,2600.403404815651,3122.7289074002647,3116.8884358849914,2601.6579806798277,2344.384239732254,3121.448870228389,3125.458211932287,3125.5543913639895,3117.4982691964556,37.34973073579968,2597.6372225012374,3135.392302774582,3150.499544565148,3135.613904986436,3125.6993841660455,3136.823970514496,,3118.4542437322875,2339.4236726805657,3116.8428707786675,2337.7271139259406,2596.027801723143,3117.6931580539645,3116.07164892384,2598.009664262258,3117.775751647833,3116.084234693337,3118.5949012991086,1220.313096853494,1220.9663187665146,1478.2760068133587,1999.694183560895,1481.0875377184134,1478.2385329017955,2003.1552287195764,1223.9073117694818,1478.8740590505301,1480.373670180157,1998.2335399820306,1226.9878133632767,1221.9068215453449,1222.7108977510593,1228.3982398046553,1218.5330475758371,1218.5330475758371,1218.5330475758371,1235.1565241839137,1224.2447128318,833.6181774366959,1219.0183218451318,1218.6258265836677,1230.3630074611287,829.3805616681301,1229.3347759958613,1224.824424330372,1225.0949075801334,1237.0997398488005,1223.2785097159065,442.30513552495074,1231.9002167238805,1998.84779297834,1483.3962487003655,2003.0997058189705,2006.599803022464,2003.115525795497,1998.27545166644,447.5894108367627,1223.8456048558755,1486.5146623548683,2004.7204240923709,2004.2980510291416,1491.883589950598,1231.4730408398784,1218.5776345396714,1218.5238354333717,1218.5330475758371,1218.6071745757422,1218.496270096463,1218.496270096463,1218.496270096463,1218.5054467165578,1218.496270096463,1218.5146351545793,1218.5054467165578,1218.5422716049384,714.7593276908545,486.3650339682019
801.3085471813444,784.7209074815992,782.85531284323,784.4535868206123,2337.567520766564,344.74539273047225,2599.749910392818,2597.015859432419,2596.8781577729214,2611.06455219138,1568.4449044169055,1961.0632353261756,1949.9027590026433,1832.6728645183562,1951.5332919628406,1947.2607643679316,1587.814631729523,1560.3198212002962,429.7968276998777,779.0546576019779,1171.3190479089883,780.7538113816306,783.6300393916534,2094.391917291173,1558.6632358993982,1754.1247873970372,785.06362197628,781.5174821431817,781.0013259632561,1575.6258347951211,1588.8332703534054,1563.5858326805223,1571.525787847446,2352.7362797282517,1568.5337323891144,1568.4058693238426,1581.795133300078,1585.417675376975,2356.180563772939,2336.9097453357263,1582.8008542637858,1562.9908251756085,2602.383521907285,3141.7812035349307,3127.867523329965,2618.2545300156266,2340.6140784798595,3125.140845085557,3129.6208134000735,3128.0221524345743,3169.1203257375396,85.31131704565905,2636.2753544731972,3123.879821108487,3173.875298763639,3131.2697688310914,3181.5716131765735,3224.4805188728183,3118.4542437322875,,2343.0718137260965,3120.3115958507888,2343.292877084684,2596.111898357846,3117.2732895407903,3116.0400365093665,2601.8745695655866,3125.7450087680586,3119.969944756771,3122.244591353328,1167.5751831372074,1170.526324410735,1427.2186012022976,1948.4264991605628,1427.6651954090723,1433.565669517417,1949.0003352854544,1177.4601751335765,1428.1176720354422,1431.1296056218537,1947.2523361744813,1170.7411507834577,1167.974947582667,1173.544349661396,1172.1882286432408,1180.9057710820969,1167.0746949477518,1167.0746949477518,1181.52373507915,1174.0314292916107,790.9177787990736,1168.5494933620785,1181.393002810895,1168.6562736049884,782.4784849488228,1172.414611380871,1169.0387655688232,1168.7758344355032,1170.5590426439883,1168.6689257920964,394.4022565996195,1188.8800630029036,1948.5104177975597,1437.782610667867,1949.3214290008004,1947.0209007975798,1952.3326104084595,1947.064943781334,390.9174719351791,1171.0313099505229,1431.935937175402,1946.9211509034294,1946.5838369535552,1427.2478599657368,1179.0728487638173,1171.0310573283266,1186.168172547248,1167.074694947752,1208.9209473615945,1167.0062800855485,1167.0062800855485,1167.0062800855485,1167.0233507823436,1167.0062800855485,1196.7088416394438,1167.0233507823436,1167.0918538365788,689.816367859951,431.81489663624257
814.3686268897285,783.3881466986796,796.3554354138386,801.5196989854287,1610.5547108741598,120.82491368937275,2092.3767751222194,2097.87263794419,2078.014322530658,2093.0656482117834,1607.1361298881286,1600.6402097066764,1608.5341256076579,1573.8577034397547,1570.0099048432328,1583.7915265406918,1573.366323938416,801.378808603025,74.34661501891655,789.6900860259823,800.2169671737059,799.6902178818103,781.5504369299591,1564.4162234977439,1260.5030942288097,1379.0356654972375,794.9649876173821,785.5372893746775,782.7650359220249,1606.453032379027,1635.9562871436597,1608.0545775096653,1565.99276672425,1579.4145569686966,1576.7429202220699,1591.7138500955052,1626.076270657633,1579.3478926572395,1579.0836684834876,1616.5888837969862,1584.5458763623164,1595.3018420989167,2117.644467726088,2372.6193371680624,2389.7711511378047,2133.8706820020348,1833.5713081954884,2397.3289173670923,2377.1727673136493,2373.373712991667,2348.3131838574445,84.84521347973926,2108.9063576027265,2366.98504444896,2341.9717848685473,2348.2298477579006,2337.2726067355816,2348.4192340620293,2339.4236726805657,2343.0718137260965,,2546.7184290380637,1830.8328951504943,2177.4205030100206,2532.020088341977,2468.4234365886073,2167.11038709382,2446.3106615450074,2425.4441855572136,2527.459160622658,452.4213179523556,487.38292299489865,1029.8639275056994,1243.4544436574306,934.4687767243807,989.7923143810565,1236.7811384178028,822.6799812735026,961.1844183661115,938.38731206212,1214.3802904334011,400.56902321404306,394.476941387434,398.40251588817773,390.014095133131,392.0122488445637,390.102001728776,392.5733759686998,391.59030812240763,392.5729103823605,400.2948710514869,403.81062101900415,389.99263076572646,396.45209037567355,398.40386280909024,397.05909980211436,411.2827206829015,399.77117350131647,396.6031840140645,390.2828966622634,390.9831912174565,392.347447458459,1211.5685263596333,946.1082982108828,1209.602834194375,1230.0586685730998,1209.236551510124,1196.3849790934057,472.93815491095427,457.0626780448068,937.2689796385043,1196.402367034361,1190.0997382456258,936.83748455271,393.1332119003094,396.16785074536455,390.83654519026805,395.1500906449803,390.4665410387472,389.92113865633695,389.92113865633695,389.92113865633695,390.5829179471147,389.92113865633695,392.9665350434238,390.5829179471147,390.74290431209414,393.814694038852,415.57543932394964
801.3674704042367,781.9410358875856,797.8372280793914,792.5726453902537,2350.8926199949765,345.16667849207715,2601.4054162120824,2614.8622842618365,2596.1371238719703,2608.204400877131,1592.3764561489754,1966.2695179938398,1968.3316302095745,1830.1455673595437,1962.5882835301488,1957.6023448341944,1571.876455151125,1580.6528165507095,465.09209071749456,794.8875051513893,1176.144476343422,784.681362594615,785.6933796265012,2094.8887180968154,1563.816088534109,1767.0266706450964,784.4054061670577,781.525816996136,781.1054932717198,1588.5475428918892,1589.0769645291916,1610.5368829082236,1561.416249736391,2346.41009270438,1567.2365098250377,1581.1454776071132,1581.9771492622917,1569.0678315588157,2353.4287273252503,2402.700711283933,1578.8253492658328,1578.7370093104112,2620.996692459643,3145.3975169567075,3163.3495126709513,2621.163019033897,2470.285428377025,3162.794521509494,3138.1817047205127,3129.0698476093676,3119.6368493058194,72.13759245021271,2600.2896403706345,3141.762564625034,3129.357837720871,3147.9776272299127,3126.0061778835884,3137.520800317655,3116.8428707786675,3120.3115958507888,2546.7184290380637,,2530.167266097019,2683.7408751859866,3294.7487588168233,3243.0081385982917,2688.9146540416623,3239.8559985174516,3235.957881396362,3226.225457093975,1204.7400547326042,1244.0883330938182,1522.501343519214,2024.772877716264,1456.35869787476,1506.5312498953401,2025.3347999185348,1222.5581147909322,1494.6851607236267,1486.787839916051,1971.4960215486267,1169.8130977708013,1173.4854772242413,1176.2665253953505,1170.2336110987612,1168.040632245741,1167.2443409010016,1168.040632245741,1173.096036532652,1172.7898822211705,785.7488474475734,1189.6410556285086,1167.496595750899,1177.2025270274207,799.4653753053436,1180.4878990462018,1189.7061805318851,1184.7614596405017,1176.9030895309322,1167.4462573426804,397.924465604505,1170.4422809713644,1990.5094028502747,1470.8018551008063,1994.1626898508416,2013.7688403436277,1983.6201350335543,1976.7040585125653,473.0472058942473,1218.2954810346268,1469.501417246431,1962.1625943963343,1973.1667922773497,1454.6842154186036,1169.3934890317855,1172.4921042333463,1167.2315186865142,1167.64782658729,1169.7231218632967,1167.2058793583176,1167.2058793583176,1167.2058793583176,1167.622405650158,1167.2058793583176,1172.054031914333,1167.622405650158,1167.4872825871478,651.7427021726105,433.2118365455956
794.6548728116683,782.4566861120462,799.7801303897792,818.0868966169584,1588.4352119190614,594.3076515138193,2085.251495022523,2090.466970991893,2077.533274873994,2099.0165219003384,1609.6936197757198,2363.403793122029,2362.5964609396015,2083.4651029939823,2353.0268785616217,2341.764311390674,1583.7938315023785,2349.4046995625363,815.4514867150658,785.9738421366627,1573.3162293248479,800.7997818263719,782.2398469651998,1579.5582530905722,1263.1272021574478,1367.523757393391,787.1667379301726,783.310859985157,780.2378957555854,1584.1534880669599,1594.0877840322364,1597.1942955537504,1559.9405018639081,3128.0464330550776,1566.004772059433,1595.8520207835745,1585.1904430522754,1561.700540508312,3130.4140123611915,3153.457113516236,1586.3669266464203,1583.1945884239499,2098.728257150192,2360.7540981253364,2391.2888631106252,2116.6112175401845,3285.9425464839733,2397.351973704273,2372.051824074968,2346.7443046615763,2338.7627080475886,69.6066813037096,2082.9443369252813,2342.3388831743546,2339.708918457058,2358.9800730312872,2337.774707717788,2338.483212012956,2337.7271139259406,2343.292877084684,1830.8328951504943,2530.167266097019,,2136.5047470873956,2465.179182334015,2425.705595004635,2141.087971295139,2416.2992801277805,2425.602596816183,2470.442420526002,1980.2832073611255,2020.8853029779343,995.0317195986903,1220.4963709824344,936.0509905412138,968.5873353743916,1236.8223678636862,805.5704334923644,952.3208236965291,946.1463514573577,1181.1017981419907,1957.4094344438008,1948.0346513043537,1960.1054589794915,1947.539642662943,1947.213443759298,1947.213443759298,1948.7546438548331,1953.1558577780966,1955.2166047345356,1175.113800360976,1956.3686890713043,1948.2012015404102,1950.1211649256807,1175.227987404395,1951.295258793444,1965.1582777770652,1972.3107679090733,1952.7266514224634,1949.9110494769286,389.4019114467981,1948.6705001026778,1209.8835888470712,948.5362898348541,1192.7019923359567,1217.95255931872,1188.4835299378838,1199.37455344665,448.44804115492013,2028.4109911230125,951.8402789132675,1185.3094352154828,1179.2452679918802,925.3752316371312,1948.7947875913894,1952.3116749208739,1947.796577843651,1951.8094610719334,1948.8592454319346,1947.1458571097087,1947.1458571097087,1947.1458571097087,1947.9220002471516,1947.1458571097087,1949.7384059737105,1947.9220002471516,1947.6950249895278,912.713172361106,415.5776240445666
797.158871917772,779.3400940452494,800.7128506893073,799.9258873612418,1842.1525189422014,293.5837897724854,2252.1186402647095,2258.1426174785806,2251.0216932357735,2268.55804972302,1570.183496423129,1840.3930421766315,1855.4063689279942,1755.462480446191,1825.8344602758696,1829.5943725578372,1572.6668471203673,1303.6353148935061,339.3256171587454,781.7304574143766,1044.8253318855202,779.3803388089843,786.6514077769216,1749.059708460429,1872.0036951701422,1504.8580645562786,782.9890946272707,784.3403006389833,787.7273390401693,1587.3524722172926,1584.317942011603,1592.5882295106032,1564.3312780273907,2080.002194260639,1575.4864224062362,1596.9456050141634,1585.7097257379219,1581.589196223862,2086.762339888475,2102.0902841632624,1580.0731742234705,1590.3373625525992,2269.7942336299598,2623.896223151669,2647.2533378955072,2271.833758933355,2160.3094942728676,2647.4469133021066,2623.2190069431026,2602.1085317705224,2599.648659130225,65.59756349508632,2253.277761810624,2611.171970562317,2608.4476704491394,2634.6676033883896,2596.6812185252093,2608.9357402002515,2596.027801723143,2596.111898357846,2177.4205030100206,2683.7408751859866,2136.5047470873956,,2746.947789201913,2762.890007191861,2424.7682876130625,2696.6361442635,2697.426002433789,2747.0351541785067,925.8075488600855,956.3959444079052,1122.67777834806,1456.459211058842,1099.6434896680612,1122.0989412902272,1479.2564117290624,945.6217340686135,1102.4244636073495,1108.0682356640882,1432.0352902573209,922.6156299059777,918.1281137688999,917.4078832678742,910.2160448066676,907.649554407991,907.649554407991,908.5574220785358,927.2197724507926,909.836307233508,689.5517870792933,934.4730382686851,908.0562662084122,915.2673578912733,658.0629383291107,921.3117756495582,919.3987791031685,911.2748647876116,930.9168174928866,907.9761837691267,393.08444623236835,913.2941959650096,1456.2832488516146,1139.7009956549405,1464.844401966127,1515.986104746719,1464.1558610012657,1464.4274549367656,426.8814121223196,966.9155178928322,1131.6437497211234,1446.5125631211415,1453.3679622940099,1121.0267808080775,922.8657682304741,916.610768726679,907.9337686447042,908.9880246101688,907.6639976358878,907.6423885235394,907.6423885235394,907.6423885235394,908.5994833670713,907.6423885235394,907.6459668515447,908.6978669682778,907.8034510880562,579.8501479990946,420.627881253287
801.3418414920701,782.9284663504565,797.3230054803988,809.0791021480869,2365.130853959709,352.66196310045956,2602.508403083235,2603.8305777878772,2597.6034383698393,2609.6218055155155,1587.4030032732676,1975.8570065261076,1989.4838979057624,1842.446818092417,1957.4081111614876,1964.4330307760229,1579.4129234454886,1571.632187518395,447.83615047044987,786.2424890891555,1177.000916398822,784.2086701667558,784.9081324273618,2090.623787849757,1574.4429827019333,1765.3075340214414,786.8586482505389,781.5656153155691,787.4499953182755,1604.584384018086,1597.3866181303129,1617.138173325321,1565.6537391360873,2345.1170755294656,1574.767010432973,1583.1763087183283,1599.3135326838517,1590.7421288200508,2358.076856963729,2375.936034743059,1595.1666951943255,1602.7563015484798,2629.609311340753,3160.244267951668,3189.9220648829946,2653.6748870125716,2489.5373010568906,3183.1629221416947,3156.1431784452107,3160.73687525742,3133.49056156764,97.84587890609092,2596.5835724341373,3119.484925588549,3138.0723206707526,3157.4662961322692,3118.684699723415,3135.484423091378,3117.6931580539645,3117.2732895407903,2532.020088341977,3294.7487588168233,2465.179182334015,2746.947789201913,,3309.6690973598484,2785.609024037823,3258.503691484605,3227.589663382799,3263.5883727343016,1176.619851121174,1202.8239064865913,1480.2764365656565,1982.1381623574152,1436.2564231072217,1466.4531095637185,1993.1414372400998,1193.2612757069724,1461.16550757105,1462.050540480346,1968.1533931738304,1178.5768848516193,1181.107484349162,1175.1611776300635,1169.1670489775474,1174.6461262853074,1170.3134641315746,1170.3134641315746,1169.4513282456269,1171.9014583008347,801.3957671438526,1175.673203851096,1170.2773132079246,1169.7038613143548,790.599405016482,1183.529316424705,1186.13138002011,1179.740035288486,1185.5363448830765,1173.6681713747462,393.3850234732361,1171.690642109998,1996.4011034525618,1488.4011812337546,1986.6453824657146,2016.0321338163906,1998.9034107625498,1983.436262664478,488.9477432623644,1245.1720871547325,1466.1421620815838,1961.7146130998224,1970.9498269236472,1473.1784268934045,1179.1901684340735,1177.2728679724041,1172.9427148360862,1169.562847235442,1168.7099350038804,1167.8456257857788,1167.8456257857788,1167.8456257857788,1168.4391021172992,1167.8456257857788,1171.241497091242,1169.5424688158253,1171.8009953769358,671.8416636553158,436.02122031385306
803.611709881788,779.5176894631878,791.6643448977629,789.413852789966,2344.3991699862663,349.11569782072405,2619.5278440435127,2613.235786221931,2599.696699218604,2602.3540070222507,1591.8488703913242,1962.6332717203306,1969.1956616261998,1836.8492537068491,1950.5295962028833,1968.2283900136447,1571.618788406995,1562.7917163734123,448.31931505427093,791.3899221959338,1175.0735701360034,789.4125224600156,788.5655615817172,2089.3904755251933,1573.5943512351296,1772.408146670259,785.7230643050323,780.9225820756923,789.4698353635266,1593.1127834413232,1576.8220038488998,1600.814149598999,1567.861281183582,2341.7791197782008,1566.5608048035722,1579.6624970968862,1579.8402671886217,1583.436031556105,2351.9463403561926,2364.5701659133865,1588.341761246832,1577.5068006791612,2620.54183977762,3131.2454939305376,3162.423989849938,2624.3831809824474,2442.9505264902796,3153.583751880635,3140.993684401822,3132.2938745320826,3118.13647557784,56.49567473108927,2598.7653926299718,3132.01281110687,3133.6753046593453,3139.04347180474,3124.851646864185,3123.4665956440863,3116.07164892384,3116.0400365093665,2468.4234365886073,3243.0081385982917,2425.705595004635,2762.890007191861,3309.6690973598484,,2745.743087537241,3256.615842980702,3255.2639594949296,3298.4904571915054,1199.9773590766058,1221.0367032461852,1537.1037080078936,2016.5617284021175,1453.533852602306,1501.7123468165535,2005.8349873302639,1203.3130137281764,1480.599116971371,1466.7561501644593,1974.8127995933978,1192.0940155212106,1177.1350156542264,1177.4601060271534,1172.9485977716001,1167.9656990120925,1167.269213945071,1171.047272515299,1170.4057666504777,1168.7586129059935,797.0820359736584,1190.5774432160024,1168.3010530465515,1174.544258135277,789.2042763718379,1180.5157177016779,1181.6016353762902,1178.297953691814,1178.6347906119192,1170.5898603613027,390.21391598287124,1169.905099234163,1982.3209551626042,1456.9674837170094,1989.9109934407456,1999.479653869913,1987.2538892069708,1995.8467550195787,427.33054401953365,1207.136813706772,1445.7192664668235,1972.0939419292292,1966.6895412315098,1450.5620987382774,1169.7124910743664,1169.8725099996868,1168.5212801083187,1169.5516677857358,1167.2793546372268,1167.2150372664364,1167.2150372664364,1167.2150372664364,1167.6498911683243,1167.2150372664364,1167.5898847769042,1167.6498911683243,1173.1373063240362,651.970854743849,434.68608154581693
805.4417361170838,782.8337315103698,785.6988960842727,792.6857285971126,1843.1902337471595,267.2588087064163,2265.6225919383082,2267.610904360133,2253.7610989501645,2261.5783372647757,1583.7147751163002,1856.430847522461,1865.1407339217012,1761.5422985346652,1829.1635801587702,1834.0358605313065,1582.4946536814045,1300.4070900947825,326.1098171959743,781.2683460044645,1049.7496167700072,779.6213013859707,785.2666564184883,1744.8032154513407,1349.9502904103508,1503.43401576855,781.0263810281053,783.6701849747301,785.8526373191231,1581.290865629943,1603.2366547494478,1594.7170060909395,1574.4563424141634,2106.7527766602116,1594.4100311744387,1613.6253886109826,1619.3823144476107,1602.3137575564497,2104.7013411432054,2101.9475592829276,1618.6964864126112,1594.5631770598382,2279.38488071959,2661.416044759164,2662.4630282055105,2314.6245204196757,2176.7185475820856,2664.4685677465673,2629.794406224601,2627.7303986062966,2614.691542603498,88.73984867439884,2258.5487544018774,2627.906379024892,2653.0531467224414,2648.131394210065,2606.843673197143,2613.614992107907,2598.009664262258,2601.8745695655866,2167.11038709382,2688.9146540416623,2141.087971295139,2424.7682876130625,2785.609024037823,2745.743087537241,,2720.4768239733635,2716.119741624957,2737.6070635327414,912.8585126203985,951.6448517333909,1117.1280255362226,1443.068385917412,1096.263221884234,1128.7189204858196,1469.6805933963822,944.57078839873,1115.0283592536846,1094.0579021139713,1442.7906548262515,927.2073777628932,915.8888984457151,924.3395340884872,908.289745156633,911.2594412805156,907.4331958575765,908.1490762692438,921.1216211870711,912.4094643580564,677.2689636681546,937.34639953486,910.089084064592,919.306668795129,657.218988705244,914.9179460199676,913.1635642348314,920.2566535406401,935.6461191087493,925.9593087529933,390.28457867369195,912.6292170726149,1452.6931984256848,1137.3837113003824,1447.0933925172865,1478.398475713371,1475.5727628354134,1442.3024479191358,447.95731631957096,961.9886236852989,1152.022116522065,1448.8241572033755,1443.8591424355195,1099.151083163052,929.2003718771495,914.0555356827596,907.3993291075107,907.831250049858,912.0232624031339,907.3800596743547,907.3800596743547,907.3800596743547,907.8121589851121,907.3800596743547,912.0661326355989,909.7215884094938,907.6243750433839,586.1636363086963,419.7120012588085
803.2141427295254,779.6575640834247,810.1911038497357,813.4857437043335,2359.5410762233914,361.4983635043308,2620.1331185772096,2624.445949567023,2596.9040924805895,2612.574555609797,1622.6680685235744,1989.8560509363692,1980.0657045160967,1853.1069219911026,1957.7815712650508,1965.0729345917944,1567.3083357863732,1577.7973825939434,449.5424658087071,787.3333895952989,1186.0615847085396,789.0489699052808,782.7719042639992,2090.6998569757034,1570.1375124993087,1763.8034779529455,798.9773271948919,782.466068216871,780.6229062200746,1594.9949377492535,1599.6582139582342,1605.741857666954,1564.7844782458028,2348.525086961684,1579.6223353673583,1593.4004787224792,1622.090511547591,1582.1436206115811,2356.3161876260383,2382.3682305745856,1590.2387801372322,1587.3248883743126,2617.274185058002,3195.471804951906,3185.248380205,2661.160561818819,2441.8693308130537,3203.7904922847506,3150.64112380946,3148.859222585051,3133.4694988198607,91.1423227785489,2610.4152361301285,3147.6306812281828,3132.7933604845953,3149.8393871277017,3135.255142167687,3135.5033517132533,3117.775751647833,3125.7450087680586,2446.3106615450074,3239.8559985174516,2416.2992801277805,2696.6361442635,3258.503691484605,3256.615842980702,2720.4768239733635,,3269.742143783147,3293.8457682992807,1202.6396317387205,1245.7807905703391,1509.3678378959207,2013.8948548074954,1447.318830293904,1505.2007640456432,2017.7750169714857,1223.0440720709466,1482.8188745657353,1482.1222142526976,1963.1516566559249,1172.1956531017277,1176.879178989386,1176.4642725702033,1167.493304007527,1172.4696996820528,1172.4696996820528,1172.4696996820528,1179.9034659956667,1171.6404581434822,804.5154296925676,1191.5302141714808,1167.262612009361,1181.4057232831192,808.4224840388733,1200.519707663138,1198.8762937113265,1180.7937286688373,1192.0818002424198,1170.5295529583827,396.4326003962867,1170.8990137923354,1996.5411785517106,1488.5854933048956,1988.038378926057,2017.357382810098,2007.2025594347829,2003.209366132785,466.1119888771115,1259.6412409086508,1473.3988542792965,1979.0332364434546,1977.3917959647138,1469.3244116563815,1171.563331420182,1170.9801094697448,1167.2752288892718,1170.259848140558,1167.1748363837653,1167.1668224156952,1167.1668224156952,1167.1668224156952,1167.5051845236712,1167.1668224156952,1173.1373763247743,1167.5051845236712,1175.1971023662734,652.8427086685036,433.6082029198014
802.1450858056107,779.7753379692842,801.6201908410683,802.1112164725262,2352.5224404515207,353.79288140984784,2607.307118080843,2616.822198590365,2597.931764480435,2611.5932776481473,1608.5827218307072,1977.282139908691,1962.9613805662077,1833.922559404278,1953.4867540358734,1966.6414961074836,1579.6289783371283,1565.1579549004966,451.09914106343297,793.363000693599,1189.7780722947648,800.5520488625004,783.7073219432453,2088.722100589577,1567.9485814624795,1769.5427910029484,782.1129813500924,781.3580014738629,786.9646697988057,1576.8461792779738,1597.587806536656,1605.412810056805,1560.477021342937,2346.6535548824795,1568.0359649079817,1568.5188306269315,1598.4176524984982,1577.7787604809816,2356.840178709802,2366.0335710753334,1586.0040611854047,1585.3438119518028,2612.911328225134,3145.776776759461,3147.6710959618167,2626.2769216168717,2413.393473115164,3157.1750804212684,3169.7178898075363,3138.744550478792,3127.56786165111,68.46766338108162,2606.679684606575,3132.638134702246,3127.7682729050125,3131.7309141636883,3116.266497970415,3120.8964103453636,3116.084234693337,3119.969944756771,2425.4441855572136,3235.957881396362,2425.602596816183,2697.426002433789,3227.589663382799,3255.2639594949296,2716.119741624957,3269.742143783147,,3249.8387876869633,1190.975807745075,1249.0668348824167,1515.9941251922799,2014.305274015786,1449.5273213767377,1489.4340854173292,2073.5664583707558,1212.996363567433,1475.4532183285512,1466.5495549753343,1955.4545376626731,1174.82671063748,1177.4751556395606,1171.1314691827638,1177.1221459167807,1167.9864065764136,1171.1077649919234,1171.1077649919234,1177.2036494659412,1170.9290243627256,797.9829913891497,1181.3776801619476,1168.3481760212803,1169.8205824045567,787.0830524825591,1174.7841363704295,1174.2524175208641,1181.6275467681269,1172.2804756761316,1167.249438152545,395.065038909775,1167.2647513174466,1999.7948563805514,1483.4429456142213,1990.40271254002,2007.561890534527,1994.2709037450795,2011.464172762804,465.55724835681673,1251.8479847882036,1462.8971373489665,1957.8827267860268,1960.9506606177465,1446.2801627638012,1170.893570008674,1169.3653334468784,1167.230866868746,1169.5801425678037,1169.5464653798088,1167.212396694215,1167.212396694215,1167.212396694215,1167.641966051057,1167.212396694215,1171.9130832145365,1169.5612275069752,1173.225338883108,648.0866501266815,434.9779251686619
802.0434355779231,783.4353741179315,795.2863435541183,803.3944051554226,2375.751194597161,354.0457081414778,2607.1389119374153,2616.5524484696407,2596.4303748710827,2615.846625046654,1607.4159431312994,1974.3000159113626,1973.4472914309179,1847.4352139559928,1957.378720146411,1958.7433674203305,1580.3852321186657,1580.153573320244,462.06157870055154,790.9558619751119,1184.421519287174,796.212330184599,783.3639486474959,2092.2810893164065,1562.64971380852,1766.1580633906842,785.8385580107501,781.0540131269728,783.2035221562754,1592.6615128230274,1606.0453440356214,1604.5527870918363,1567.14184546398,2346.209522295775,1569.1374543406705,1597.493579805141,1616.5930996966597,1584.1148583600007,2365.8023069192777,2387.1255658703776,1573.521740381416,1597.0488312531158,2622.7560180416453,3174.8240065062055,3159.4483403090644,2645.6267916022516,2468.0389687174365,3183.6443200202157,3157.806676178731,3139.0962210925627,3132.395515465142,90.67158649308007,2614.0556937946676,3132.026640419588,3146.2905333695544,3151.2953207927862,3126.7400452178495,3124.2400574353437,3118.5949012991086,3122.244591353328,2527.459160622658,3226.225457093975,2470.442420526002,2747.0351541785067,3263.5883727343016,3298.4904571915054,2737.6070635327414,3293.8457682992807,3249.8387876869633,,1222.3959485418368,1284.5593808610433,1536.6750908262736,2033.1521395562925,1463.0926604326776,1514.070756409772,2056.071167161452,1232.6746321141893,1499.5489039584747,1512.0350935877768,1963.1727276410163,1184.153935847208,1178.9657684427314,1185.8556203086655,1168.2766080718443,1169.412569854098,1169.412569854098,1167.5069116514323,1177.286448102074,1179.080062420975,804.1626146154867,1203.817977339984,1170.885522437062,1177.4875305343248,790.821628895997,1183.5445118273656,1181.0609317771102,1180.755073685665,1184.4055384900284,1171.2679124478634,399.6278490621453,1179.9778063681292,1998.560620082723,1503.6658724427507,2032.46080980092,2043.685349848043,2008.3828088979826,2007.5207822993348,448.59610277270673,1222.0657681468401,1452.8106537343492,1971.2021154882323,1982.2108500960787,1467.3910585885376,1177.66888969241,1175.754246843862,1171.8917337703292,1172.5517439890245,1170.9925985221516,1167.3294768736087,1167.3294768736087,1167.3294768736087,1167.9933573683572,1167.3294768736087,1167.418080009605,1167.9933573683572,1168.189927217926,667.5592305346619,436.48492435772295
11.986709011470431,4.434249409199109,7.477699661957858,10.380766352720359,779.9113473754013,591.2398530388984,915.9734315929534,917.492147185437,908.7452137557544,911.95611949175,412.0763439314024,1168.096697546233,1167.9058602917682,909.9736153930935,1176.3238529178482,1167.6789446263388,402.9592323317995,1575.1292987182687,805.1181814676717,20.69610672255591,783.1904762897068,16.425292464253424,7.166758940696556,779.953814449036,475.9459492597334,586.2350279794426,5.010027844007136,1.09589113161091,3.1184254911440306,394.2435598348695,392.4236387274502,398.71046962082977,394.02847357581527,1948.8802138010374,390.9130922138511,403.3537257487493,393.89148425181037,390.99202879698544,1949.0339583661591,2081.559836765107,393.59157937823926,389.1575083684369,918.1721298336099,1168.0219663244525,1168.8201570797105,911.7037977047944,1966.597920832737,1169.9512825102008,1176.6813911010977,1171.1966615085837,1169.2317911320986,16.142757346210644,914.4216218271446,1167.7922066007482,1174.164620635185,1173.7507639694884,1167.6380262352363,1180.2389244781943,1220.313096853494,1167.5751831372074,452.4213179523556,1204.7400547326042,1980.2832073611255,925.8075488600855,1176.619851121174,1199.9773590766058,912.8585126203985,1202.6396317387205,1190.975807745075,1222.3959485418368,,3379.456505856943,2199.622197351603,2628.524101756616,2214.730652595629,2247.7829850373273,2472.43911779966,2022.660518051753,2147.0648272370927,2192.1316516694997,2348.944813585266,3119.3284613570518,3121.045473768273,3117.1680711238555,3116.7613910988653,3118.628835439885,3118.628835439885,3116.3343679417044,3116.989180228756,3116.3758534200297,2340.5928275175006,3117.085103470698,3118.7049775082555,3117.7855350491277,2342.733241421343,3122.4672347440965,3121.8907591694397,3119.392197661997,3116.502910220376,3116.060551766493,1559.2624994093849,3117.528297361436,2389.3113598200057,2096.3796808327515,2377.0867483923216,2364.9302014309174,2371.9457825797776,2390.8305848544464,1573.6099432882693,3141.190984287876,2078.2606964538722,2350.31879446801,2351.5241414289526,2096.8886483281403,3120.91403723552,3116.069697946298,3116.010289908406,3116.5778795883552,3120.891867422234,3116.0000000000005,3116.0000000000005,3116.0000000000005,3116.567418519081,3116.0000000000005,3119.5451851885805,3116.567418519081,3116.0324207230437,2079.7427383520726,1580.1935710493178
13.133089574667208,4.728407023290328,12.198630488497779,16.8269404873532,791.926091335334,595.2713210891675,916.0332077189927,924.8487286863691,910.4530126455971,929.5379333274258,448.39717210248847,1178.7029195214723,1181.8366180008902,926.8488592600127,1183.9161333481939,1171.7656079429462,405.0855990637493,1560.8526295762272,809.8209900982874,11.403522982674488,795.7527434937151,6.0619680095318245,5.537101958338043,785.2291798191985,470.35428505716476,592.3046133588158,4.508037010552217,4.354284474553499,3.7540110069325383,411.6720600286526,414.51484600212643,423.4757789994383,400.1489807013392,1958.3936271163911,393.9416626030362,420.0793006616824,431.1149508509391,398.5907486635301,1957.6727631055733,2114.9750294885534,401.360739497202,412.5552617219527,920.3656387898524,1187.1440118633643,1185.5944170991825,931.9643959046815,2048.225628912734,1184.8533556710688,1199.487684773248,1177.463626680493,1176.0706294106528,48.62990859025737,913.548093073816,1189.397781492981,1180.2455342131432,1176.6492369207838,1169.8490346497138,1207.8218133698654,1220.9663187665146,1170.526324410735,487.38292299489865,1244.0883330938182,2020.8853029779343,956.3959444079052,1202.8239064865913,1221.0367032461852,951.6448517333909,1245.7807905703391,1249.0668348824167,1284.5593808610433,3379.456505856943,,2251.8003239648156,2552.9505086710424,2186.064897148437,2232.49415056562,2457.9527685325074,2067.088550678763,2204.041167950155,2181.6550900839816,2360.8942603166383,3126.529850371086,3118.089252445949,3116.402190509199,3118.3522341863204,3116.0864494948887,3116.611141093551,3116.611141093551,3122.5740003185847,3117.652252726272,2349.779482670206,3134.5976624927825,3116.7927718088977,3127.8844419525753,2348.0528142374774,3133.509417400027,3136.9523363262224,3136.9104587969214,3124.264396740295,3120.583339014544,1559.0244099949064,3118.725592249357,2407.2860947820213,2121.193355970226,2403.75482020596,2404.3073237074072,2384.095962637923,2376.7676602656197,1603.9085799080958,3184.8052980324796,2105.454320320444,2352.2981946403083,2368.9646839400516,2112.999073168966,3118.0819366084456,3120.48171112658,3116.003124924274,3116.471223333908,3116.539984575124,3116.0000000000005,3116.0000000000005,3116.0000000000005,3116.4681831427124,3116.0000000000005,3120.2966171697663,3116.4681831427124,3117.8375658717428,2081.2478693942185,1584.5984621851799
19.023494779945537,4.324219118894365,4.001948322563058,16.445946597639463,1043.4094675303902,254.08790338633082,1084.4998616537814,1093.9690564794432,1081.219062288686,1086.2665644226129,410.52683668031784,658.3977642177844,649.9539004516147,563.523503315497,650.60467861312,656.8022110933673,394.2947752385942,529.3440760997689,307.8373778371746,17.36046776665393,271.4635326121701,17.771500431794074,9.378333135866137,955.8439101169057,579.0785950413457,721.3747624781391,9.993607688520537,4.376410523630239,5.853550343039706,394.7268071616288,401.00065016628554,431.04591346370086,392.86267324512306,917.5703780183832,393.3345198137195,401.08320772595084,396.4969312900467,402.3769645260735,908.2947107692645,976.8532311730648,394.5851870155183,399.02112216019947,1088.1640883673917,1435.212230957101,1435.878068239036,1089.0455132917248,975.8840979951797,1433.0292238375423,1447.042049213045,1433.0033584939717,1428.6710337236173,19.365693562808843,1087.9290708927613,1430.1983077705277,1430.6053313059422,1432.3039565830902,1428.2261110309946,1444.958216378709,1478.2760068133587,1427.2186012022976,1029.8639275056994,1522.501343519214,995.0317195986903,1122.67777834806,1480.2764365656565,1537.1037080078936,1117.1280255362226,1509.3678378959207,1515.9941251922799,1536.6750908262736,2199.622197351603,2251.8003239648156,,2898.7828853142532,2391.705784609571,2412.1666282352403,2819.9753863975748,2249.7829537827774,2402.651333388613,2324.153318872966,2626.7519621564725,2083.450563407771,2082.708961014269,2081.1224120351712,2077.1445929726087,2084.592205772793,2084.592205772793,2079.744698523941,2078.054618031484,2083.287916545923,1826.5977615886507,2090.9741237761723,2078.368249409674,2093.8647809028735,1840.2656046167544,2086.189178726848,2103.6202598449436,2105.573969522491,2091.6839330004354,2081.199620454151,1559.4840518061437,2077.2649106668528,2659.1982049436274,2326.199151739566,2705.6867013160063,2689.637503055938,2671.4627038806566,2673.214021982658,1614.6989295035353,2133.7680809700823,2281.3228495368053,2624.5289016710562,2626.267393397838,2292.66701992806,2077.210338274252,2082.2625559241183,2078.13730756741,2078.645973848962,2078.1230905201846,2076.6653804930334,2076.6653804930334,2076.6653804930334,2077.1759713944184,2076.6653804930334,2076.906767761964,2077.1759713944184,2078.2308587032226,1737.862058019246,1625.0159445727913
23.039378106682673,1.6314345925801392,1.4437351577981035,26.272164041118078,1559.4238886740823,350.17742010410774,1432.5146271770113,1442.630274027675,1427.3824862595216,1428.961743081211,417.26845398092155,781.1186347178167,777.9041381850228,648.1466392209941,784.8162549587818,778.1624366363383,396.3089119021243,803.1333043558177,440.0877290590043,31.880918135460565,409.256377857169,42.73285151182361,12.974884871394645,1299.222594867134,789.6322298825378,984.5171292638466,17.838910950020722,2.924986794883253,3.727187171859433,390.0383969126415,390.9268996086742,404.2762037116298,395.0690950611512,1171.9772384789128,389.64515747722385,399.50847923352694,396.0961534897983,392.0980329451479,1168.3376745446049,1224.5062518400496,390.90503086373667,394.24992986157395,1430.2717452276938,1951.394843657635,1947.8815405053108,1430.0841485219391,1200.4922195734143,1949.7339718190651,1964.476792023576,1951.373470536076,1947.5195549016244,19.912993666590204,1443.3290303192898,1947.1379142019582,1951.0819587719568,1949.9927469339632,1948.5858512707384,1961.7853011077912,1999.694183560895,1948.4264991605628,1243.4544436574306,2024.772877716264,1220.4963709824344,1456.459211058842,1982.1381623574152,2016.5617284021175,1443.068385917412,2013.8948548074954,2014.305274015786,2033.1521395562925,2628.524101756616,2552.9505086710424,2898.7828853142532,,2732.252255589278,2823.6218324257748,3344.2581570870175,2493.1500934795213,2759.328549625096,2763.500452433753,3142.5253414543085,2338.324443058193,2346.632291602321,2339.1846406829886,2337.3063543867356,2338.5025825367807,2336.5356470815827,2337.5801576336535,2336.941256840835,2336.6337320330745,1949.8545049217694,2337.684198295693,2340.4947608209995,2348.20267391634,1971.5550317813586,2342.3061336038463,2356.6380767517085,2347.7413476946717,2337.5628256860387,2336.5879971898944,1558.0536428641008,2338.4373953141408,3219.1679642776917,2640.356915462207,3248.1695060055,3184.045525202246,3218.608965560958,3214.9058221163596,1596.5763204081634,2401.983099159244,2597.797762061355,3145.7642823546553,3160.3624992469017,2658.836590656433,2356.5342146843677,2337.549138303801,2337.3093546181362,2337.5801576336535,2337.5775535812427,2336.4990353697754,2336.4990353697754,2336.4990353697754,2336.76879415859,2336.4990353697754,2337.499518839197,2336.76879415859,2337.5689745381205,1835.3974435833113,1602.3473221511886
18.141153247383148,1.3682291109103935,1.104802800824797,8.998719709120838,1040.728351433685,775.3313654634273,1948.0839574340564,1950.994800778866,1949.2892756041047,1947.0823490335342,397.9919463178365,1430.253514375009,1427.7624921549734,1086.7816958120734,1432.7431937001836,1429.02877698398,915.480090288572,522.7777870056224,287.2473598103532,8.559344705823639,273.8315373890676,24.165423975762497,9.4486550158563,952.5591647482447,1099.5870450251357,1366.5633545224416,10.228612177014606,1.9822700709212835,4.8078291278120355,392.26646400148826,392.62986084718545,399.9334903789922,392.58370176648003,914.0152382252652,392.3358843087534,398.52813015063634,391.76667631446225,391.69801132955644,907.7476766769539,959.9037536659416,390.1679231655627,402.164432747431,1951.5785426378134,1430.7115434825619,1428.9709397824001,1083.5333289111682,922.10273693209,1428.9236590566845,1438.2752921999781,1428.5184262470223,1426.9668799965573,13.94768643377034,1083.8159381714422,1427.3310031515186,1431.2507523818879,1431.5400367085565,1429.8607933755343,1440.892354310115,1481.0875377184134,1427.6651954090723,934.4687767243807,1456.35869787476,936.0509905412138,1099.6434896680612,1436.2564231072217,1453.533852602306,1096.263221884234,1447.318830293904,1449.5273213767377,1463.0926604326776,2214.730652595629,2186.064897148437,2391.705784609571,2732.252255589278,,3296.3604466078523,2786.038048199652,2876.6653667693663,2323.786398221913,3163.894330649969,2597.3098191971094,2077.8898144422596,2077.0627145350873,2076.877949500149,2080.647697268712,2084.1099576676393,2077.0613142406287,2076.8487744680715,2076.8410595714818,2078.658543311907,1817.0893157929665,2076.8008489314625,2079.7026058683573,2077.554296962736,1818.7538329415752,2080.025213747325,2081.552590340099,2079.222616873341,2077.1336076801613,2077.707456773805,1558.0906341672762,2076.8482924943783,2624.8408199275427,3132.0821438269245,2633.9442658099783,2619.9252138116726,2631.7398335707844,2630.2313303581996,1581.7465306700324,2087.946340006444,2254.712919199603,2606.3945051554474,2605.1865286543425,3123.7663710518564,2082.6519334464215,2077.113735501818,2076.67206871964,2078.5294310796166,2077.859340135003,2076.6653804930334,2076.6653804930334,2076.6653804930334,2077.209006200078,2076.6653804930334,2076.8630924191507,2077.209006200078,2077.172993493896,1734.0960110417784,1597.9937479279763
17.938385514488548,1.2823545045144746,9.516075221750956,16.055417328171742,1041.6582107971287,771.0044241565499,1957.4216831035017,1952.7255808913897,1948.0490597652793,1949.8369712866981,434.54461001021446,1436.408390024857,1433.2958361010074,1096.6078127695107,1429.6261969601705,1428.9120914868547,915.2940141036021,528.5172789467041,303.2213785506953,19.100780284967424,277.99885210929324,13.839213432272727,9.167285832740726,956.3052661667888,1099.420081646779,1373.2675361443873,13.687389082904607,1.7746582422094395,4.8047531507611865,407.1045132878046,414.07658735277835,424.36260885996455,396.15648461212606,923.3361503765199,398.66800919347276,417.32424260726754,405.5730144703457,397.3593124825414,918.7411550175063,995.3380936403425,394.62458639130847,402.7072842489962,1962.8525263524853,1444.3232523254937,1449.0697850712115,1108.1684615929266,971.0502661721464,1440.0138308927774,1449.3590239233686,1433.6926849469962,1432.4142016134867,45.500411647868894,1090.9863116314696,1428.5927308842272,1437.2969090898553,1444.7162626112072,1433.3182248450369,1444.4202168515687,1478.2385329017955,1433.565669517417,989.7923143810565,1506.5312498953401,968.5873353743916,1122.0989412902272,1466.4531095637185,1501.7123468165535,1128.7189204858196,1505.2007640456432,1489.4340854173292,1514.070756409772,2247.7829850373273,2232.49415056562,2412.1666282352403,2823.6218324257748,3296.3604466078523,,2758.619753621187,2845.2729289472113,2384.7056010356773,3207.2226534579413,2616.9212099420997,2085.592542357173,2094.6333401240345,2091.911657832017,2076.9773205258343,2077.9578469329786,2077.9578469329786,2077.9578469329786,2079.7448013115686,2080.9987383648136,1827.6346841140885,2093.183132986017,2078.966511619432,2081.776545574898,1836.960551934078,2088.487905657104,2097.4796210942704,2116.5006712816325,2090.913022543121,2084.2854486740307,1571.3184209151855,2079.1481548744355,2660.5981942479693,3150.303522777739,2653.4232080158704,2631.7274999105966,2663.3641672001313,2648.7266033392234,1591.3854256392951,2119.2477288327545,2273.860632595331,2637.625611717049,2643.6753158924707,3159.2380694760172,2077.2763458009977,2078.734987513827,2076.7689585193884,2077.1106718022384,2080.5628829849734,2076.6653804930334,2076.6653804930334,2076.6653804930334,2077.0075039911108,2076.6653804930334,2077.310781474474,2077.0075039911108,2079.8570252894424,1735.3772395731196,1586.9607882676687
24.575237899478203,4.614596972885955,8.68790866214096,19.525119322099737,1560.0365710477406,344.974038168642,1427.475587566997,1436.5807213130036,1427.9946369828479,1428.2018372240645,407.1309363745487,779.7294590915549,795.1085717777153,659.1374601992336,782.5068883494023,783.7421285030421,403.67069238595417,792.0268334279488,433.04871094633467,11.210708116359875,403.0874215389717,51.60070724374446,8.53696832870154,1299.4194376058417,786.4230149478333,988.1021551226052,9.548702494969076,3.5128204441093787,5.522168151594401,392.82449064030146,393.0654507974847,418.51030997070177,393.94791205194866,1174.3765580111587,395.2050836158457,398.28391413139065,395.73605147366425,391.26900533317524,1168.5226171020213,1203.5202148397273,391.0173682520991,398.7667506646109,1431.6879637381091,1959.197066721786,1963.5894387649148,1434.9188519071438,1210.219372121419,1958.6152752419641,1973.9543388607385,1948.5063689719395,1947.9022880753419,13.940262430748222,1430.342715073247,1947.0510756804163,1951.055475362107,1961.9162413364684,1946.9914314504515,1959.4135856835999,2003.1552287195764,1949.0003352854544,1236.7811384178028,2025.3347999185348,1236.8223678636862,1479.2564117290624,1993.1414372400998,2005.8349873302639,1469.6805933963822,2017.7750169714857,2073.5664583707558,2056.071167161452,2472.43911779966,2457.9527685325074,2819.9753863975748,3344.2581570870175,2786.038048199652,2758.619753621187,,2552.053018993461,2741.9525883020574,2680.4802460564397,3131.422068286892,2340.4400474826516,2345.8907085993947,2340.6782967150466,2338.8291897256386,2342.12177726835,2338.334384750943,2336.614293944829,2336.6782176898278,2336.692398854121,1955.0713422522351,2347.8307625714056,2341.652949195434,2349.715267344939,1960.6953739159887,2359.4390081718275,2367.2167091563847,2361.2938456628817,2339.034550077902,2337.7417550065006,1560.2111212405866,2337.418937421588,3193.9990048652435,2683.140238729549,3209.310012679455,3205.4603190332073,3212.5072277164095,3202.8628292928415,1615.767966074365,2410.795351765318,2632.2089305889613,3142.6387279162436,3165.657371932546,2630.4667171856363,2345.815471856108,2337.0123096142997,2337.2727507121645,2340.054480690086,2336.846603840109,2336.4990353697754,2336.4990353697754,2336.4990353697754,2337.2168923890777,2336.4990353697754,2339.3067857511946,2337.2168923890777,2337.1935064919658,1820.6189438363942,1605.6440547805043
16.840165884885906,1.1889103330002666,2.71448598193904,15.130814836973881,782.6958698072897,599.5080922627999,1562.025306028269,1582.8547306792248,1583.2901710993604,1566.43336268743,411.7094840225607,1186.0960467154246,1183.0950548593983,917.3543089061247,1174.8235234587191,1174.9610648984008,792.8557470609607,393.3555263988347,244.00739960630673,18.014537069442103,208.42257668859534,11.032946306116214,19.08630033310454,788.2425261450115,878.5466800286707,1094.1712540296096,19.432538515956672,3.1248113900313164,3.2899713904953383,395.4563360150356,395.90363804229975,426.1679937587255,394.2723091265032,789.4277068596477,396.07580827581154,404.9576882747157,398.16753562905734,406.2609945643996,778.223080978883,822.9101396857342,408.07912204395507,398.2493715896574,1568.0589428215014,1198.6627431716472,1172.4979509041323,926.4413529045152,814.5927341944896,1187.2191075582627,1194.1759181886428,1167.2360772303848,1170.360021645189,19.11407820970672,923.4736939732816,1175.1006578110878,1174.591588001937,1188.1272939911587,1180.3760718683263,1193.9892217980682,1223.9073117694818,1177.4601751335765,822.6799812735026,1222.5581147909322,805.5704334923644,945.6217340686135,1193.2612757069724,1203.3130137281764,944.57078839873,1223.0440720709466,1212.996363567433,1232.6746321141893,2022.660518051753,2067.088550678763,2249.7829537827774,2493.1500934795213,2876.6653667693663,2845.2729289472113,2552.053018993461,,2261.2996318470705,2805.166994590167,2345.110290994083,1958.7491703275593,1954.4752409738342,1955.8365571870067,1947.2560600658567,1954.767236999189,1947.2503490670342,1949.878346320834,1957.127892414213,1946.8698850900048,1770.3319938148481,1966.302084080275,1948.5162361521054,1953.725048691548,1771.376806410638,1976.1658616595066,1978.2667088844853,1963.796176976894,1967.0495940728674,1950.2988668076807,1564.131634530274,1948.7344780407864,2410.6206656917,2793.63413872218,2421.856999696405,2394.32129576275,2430.834216037928,2416.3750462947287,1630.7343578783575,2021.9206419167037,2132.6001195048393,2352.6304710879836,2359.29915857185,2743.1852032832567,1947.4932488450982,1947.6398753370813,1948.2495231620012,1948.7770348330996,1948.261746084841,1946.7485530546626,1946.7485530546626,1946.7485530546626,1947.2546945022746,1946.7485530546626,1946.9991279468672,1948.7493540195853,1948.3516963024592,1690.2217290943054,1578.2034199193088
18.15503687554562,2.9369783563818244,6.579506429547116,28.392680134038294,1049.959956754669,261.4188348865442,1094.1481760330662,1105.5317361916104,1088.578944861924,1097.9717751410215,438.85768635827645,669.251812586289,685.3185268134466,577.7023442790935,664.2439663853572,655.7773565414521,393.76234744037646,526.4771089819984,305.3102838075041,9.731948806056193,279.09369712464115,8.623297793783346,5.41598959639188,962.4879979562761,580.097017084756,726.2288753534626,7.085007863971451,9.892927098869476,3.1956693757587833,394.97725203163895,395.2698290546597,414.5190593900352,397.5318875392571,917.8792903600636,397.9558264134459,407.31505592836476,409.1434040092277,400.1593044392234,913.3191573264698,940.2356686408649,402.61596678132867,401.8082462060648,1087.5299140508153,1446.5767913919965,1440.2223418011338,1096.7345974903503,967.3137873799527,1443.3704857031032,1443.5709475953329,1430.2346741385006,1431.0207812710412,24.443235355135094,1084.2694573965675,1442.7271770997397,1433.092178627844,1436.095473552489,1433.031417177972,1449.0836847911958,1478.8740590505301,1428.1176720354422,961.1844183661115,1494.6851607236267,952.3208236965291,1102.4244636073495,1461.16550757105,1480.599116971371,1115.0283592536846,1482.8188745657353,1475.4532183285512,1499.5489039584747,2147.0648272370927,2204.041167950155,2402.651333388613,2759.328549625096,2323.786398221913,2384.7056010356773,2741.9525883020574,2261.2996318470705,,2379.4444835255936,2605.6467030295057,2090.3153428488577,2111.693193048675,2083.9485125782385,2084.697850570708,2077.9226700431473,2077.9226700431473,2077.9226700431473,2085.8490834025906,2080.802133743982,1840.2690031674958,2105.681044391054,2087.7898953654776,2105.3606549874207,1858.885409890414,2111.926157959238,2088.7795611198603,2117.936308624154,2099.692747057932,2090.114992696194,1567.998924031581,2084.5900193470684,2656.2729706242567,2288.8610541880385,2685.1943735514756,2645.068180752879,2673.824399817822,2698.4127805441926,1595.3819312229741,2122.5458736099085,2285.1155159502523,2660.27302407176,2660.514326916874,2298.9197546110977,2077.1014619466496,2077.503961483376,2076.761904897399,2077.108288633221,2077.0537301380764,2076.6653804930334,2076.6653804930334,2076.6653804930334,2077.0121624407343,2076.6653804930334,2082.497309470728,2079.5794685568558,2079.7889955657356,1732.5892195612023,1624.9844873555764
18.171306195263515,1.4364347187250932,1.947191281525679,19.204376718864758,1038.6403389139227,770.3070275853515,1961.178134280085,1955.8676890634451,1949.0745813777173,1977.3050060089342,403.92655742472755,1438.0717741899225,1437.2520847348671,1082.8838057843725,1428.4222129073755,1427.0674993426742,919.7223870233871,522.5654351087796,299.4096235766802,1.190041188069669,275.4651477485995,2.902010389243746,17.644631752329833,964.1212816127602,1104.2648289666581,1366.2511760924376,7.334206416498761,7.894059153295636,19.156665742154654,398.68009282188154,399.2866578978196,410.5618529364542,405.8728905924458,916.7389063871323,396.3823784075036,415.8858428393611,402.14221276461546,419.51855451512506,913.0121892679874,974.9236933306262,407.8881395380538,395.9192079114469,1955.884361383571,1456.8875459103324,1431.7985004044986,1099.7790123417967,951.3291072845421,1443.3681751862114,1480.0365120090812,1451.9633434551295,1463.0880637922512,35.39467941965853,1092.334925424927,1444.6904729534544,1445.0991886210438,1444.3087890004922,1448.9184347526138,1458.4787506844293,1480.373670180157,1431.1296056218537,938.38731206212,1486.787839916051,946.1463514573577,1108.0682356640882,1462.050540480346,1466.7561501644593,1094.0579021139713,1482.1222142526976,1466.5495549753343,1512.0350935877768,2192.1316516694997,2181.6550900839816,2324.153318872966,2763.500452433753,3163.894330649969,3207.2226534579413,2680.4802460564397,2805.166994590167,2379.4444835255936,,2618.8896310225205,2114.050124828841,2101.1773243894163,2111.9881679467408,2076.7200629267977,2084.633724230219,2079.082651986195,2076.7501032422524,2154.946230718716,2100.1138477574577,1849.1515933516548,2111.6842933815205,2108.4546577170167,2132.8586612718273,1886.653595833813,2140.3683446638975,2126.142507214507,2105.7069643829946,2204.8947306501173,2116.126903369983,1581.1376295559085,2109.0934876897118,2686.47435522015,3171.9587552624675,2689.318411840341,2654.265395995768,2683.7530808896504,2628.698605881938,1592.4361554634281,2136.2833523753193,2287.1823919531566,2667.924148320072,2648.169169082932,3197.5719362974596,2102.799749544208,2119.3971212653,2080.98287625803,2081.2228148794966,2094.036095793811,2076.6653804930334,2076.6653804930334,2076.6653804930334,2076.907586386021,2076.6653804930334,2085.0235724233244,2076.907586386021,2081.983156067429,1770.9174629062868,1586.8545427097265
22.092987222925846,1.7220816636571015,2.097003292783909,8.797819638300906,1560.123297102219,346.53721871667085,1427.4458602607838,1426.9341423360222,1427.4413143235777,1427.7633267760834,395.8581945763015,777.870199605997,777.6428030982505,656.1594088045912,777.4827488925381,778.5423777610919,391.43576839694634,779.4041126486002,424.3264625563925,0.5920582563750771,389.95283131741365,1.896289009615429,7.056211903428452,1298.4924540975555,781.65220365336,972.7670716450366,1.1193906678982404,2.7155031785861525,6.279647061840885,388.9999491504751,389.58561268857136,393.9281204523738,391.2959878952011,1168.7099363853167,411.7157262631638,389.8598516554116,392.9610372840747,390.6620726448722,1167.1978918580057,1177.7678984933034,390.47769398561667,389.15633606452303,1431.149669743957,1948.497770735399,1948.3159616474463,1429.1267477445538,1186.0566883318252,1947.6107288717478,1951.954117126328,1955.9085292952293,1947.4781197420878,14.374762111937086,1430.588413212996,1949.7336986846183,1950.443796112756,1948.4661591451843,1956.4814913439102,1959.474228631142,1998.2335399820306,1947.2523361744813,1214.3802904334011,1971.4960215486267,1181.1017981419907,1432.0352902573209,1968.1533931738304,1974.8127995933978,1442.7906548262515,1963.1516566559249,1955.4545376626731,1963.1727276410163,2348.944813585266,2360.8942603166383,2626.7519621564725,3142.5253414543085,2597.3098191971094,2616.9212099420997,3131.422068286892,2345.110290994083,2605.6467030295057,2618.8896310225205,,2341.919009323582,2336.522861456639,2340.2680299963795,2336.930054257052,2336.68998176987,2336.68998176987,2336.68998176987,2338.301555764523,2336.521682965839,1948.5588505621527,2340.377535835532,2339.653715151287,2338.549998720337,1949.2781012435764,2347.538947625365,2350.757643876124,2345.420687941897,2341.5654784838675,2336.6875963175244,1564.8430369744883,2342.7202314563633,3129.7104914767074,2600.80981458595,3131.0109687695394,3121.201760456431,3121.6690277670727,3122.783881605673,1570.9572702156336,2344.92252650819,2596.2565995133723,3116.7890696134,3118.5740473825354,2596.0478237393963,2338.855524316767,2337.068697475032,2342.3223837774754,2363.615809641984,2337.074844572393,2336.4990353697754,2336.4990353697754,2336.4990353697754,2336.5466798142,2336.4990353697754,2336.5943856165704,2336.5466798142,2351.2306183810106,1816.8043330685975,1601.7741854643525
16.08530365904739,5.411025785261414,2.3072243603000206,13.893555873071433,784.2697477597027,596.858214812489,920.4823448310412,908.1796308459286,908.1062854484577,913.4839695588029,402.36147757532734,1174.1635237324874,1177.2476135473348,922.3492141442811,1170.2352717171002,1167.842133513014,399.5775893908416,1558.9723446852079,799.1015790400726,1.0384077875486368,785.6458985334582,2.426684984105444,22.46276472946806,798.2304063706683,473.514870255161,586.640857263222,2.079347709301112,9.036738017414931,17.68828290999128,418.73746508256926,399.9185124432499,407.3095957727385,399.6503549751441,1956.7723093442808,405.5760289705296,394.99064631841406,398.08566051432035,422.4301130460404,1968.4828843282746,1952.821127824302,413.6389485115343,395.0652010731759,918.1542300692724,1185.3459068194206,1190.55801647155,924.9809778835148,1975.226102207744,1182.6358633872867,1188.107669181906,1220.2687491679162,1213.5957111173943,41.03139390434539,908.3706623544858,1169.2423275728245,1196.1412797790094,1177.955404533868,1176.726211164681,1181.8039196972265,1226.9878133632767,1170.7411507834577,400.56902321404306,1169.8130977708013,1957.4094344438008,922.6156299059777,1178.5768848516193,1192.0940155212106,927.2073777628932,1172.1956531017277,1174.82671063748,1184.153935847208,3119.3284613570518,3126.529850371086,2083.450563407771,2338.324443058193,2077.8898144422596,2085.592542357173,2340.4400474826516,1958.7491703275593,2090.3153428488577,2114.050124828841,2341.919009323582,,3169.4547793505803,3258.9846083790353,3128.0397347779494,3127.623784202886,3116.337690135313,3116.337690135313,3190.8455184648747,3173.210103803407,2450.3010051091223,3210.473044915864,3152.238448747621,3145.7820918129914,2363.470099542064,3168.1961886981917,3138.4074583536058,3130.4102131502864,3196.430486344513,3124.067659495682,1582.5046908334962,3153.3643803072646,2353.4813053379867,2099.6009999634225,2366.2884405028854,2354.333439431137,2371.8446381264794,2369.7025335296134,1577.7234433580472,3152.0444130333112,2101.8147350437553,2351.746318061276,2353.7824302286917,2116.861644960358,3181.7856402276334,3151.891264403817,3122.4696725993667,3122.6404644089203,3123.0025955792635,3116.0000000000005,3116.0000000000005,3116.0000000000005,3121.8052974996217,3116.0000000000005,3127.618071235558,3116.1731443790277,3118.55630019906,2157.9549898374844,1580.7899781505616
11.131547889322611,9.650344130167516,1.5550396947888314,10.863753176705893,779.0323326469464,586.1221173399606,907.3985616295798,909.9451379190814,908.3434586913199,912.7973418949271,391.71537694244734,1169.2928762987594,1167.2425645139515,918.0668192682755,1167.65102228683,1167.3552719777429,394.6388105234047,1561.0578575602785,796.2620450369685,3.266937157305706,779.1750044273484,5.420968379943223,18.8439261399674,780.5577246011753,466.3748274450697,583.0237136150146,3.6360816173088124,2.447730535053538,12.183546250951553,395.7188965337261,394.6917691261836,394.7219505870093,391.61145191085524,1954.1560135359416,388.94912910588266,396.4137147147192,394.0514091042995,403.4863683462737,1953.3355268839616,1948.737107755068,401.6668066233457,390.8862256042233,911.4493140105548,1172.7113853113008,1175.2559954268686,912.5119474588422,1960.6233354856918,1168.463442916077,1188.3824825198424,1175.1058849622316,1178.002426312874,14.889901096077573,907.33357113671,1167.5391849096166,1184.8660918694213,1173.2566166192682,1167.2512201893192,1181.9704906531067,1221.9068215453449,1167.974947582667,394.476941387434,1173.4854772242413,1948.0346513043537,918.1281137688999,1181.107484349162,1177.1350156542264,915.8888984457151,1176.879178989386,1177.4751556395606,1178.9657684427314,3121.045473768273,3118.089252445949,2082.708961014269,2346.632291602321,2077.0627145350873,2094.6333401240345,2345.8907085993947,1954.4752409738342,2111.693193048675,2101.1773243894163,2336.522861456639,3169.4547793505803,,3238.811468885496,3123.371206776579,3166.31388637304,3120.3484609659467,3137.0613283617713,3133.2211458625043,3182.8348835720662,2410.4494582346933,3194.045256104662,3151.141333458471,3189.1513374697624,2368.9461324576314,3171.8392825994797,3117.7011288380186,3126.7857248032806,3162.8461716691077,3138.4919415005847,1690.8914363729682,3185.609571849511,2349.0760759759473,2099.4989968468044,2373.6583696846637,2358.546327563746,2360.581683795718,2352.0678640455462,1569.8753405896864,3136.3817961490513,2090.7811155201525,2358.5966043389694,2338.527060348194,2102.3840309915267,3174.8284574612567,3192.7249534151965,3116.131378433544,3116.175284185566,3179.5115754162807,3116.000000000001,3116.000000000001,3116.000000000001,3138.9820809820817,3116.000000000001,3126.517102475566,3116.0437364497775,3119.1403376688268,2151.87135506145,1580.2694517655218
11.056552668529992,5.293857685036261,0.8715552539992818,12.955071464865311,782.8454782671976,590.4121089172072,934.1015766287703,907.673933802997,908.0038035720946,914.32066872991,399.94299446452004,1177.3697999947274,1174.4055821528618,911.258946634212,1169.2245860296553,1167.2157694493826,406.96432681919276,1559.063334171633,797.9476538123191,0.5378972819598093,779.5475892844244,4.986519841705965,15.65662265704505,795.3755976629799,469.5839517366518,591.596494384997,0.9743597582189825,7.058895929272834,28.323445961252183,399.0766413573511,397.8803429840184,395.4320080958705,393.5416747158197,1954.3954278898693,406.1193270347404,398.4018487521615,409.01357661300113,402.61691302153656,1958.2182976571803,1950.7658455400149,423.2099543091554,396.0781964029481,917.2283461220404,1186.0475974099013,1186.4311088668692,921.0391576535774,1958.4986815138748,1184.0527917957397,1203.6537810038012,1178.5255211835954,1179.7800771020313,35.30263753117026,908.2525963719315,1171.1498560710331,1185.185433409888,1189.1184621886516,1180.9443864834452,1183.0169747381458,1222.7108977510593,1173.544349661396,398.40251588817773,1176.2665253953505,1960.1054589794915,917.4078832678742,1175.1611776300635,1177.4601060271534,924.3395340884872,1176.4642725702033,1171.1314691827638,1185.8556203086655,3117.1680711238555,3116.402190509199,2081.1224120351712,2339.1846406829886,2076.877949500149,2091.911657832017,2340.6782967150466,1955.8365571870067,2083.9485125782385,2111.9881679467408,2340.2680299963795,3258.9846083790353,3238.811468885496,,3116.224880510093,3144.2025617319823,3117.9641962009314,3127.263092599342,3187.662787247678,3169.7255623736123,2414.938522936274,3221.992560393566,3143.570913901379,3151.5404263926876,2400.197536702462,3189.4744762867176,3130.520541164436,3172.13559003573,3174.264512610124,3147.2851147990677,1628.672427076117,3154.8701893001416,2352.573738436519,2100.70064032363,2365.2478308275354,2366.779470778135,2375.121598763228,2359.633320102048,1569.2327234979555,3140.3104344687977,2096.4159666624146,2383.9421402217613,2390.4614981605746,2141.751579062113,3146.4098193985333,3139.6646921003053,3116.229256590447,3116.30587253675,3149.9644652396228,3116.0000000000005,3116.0000000000005,3116.0000000000005,3129.1701766701776,3116.0000000000005,3121.624293825364,3129.1701766701776,3117.277430679155,2103.2292045978525,1580.2184966241355
11.319350462900083,3.7838080299036214,3.074696950005529,10.895198218616407,781.5716988180724,588.0754542204959,908.8698539309845,913.4646147151434,908.7979140493325,912.5445687913568,392.5095845376583,1168.3137715374721,1170.5952534717003,913.9402985934144,1167.8394466518073,1171.4664575727884,394.7359468256462,1558.7119483757433,796.3041985337218,0.36279196566952693,781.4035941695015,1.617167539312197,5.935461177406442,787.0396216014241,465.90123619893046,587.6340934910361,3.9634149578052495,0.516704612196568,2.8901556553474643,398.0548383328183,397.70317868615797,396.0078665439552,396.1787471320257,1948.2794649517236,388.91928523817097,390.4183682880823,394.9698964340269,397.6687714580255,1953.7719731291343,1950.2743565098049,393.56980226934684,392.5161524408707,909.8883899977527,1171.8321482290037,1170.306668913576,919.9423462318662,1950.913017815927,1176.8009491347857,1173.8213598420841,1170.4838405950861,1167.6073517466193,20.0579064626624,907.2418510118003,1174.251465437945,1187.8583609661277,1180.6805133682378,1186.6385951893608,1180.552983460041,1228.3982398046553,1172.1882286432408,390.014095133131,1170.2336110987612,1947.539642662943,910.2160448066676,1169.1670489775474,1172.9485977716001,908.289745156633,1167.493304007527,1177.1221459167807,1168.2766080718443,3116.7613910988653,3118.3522341863204,2077.1445929726087,2337.3063543867356,2080.647697268712,2076.9773205258343,2338.8291897256386,1947.2560600658567,2084.697850570708,2076.7200629267977,2336.930054257052,3128.0397347779494,3123.371206776579,3116.224880510093,,3116.0233909934173,3116.0233909934173,3116.0233909934173,3121.772674869349,3118.0244595725676,2336.968812171378,3117.8729918462263,3126.5986179534916,3127.8915016790543,2336.6482476586098,3116.7219253290236,3116.5225222000918,3130.482349028738,3118.397276438309,3125.751498768708,1580.326625193066,3117.6928256007022,2342.7293341421514,2078.437678090774,2346.7303532123215,2337.4381002820587,2341.514285739733,2336.5489869774924,1560.0453532014121,3116.6646599311075,2078.6933743120794,2338.632166930775,2338.4664345210967,2085.3804201236453,3124.6752011931,3116.3424956370195,3116.0175319414257,3116.0233909934173,3128.66208849423,3116.000000000001,3116.000000000001,3116.000000000001,3116.0058364592655,3116.000000000001,3116.0116804348972,3116.0058364592655,3116.029257605476,2146.891225634886,1580.0268971562152
11.109245739212417,9.35445368164178,0.8640909107884364,8.90311339930142,782.3279407526553,589.4620063588072,910.2327242964219,907.7129697593768,907.6878113357227,908.5565078518123,392.24934463463893,1167.5142097473492,1168.7664026555663,907.3902916990737,1168.268730276582,1167.9871157045004,394.66696050955323,1558.6722577743749,795.5685132427374,0.6996856354654523,785.1497350251888,0.9957352934383141,5.32356861554157,782.2031887420213,467.17040921265766,583.0325307259543,0.8287974222503228,0.9315552267766021,3.916087446178135,391.90513257436373,393.79715911159894,390.09656259487815,390.53008515772405,1947.973353834462,389.8219080970978,393.40945767495884,398.44937071156323,395.04384632105774,1947.0069537219235,1948.1160893435572,393.3163914017222,388.94340998396126,907.6181048628839,1179.4525263717783,1167.2377618882656,923.6421570419982,1948.510476130461,1168.1555380826687,1171.9452124016102,1196.753927317757,1181.0560567386624,16.02774902252085,908.2067641731842,1168.4556006057028,1171.5106738063039,1168.9760228175658,1167.1951440724538,1184.048540591243,1218.5330475758371,1180.9057710820969,392.0122488445637,1168.040632245741,1947.213443759298,907.649554407991,1174.6461262853074,1167.9656990120925,911.2594412805156,1172.4696996820528,1167.9864065764136,1169.412569854098,3118.628835439885,3116.0864494948887,2084.592205772793,2338.5025825367807,2084.1099576676393,2077.9578469329786,2342.12177726835,1954.767236999189,2077.9226700431473,2084.633724230219,2336.68998176987,3127.623784202886,3166.31388637304,3144.2025617319823,3116.0233909934173,,3503.4935641862476,3211.874059070894,3117.0713037940573,3146.2521947776404,2348.6041261280625,3124.0875364384774,3224.5683044225993,3118.541822412986,2346.585781027582,3116.5361254824306,3116.2381271114537,3117.33007665682,3138.797707695161,3178.5540239702136,1684.421941188038,3121.8299996866863,2343.160155841007,2079.8438448610036,2340.526126338912,2338.575114005704,2349.3208555127467,2336.50059512403,1561.1545781395516,3117.7738551063976,2077.3646986723966,2345.2365543763467,2337.7728497984335,2079.4703098247564,3121.5152261667918,3147.7505610725516,3116.0077668547733,3116.010362483222,3405.1134133874707,3116.0000000000005,3116.0000000000005,3116.0000000000005,3116.002585619608,3116.0000000000005,3309.4972691734934,3116.002585619608,3192.350295334956,2084.189092258374,1583.6301900299063
11.109245739212417,3.7598175632490007,4.172365808939787,8.90311339930142,778.5092937154052,586.1573372035232,910.2327242964219,907.7129697593768,908.6316154248041,908.5565078518123,392.24934463463893,1169.4522999774094,1167.2152389127923,908.2967293959684,1168.268730276582,1167.9871157045004,394.66696050955323,1560.0073049037665,797.9215441415711,0.6996856354654523,780.7256175796808,3.120983354156198,7.4377763552252985,782.2031887420213,467.17040921265766,583.0325307259543,2.9192264821901137,1.0954261345700196,7.2801084352242285,391.90513257436373,393.79715911159894,390.09656259487815,392.25008918180606,1947.973353834462,388.9483655152146,390.02525010929577,393.6806335017442,391.3626352039008,1947.0069537219235,1948.1160893435572,392.3712694072739,389.82736725567105,907.9331262289093,1172.6505633329898,1168.0633387488112,910.9243865205483,1947.1329711564556,1169.9559298679978,1177.3799394048672,1169.1599700364732,1181.0560567386624,13.072833713386304,908.2067641731842,1168.4556006057028,1171.5106738063039,1168.9760228175658,1167.1951440724538,1179.4447909886558,1218.5330475758371,1167.0746949477518,390.102001728776,1167.2443409010016,1947.213443759298,907.649554407991,1170.3134641315746,1167.269213945071,907.4331958575765,1172.4696996820528,1171.1077649919234,1169.412569854098,3118.628835439885,3116.611141093551,2084.592205772793,2336.5356470815827,2077.0613142406287,2077.9578469329786,2338.334384750943,1947.2503490670342,2077.9226700431473,2079.082651986195,2336.68998176987,3116.337690135313,3120.3484609659467,3117.9641962009314,3116.0233909934173,3503.4935641862476,,3503.4935641862476,3117.0713037940573,3187.0183623561525,2340.6884941033877,3117.2192688072078,3142.1558149130847,3129.668303548169,2346.585781027582,3116.5361254824306,3116.2381271114537,3124.5681619062616,3138.797707695161,3142.493944621167,1612.8738004458012,3121.8299996866863,2343.160155841007,2079.8438448610036,2340.526126338912,2336.6737521088266,2342.282942628402,2336.50059512403,1559.4767909592379,3116.1005783881947,2077.3646986723966,2345.2365543763467,2344.8211301549495,2079.4703098247564,3128.338157108571,3175.093787650848,3116.0077668547733,3116.010362483222,3243.1624435778203,3116.0000000000005,3116.0000000000005,3116.0000000000005,3116.002585619608,3116.0000000000005,3116.0051745690525,3116.002585619608,3425.3933112872032,2092.607497035476,1579.7848325053064
11.109245739212417,3.7598175632490007,4.172365808939787,7.8856663792943165,779.6154066357988,586.1573372035232,908.1272227033504,909.7695489272676,908.6316154248041,908.9032143368166,392.24934463463893,1167.6801739439243,1168.7664026555663,907.3902916990737,1168.268730276582,1167.247967587621,394.66696050955323,1558.6722577743749,795.5685132427374,1.575719407520412,779.119071453618,0.9957352934383141,7.4377763552252985,782.2031887420213,465.86867493957783,583.0325307259543,0.8287974222503228,1.0954261345700196,3.916087446178135,395.5648703308573,393.79715911159894,391.2201873620535,390.53008515772405,1947.973353834462,389.8219080970978,390.02525010929577,393.6806335017442,391.3626352039008,1947.0069537219235,1948.1160893435572,393.3163914017222,388.94340998396126,907.9331262289093,1168.5547473847453,1168.0633387488112,910.9243865205483,1948.510476130461,1168.1555380826687,1171.9452124016102,1169.1599700364732,1181.0560567386624,13.072833713386304,907.6790305973839,1175.9562083880203,1176.5721389963544,1168.9760228175658,1167.1951440724538,1179.4447909886558,1218.5330475758371,1167.0746949477518,392.5733759686998,1168.040632245741,1948.7546438548331,908.5574220785358,1170.3134641315746,1171.047272515299,908.1490762692438,1172.4696996820528,1171.1077649919234,1167.5069116514323,3116.3343679417044,3116.611141093551,2079.744698523941,2337.5801576336535,2076.8487744680715,2077.9578469329786,2336.614293944829,1949.878346320834,2077.9226700431473,2076.7501032422524,2336.68998176987,3116.337690135313,3137.0613283617713,3127.263092599342,3116.0233909934173,3211.874059070894,3503.4935641862476,,3117.0713037940573,3146.2521947776404,2340.6884941033877,3124.0875364384774,3142.1558149130847,3129.668303548169,2362.0398473630635,3120.98321479743,3116.2381271114537,3124.5681619062616,3138.797707695161,3121.6898640172617,1570.7627172122766,3121.8299996866863,2338.890449697709,2077.264694497042,2337.3215729071817,2336.8694210052404,2338.010368965871,2336.50059512403,1559.4767909592379,3116.4866172986467,2076.6985581147055,2345.2365543763467,2344.8211301549495,2079.4703098247564,3128.338157108571,3128.8327218576255,3116.0077668547733,3116.010362483222,3146.8017219916383,3116.0000000000005,3116.0000000000005,3116.0000000000005,3116.002585619608,3116.0000000000005,3116.0051745690525,3116.002585619608,3425.3933112872032,2084.189092258374,1579.7848325053064
12.77922300502245,5.430916169767834,3.376265611316104,13.116356120405184,779.5212373380461,604.9259076726971,919.9537116510595,908.8372790958442,910.4444066906219,915.0844422179546,397.4147555900322,1212.8227612107733,1172.2101959821389,913.8669546612297,1167.6491613808266,1167.2685988117432,403.7731463853515,1566.130686641909,805.0837679575941,4.346843306524845,789.6920270977308,20.878826927229124,55.581999777394934,799.6349048976326,472.0063047103214,583.5729345181713,0.8847673340613282,8.652045832418521,28.764745158176147,417.7688214944478,414.11616865624063,408.13311607708755,439.19371337237214,1992.1105533659995,404.2293534769926,416.02791938213795,419.17807459163527,449.69524173199113,1964.9642056706962,1956.4007511010404,441.46649558198146,396.56917705627166,917.84459369393,1217.9058992605183,1189.8893999771558,937.4795008896058,1974.3611795432207,1188.732285133388,1188.6276619579191,1200.0493510487431,1220.2388137957585,44.59940905056639,911.0813412639479,1201.9040315311447,1221.0890035185487,1226.8150889919866,1181.4743535659593,1181.3456112155002,1235.1565241839137,1181.52373507915,391.59030812240763,1173.096036532652,1953.1558577780966,927.2197724507926,1169.4513282456269,1170.4057666504777,921.1216211870711,1179.9034659956667,1177.2036494659412,1177.286448102074,3116.989180228756,3122.5740003185847,2078.054618031484,2336.941256840835,2076.8410595714818,2079.7448013115686,2336.6782176898278,1957.127892414213,2085.8490834025906,2154.946230718716,2338.301555764523,3190.8455184648747,3133.2211458625043,3187.662787247678,3121.772674869349,3117.0713037940573,3117.0713037940573,3117.0713037940573,,3265.7082299560907,2514.4634415575365,3245.309058876863,3177.4939958480195,3301.585134753505,2419.436276931908,3190.680881425707,3128.6942326117573,3159.7340404267993,3347.698294937276,3213.0713655513728,1647.060173527893,3225.5493980405786,2349.2806805968326,2128.4713709311095,2353.0705552628415,2362.096083796803,2380.483758281508,2337.41699481556,1577.298659577178,3140.1292697816543,2115.3099210268138,2366.7220891794886,2346.495118924119,2141.0596140442017,3309.796122403567,3297.6538212234695,3127.142779471888,3144.105863238643,3148.6721750974234,3116.0000000000005,3116.0000000000005,3116.0000000000005,3125.32194635506,3116.0000000000005,3119.7147029342646,3125.32194635506,3116.6068783851315,2267.4324959209766,1580.0911712415711
12.961678341508005,7.482641818220744,1.179973939823403,13.030068145069178,778.9341718420503,586.747823688112,912.4563298950051,907.5341482026707,910.0630061126967,910.4139506458033,391.70207721676263,1184.010664991744,1167.380767119086,908.8849324909806,1167.546372136925,1168.0109195189318,398.79342593534557,1559.5772452781268,795.664339618215,0.7548276103416547,783.7057726099744,6.065817150641946,27.522189059960862,781.5359322325402,466.70337466441197,582.915314985508,0.824886115991196,0.8292101691129296,16.251161547552627,412.7798901151972,400.90945406732015,393.48308115656795,399.4499018461679,1962.2382144011165,391.11548458481565,401.49198177189976,393.1219505793997,405.0567616020397,1957.0900144325499,1948.2816535293764,405.1570201113973,400.0197935508534,910.4771382817969,1173.6948591504909,1171.541607530849,924.463720478904,1955.3123111967232,1176.2005747063977,1176.1353997772799,1183.3156762745584,1200.6016893493513,25.165571796512257,908.4999218434859,1168.2137892269952,1194.6384830166965,1178.2375540299875,1172.2773959233698,1182.0967298232858,1224.2447128318,1174.0314292916107,392.5729103823605,1172.7898822211705,1955.2166047345356,909.836307233508,1171.9014583008347,1168.7586129059935,912.4094643580564,1171.6404581434822,1170.9290243627256,1179.080062420975,3116.3758534200297,3117.652252726272,2083.287916545923,2336.6337320330745,2078.658543311907,2080.9987383648136,2336.692398854121,1946.8698850900048,2080.802133743982,2100.1138477574577,2336.521682965839,3173.210103803407,3182.8348835720662,3169.7255623736123,3118.0244595725676,3146.2521947776404,3187.0183623561525,3146.2521947776404,3265.7082299560907,,2390.1890597705897,3208.716077172179,3167.609720979303,3193.590128151825,2363.6202855422043,3128.5599771750035,3116.057104181703,3125.5531858879312,3223.484485597289,3163.0914751861965,1666.6836328521356,3238.633328613893,2353.107750956067,2088.9933173171285,2341.9743084223915,2346.211243977663,2340.5570605768135,2336.9414871643253,1564.0480432178892,3118.41124233539,2079.3777924538254,2340.8641961057497,2337.3858253514218,2096.6522462782923,3248.7590914504785,3405.2596732863117,3116.0938628004596,3125.4696587449125,3283.4408652703924,3116.000000000001,3116.000000000001,3116.000000000001,3116.0312473329723,3116.000000000001,3131.1066175467226,3116.0312473329723,3139.4445687971183,2221.418210130989,1579.719441451424
15.806757991496948,4.36463821468928,2.6996283136616737,19.26982337696302,393.7960925364902,340.98374768053424,655.9856929524235,656.7067244083084,650.5699248915482,667.5227892727892,394.4935195663644,800.8550474159176,788.6705839182636,666.5474248568587,780.8345133557823,779.2613034286626,405.98564811329163,779.8399170378606,409.27355820061376,0.9629318041304047,390.3610884754101,6.403824817122914,46.22092146500081,542.6511988058587,327.6563723080387,398.6828372661707,1.2669965215923658,6.144709890629772,34.463142855437624,408.40066335892334,412.854622252878,418.29179024262356,413.43044548793904,1202.139566956743,406.1051955444783,447.15942661870076,423.6907902818072,444.9130595337743,1198.1841533352124,1187.6101478094172,465.34724160575075,405.46766535367016,669.948353368888,829.7639734940439,798.1247867417404,675.8265725213486,1189.7522992496029,801.5786094658458,798.9510919073307,796.0058184478473,845.3756405248405,43.51756516048414,653.8486238985686,802.0353587189029,844.6643100609874,823.548508339615,787.6476072968941,799.367777124571,833.6181774366959,790.9177787990736,400.2948710514869,785.7488474475734,1175.113800360976,689.5517870792933,801.3957671438526,797.0820359736584,677.2689636681546,804.5154296925676,797.9829913891497,804.1626146154867,2340.5928275175006,2349.779482670206,1826.5977615886507,1949.8545049217694,1817.0893157929665,1827.6346841140885,1955.0713422522351,1770.3319938148481,1840.2690031674958,1849.1515933516548,1948.5588505621527,2450.3010051091223,2410.4494582346933,2414.938522936274,2336.968812171378,2348.6041261280625,2340.6884941033877,2340.6884941033877,2514.4634415575365,2390.1890597705897,,2633.671619669968,2384.3055857609725,2428.937710472498,2036.4059879963647,2407.027567078797,2354.889811673461,2379.68713047552,2454.826373769119,2374.587998822127,1596.3525173309347,2392.701335067603,1960.2204106821755,1879.349891190932,2006.9155008974135,2005.2544237796496,2019.1162011267238,1974.5048483083995,1586.6863150650652,2394.2865784304886,1875.8315137075826,1998.474238627949,1978.3126232430157,1886.3767386543884,2491.836601142995,2420.6351790101794,2337.3929045024406,2343.4177233326172,2363.6706920789875,2336.4990353697754,2336.4990353697754,2336.4990353697754,2342.5186731132676,2336.4990353697754,2348.5460631268747,2342.5186731132676,2345.083549355808,1976.3712921000977,1574.699778760848
15.390476956027937,4.3609371061626705,13.050596333909818,22.324913559169314,788.4825080331206,596.8219355770761,927.363139604359,912.0584929072924,908.6148005496044,918.1777260399396,397.2731383789023,1186.0843287581727,1173.9349777637362,924.0227230060016,1167.4057493078733,1167.31491121497,398.38373124510025,1560.4945152606956,803.1167574420382,6.170323037642721,779.6494095402188,10.319737718474872,45.17375952713641,815.2868461611229,476.01261954822087,586.270109143371,3.3108299221979376,6.092223198109757,21.932771069004684,413.60350221716664,401.99952543395443,412.95899316503983,410.25170369716034,1962.8109096699939,390.09635382138606,401.25796581327097,413.3121536048732,457.5429448290404,1960.2815706363667,1964.2636730577774,437.4747977749474,402.44407302830933,915.7723984288996,1204.866657124467,1185.1683504171415,941.9848449175853,1978.0123303105545,1186.3168174986654,1184.3500386094079,1170.7306110613995,1177.4192298946077,31.015214246641122,910.1234224741869,1199.2842946422554,1216.3810966276578,1219.8451050318138,1183.587578750042,1191.0156218204065,1219.0183218451318,1168.5494933620785,403.81062101900415,1189.6410556285086,1956.3686890713043,934.4730382686851,1175.673203851096,1190.5774432160024,937.34639953486,1191.5302141714808,1181.3776801619476,1203.817977339984,3117.085103470698,3134.5976624927825,2090.9741237761723,2337.684198295693,2076.8008489314625,2093.183132986017,2347.8307625714056,1966.302084080275,2105.681044391054,2111.6842933815205,2340.377535835532,3210.473044915864,3194.045256104662,3221.992560393566,3117.8729918462263,3124.0875364384774,3117.2192688072078,3124.0875364384774,3245.309058876863,3208.716077172179,2633.671619669968,,3155.3192363820144,3259.661560455737,2434.9133975206387,3182.1250303088377,3125.5392988264807,3174.7848188383177,3266.7030451478568,3163.2918526495855,1618.5651747466927,3158.185384695331,2354.8985133774568,2112.4758407278073,2377.9051132772183,2384.4486358660242,2389.2180284482192,2362.2034233148706,1584.656674441554,3150.870936820538,2126.725491887591,2367.637213071487,2365.096955175278,2129.110920573041,3234.2207208913683,3190.7749516931194,3116.302651739007,3118.225472934543,3140.3884037901717,3116.0000000000005,3116.0000000000005,3116.0000000000005,3116.100754075277,3116.0000000000005,3135.9654825281377,3116.100754075277,3121.7710884166727,2189.8873505980523,1581.4054421985516
11.530818617630501,8.825581218090331,1.5109221197760054,8.374970317979749,778.525484841174,586.882774560303,907.4425053014828,908.3090486384558,907.9289015213983,910.3087870706507,394.7060251857014,1169.1857507514405,1167.612476577611,913.1663503457355,1168.9506851332185,1167.2425689615584,394.34998273040446,1559.5396297663517,796.2402620790944,0.37413223817763797,782.1759975022587,2.259774410577621,13.415081997490999,788.2392038820245,468.18411940189395,582.9517579209106,1.1241434334452967,2.6775842115701973,6.268647526291718,400.822901344314,395.3968930155953,391.50380646616566,393.8699667148284,1952.5136045216577,390.2092884912936,398.12222216709506,394.03615828636583,396.97464508249396,1949.195872871849,1950.9913754974602,401.58193691649956,389.6327834136027,912.4663186446409,1175.2172840094172,1167.2139446197464,929.8736497716017,1950.941708255934,1168.1611380111326,1172.973312468784,1171.8800239316258,1173.1518331894763,16.702802755199087,907.3758258212472,1170.0997500157855,1178.8243383455306,1168.9410365759054,1170.734660172293,1190.8794513294606,1218.6258265836677,1181.393002810895,389.99263076572646,1167.496595750899,1948.2012015404102,908.0562662084122,1170.2773132079246,1168.3010530465515,910.089084064592,1167.262612009361,1168.3481760212803,1170.885522437062,3118.7049775082555,3116.7927718088977,2078.368249409674,2340.4947608209995,2079.7026058683573,2078.966511619432,2341.652949195434,1948.5162361521054,2087.7898953654776,2108.4546577170167,2339.653715151287,3152.238448747621,3151.141333458471,3143.570913901379,3126.5986179534916,3224.5683044225993,3142.1558149130847,3142.1558149130847,3177.4939958480195,3167.609720979303,2384.3055857609725,3155.3192363820144,,3222.5399852659666,2400.0980961347527,3149.6246483647255,3140.310944847551,3128.8985127074884,3171.5876140299342,3240.140705941442,1698.2941779126825,3161.886295514455,2346.610232984856,2081.7904893181376,2358.1340401547536,2348.944413139363,2345.1292986873195,2336.581066861069,1560.6833735051453,3117.298201301716,2077.2490565522317,2349.6965838587275,2336.9996787274717,2082.6360504978693,3132.7743632052957,3136.450596766701,3116.0273603965834,3116.036504049428,3258.8523685417567,3116.000000000001,3116.000000000001,3116.000000000001,3116.009108394573,3116.000000000001,3170.214243451208,3116.009108394573,3136.5488718499273,2099.8314119007273,1580.270532635488
15.11115829963706,4.4254332347991285,1.6163093899306684,14.09662227475167,780.3341036178939,592.2994143315743,913.2031632551904,909.9252681120815,908.4318479048105,908.9903613234022,393.9231870245596,1174.1155554635488,1167.6415012291031,911.3828309842102,1172.09202641201,1167.4299537211305,400.28354039240946,1561.2651465028334,796.3616057243505,3.142662221903212,784.532643406834,5.669288971972299,24.33241844049194,793.0650084317655,469.08575838706065,583.2671218661322,3.9672859895632615,1.2133829359692831,4.180765639323996,398.9487611140447,398.2844366955673,398.26276019820904,422.8279605053681,1969.998670027232,391.5004451371389,399.13984162653156,405.1980513741678,420.825712232954,1952.8136689620637,1951.8982978640454,418.7857236284679,392.24567331371446,912.452440827516,1186.6322814675625,1176.1590337032933,930.7340660540979,1964.0542715529143,1179.727391127541,1182.811837791313,1180.5638562197978,1209.541990224427,26.00343056781251,908.1154068905461,1178.9663457857794,1189.814902953027,1176.8186485062242,1171.9787508296777,1181.0359281752114,1230.3630074611287,1168.6562736049884,396.45209037567355,1177.2025270274207,1950.1211649256807,915.2673578912733,1169.7038613143548,1174.544258135277,919.306668795129,1181.4057232831192,1169.8205824045567,1177.4875305343248,3117.7855350491277,3127.8844419525753,2093.8647809028735,2348.20267391634,2077.554296962736,2081.776545574898,2349.715267344939,1953.725048691548,2105.3606549874207,2132.8586612718273,2338.549998720337,3145.7820918129914,3189.1513374697624,3151.5404263926876,3127.8915016790543,3118.541822412986,3129.668303548169,3129.668303548169,3301.585134753505,3193.590128151825,2428.937710472498,3259.661560455737,3222.5399852659666,,2563.4521568592745,3254.9460248738087,3156.5537645733853,3171.6067847571517,3303.747473136723,3237.742377519008,1676.8353446022788,3215.7303580294074,2370.7850628908263,2119.5066880061577,2383.6568657228618,2372.501352206644,2374.2032397347875,2342.7318374130646,1569.0221754586953,3135.252582205302,2091.5404589834425,2405.5944549322085,2366.209020882258,2129.307299742942,3182.2968343057405,3276.2181620217116,3119.9485097929164,3120.011894160211,3143.0703311957827,3116.0000000000005,3116.0000000000005,3116.0000000000005,3131.5825597634116,3116.0000000000005,3147.1851872148627,3116.0645051035203,3126.202239982863,2168.5107305213664,1582.0679735103215
11.814171456364075,1.4766001628910994,1.4226148484348897,16.7926137223683,391.8015805493825,326.56093189158565,656.470933818815,648.7217161751246,648.1880301857188,652.3458718848922,393.3093963334444,787.4974526219623,778.2985598578283,657.5318916238647,779.015390011222,777.3162682487631,399.67316422144967,779.4198788391602,405.6046418882517,0.9064429257862228,391.93662009735476,8.676281200157861,14.982704549169943,526.5594331147015,312.8398355676434,389.74907578087505,2.7088330745141525,5.872717866872542,8.912002572509452,398.4325404777408,399.49573333081116,410.04029922821053,404.08164837841343,1190.8690615390892,390.61359095518407,410.9384881932202,410.61872514426346,415.1267897106672,1167.2168111787112,1180.9182996313466,399.57191987462056,397.1339791623296,649.6805601320793,788.9520456902437,783.9584768697378,664.8811154731594,1186.6256469747734,782.1907560952569,791.6849485412931,782.1254685720829,793.0338747066445,794.6247284224554,651.9471528988273,793.3771034765498,796.0118081949762,797.5426677232604,785.5213839839397,796.2849437638274,829.3805616681301,782.4784849488228,398.40386280909024,799.4653753053436,1175.227987404395,658.0629383291107,790.599405016482,789.2042763718379,657.218988705244,808.4224840388733,787.0830524825591,790.821628895997,2342.733241421343,2348.0528142374774,1840.2656046167544,1971.5550317813586,1818.7538329415752,1836.960551934078,1960.6953739159887,1771.376806410638,1858.885409890414,1886.653595833813,1949.2781012435764,2363.470099542064,2368.9461324576314,2400.197536702462,2336.6482476586098,2346.585781027582,2346.585781027582,2362.0398473630635,2419.436276931908,2363.6202855422043,2036.4059879963647,2434.9133975206387,2400.0980961347527,2563.4521568592745,,2477.107934575382,2381.9418295045366,2428.6192093518603,2444.664190330897,2389.673746005913,1600.1831926386537,2354.363079798277,1985.8406011164616,1861.9314333136313,2022.5427604398221,2008.492249584827,2044.6088314866831,1990.0260465682884,1574.848219820239,2371.5183358611307,2616.8123173873855,2136.423356270243,2100.916389942942,1910.0461779838215,2363.631347652642,2359.702944061208,2336.752183712203,2339.357243673268,2347.6638025449283,2336.4990353697754,2336.4990353697754,2336.4990353697754,2336.583309549837,2336.4990353697754,2341.535913191816,2336.583309549837,2355.788980924102,1854.2081341565079,1575.1810895960077
12.372644035530652,3.9652151517385477,1.0485607692600398,9.451192337139537,787.9663616415323,595.5376776402609,933.1324941474194,908.8478548952895,909.4185900872831,920.9007001614134,400.1598018803158,1188.4512517137753,1169.7278528949284,916.4355322722798,1167.2923939957318,1168.979898009458,401.7184295963944,1558.819836608253,802.5530032008297,0.8262426003026369,788.4076341829185,2.9452859338832615,24.402717465219197,804.1260685797427,467.5468365666095,585.0823215488356,5.324664273376539,3.6061869381818714,6.434131086520913,396.865278267819,398.6545012280684,396.4122269458999,411.6309801419398,1969.5161163792775,405.13616671637783,406.4603461785451,411.0759576915068,408.7309808664059,1950.2470127165668,1957.268962515118,410.7051500472292,390.47503782686533,909.3660214111433,1191.5644433900645,1179.9671829658398,946.8670209578233,1964.732389838346,1188.0040151401636,1192.3070942181942,1179.4053995504844,1175.97812813285,19.59698160377194,911.4310987790286,1194.2675956816497,1200.4839246259783,1194.7624171620448,1173.9305789692721,1187.6200056819412,1229.3347759958613,1172.414611380871,397.05909980211436,1180.4878990462018,1951.295258793444,921.3117756495582,1183.529316424705,1180.5157177016779,914.9179460199676,1200.519707663138,1174.7841363704295,1183.5445118273656,3122.4672347440965,3133.509417400027,2086.189178726848,2342.3061336038463,2080.025213747325,2088.487905657104,2359.4390081718275,1976.1658616595066,2111.926157959238,2140.3683446638975,2347.538947625365,3168.1961886981917,3171.8392825994797,3189.4744762867176,3116.7219253290236,3116.5361254824306,3116.5361254824306,3120.98321479743,3190.680881425707,3128.5599771750035,2407.027567078797,3182.1250303088377,3149.6246483647255,3254.9460248738087,2477.107934575382,,3163.594687185013,3175.15473468823,3249.0571015447795,3174.2023757827183,1603.1189154151764,3147.8135607632885,2357.3959948342945,2113.96169776038,2371.602193480807,2376.5694729104166,2381.2545130312888,2363.2209863264757,1573.2054112849567,3155.889119771303,2107.0170492045377,2381.8166014854755,2362.7227359347958,2164.435114127435,3185.159342091357,3156.0328966830007,3117.13807984947,3117.2843015891194,3116.1625481048527,3116.0000000000005,3116.0000000000005,3116.0000000000005,3122.8316097863844,3116.0000000000005,3118.488398631943,3122.8316097863844,3119.3325273957576,2130.4573253006924,1581.193136660388
13.00843529732052,3.90500455769356,2.924575180160254,12.582041695085607,780.7140822367935,586.6714521629171,907.6574986703595,907.5923552980146,910.3054604490103,908.3076036512234,397.0461557309061,1173.1911383357963,1169.1329717185652,910.709080247085,1167.1983363639395,1169.748611489773,394.85395812584414,1558.762982633142,796.1023459547582,1.96518397565933,779.5357744701492,1.142852828572942,8.721192609976123,783.8417377262114,469.99570460693417,583.0733445366303,2.812946083285935,1.2923513021029434,6.651468906856447,398.2863367699359,398.18953190394717,393.0812489554991,391.4049159775935,1957.1824420933938,407.3543813088873,396.88903772917837,394.4832015779596,396.28474866516945,1951.6729048001664,1950.1043922325016,402.0357999420225,391.84426776440523,909.3123330269477,1179.2790659551158,1174.091467002723,914.0462979662648,1953.5423214686457,1177.8263918890536,1177.3927465161075,1176.9101556224182,1174.579539946374,27.137653145250887,909.7004586472049,1176.1878634155594,1178.2985350853535,1183.736887982914,1188.96751078473,1180.2117701471366,1224.824424330372,1169.0387655688232,411.2827206829015,1189.7061805318851,1965.1582777770652,919.3987791031685,1186.13138002011,1181.6016353762902,913.1635642348314,1198.8762937113265,1174.2524175208641,1181.0609317771102,3121.8907591694397,3136.9523363262224,2103.6202598449436,2356.6380767517085,2081.552590340099,2097.4796210942704,2367.2167091563847,1978.2667088844853,2088.7795611198603,2126.142507214507,2350.757643876124,3138.4074583536058,3117.7011288380186,3130.520541164436,3116.5225222000918,3116.2381271114537,3116.2381271114537,3116.2381271114537,3128.6942326117573,3116.057104181703,2354.889811673461,3125.5392988264807,3140.310944847551,3156.5537645733853,2381.9418295045366,3163.594687185013,,3185.939685151952,3146.90302737346,3146.245945681264,1598.1213209712912,3119.605183326566,2362.2709983639384,2091.700829119791,2356.4688432233847,2364.288150399219,2379.282107485823,2349.066085203105,1569.6747439631686,3150.5904776467423,2086.0836525679883,2369.0922394347635,2375.95040972218,2104.713937480151,3132.077149897042,3127.3917723569966,3120.3871019424655,3137.323340578415,3116.1720349847506,3116.0000000000005,3116.0000000000005,3116.0000000000005,3116.0594168516523,3116.0000000000005,3116.1189102221074,3116.0594168516523,3117.97449704435,2094.899390920809,1582.7500227879464
11.106634658527593,4.524698273022533,4.149345152819315,9.74200355497076,791.1973306283738,589.3039362836032,914.5530566096853,907.9903288334342,908.1398764403939,915.2293010210984,398.1845721271455,1171.7537123553982,1169.1507657848822,913.7040725552022,1174.2990036371846,1167.5913369911304,398.41899930613783,1559.4392586182053,798.0962083380937,0.627745166759852,779.7719007124143,1.9408993509501764,11.448088827764714,788.3488076807888,470.31158561048795,584.8890944534055,1.0876554757098942,0.5702180509539272,8.647615857139506,397.3903910394453,395.28139958770976,413.70734668774526,391.17481308994735,1964.2510481243798,395.0842557036924,398.68948502824134,404.55068503829983,396.00234056747246,1952.474341683708,1955.460490727286,406.71537453115496,394.78215432242825,913.1772424655198,1183.7305732614343,1180.7286889782179,927.7707770191687,1967.698225423754,1180.8226575995866,1177.7248129707425,1171.4514735227874,1174.1183846976699,17.5156404677575,907.8450774063132,1185.9160067142975,1194.2253772642764,1190.7111026890539,1169.474402866526,1184.2033644922792,1225.0949075801334,1168.7758344355032,399.77117350131647,1184.7614596405017,1972.3107679090733,911.2748647876116,1179.740035288486,1178.297953691814,920.2566535406401,1180.7937286688373,1181.6275467681269,1180.755073685665,3119.392197661997,3136.9104587969214,2105.573969522491,2347.7413476946717,2079.222616873341,2116.5006712816325,2361.2938456628817,1963.796176976894,2117.936308624154,2105.7069643829946,2345.420687941897,3130.4102131502864,3126.7857248032806,3172.13559003573,3130.482349028738,3117.33007665682,3124.5681619062616,3124.5681619062616,3159.7340404267993,3125.5531858879312,2379.68713047552,3174.7848188383177,3128.8985127074884,3171.6067847571517,2428.6192093518603,3175.15473468823,3185.939685151952,,3157.6045697935583,3147.6717275603537,1593.3278887069869,3123.4245587775604,2367.115353040154,2129.2234385099673,2369.2853185240388,2387.363650504439,2392.664409475832,2368.87132362873,1584.7862425123328,3153.4285748413354,2102.653995623786,2412.8068436097783,2402.7507889228395,2142.3334487482307,3131.056390380602,3119.86396722057,3116.2886379983006,3116.3850987950673,3116.9524624116452,3116.0000000000005,3116.0000000000005,3116.0000000000005,3116.0960888402756,3116.0000000000005,3116.192301426642,3116.0960888402756,3122.1511595813395,2101.2340117117956,1579.977662957542
18.044938584529636,3.945462220844866,1.3820262566084516,10.181287773418122,779.6040917997916,593.3666187872836,923.5691957549052,909.0632201597329,908.2840498818072,920.5116246873615,393.10199210133743,1186.610824489999,1170.736762549742,917.6085217923521,1167.4354319162637,1167.918924827811,409.7926364768118,1566.7987522681615,798.832822168193,4.485946747204376,787.418740389382,20.119769007607395,62.592131410215934,810.7969970604453,470.35356683951045,585.5276084869869,0.9545442108243576,13.709268564629571,35.4362139079975,404.40412375664687,405.3509606501684,407.1375074349097,425.20141110950345,1976.9966212469021,400.42377319488435,410.1826713555452,419.1722554499062,452.19891387400827,1953.7744823363607,1957.0774602489978,451.98676221814924,393.51316278080526,914.9099746357541,1221.3974993256327,1179.6378559724499,939.2693589337582,1966.781066427156,1182.1150813399377,1191.8244041576054,1191.1067839621167,1216.1047782297314,28.01317639821002,913.6593752346399,1186.476155211179,1212.3282223082338,1209.1018145384378,1197.5859901231263,1184.2881070357619,1237.0997398488005,1170.5590426439883,396.6031840140645,1176.9030895309322,1952.7266514224634,930.9168174928866,1185.5363448830765,1178.6347906119192,935.6461191087493,1192.0818002424198,1172.2804756761316,1184.4055384900284,3116.502910220376,3124.264396740295,2091.6839330004354,2337.5628256860387,2077.1336076801613,2090.913022543121,2339.034550077902,1967.0495940728674,2099.692747057932,2204.8947306501173,2341.5654784838675,3196.430486344513,3162.8461716691077,3174.264512610124,3118.397276438309,3138.797707695161,3138.797707695161,3138.797707695161,3347.698294937276,3223.484485597289,2454.826373769119,3266.7030451478568,3171.5876140299342,3303.747473136723,2444.664190330897,3249.0571015447795,3146.90302737346,3157.6045697935583,,3273.899961480965,1676.0561664992479,3240.5185970053676,2359.0652830583663,2129.858008547708,2391.5477624221194,2369.021856178397,2399.087531195734,2344.2483959658025,1589.0794385412632,3159.3225109126665,2117.355344048081,2397.953420282259,2369.916864502409,2146.925941672083,3382.2282235678613,3346.8968331310425,3133.0872638378837,3133.260111148982,3150.260318364983,3116.0000000000005,3116.0000000000005,3116.0000000000005,3121.688424169112,3116.0000000000005,3127.3841740615567,3116.1767017720126,3132.6771062057396,2320.8368991093153,1596.8665060304818
13.228589712346313,3.921935682825113,1.169974386516919,8.989144367789304,780.6461464957596,586.3602335319731,915.4973443745884,907.5501394073272,909.0588146505835,909.6638503577637,393.94371341897636,1171.470123537501,1167.5720263170424,907.5199217577591,1175.6549448963026,1167.1745505043589,395.1020326606194,1560.5741324007029,795.4893560337144,0.502872903166891,782.703519574715,1.9446493608310662,23.12178123146448,784.615521896115,471.23922903586816,583.0390188850419,1.3517580053194318,0.7176602997439756,21.944861062055644,397.11356168474344,397.61013079551947,398.39093192787305,409.65186817233916,1964.2889391840918,390.72788442846047,402.98265517321715,396.17292279731913,412.4024975656025,1950.2414647787207,1949.4150877515272,411.7977665834752,391.6878730511465,915.8924398892408,1201.0952313674366,1169.2579192188139,919.7177247383355,1958.2681176653157,1170.380984706688,1177.3079231161653,1168.885241656081,1188.789270448534,20.106907700324875,908.7875398678342,1181.2345618595314,1185.7699108255656,1183.628764615931,1183.830058912628,1183.8447353731826,1223.2785097159065,1168.6689257920964,390.2828966622634,1167.4462573426804,1949.9110494769286,907.9761837691267,1173.6681713747462,1170.5898603613027,925.9593087529933,1170.5295529583827,1167.249438152545,1171.2679124478634,3116.060551766493,3120.583339014544,2081.199620454151,2336.5879971898944,2077.707456773805,2084.2854486740307,2337.7417550065006,1950.2988668076807,2090.114992696194,2116.126903369983,2336.6875963175244,3124.067659495682,3138.4919415005847,3147.2851147990677,3125.751498768708,3178.5540239702136,3142.493944621167,3121.6898640172617,3213.0713655513728,3163.0914751861965,2374.587998822127,3163.2918526495855,3240.140705941442,3237.742377519008,2389.673746005913,3174.2023757827183,3146.245945681264,3147.6717275603537,3273.899961480965,,1754.2582612092801,3206.5328737005348,2341.9208889287534,2100.716383651533,2351.0541669022723,2350.0910309267933,2350.3905148935723,2339.7184035958753,1565.4110034977823,3120.6852979721016,2097.5144879469185,2374.917712904016,2357.132099662003,2104.5861900249424,3192.8788757573748,3229.8969698218707,3116.1062681030107,3124.2259898536727,3169.870281240695,3116.0000000000005,3116.0000000000005,3116.0000000000005,3116.0353771119426,3116.0000000000005,3129.2299124621477,3116.0353771119426,3136.440169366388,2167.590507591911,1579.7824631733317
12.043985027906325,1.8623228917079118,1.5288794085603954,8.062590065580132,0.262003938816261,68.83338450508235,389.10230212832903,389.99690235073194,390.18975159594817,389.3020816710968,392.4193837070961,397.40039242229915,388.80306488083085,394.0818536879797,392.0668099049379,388.66081955071877,388.92044919976655,5.231109381664515,17.873431700995308,0.31459295896574535,5.390837327866917,2.8092944205068218,9.273044818878377,263.1479955078757,154.77037988021803,194.16322053911983,1.9376196467081808,1.1907908893720298,10.533793376895023,393.4088167144316,398.8840630780111,391.32559865207077,393.5652849724042,403.25090520655175,388.6549031044266,389.7423539667826,398.9295407716513,416.8077875492623,392.0334431820192,390.67673760106726,395.30034957741213,392.0729302281605,393.80441715377106,410.46803091079596,391.92271915741793,401.9408470433009,400.69476284543407,394.5926303753262,393.8312429422129,394.62504566478776,408.36345696643076,14.568296887982036,396.20083788204204,399.35354912979255,409.6854213648772,395.01044005994333,411.4235118799408,409.5895753956416,442.30513552495074,394.4022565996195,390.9831912174565,397.924465604505,389.4019114467981,393.08444623236835,393.3850234732361,390.21391598287124,390.28457867369195,396.4326003962867,395.065038909775,399.6278490621453,1559.2624994093849,1559.0244099949064,1559.4840518061437,1558.0536428641008,1558.0906341672762,1571.3184209151855,1560.2111212405866,1564.131634530274,1567.998924031581,1581.1376295559085,1564.8430369744883,1582.5046908334962,1690.8914363729682,1628.672427076117,1580.326625193066,1684.421941188038,1612.8738004458012,1570.7627172122766,1647.060173527893,1666.6836328521356,1596.3525173309347,1618.5651747466927,1698.2941779126825,1676.8353446022788,1600.1831926386537,1603.1189154151764,1598.1213209712912,1593.3278887069869,1676.0561664992479,1754.2582612092801,,1677.1330357705906,1570.603793031818,1573.1138354576565,1576.4565526413528,1568.7544057239227,1573.2493634525358,1558.0401704764797,1562.882842547511,1566.9837518464012,1568.6609230501188,1579.3831339255237,1561.1355902139146,1567.755284472219,1606.1419950797736,1687.2165339216065,1558.07090747271,1575.6562730746573,1671.2466107895582,1558.017692668432,1558.017692668432,1558.017692668432,1614.7553104195792,1558.017692668432,1585.4104238863004,1558.0354081073508,1601.14453297577,1601.2468119749344,1558.1066713516213
13.183956495754586,15.374248832168426,0.81501665171025,10.032963263511503,778.7729561287499,586.6113563986144,918.3599667456855,908.3335438106878,911.2223320255505,916.0040449661333,392.5175961069944,1182.5221714955087,1172.6418341774304,912.6050624233598,1167.3970754176232,1167.5307543771914,402.7811215317886,1558.7043861434518,796.159543036514,0.4733183088874137,783.0695440374042,8.25497516984724,27.753863137861146,792.7666614917595,468.9903245538403,584.2623356237282,1.4726124068199484,4.774717205970426,14.400940953483284,407.83873205825734,398.07938044916483,401.15642604443127,410.68192371104624,1974.3040050865045,390.05740044189287,401.6011058148718,400.047493711211,407.8637814266272,1962.8567174823904,1948.9228939271497,422.3836041347933,396.903063615097,921.8915730225776,1188.7806984189544,1170.6076653844664,914.5248955606846,1954.1316756667197,1169.1304437118592,1182.2897583976453,1167.1434366318945,1179.6138223094765,28.16866319440312,908.9336238435699,1170.3688488788164,1186.446771239336,1170.2743598416878,1178.9713580631071,1184.049470420396,1231.9002167238805,1188.8800630029036,392.347447458459,1170.4422809713644,1948.6705001026778,913.2941959650096,1171.690642109998,1169.905099234163,912.6292170726149,1170.8990137923354,1167.2647513174466,1179.9778063681292,3117.528297361436,3118.725592249357,2077.2649106668528,2338.4373953141408,2076.8482924943783,2079.1481548744355,2337.418937421588,1948.7344780407864,2084.5900193470684,2109.0934876897118,2342.7202314563633,3153.3643803072646,3185.609571849511,3154.8701893001416,3117.6928256007022,3121.8299996866863,3121.8299996866863,3121.8299996866863,3225.5493980405786,3238.633328613893,2392.701335067603,3158.185384695331,3161.886295514455,3215.7303580294074,2354.363079798277,3147.8135607632885,3119.605183326566,3123.4245587775604,3240.5185970053676,3206.5328737005348,1677.1330357705906,,2339.017080688245,2092.4366175810947,2349.687368901399,2336.9517182805034,2344.606747538939,2336.5865625855563,1564.7299675577622,3119.0045590630443,2091.969762584316,2354.876429905937,2336.546182621509,2092.0964722957706,3242.011393744103,3245.63844943658,3116.1041936745073,3124.4131773484564,3149.714239577854,3116.000000000001,3116.000000000001,3116.000000000001,3144.9782447282455,3116.000000000001,3129.51258698282,3116.034686525705,3116.1738801965967,2224.511355997977,1581.1223680795179
25.301141687581563,12.441724854502624,21.52054492350302,35.22383583855741,1584.294507768247,347.02132352398615,1438.655747784647,1451.5185300115886,1428.2675753707867,1438.88088772066,429.9239011422429,799.4076763343921,807.2572699270747,655.8645067449506,784.8839758744808,781.2226970547705,402.93142151834166,782.7994775033035,435.56414593888303,14.458932395719092,416.89479573774486,10.91248940254589,10.595085341523937,1310.1964154183686,792.1843331941941,982.882897827595,16.899875890238537,4.28078998010418,9.42100253092988,424.3376952121184,414.1963759650062,492.1086496291773,395.4639175898959,1182.3768838026433,397.76690934060383,402.1301037999646,418.2642066772143,403.49923412862586,1175.9328517404874,1206.9547447253694,400.580479964936,405.5666869636051,1439.1062898708133,1992.2187243717813,1964.2578283211585,1445.877443542848,1200.745134895049,1980.0794717101417,1980.8183049824413,1973.583855046788,1979.206627457978,41.46401947388636,1436.7120742137652,1949.848480515743,1958.2434494853014,1953.9150091574563,1949.0447838531388,1966.1056527441508,1998.84779297834,1948.5104177975597,1211.5685263596333,1990.5094028502747,1209.8835888470712,1456.2832488516146,1996.4011034525618,1982.3209551626042,1452.6931984256848,1996.5411785517106,1999.7948563805514,1998.560620082723,2389.3113598200057,2407.2860947820213,2659.1982049436274,3219.1679642776917,2624.8408199275427,2660.5981942479693,3193.9990048652435,2410.6206656917,2656.2729706242567,2686.47435522015,3129.7104914767074,2353.4813053379867,2349.0760759759473,2352.573738436519,2342.7293341421514,2343.160155841007,2343.160155841007,2338.890449697709,2349.2806805968326,2353.107750956067,1960.2204106821755,2354.8985133774568,2346.610232984856,2370.7850628908263,1985.8406011164616,2357.3959948342945,2362.2709983639384,2367.115353040154,2359.0652830583663,2341.9208889287534,1570.603793031818,2339.017080688245,,2746.3976262616043,3235.3929807223985,3213.020324379007,3221.030550623046,3161.0222145887806,1724.0207167476678,2521.5222238720085,2679.024262620562,3160.0983270633005,3180.366437162024,2677.250325496363,2337.6582727925534,2352.6999839687437,2336.52386914542,2342.093767948086,2340.853400551163,2336.4990353697754,2336.4990353697754,2336.4990353697754,2337.1050167814874,2336.4990353697754,2339.8253064099813,2337.1050167814874,2340.34410360207,1822.3984635529596,1617.9228848643795
19.499903266009408,3.3570570929032404,14.674169777629668,30.095818782702473,1068.6016115606674,780.9697326870762,1967.575856309014,1957.57745297721,1958.5811474618686,1971.1475350714857,434.4594601280601,1453.1092895690058,1451.6206898254125,1090.944507245193,1448.1672518429996,1438.0346329419078,916.9540988521377,522.4477966377589,314.1729267865794,3.917663929193407,272.0461874303488,2.1035335682783294,49.42979590652919,976.1742151004535,1103.7951682008304,1374.088439170795,8.113489832904994,10.166385659875495,26.118237686950902,423.7388546423939,419.32378095858087,526.734958807376,414.5228635573182,957.2231999120191,416.44489651078,439.959771299665,440.1790759486981,419.23956176925094,917.1950421715294,944.8073931753111,423.764552961125,410.1133966160863,1979.0484638261207,1484.794890074671,1462.8698556031584,1105.1376957312243,981.3679738869491,1456.1042460145322,1490.1122396211567,1465.292863679398,1462.8617723324692,48.78550263895401,1094.8595280994664,1437.1492903010746,1466.4433533509523,1472.401460898494,1449.1503775259966,1460.5571611681914,1483.3962487003655,1437.782610667867,946.1082982108828,1470.8018551008063,948.5362898348541,1139.7009956549405,1488.4011812337546,1456.9674837170094,1137.3837113003824,1488.5854933048956,1483.4429456142213,1503.6658724427507,2096.3796808327515,2121.193355970226,2326.199151739566,2640.356915462207,3132.0821438269245,3150.303522777739,2683.140238729549,2793.63413872218,2288.8610541880385,3171.9587552624675,2600.80981458595,2099.6009999634225,2099.4989968468044,2100.70064032363,2078.437678090774,2079.8438448610036,2079.8438448610036,2077.264694497042,2128.4713709311095,2088.9933173171285,1879.349891190932,2112.4758407278073,2081.7904893181376,2119.5066880061577,1861.9314333136313,2113.96169776038,2091.700829119791,2129.2234385099673,2129.858008547708,2100.716383651533,1573.1138354576565,2092.4366175810947,2746.3976262616043,,2744.8379397535136,2816.6319478295177,2742.043105935256,2675.5825067439487,1753.2921360826754,2288.999794207237,2431.1665676124285,2649.4841778722334,2638.4217859446676,3208.3287253084495,2127.085485705875,2103.4679028443875,2079.047692784297,2080.316732069782,2080.3816615922765,2076.6653804930334,2076.6653804930334,2076.6653804930334,2077.938292828804,2076.6653804930334,2078.252566016125,2077.4584625771263,2080.6410242307124,1802.6097051333868,1594.4055226137625
22.942576970820816,3.5436808563654894,7.145622844779331,24.972607045241244,1567.6431548906717,352.5014098923143,1442.9255919354548,1438.8402286010696,1427.4776383111555,1444.5426135942512,405.7930990327135,792.6695356571871,807.0977909185324,652.6418351277063,781.2026955861736,783.8510503385241,400.29679409478575,789.9541071143955,433.5588515276916,3.7203383434197432,398.86649896072316,9.609476293499899,13.31376729580879,1313.44993277612,779.9253796229592,987.5656417189498,9.954183074706105,7.013658291217434,7.501357648795898,402.1172765655121,406.43724243730094,443.56273398920746,401.1431495941186,1181.7524536883323,391.3311935745493,405.88417619921927,408.17571436868445,405.26164365274747,1171.808015412994,1218.4743393450503,403.3888152105628,401.1785918231786,1441.4920806981124,1972.7096831731308,1953.120097821859,1435.769674519726,1202.5920081601048,1963.0762377969568,1986.6807205472342,1975.3976038487494,1964.6711703567955,28.46917245413536,1434.3675319922106,1953.6745123059893,1963.8723944992514,1974.3610020402914,1960.3726673856597,1969.5960289944333,2003.0997058189705,1949.3214290008004,1209.602834194375,1994.1626898508416,1192.7019923359567,1464.844401966127,1986.6453824657146,1989.9109934407456,1447.0933925172865,1988.038378926057,1990.40271254002,2032.46080980092,2377.0867483923216,2403.75482020596,2705.6867013160063,3248.1695060055,2633.9442658099783,2653.4232080158704,3209.310012679455,2421.856999696405,2685.1943735514756,2689.318411840341,3131.0109687695394,2366.2884405028854,2373.6583696846637,2365.2478308275354,2346.7303532123215,2340.526126338912,2340.526126338912,2337.3215729071817,2353.0705552628415,2341.9743084223915,2006.9155008974135,2377.9051132772183,2358.1340401547536,2383.6568657228618,2022.5427604398221,2371.602193480807,2356.4688432233847,2369.2853185240388,2391.5477624221194,2351.0541669022723,1576.4565526413528,2349.687368901399,3235.3929807223985,2744.8379397535136,,3335.0254561909433,3361.8104040518697,3224.089327532935,1655.226869769597,2447.199058470994,2629.931512088632,3225.097420131497,3208.0753890195706,2685.0104398281555,2345.2692090280325,2355.116066084136,2336.522372257478,2338.9313820345214,2344.610613665481,2336.4990353697754,2336.4990353697754,2336.4990353697754,2336.9172899295963,2336.4990353697754,2341.3191127217597,2336.9172899295963,2338.7678056075342,1839.2844363732233,1606.7314682208464
22.863766056143742,2.441336121231023,6.6515622287948295,19.64260642293983,1579.7716790713803,353.9513108219497,1443.8913253113237,1428.2241852260947,1427.994675377922,1433.7134664146558,414.7833717183553,797.7377499662392,790.958921309445,658.6974469478665,779.3344098170103,782.0729398767286,399.4396798181955,781.847064442266,443.0889497744253,4.150539725188427,398.2546816346433,1.190967641347615,16.818149843840803,1310.4175883824269,779.6141882637238,977.6508817854263,2.2655803238060113,11.545201144919494,23.893656208151906,405.557771084393,401.961536147765,473.59822384953554,402.578729393182,1192.7889982465713,399.28311432833544,415.04763601064707,428.02633484673504,415.1704132634713,1176.290589854898,1208.2470949947,424.6974292532227,406.0216221465329,1440.4069263801816,1976.7951256507438,1970.3509382760778,1443.4918573806324,1232.1802361390305,1976.2618335664706,1970.7215736232718,1964.2130144981554,1956.7872879291747,27.567879659387966,1429.049837312832,1962.7183763732248,1962.4554784314491,1978.360153494744,1948.9071172102633,1965.0065590339402,2006.599803022464,1947.0209007975798,1230.0586685730998,2013.7688403436277,1217.95255931872,1515.986104746719,2016.0321338163906,1999.479653869913,1478.398475713371,2017.357382810098,2007.561890534527,2043.685349848043,2364.9302014309174,2404.3073237074072,2689.637503055938,3184.045525202246,2619.9252138116726,2631.7274999105966,3205.4603190332073,2394.32129576275,2645.068180752879,2654.265395995768,3121.201760456431,2354.333439431137,2358.546327563746,2366.779470778135,2337.4381002820587,2338.575114005704,2336.6737521088266,2336.8694210052404,2362.096083796803,2346.211243977663,2005.2544237796496,2384.4486358660242,2348.944413139363,2372.501352206644,2008.492249584827,2376.5694729104166,2364.288150399219,2387.363650504439,2369.021856178397,2350.0910309267933,1568.7544057239227,2336.9517182805034,3213.020324379007,2816.6319478295177,3335.0254561909433,,3286.2809296111814,3228.815977489923,1704.0996950081449,2522.4089447341403,2681.5887787570546,3187.115541466653,3181.8414822408768,2675.342988135803,2360.8748031992127,2352.0881323394487,2337.4054169211263,2337.2180270888844,2337.025903151244,2336.4990353697754,2336.4990353697754,2336.4990353697754,2338.014721506644,2336.4990353697754,2339.5323595896007,2337.1635214282273,2337.3541089277146,1847.568109756474,1607.4008650542098
23.30847150429773,4.778751189042413,18.919442223846055,18.31577060095462,1584.7652017204978,354.60238523546616,1434.1764520057134,1431.2970243244238,1428.3356877818671,1434.0494985965443,416.78099320302744,790.0088556079647,797.7677295337699,654.3935960404889,782.0970045077025,779.7334943805538,397.3465873560116,780.4033017039984,431.9228244359321,8.138329342854526,406.1306262793497,1.8022696701619314,19.477108477951983,1310.8837505027986,781.4557698569273,983.4237261906961,4.910886343480426,5.234641613269521,7.673511830959328,396.66455311740873,417.61202682260404,440.0697352846526,405.93994646000044,1181.333511491119,398.27985729714624,417.4581662400731,413.94062610921776,427.6312317599853,1172.27234969779,1195.8833594143537,402.36045355084764,398.4333831765368,1440.0894243835871,1982.995437105945,1962.6398599361078,1451.670233190872,1204.6090552616602,1976.8463698884686,1968.9383857005912,1960.9655829784137,1955.8983901380648,37.89372911882159,1441.2575767790572,1957.6266601555685,1981.5072402701862,1991.5788402198918,1961.2013812236605,1969.6494822616924,2003.115525795497,1952.3326104084595,1209.236551510124,1983.6201350335543,1188.4835299378838,1464.1558610012657,1998.9034107625498,1987.2538892069708,1475.5727628354134,2007.2025594347829,1994.2709037450795,2008.3828088979826,2371.9457825797776,2384.095962637923,2671.4627038806566,3218.608965560958,2631.7398335707844,2663.3641672001313,3212.5072277164095,2430.834216037928,2673.824399817822,2683.7530808896504,3121.6690277670727,2371.8446381264794,2360.581683795718,2375.121598763228,2341.514285739733,2349.3208555127467,2342.282942628402,2338.010368965871,2380.483758281508,2340.5570605768135,2019.1162011267238,2389.2180284482192,2345.1292986873195,2374.2032397347875,2044.6088314866831,2381.2545130312888,2379.282107485823,2392.664409475832,2399.087531195734,2350.3905148935723,1573.2493634525358,2344.606747538939,3221.030550623046,2742.043105935256,3361.8104040518697,3286.2809296111814,,3271.109093670225,1657.3067946990118,2445.414441623655,2650.440739628355,3336.8134613818024,3277.2001767058337,2708.6990405244796,2350.4141032864172,2354.4778524236444,2346.1092043654653,2339.8491861718867,2348.7194361125657,2336.4990353697754,2336.4990353697754,2336.4990353697754,2336.813977182109,2336.4990353697754,2337.2537289974453,2336.813977182109,2336.542179404004,1857.2471559245732,1626.5456171952621
22.36074083871013,2.146105279850193,4.891622191075209,11.938409487503984,1562.7352800702927,352.10447676978316,1430.4133786756738,1444.7229484412246,1427.4177558947042,1430.983023201385,411.38692627069537,783.92139792619,787.7152274398584,658.0871631202068,779.4913774281498,787.239713685479,394.6899030947966,784.0747214181462,444.17221980969555,14.210869233895739,400.82761678747903,20.938482393961998,7.650437052268574,1301.2063559173819,790.3107483498682,989.8679917314632,3.9362797605147524,4.7262687274315685,3.7441913547605843,394.6673568288911,392.93662779257136,411.7879490051349,394.4681288685916,1170.6237664251273,393.728315988812,402.2356117952276,398.7301661262202,398.42820948981944,1167.9650256370965,1174.7908934169875,396.93437969047073,394.6067643635805,1432.3867209029045,1970.3995528849964,1956.8722808700018,1430.3171488455162,1190.2235095089368,1964.6868446400895,1967.0118380393785,1950.4876079998437,1946.7267506444825,19.559665417996648,1434.2923264624733,1949.1895479523987,1950.8441091434893,1955.1977250135023,1948.648591984922,1960.2435179763459,1998.27545166644,1947.064943781334,1196.3849790934057,1976.7040585125653,1199.37455344665,1464.4274549367656,1983.436262664478,1995.8467550195787,1442.3024479191358,2003.209366132785,2011.464172762804,2007.5207822993348,2390.8305848544464,2376.7676602656197,2673.214021982658,3214.9058221163596,2630.2313303581996,2648.7266033392234,3202.8628292928415,2416.3750462947287,2698.4127805441926,2628.698605881938,3122.783881605673,2369.7025335296134,2352.0678640455462,2359.633320102048,2336.5489869774924,2336.50059512403,2336.50059512403,2336.50059512403,2337.41699481556,2336.9414871643253,1974.5048483083995,2362.2034233148706,2336.581066861069,2342.7318374130646,1990.0260465682884,2363.2209863264757,2349.066085203105,2368.87132362873,2344.2483959658025,2339.7184035958753,1558.0401704764797,2336.5865625855563,3161.0222145887806,2675.5825067439487,3224.089327532935,3228.815977489923,3271.109093670225,,1630.2891336109656,2423.3300899764986,2658.0827445014224,3215.786148367091,3215.503092061349,2645.550545712633,2340.1898158801714,2337.4939743325995,2339.217646783832,2339.5565766901036,2336.5037388931387,2336.4990353697754,2336.4990353697754,2336.4990353697754,2336.840106732348,2336.4990353697754,2337.1816173368566,2336.840106732348,2336.5768223463187,1817.0881825775448,1602.6532733677661
11.632436199825758,1.6185657408195497,43.0550751734513,52.033651294827145,58.23112800236301,100.85876517452704,416.4563423071568,430.75002593879117,394.3404397590583,415.57802321374226,486.5754111476008,447.3204355434473,442.9154870992507,427.1962270310926,430.2171970663608,414.658549511488,407.8351888199358,15.833333333333336,64.73573913117635,19.30611245090026,28.454419539216552,12.237083012741321,16.273317728247793,277.6665936071461,168.6367959230242,214.37137555345893,12.55223726738726,3.3891947666576745,3.7595936002339725,470.07797486521076,501.81918807573237,725.9572583002645,412.06282682947733,425.0763283379407,438.89282711065664,436.4977629521016,460.5243222125253,427.21744388480005,425.5632667225757,473.67928023188324,491.4816278768569,456.1539832166351,420.73822027056684,488.1920644178269,472.83210132917077,438.1320795951823,482.9370344587929,464.5272990763559,431.15868290742884,421.16607150525266,435.1205278653423,92.7384934679234,409.0908870016513,403.0084172242822,426.1518180191333,443.2881633307478,397.0441520786726,420.72648859522945,447.5894108367627,390.9174719351791,472.93815491095427,473.0472058942473,448.44804115492013,426.8814121223196,488.9477432623644,427.33054401953365,447.95731631957096,466.1119888771115,465.55724835681673,448.59610277270673,1573.6099432882693,1603.9085799080958,1614.6989295035353,1596.5763204081634,1581.7465306700324,1591.3854256392951,1615.767966074365,1630.7343578783575,1595.3819312229741,1592.4361554634281,1570.9572702156336,1577.7234433580472,1569.8753405896864,1569.2327234979555,1560.0453532014121,1561.1545781395516,1559.4767909592379,1559.4767909592379,1577.298659577178,1564.0480432178892,1586.6863150650652,1584.656674441554,1560.6833735051453,1569.0221754586953,1574.848219820239,1573.2054112849567,1569.6747439631686,1584.7862425123328,1589.0794385412632,1565.4110034977823,1562.882842547511,1564.7299675577622,1724.0207167476678,1753.2921360826754,1655.226869769597,1704.0996950081449,1657.3067946990118,1630.2891336109656,,1893.5192958300554,1714.7161401099363,1593.514594702544,1608.4444631390297,1598.280803234997,1573.1508756751557,1572.6304698388035,1563.5090206185569,1561.4967540654777,1559.3756284354674,1559.3745980707397,1559.3745980707397,1559.3745980707397,1560.1036053911057,1559.3745980707397,1562.1291049581457,1560.7509652509655,1559.3838741935485,1576.8393610362014,1571.1863556376454
12.357763446922922,4.786711730892109,28.010011217493137,40.19921814279144,833.2610605805547,608.2478181785309,931.6974805042466,937.3708888788888,910.06988758162,941.4262023724983,451.7921970392549,1217.8333106068583,1205.8765081018814,936.9137031633454,1187.2329895635405,1182.5306531593972,410.48448844248554,1570.6074463390253,840.811708169323,11.459757948361323,793.1135556252469,2.9811565178264643,15.01545790931638,790.581848172566,494.0650752312558,613.4939416966669,14.515299267653917,9.592173037256574,9.92658371652804,430.50037134262345,431.4065906019545,531.9606728117956,415.6953156439924,1982.7441725589665,413.7491834492814,432.13959031834906,429.5743698071886,426.0435307105005,1972.1693551701187,1992.0774128686005,461.1806923875258,421.8924970188242,950.6886069370385,1261.7879366178825,1243.0273969253437,962.6149578145454,2018.306629504664,1237.1929948326906,1215.4639957184797,1193.2569634921404,1191.0245641784322,72.10159095542268,925.4373205455682,1194.90501749447,1206.641352485384,1241.694490338003,1175.8028326706221,1204.4101828579935,1223.8456048558755,1171.0313099505229,457.0626780448068,1218.2954810346268,2028.4109911230125,966.9155178928322,1245.1720871547325,1207.136813706772,961.9886236852989,1259.6412409086508,1251.8479847882036,1222.0657681468401,3141.190984287876,3184.8052980324796,2133.7680809700823,2401.983099159244,2087.946340006444,2119.2477288327545,2410.795351765318,2021.9206419167037,2122.5458736099085,2136.2833523753193,2344.92252650819,3152.0444130333112,3136.3817961490513,3140.3104344687977,3116.6646599311075,3117.7738551063976,3116.1005783881947,3116.4866172986467,3140.1292697816543,3118.41124233539,2394.2865784304886,3150.870936820538,3117.298201301716,3135.252582205302,2371.5183358611307,3155.889119771303,3150.5904776467423,3153.4285748413354,3159.3225109126665,3120.6852979721016,1566.9837518464012,3119.0045590630443,2521.5222238720085,2288.999794207237,2447.199058470994,2522.4089447341403,2445.414441623655,2423.3300899764986,1893.5192958300554,,2293.001140936052,2394.462081551618,2400.6287019147153,2156.177732909114,3139.7868085476525,3134.1463978912884,3116.7399854123905,3117.4699239573456,3116.00134245649,3116.0000000000005,3116.0000000000005,3116.0000000000005,3117.3739543114552,3116.0000000000005,3118.749678042499,3117.3739543114552,3116.009851447846,2091.480706835788,1581.0688909944352
19.070426944560747,2.1620666607313366,21.57853037079544,27.114975225641917,1060.0244046163964,297.00012152010635,1100.1089884690446,1109.3289536121958,1096.272921659825,1123.4068261523078,411.23130667933367,729.8145866006826,698.4924224639738,616.8565431828167,672.9948830793178,660.4749401811031,408.46553950788586,521.2854692110495,333.22529390476336,4.864544167779312,293.2331411480593,2.7962456142880923,58.510740383098266,1003.6189610510625,582.2820810264911,733.1077857513775,8.692091602594203,10.577747011740668,20.034080391130814,441.8378720417847,433.277747853882,496.1014315727854,417.5280902835487,938.7056646411016,418.56902717930177,447.78074432427326,458.8002678119459,441.20246915667786,942.6866666505723,943.038004649396,510.75648323251636,443.1067098805958,1116.6299684526614,1528.4875543368853,1510.3536923904735,1161.4541766408652,967.4680582161753,1523.0299637962116,1480.6264389355188,1442.0080455307361,1447.7986496925498,592.127525914077,1092.9329872993796,1450.323158698279,1502.5664841641164,1538.9403784094209,1451.508182768981,1455.769505924427,1486.5146623548683,1431.935937175402,937.2689796385043,1469.501417246431,951.8402789132675,1131.6437497211234,1466.1421620815838,1445.7192664668235,1152.022116522065,1473.3988542792965,1462.8971373489665,1452.8106537343492,2078.2606964538722,2105.454320320444,2281.3228495368053,2597.797762061355,2254.712919199603,2273.860632595331,2632.2089305889613,2132.6001195048393,2285.1155159502523,2287.1823919531566,2596.2565995133723,2101.8147350437553,2090.7811155201525,2096.4159666624146,2078.6933743120794,2077.3646986723966,2077.3646986723966,2076.6985581147055,2115.3099210268138,2079.3777924538254,1875.8315137075826,2126.725491887591,2077.2490565522317,2091.5404589834425,2616.8123173873855,2107.0170492045377,2086.0836525679883,2102.653995623786,2117.355344048081,2097.5144879469185,1568.6609230501188,2091.969762584316,2679.024262620562,2431.1665676124285,2629.931512088632,2681.5887787570546,2650.440739628355,2658.0827445014224,1714.7161401099363,2293.001140936052,,2639.4425138883726,2610.8613263783272,2276.537688183304,2122.111248828173,2089.749344916116,2079.207692825085,2078.0460672899626,2076.765429406605,2076.6653804930334,2076.6653804930334,2076.6653804930334,2077.5117272839693,2076.6653804930334,2076.681947940301,2077.5117272839693,2076.735996843881,1764.4707913134648,1587.3048603295176
22.55844284070424,2.401868074129123,4.531546543204491,9.710013252135141,1561.834694239997,345.0827176519873,1428.4667699011102,1428.4104596152063,1427.9244710361963,1437.801189465866,404.80831841473434,790.2177225660125,785.8441328325539,650.8274357730401,777.503328344519,777.8121043437002,401.86225162363536,779.5259080966507,424.0750331698525,0.5885100690179664,395.8283413895947,0.3768453872646061,14.41178925805068,1302.0575114158514,792.4345625070446,979.746984622016,2.135960892140397,8.341903876666013,8.614152406295897,397.0223105643233,409.5962158740204,406.3085861107774,398.9826470510302,1184.2829578226379,391.2564787174119,401.2367791419248,409.26448831595974,411.4043265347771,1183.8452973497094,1182.261235031329,402.6612207416511,400.98630859824533,1431.6382519254425,1967.9571479838178,1952.5565055317372,1434.4359500969992,1185.827356100793,1958.6255116832497,1962.207600175823,1954.7753705751709,1951.9789287186943,21.413755380324616,1434.6745204405115,1958.4516087477275,1967.0095553741505,1978.1895295701543,1947.8400245487753,1966.1918398827881,2004.7204240923709,1946.9211509034294,1196.402367034361,1962.1625943963343,1185.3094352154828,1446.5125631211415,1961.7146130998224,1972.0939419292292,1448.8241572033755,1979.0332364434546,1957.8827267860268,1971.2021154882323,2350.31879446801,2352.2981946403083,2624.5289016710562,3145.7642823546553,2606.3945051554474,2637.625611717049,3142.6387279162436,2352.6304710879836,2660.27302407176,2667.924148320072,3116.7890696134,2351.746318061276,2358.5966043389694,2383.9421402217613,2338.632166930775,2345.2365543763467,2345.2365543763467,2345.2365543763467,2366.7220891794886,2340.8641961057497,1998.474238627949,2367.637213071487,2349.6965838587275,2405.5944549322085,2136.423356270243,2381.8166014854755,2369.0922394347635,2412.8068436097783,2397.953420282259,2374.917712904016,1579.3831339255237,2354.876429905937,3160.0983270633005,2649.4841778722334,3225.097420131497,3187.115541466653,3336.8134613818024,3215.786148367091,1593.514594702544,2394.462081551618,2639.4425138883726,,3293.4583371420395,2693.754122945145,2349.514584542908,2348.8258126215287,2336.784380898795,2336.8797413753964,2345.8986865350116,2336.4990353697754,2336.4990353697754,2336.4990353697754,2336.5940281327603,2336.4990353697754,2336.689143230277,2336.5940281327603,2337.3267989177243,1846.017410258094,1603.5770326680201
23.24148160133638,2.4629782986562603,7.327308667189943,14.219371537765754,1573.7804428089405,345.926053659307,1429.1765037440102,1434.1487515584736,1428.081893352002,1430.6352919108135,410.3464447606391,781.8359480709972,790.134126426526,649.8118908624241,781.603571841119,778.718808793597,395.11219269890046,782.3217820202766,426.8549786961369,7.706775089472562,395.454805845844,4.673496880454353,7.063006934403558,1300.4509654890219,784.937963015189,979.7004184124592,2.095411011353075,3.182361519649754,6.794143957242155,396.61777930760235,401.98344336969416,411.3447453100282,395.53638951867026,1172.6493213855867,400.85358215510666,403.0597394714923,403.64273165668214,391.2838866642452,1172.4273236913189,1188.2180272864398,393.5308829862469,394.2818107799615,1440.9934519710287,1963.297958207908,1956.1512669117594,1430.757776094069,1186.3449552434702,1962.9228186796372,1958.3245624198353,1960.716328891543,1953.0889185952399,32.16509315655689,1430.835035955056,1961.7263780170001,1951.5191621695838,1958.439853561099,1948.716214242257,1958.8611754147296,2004.2980510291416,1946.5838369535552,1190.0997382456258,1973.1667922773497,1179.2452679918802,1453.3679622940099,1970.9498269236472,1966.6895412315098,1443.8591424355195,1977.3917959647138,1960.9506606177465,1982.2108500960787,2351.5241414289526,2368.9646839400516,2626.267393397838,3160.3624992469017,2605.1865286543425,2643.6753158924707,3165.657371932546,2359.29915857185,2660.514326916874,2648.169169082932,3118.5740473825354,2353.7824302286917,2338.527060348194,2390.4614981605746,2338.4664345210967,2337.7728497984335,2344.8211301549495,2344.8211301549495,2346.495118924119,2337.3858253514218,1978.3126232430157,2365.096955175278,2336.9996787274717,2366.209020882258,2100.916389942942,2362.7227359347958,2375.95040972218,2402.7507889228395,2369.916864502409,2357.132099662003,1561.1355902139146,2336.546182621509,3180.366437162024,2638.4217859446676,3208.0753890195706,3181.8414822408768,3277.2001767058337,3215.503092061349,1608.4444631390297,2400.6287019147153,2610.8613263783272,3293.4583371420395,,2700.28920804855,2337.289482720011,2337.846441314171,2336.7960342974757,2336.8952892582697,2337.3906102198707,2336.4990353697754,2336.4990353697754,2336.4990353697754,2336.5979075996743,2336.4990353697754,2336.6969071601984,2336.5979075996743,2337.2553289056436,1819.882824041452,1603.2777941408467
23.365166204982355,1.3697156013958731,15.875970508734627,22.79557671176745,1059.900285641496,776.1954007383081,1958.027773746844,1949.1790044441018,1947.3593248969253,1960.324575762026,417.1188394747677,1438.4336604412326,1437.0783933313394,1084.8825025432934,1431.0922475013608,1427.5421112172878,918.2665690655057,526.9435369130439,293.66453251480107,6.6924513682339075,262.8503715402031,1.6073453972156955,17.21723434837559,963.2272621705434,1109.4671197299554,1372.1888018916472,14.100544825815765,1.9907095632423486,19.097894883961718,405.47080159538166,397.882419051671,410.21036136934543,415.38491076809834,917.6917730664579,409.47553302762896,410.59463445157905,419.737735799589,397.98942982956424,908.3256063890435,930.8453598267286,397.5919548361993,391.66925988347236,1957.8575670549085,1449.7655147830772,1450.001274819007,1103.3738701248267,950.4117463957745,1445.5175480585178,1450.911021484791,1460.7004186293784,1440.9108413393985,30.20095218054639,1085.4667423606838,1431.5279949886933,1442.2455547011223,1455.0967829146423,1431.3220540522736,1439.0751957624632,1491.883589950598,1427.2478599657368,936.83748455271,1454.6842154186036,925.3752316371312,1121.0267808080775,1473.1784268934045,1450.5620987382774,1099.151083163052,1469.3244116563815,1446.2801627638012,1467.3910585885376,2096.8886483281403,2112.999073168966,2292.66701992806,2658.836590656433,3123.7663710518564,3159.2380694760172,2630.4667171856363,2743.1852032832567,2298.9197546110977,3197.5719362974596,2596.0478237393963,2116.861644960358,2102.3840309915267,2141.751579062113,2085.3804201236453,2079.4703098247564,2079.4703098247564,2079.4703098247564,2141.0596140442017,2096.6522462782923,1886.3767386543884,2129.110920573041,2082.6360504978693,2129.307299742942,1910.0461779838215,2164.435114127435,2104.713937480151,2142.3334487482307,2146.925941672083,2104.5861900249424,1567.755284472219,2092.0964722957706,2677.250325496363,3208.3287253084495,2685.0104398281555,2675.342988135803,2708.6990405244796,2645.550545712633,1598.280803234997,2156.177732909114,2276.537688183304,2693.754122945145,2700.28920804855,,2106.6591902707464,2106.7633385204044,2077.3283428954455,2077.5499002854626,2078.6200377722434,2076.6653804930334,2076.6653804930334,2076.6653804930334,2081.2501995082644,2076.6653804930334,2078.0660390228154,2076.886083549349,2078.3275704943526,1769.7903778454775,1586.7718258905127
32.056364434033846,13.166261372772853,6.930979879508876,11.897110466416773,784.994487038555,610.6828233758786,927.4851245337909,909.9923957481491,912.2146177564726,942.9341009930116,394.7070442329541,1207.827408666127,1169.524021129404,922.7643816233397,1169.7242548029603,1169.9042927901444,402.0374972638294,1584.6153967926525,798.610052420451,20.96144947526314,782.5967776918261,74.45237913902447,140.7148344482928,833.7040634738114,470.7024706547177,586.2673466677799,8.787412119514945,27.37907128605381,95.57911172936663,444.0501291917025,411.4116542058543,404.2679290619216,450.6786569867506,2005.831887964543,424.1601075381493,433.6766871147121,437.4022667114287,501.26082030112775,1971.9703205356973,1952.3155142618052,522.1728879549551,404.54647391617755,918.372042607079,1213.9146841914235,1187.6973640009799,964.5031896638752,1972.9745311835702,1223.6418313157287,1186.1227349483959,1203.918259319902,1247.143845571122,57.842791110788326,918.5060706680648,1193.7121500988555,1246.6872793539953,1222.6312324693054,1208.691598881804,1202.5265263287472,1231.4730408398784,1179.0728487638173,393.1332119003094,1169.3934890317855,1948.7947875913894,922.8657682304741,1179.1901684340735,1169.7124910743664,929.2003718771495,1171.563331420182,1170.893570008674,1177.66888969241,3120.91403723552,3118.0819366084456,2077.210338274252,2356.5342146843677,2082.6519334464215,2077.2763458009977,2345.815471856108,1947.4932488450982,2077.1014619466496,2102.799749544208,2338.855524316767,3181.7856402276334,3174.8284574612567,3146.4098193985333,3124.6752011931,3121.5152261667918,3128.338157108571,3128.338157108571,3309.796122403567,3248.7590914504785,2491.836601142995,3234.2207208913683,3132.7743632052957,3182.2968343057405,2363.631347652642,3185.159342091357,3132.077149897042,3131.056390380602,3382.2282235678613,3192.8788757573748,1606.1419950797736,3242.011393744103,2337.6582727925534,2127.085485705875,2345.2692090280325,2360.8748031992127,2350.4141032864172,2340.1898158801714,1573.1508756751557,3139.7868085476525,2122.111248828173,2349.514584542908,2337.289482720011,2106.6591902707464,,3407.3803200272714,3118.8805543480526,3125.5702903732163,3153.2063804447043,3116.0000000000005,3116.0000000000005,3116.0000000000005,3119.0785845681144,3116.0000000000005,3122.161133829811,3119.0785845681144,3119.4052388704763,2785.936681464954,1583.7854996407991
15.347993097455234,5.87787752187382,1.3695525222511151,13.773424026563953,779.0641407943104,589.7069184919203,914.4846096908524,907.7768529433906,909.2313269839086,910.2169312703843,393.5297411816654,1183.606644540017,1167.6803853117813,908.3130652150041,1169.244262404101,1167.1814273602179,394.90270281471305,1565.3559111078398,795.4438249932724,2.4147747860564475,781.3841233806357,17.27553449378596,43.331660637433714,790.0668114237776,466.90326271068454,584.1891886287699,0.8519960094195007,6.958014798460242,28.87888434989829,405.4555656892087,405.33011263240513,405.6788607593171,419.70498055017777,1989.279058399013,397.2898864095105,408.2910884998342,416.6678390771187,449.06340009849123,1956.4005244761338,1956.120066314663,451.6465941678889,394.2855761304026,917.434474725758,1189.5678194999045,1179.4820689660896,927.5201432554395,1959.6683010230834,1186.6641551675777,1181.2683419429122,1181.9712824461787,1230.9629841921,43.38606512257499,909.2379320370841,1171.4538270016787,1184.834710997041,1171.8695359913297,1171.2970718319712,1187.0319471012992,1218.5776345396714,1171.0310573283266,396.16785074536455,1172.4921042333463,1952.3116749208739,916.610768726679,1177.2728679724041,1169.8725099996868,914.0555356827596,1170.9801094697448,1169.3653334468784,1175.754246843862,3116.069697946298,3120.48171112658,2082.2625559241183,2337.549138303801,2077.113735501818,2078.734987513827,2337.0123096142997,1947.6398753370813,2077.503961483376,2119.3971212653,2337.068697475032,3151.891264403817,3192.7249534151965,3139.6646921003053,3116.3424956370195,3147.7505610725516,3175.093787650848,3128.8327218576255,3297.6538212234695,3405.2596732863117,2420.6351790101794,3190.7749516931194,3136.450596766701,3276.2181620217116,2359.702944061208,3156.0328966830007,3127.3917723569966,3119.86396722057,3346.8968331310425,3229.8969698218707,1687.2165339216065,3245.63844943658,2352.6999839687437,2103.4679028443875,2355.116066084136,2352.0881323394487,2354.4778524236444,2337.4939743325995,1572.6304698388035,3134.1463978912884,2089.749344916116,2348.8258126215287,2337.846441314171,2106.7633385204044,3407.3803200272714,,3119.673831168355,3134.4351980851015,3294.2005145427056,3116.0000000000005,3116.0000000000005,3116.0000000000005,3130.744926744928,3116.0000000000005,3145.5088424489586,3116.0681695235276,3140.2516499629405,2388.160794332125,1598.0353009025869
11.067387246580825,3.8907266071339257,2.427312274169292,8.123573946425786,778.7920674977706,586.2449284100785,907.9127313288409,909.3555252745913,910.7957929047908,908.2464080459771,392.44574498925056,1168.260023973152,1167.2370451262093,907.4037317251278,1167.371343916437,1167.5979729539254,395.15308038948814,1559.672249754857,796.0988220170406,0.5993441203646444,782.2964808594127,1.8499170555736073,6.844282283399817,778.6502550269634,468.7818541675019,583.4132182489141,1.0816466426594902,0.9383317017957109,2.735535294269412,394.22354086726017,395.41374070398604,390.48946970910833,400.8549636308642,1950.6852661683404,401.50492665375486,389.131209819484,396.5063113266158,392.70738305689844,1947.5508251738365,1948.266935159591,400.07964477812635,393.1766790250149,908.1256595686373,1176.3740156496829,1167.2322063410602,909.2431257465572,1947.2793973278792,1168.066802570325,1170.0322684294217,1170.4137422063802,1186.994826045874,27.89692751948609,909.0134980820193,1169.437645395075,1179.6904115317082,1169.2258677971597,1173.5340046995002,1179.4042796726678,1218.5238354333717,1186.168172547248,390.83654519026805,1167.2315186865142,1947.796577843651,907.9337686447042,1172.9427148360862,1168.5212801083187,907.3993291075107,1167.2752288892718,1167.230866868746,1171.8917337703292,3116.010289908406,3116.003124924274,2078.13730756741,2337.3093546181362,2076.67206871964,2076.7689585193884,2337.2727507121645,1948.2495231620012,2076.761904897399,2080.98287625803,2342.3223837774754,3122.4696725993667,3116.131378433544,3116.229256590447,3116.0175319414257,3116.0077668547733,3116.0077668547733,3116.0077668547733,3127.142779471888,3116.0938628004596,2337.3929045024406,3116.302651739007,3116.0273603965834,3119.9485097929164,2336.752183712203,3117.13807984947,3120.3871019424655,3116.2886379983006,3133.0872638378837,3116.1062681030107,1558.07090747271,3116.1041936745073,2336.52386914542,2079.047692784297,2336.522372257478,2337.4054169211263,2346.1092043654653,2339.217646783832,1563.5090206185569,3116.7399854123905,2079.207692825085,2336.784380898795,2336.7960342974757,2077.3283428954455,3118.8805543480526,3119.673831168355,,3287.7760750740576,3116.023421370874,3116.0000000000005,3116.0000000000005,3116.0000000000005,3116.001937965212,3116.0000000000005,3116.0038784261924,3116.001937965212,3116.0097148320588,2088.6142639131344,1579.7366067385146
11.109245739212415,4.212600778841816,2.8981687186927254,11.915910320397364,779.8460402439993,587.5494217581017,908.014755573676,908.1379929927065,909.0905421736835,910.766735872752,393.90690484263024,1172.6002630793819,1169.8096086978599,909.9436391947651,1170.9548175047075,1167.816744227751,395.03388598947015,1560.0073049037667,796.8064926577954,0.6996856354654519,779.5874587115451,2.443411127399087,7.437776355225298,779.7925767536559,467.17040921265755,583.6899858326357,1.3406719189863874,1.09542613457002,6.939416049037688,394.9714048375572,395.7038778773293,391.554216242124,394.1610113059065,1951.0235570129637,393.4590984628009,389.5273058048718,394.05180738749436,398.8836106368661,1953.8378625471378,1948.577412808675,394.9689020543494,389.47820281705856,908.2954104587491,1176.6993422436976,1168.8519894455835,909.5185480792876,1948.117341377454,1174.9313234415888,1170.4672431818824,1170.4860799973658,1171.1591400041484,13.685056680528898,917.9484104965961,1169.5304897929338,1179.8196310792637,1173.0873577332184,1196.917105872375,1179.4447909886558,1218.5330475758371,1167.074694947752,395.1500906449803,1167.64782658729,1951.8094610719334,908.9880246101688,1169.562847235442,1169.5516677857358,907.831250049858,1170.259848140558,1169.5801425678037,1172.5517439890245,3116.5778795883552,3116.471223333908,2078.645973848962,2337.5801576336535,2078.5294310796166,2077.1106718022384,2340.054480690086,1948.7770348330996,2077.108288633221,2081.2228148794966,2363.615809641984,3122.6404644089203,3116.175284185566,3116.30587253675,3116.0233909934173,3116.010362483222,3116.010362483222,3116.010362483222,3144.105863238643,3125.4696587449125,2343.4177233326172,3118.225472934543,3116.036504049428,3120.011894160211,2339.357243673268,3117.2843015891194,3137.323340578415,3116.3850987950673,3133.260111148982,3124.2259898536727,1575.6562730746573,3124.4131773484564,2342.093767948086,2080.316732069782,2338.9313820345214,2337.2180270888844,2339.8491861718867,2339.5565766901036,1561.4967540654777,3117.4699239573456,2078.0460672899626,2336.8797413753964,2336.8952892582697,2077.5499002854626,3125.5702903732163,3134.4351980851015,3287.7760750740576,,3116.031248628924,3116.000000000001,3116.000000000001,3116.000000000001,3116.0025856196075,3116.000000000001,3116.0051745690525,3116.0025856196075,3116.0129614608686,2088.864657805112,1579.7848325053064
11.446066895734653,4.2973326227844035,1.0537059236949067,7.996035027039332,779.6663904559726,590.3388061092855,907.2905614486699,907.61956774045,907.6993289543036,907.6442518380302,392.41934140148965,1169.1386244530142,1169.5425630338336,907.52597940774,1167.340224637059,1167.8707928788588,395.33961589078615,1558.6774736891216,797.1315111420512,1.2009413911578055,779.811701151473,5.074439892003762,12.21342275560453,783.3997399621161,466.2796381514129,583.395989838634,0.9333182606396238,0.7485756527953894,12.769849526898843,393.0166320998273,394.59415916048573,390.1062668665795,390.56601944299376,1948.3828193465392,389.801003080157,391.9045448949385,392.05683274077813,400.16393503500194,1946.6682743110105,1950.2805049918493,395.25982392913045,388.9211123539236,907.3127671079164,1169.057820639289,1167.3195831158216,911.9156842129295,1947.9079147509947,1168.0800815154014,1175.7269560418417,1180.6304765274162,1174.958890110417,15.530646242592251,910.1931671959845,1168.0929139987893,1176.3832336630696,1169.0767376103377,1171.8600552342903,1184.560797666965,1218.6071745757422,1208.9209473615945,390.4665410387472,1169.7231218632967,1948.8592454319346,907.6639976358878,1168.7099350038804,1167.2793546372268,912.0232624031339,1167.1748363837653,1169.5464653798088,1170.9925985221516,3120.891867422234,3116.539984575124,2078.1230905201846,2337.5775535812427,2077.859340135003,2080.5628829849734,2336.846603840109,1948.261746084841,2077.0537301380764,2094.036095793811,2337.074844572393,3123.0025955792635,3179.5115754162807,3149.9644652396228,3128.66208849423,3405.1134133874707,3243.1624435778203,3146.8017219916383,3148.6721750974234,3283.4408652703924,2363.6706920789875,3140.3884037901717,3258.8523685417567,3143.0703311957827,2347.6638025449283,3116.1625481048527,3116.1720349847506,3116.9524624116452,3150.260318364983,3169.870281240695,1671.2466107895582,3149.714239577854,2340.853400551163,2080.3816615922765,2344.610613665481,2337.025903151244,2348.7194361125657,2336.5037388931387,1559.3756284354674,3116.00134245649,2076.765429406605,2345.8986865350116,2337.3906102198707,2078.6200377722434,3153.2063804447043,3294.2005145427056,3116.023421370874,3116.031248628924,,3116.0000000000005,3116.0000000000005,3116.0000000000005,3116.007797075847,3116.0000000000005,3179.4993399836444,3116.007797075847,3140.26615481641,2124.739695640141,1580.1728889670615
10.942134792423406,3.756237200456822,0.7700150378255157,7.8343335827965115,778.5028755739751,585.995026795284,907.2709124442147,907.4766848583708,907.6820969674043,907.318501681635,391.2755196239156,1167.3250489490897,1167.1938176233398,907.3632969610825,1167.1386471868923,1167.1074282575169,394.333228273784,1558.6696699427177,795.0786975165659,0.2990939147285943,779.108248638692,0.7351615723566863,5.0683800864840896,778.3564362272241,465.86071890856164,582.8522035841972,0.7769402988951167,0.46826070777715234,2.5428109903841762,390.2099035720078,392.0720017363926,390.0917479031627,390.51225666828,1947.9717945378325,388.8590364962009,389.09285401468264,390.6921278422681,390.2410465719652,1946.5787630289824,1948.1109324758845,392.35217391304343,388.8605216433302,907.2493955032311,1167.162240479322,1167.2033055128807,908.9908505702995,1947.0988037495233,1168.0624104133576,1168.1486879393972,1167.034445087975,1167.0296585305773,12.668942393189889,907.2212272393639,1167.0446660425741,1170.8055444031907,1168.9260540313128,1167.019632706791,1179.2830583522218,1218.496270096463,1167.0062800855485,389.92113865633695,1167.2058793583176,1947.1458571097087,907.6423885235394,1167.8456257857788,1167.2150372664364,907.3800596743547,1167.1668224156952,1167.212396694215,1167.3294768736087,3116.0000000000005,3116.0000000000005,2076.6653804930334,2336.4990353697754,2076.6653804930334,2076.6653804930334,2336.4990353697754,1946.7485530546626,2076.6653804930334,2076.6653804930334,2336.4990353697754,3116.0000000000005,3116.000000000001,3116.0000000000005,3116.000000000001,3116.0000000000005,3116.0000000000005,3116.0000000000005,3116.0000000000005,3116.000000000001,2336.4990353697754,3116.0000000000005,3116.000000000001,3116.0000000000005,2336.4990353697754,3116.0000000000005,3116.0000000000005,3116.0000000000005,3116.0000000000005,3116.0000000000005,1558.017692668432,3116.000000000001,2336.4990353697754,2076.6653804930334,2336.4990353697754,2336.4990353697754,2336.4990353697754,2336.4990353697754,1559.3745980707397,3116.0000000000005,2076.6653804930334,2336.4990353697754,2336.4990353697754,2076.6653804930334,3116.0000000000005,3116.0000000000005,3116.0000000000005,3116.000000000001,3116.0000000000005,,3116.0000000000005,3116.0000000000005,3116.000000000001,3116.0000000000005,3116.0000000000005,3116.000000000001,3116.000000000001,2076.6653804930334,1579.5923015983972
10.942134792423406,3.756237200456822,0.7700150378255157,7.8343335827965115,778.5028755739751,585.995026795284,907.2709124442147,907.4766848583708,907.6820969674043,907.318501681635,391.2755196239156,1167.3250489490897,1167.1938176233398,907.3632969610825,1167.1386471868923,1167.1074282575169,394.333228273784,1558.6696699427177,795.0786975165659,0.2990939147285943,779.108248638692,0.7351615723566863,5.0683800864840896,778.3564362272241,465.86071890856164,582.8522035841972,0.7769402988951167,0.46826070777715234,2.5428109903841762,390.2099035720078,392.0720017363926,390.0917479031627,390.51225666828,1947.9717945378325,388.8590364962009,389.09285401468264,390.6921278422681,390.2410465719652,1946.5787630289824,1948.1109324758845,392.35217391304343,388.8605216433302,907.2493955032311,1167.162240479322,1167.2033055128807,908.9908505702995,1947.0988037495233,1168.0624104133576,1168.1486879393972,1167.034445087975,1167.0296585305773,12.668942393189889,907.2212272393639,1167.0446660425741,1170.8055444031907,1168.9260540313128,1167.019632706791,1179.2830583522218,1218.496270096463,1167.0062800855485,389.92113865633695,1167.2058793583176,1947.1458571097087,907.6423885235394,1167.8456257857788,1167.2150372664364,907.3800596743547,1167.1668224156952,1167.212396694215,1167.3294768736087,3116.0000000000005,3116.0000000000005,2076.6653804930334,2336.4990353697754,2076.6653804930334,2076.6653804930334,2336.4990353697754,1946.7485530546626,2076.6653804930334,2076.6653804930334,2336.4990353697754,3116.0000000000005,3116.000000000001,3116.0000000000005,3116.000000000001,3116.0000000000005,3116.0000000000005,3116.0000000000005,3116.0000000000005,3116.000000000001,2336.4990353697754,3116.0000000000005,3116.000000000001,3116.0000000000005,2336.4990353697754,3116.0000000000005,3116.0000000000005,3116.0000000000005,3116.0000000000005,3116.0000000000005,1558.017692668432,3116.000000000001,2336.4990353697754,2076.6653804930334,2336.4990353697754,2336.4990353697754,2336.4990353697754,2336.4990353697754,1559.3745980707397,3116.0000000000005,2076.6653804930334,2336.4990353697754,2336.4990353697754,2076.6653804930334,3116.0000000000005,3116.0000000000005,3116.0000000000005,3116.000000000001,3116.0000000000005,3116.0000000000005,,3116.0000000000005,3116.000000000001,3116.0000000000005,3116.0000000000005,3116.000000000001,3116.000000000001,2076.6653804930334,1579.5923015983972
10.942134792423406,3.756237200456822,0.7700150378255157,7.8343335827965115,778.5028755739751,585.995026795284,907.2709124442147,907.4766848583708,907.6820969674043,907.318501681635,391.2755196239156,1167.3250489490897,1167.1938176233398,907.3632969610825,1167.1386471868923,1167.1074282575169,394.333228273784,1558.6696699427177,795.0786975165659,0.2990939147285943,779.108248638692,0.7351615723566863,5.0683800864840896,778.3564362272241,465.86071890856164,582.8522035841972,0.7769402988951167,0.46826070777715234,2.5428109903841762,390.2099035720078,392.0720017363926,390.0917479031627,390.51225666828,1947.9717945378325,388.8590364962009,389.09285401468264,390.6921278422681,390.2410465719652,1946.5787630289824,1948.1109324758845,392.35217391304343,388.8605216433302,907.2493955032311,1167.162240479322,1167.2033055128807,908.9908505702995,1947.0988037495233,1168.0624104133576,1168.1486879393972,1167.034445087975,1167.0296585305773,12.668942393189889,907.2212272393639,1167.0446660425741,1170.8055444031907,1168.9260540313128,1167.019632706791,1179.2830583522218,1218.496270096463,1167.0062800855485,389.92113865633695,1167.2058793583176,1947.1458571097087,907.6423885235394,1167.8456257857788,1167.2150372664364,907.3800596743547,1167.1668224156952,1167.212396694215,1167.3294768736087,3116.0000000000005,3116.0000000000005,2076.6653804930334,2336.4990353697754,2076.6653804930334,2076.6653804930334,2336.4990353697754,1946.7485530546626,2076.6653804930334,2076.6653804930334,2336.4990353697754,3116.0000000000005,3116.000000000001,3116.0000000000005,3116.000000000001,3116.0000000000005,3116.0000000000005,3116.0000000000005,3116.0000000000005,3116.000000000001,2336.4990353697754,3116.0000000000005,3116.000000000001,3116.0000000000005,2336.4990353697754,3116.0000000000005,3116.0000000000005,3116.0000000000005,3116.0000000000005,3116.0000000000005,1558.017692668432,3116.000000000001,2336.4990353697754,2076.6653804930334,2336.4990353697754,2336.4990353697754,2336.4990353697754,2336.4990353697754,1559.3745980707397,3116.0000000000005,2076.6653804930334,2336.4990353697754,2336.4990353697754,2076.6653804930334,3116.0000000000005,3116.0000000000005,3116.0000000000005,3116.000000000001,3116.0000000000005,3116.0000000000005,3116.0000000000005,,3116.000000000001,3116.0000000000005,3116.0000000000005,3116.000000000001,3116.000000000001,2076.6653804930334,1579.5923015983972
10.983831877119313,6.870486745880395,1.2428383929912508,8.101012716547977,779.4572957947173,587.3004242337579,907.4845767318466,908.1021589737664,908.656556528802,907.627405730854,391.66509271851015,1168.8644203627734,1167.5862049117864,909.902514264711,1167.4206225524183,1167.3269255596842,394.5080545474373,1559.0034331062614,795.7880371425928,0.39904850914025225,782.4226316277362,1.3304655594176646,5.65958562265166,779.4067460317459,468.9701902789108,583.0612448112447,1.0365870139698896,0.6247493784585771,3.724849011128533,391.5460608183038,395.5024992740939,391.1550427978999,390.80459122430324,1950.9201733378952,389.099289690054,389.4892196343809,392.62769471650824,390.6049677600082,1952.8602811510361,1951.3377663377669,394.92468244642157,393.0357483852606,907.4199981987792,1170.2288803472757,1169.6562110673624,909.2668508236408,1948.300076711094,1170.1931018798489,1170.452045568571,1167.1078820612981,1167.0935162248431,29.607062109666117,907.3354571313024,1167.138558087925,1170.9371561274259,1169.186590423271,1167.0634258419493,1179.3234134550387,1218.5054467165578,1167.0233507823436,390.5829179471147,1167.622405650158,1947.9220002471516,908.5994833670713,1168.4391021172992,1167.6498911683243,907.8121589851121,1167.5051845236712,1167.641966051057,1167.9933573683572,3116.567418519081,3116.4681831427124,2077.1759713944184,2336.76879415859,2077.209006200078,2077.0075039911108,2337.2168923890777,1947.2546945022746,2077.0121624407343,2076.907586386021,2336.5466798142,3121.8052974996217,3138.9820809820817,3129.1701766701776,3116.0058364592655,3116.002585619608,3116.002585619608,3116.002585619608,3125.32194635506,3116.0312473329723,2342.5186731132676,3116.100754075277,3116.009108394573,3131.5825597634116,2336.583309549837,3122.8316097863844,3116.0594168516523,3116.0960888402756,3121.688424169112,3116.0353771119426,1614.7553104195792,3144.9782447282455,2337.1050167814874,2077.938292828804,2336.9172899295963,2338.014721506644,2336.813977182109,2336.840106732348,1560.1036053911057,3117.3739543114552,2077.5117272839693,2336.5940281327603,2336.5979075996743,2081.2501995082644,3119.0785845681144,3130.744926744928,3116.001937965212,3116.0025856196075,3116.007797075847,3116.000000000001,3116.000000000001,3116.000000000001,,3116.000000000001,3116.001291144885,3116.0006451570166,3116.003234109686,2080.6432155569537,1579.6403414048025
10.942134792423406,3.756237200456822,0.7700150378255157,7.8343335827965115,778.5028755739751,585.995026795284,907.2709124442147,907.4766848583708,907.6820969674043,907.318501681635,391.2755196239156,1167.3250489490897,1167.1938176233398,907.3632969610825,1167.1386471868923,1167.1074282575169,394.333228273784,1558.6696699427177,795.0786975165659,0.2990939147285943,779.108248638692,0.7351615723566863,5.0683800864840896,778.3564362272241,465.86071890856164,582.8522035841972,0.7769402988951167,0.46826070777715234,2.5428109903841762,390.2099035720078,392.0720017363926,390.0917479031627,390.51225666828,1947.9717945378325,388.8590364962009,389.09285401468264,390.6921278422681,390.2410465719652,1946.5787630289824,1948.1109324758845,392.35217391304343,388.8605216433302,907.2493955032311,1167.162240479322,1167.2033055128807,908.9908505702995,1947.0988037495233,1168.0624104133576,1168.1486879393972,1167.034445087975,1167.0296585305773,12.668942393189889,907.2212272393639,1167.0446660425741,1170.8055444031907,1168.9260540313128,1167.019632706791,1179.2830583522218,1218.496270096463,1167.0062800855485,389.92113865633695,1167.2058793583176,1947.1458571097087,907.6423885235394,1167.8456257857788,1167.2150372664364,907.3800596743547,1167.1668224156952,1167.212396694215,1167.3294768736087,3116.0000000000005,3116.0000000000005,2076.6653804930334,2336.4990353697754,2076.6653804930334,2076.6653804930334,2336.4990353697754,1946.7485530546626,2076.6653804930334,2076.6653804930334,2336.4990353697754,3116.0000000000005,3116.000000000001,3116.0000000000005,3116.000000000001,3116.0000000000005,3116.0000000000005,3116.0000000000005,3116.0000000000005,3116.000000000001,2336.4990353697754,3116.0000000000005,3116.000000000001,3116.0000000000005,2336.4990353697754,3116.0000000000005,3116.0000000000005,3116.0000000000005,3116.0000000000005,3116.0000000000005,1558.017692668432,3116.000000000001,2336.4990353697754,2076.6653804930334,2336.4990353697754,2336.4990353697754,2336.4990353697754,2336.4990353697754,1559.3745980707397,3116.0000000000005,2076.6653804930334,2336.4990353697754,2336.4990353697754,2076.6653804930334,3116.0000000000005,3116.0000000000005,3116.0000000000005,3116.000000000001,3116.0000000000005,3116.0000000000005,3116.0000000000005,3116.0000000000005,3116.000000000001,,3116.0000000000005,3116.000000000001,3116.000000000001,2076.6653804930334,1579.5923015983972
11.02558266057207,4.47483338582829,1.0679020422454018,8.36803528768998,778.5060805119525,586.0760774852965,908.74991121523,907.5946751614811,909.7565576219755,907.9367075959766,396.44752721175286,1170.405774225155,1167.673269174997,907.8294121273761,1168.0679151081779,1167.5467055370634,405.8474909219151,1564.691569127614,795.2253135851524,4.455034888294528,785.7412829786465,0.8756244774426231,6.251552531048678,780.2773355029647,466.57617305569516,583.2705552478573,1.2965681098754094,0.7814395799457734,4.908409295904755,392.88393880799475,398.9374147094613,392.2197070357083,391.3800539086145,1953.8723491486467,389.3398522891793,389.55845167815494,394.5657542718485,395.75915878304295,1948.7984183350547,1948.879504283175,397.50050393348073,397.21635210947295,919.1687905635131,1167.8575972759452,1167.6327683425422,916.307069610095,1949.5028967080302,1172.326537314745,1172.7583695308151,1172.9937174959573,1198.9338230937649,22.69010912104189,907.4498341319231,1167.2325710502698,1171.068937345189,1169.9858114504557,1167.107275375221,1228.4875967192004,1218.5146351545793,1196.7088416394438,392.9665350434238,1172.054031914333,1949.7384059737105,907.6459668515447,1171.241497091242,1167.5898847769042,912.0661326355989,1173.1373763247743,1171.9130832145365,1167.418080009605,3119.5451851885805,3120.2966171697663,2076.906767761964,2337.499518839197,2076.8630924191507,2077.310781474474,2339.3067857511946,1946.9991279468672,2082.497309470728,2085.0235724233244,2336.5943856165704,3127.618071235558,3126.517102475566,3121.624293825364,3116.0116804348972,3309.4972691734934,3116.0051745690525,3116.0051745690525,3119.7147029342646,3131.1066175467226,2348.5460631268747,3135.9654825281377,3170.214243451208,3147.1851872148627,2341.535913191816,3118.488398631943,3116.1189102221074,3116.192301426642,3127.3841740615567,3129.2299124621477,1585.4104238863004,3129.51258698282,2339.8253064099813,2078.252566016125,2341.3191127217597,2339.5323595896007,2337.2537289974453,2337.1816173368566,1562.1291049581457,3118.749678042499,2076.681947940301,2336.689143230277,2336.6969071601984,2078.0660390228154,3122.161133829811,3145.5088424489586,3116.0038784261924,3116.0051745690525,3179.4993399836444,3116.0000000000005,3116.0000000000005,3116.0000000000005,3116.001291144885,3116.0000000000005,,3116.0012911448853,3270.497432648568,2084.62617339623,1579.6884430783123
10.983831877119313,4.078568914597512,1.2428383929912508,8.101012716547977,779.5580683175988,587.3004242337579,907.4845767318466,908.1021589737664,908.7186598363069,907.627405730854,393.8598593227287,1168.8644203627734,1167.5862049117864,909.902514264711,1167.4206225524183,1167.3269255596842,394.5080545474373,1559.0034331062614,795.7880371425928,0.39904850914025225,779.4131209457844,1.3304655594176646,6.7621887897749975,779.3162678151342,466.1875093946705,587.709252530681,1.0365870139698896,0.6247493784585771,3.392596387857052,390.96163360398225,395.5024992740939,391.0363186741163,390.80459122430324,1950.9201733378952,389.099289690054,391.63185813589035,392.62769471650824,390.6049677600082,1946.7392848265335,1948.421897807227,394.92468244642157,389.1017664220851,907.4199981987792,1170.2288803472757,1167.6146807991777,912.6466060943673,1947.9358805149036,1170.1931018798489,1170.452045568571,1167.1078820612981,1167.0935162248431,12.951342984663084,907.3354571313024,1167.138558087925,1178.4260365337714,1169.186590423271,1167.0634258419493,1203.8694959596598,1218.5054467165578,1167.0233507823436,390.5829179471147,1167.622405650158,1947.9220002471516,908.6978669682778,1169.5424688158253,1167.6498911683243,909.7215884094938,1167.5051845236712,1169.5612275069752,1167.9933573683572,3116.567418519081,3116.4681831427124,2077.1759713944184,2336.76879415859,2077.209006200078,2077.0075039911108,2337.2168923890777,1948.7493540195853,2079.5794685568558,2076.907586386021,2336.5466798142,3116.1731443790277,3116.0437364497775,3129.1701766701776,3116.0058364592655,3116.002585619608,3116.002585619608,3116.002585619608,3125.32194635506,3116.0312473329723,2342.5186731132676,3116.100754075277,3116.009108394573,3116.0645051035203,2336.583309549837,3122.8316097863844,3116.0594168516523,3116.0960888402756,3116.1767017720126,3116.0353771119426,1558.0354081073508,3116.034686525705,2337.1050167814874,2077.4584625771263,2336.9172899295963,2337.1635214282273,2336.813977182109,2336.840106732348,1560.7509652509655,3117.3739543114552,2077.5117272839693,2336.5940281327603,2336.5979075996743,2076.886083549349,3119.0785845681144,3116.0681695235276,3116.001937965212,3116.0025856196075,3116.007797075847,3116.000000000001,3116.000000000001,3116.000000000001,3116.0006451570166,3116.000000000001,3116.0012911448853,,3116.003234109686,2076.9196368027015,1579.6403414048025
11.151158242802238,3.8104371271130835,2.574259071224955,7.849697834872179,778.7625785093113,586.6282630360229,909.0514844622353,908.1986227338399,909.4078669992969,908.8670077864293,393.84323756554903,1167.3288763489047,1167.5513811974517,907.7055789825918,1167.1524322061714,1167.1257551628835,396.8593546235462,1558.7390131851735,795.2203806076266,6.257707363737712,779.9045644748929,1.8489337589929904,8.032036225853131,780.0385633921073,469.32057622259043,582.8877022977023,1.9484636819259211,1.2527232698382313,8.468253197599433,393.0407541002531,392.9436393960503,390.3583492404847,391.39404749844357,1948.542333830839,390.0634025066776,391.5808296177172,395.39970072292084,393.1005148496505,1949.4937166523125,1948.150173529892,394.9014559433074,390.23226793607904,909.9203267242963,1167.80253044263,1169.546577848204,910.0125422561433,1953.1206688536543,1168.2133533400463,1174.0191602332113,1168.4367351900087,1193.4363608996878,15.379790095068328,907.7681634633102,1173.4680363454884,1174.7530300290646,1173.6913410064546,1170.2340507956267,1182.7585605095946,1218.5422716049384,1167.0918538365788,390.74290431209414,1167.4872825871478,1947.6950249895278,907.8034510880562,1171.8009953769358,1173.1373063240362,907.6243750433839,1175.1971023662734,1173.225338883108,1168.189927217926,3116.0324207230437,3117.8375658717428,2078.2308587032226,2337.5689745381205,2077.172993493896,2079.8570252894424,2337.1935064919658,1948.3516963024592,2079.7889955657356,2081.983156067429,2351.2306183810106,3118.55630019906,3119.1403376688268,3117.277430679155,3116.029257605476,3192.350295334956,3425.3933112872032,3425.3933112872032,3116.6068783851315,3139.4445687971183,2345.083549355808,3121.7710884166727,3136.5488718499273,3126.202239982863,2355.788980924102,3119.3325273957576,3117.97449704435,3122.1511595813395,3132.6771062057396,3136.440169366388,1601.14453297577,3116.1738801965967,2340.34410360207,2080.6410242307124,2338.7678056075342,2337.3541089277146,2336.542179404004,2336.5768223463187,1559.3838741935485,3116.009851447846,2076.735996843881,2337.3267989177243,2337.2553289056436,2078.3275704943526,3119.4052388704763,3140.2516499629405,3116.0097148320588,3116.0129614608686,3140.26615481641,3116.000000000001,3116.000000000001,3116.000000000001,3116.003234109686,3116.000000000001,3270.497432648568,3116.003234109686,,2081.6344699112014,1579.8331204988942
24.926876355507677,14.31496730449899,5.126293355112097,10.718415847448872,263.7627310481142,255.98125844200337,581.8636968629631,561.5468212423775,564.0059433069871,594.9198611858488,393.15418170047224,687.6227440043867,657.6013237384508,576.0378054208418,648.1680376003762,652.2984308170758,410.530100673823,531.5850130038963,278.8331334606398,12.162492905611662,260.28270915467044,53.563259952584495,117.05626089998789,489.5412403853806,267.6801174347569,323.3070782920211,2.2493228724449947,16.44643597229127,75.42929572589384,449.35881329066183,404.6961877304286,404.12124106755465,445.1424353685306,967.6196983446893,424.4129880339814,446.0553617883697,439.1626789959991,511.0032258923094,943.5355330253776,915.0769928630046,505.34870047766714,411.4670404342322,573.7595844462088,708.3496610355221,671.8551193654087,595.414715351476,926.1714150249388,692.5735776514931,673.4391712931268,672.3746143458177,723.1360571219884,69.75272561239217,571.7147804143603,676.5412826202678,743.5931276779856,703.0940191395731,673.613583838241,689.9393513991628,714.7593276908545,689.816367859951,393.814694038852,651.7427021726105,912.713172361106,579.8501479990946,671.8416636553158,651.970854743849,586.1636363086963,652.8427086685036,648.0866501266815,667.5592305346619,2079.7427383520726,2081.2478693942185,1737.862058019246,1835.3974435833113,1734.0960110417784,1735.3772395731196,1820.6189438363942,1690.2217290943054,1732.5892195612023,1770.9174629062868,1816.8043330685975,2157.9549898374844,2151.87135506145,2103.2292045978525,2146.891225634886,2084.189092258374,2092.607497035476,2084.189092258374,2267.4324959209766,2221.418210130989,1976.3712921000977,2189.8873505980523,2099.8314119007273,2168.5107305213664,1854.2081341565079,2130.4573253006924,2094.899390920809,2101.2340117117956,2320.8368991093153,2167.590507591911,1601.2468119749344,2224.511355997977,1822.3984635529596,1802.6097051333868,1839.2844363732233,1847.568109756474,1857.2471559245732,1817.0881825775448,1576.8393610362014,2091.480706835788,1764.4707913134648,1846.017410258094,1819.882824041452,1769.7903778454775,2785.936681464954,2388.160794332125,2088.6142639131344,2088.864657805112,2124.739695640141,2076.6653804930334,2076.6653804930334,2076.6653804930334,2080.6432155569537,2076.6653804930334,2084.62617339623,2076.9196368027015,2081.6344699112014,,1569.7010680712963
11.338865426725679,4.826119503269896,2.2387183085221416,8.8406276151981,48.55168137677259,76.2712472848476,421.52672726798994,419.1042665512215,418.12302897316476,419.4191137563,392.4382139964479,404.1567250019732,404.5452853804721,398.01955716603845,399.39987005682354,400.39813385040424,389.9894882144536,24.956693408480632,34.61950780959095,0.6994562583821878,11.23653701180546,2.2493658995543586,7.856035853475597,291.82410708009337,173.73609365815986,221.80864911835477,5.09148093934316,1.938612382494898,5.96802887018036,395.84329740964813,390.15412502604704,393.6604135217923,395.70826204169066,416.48936204798065,390.04803056160836,391.3176436048689,395.55935179668546,393.2847995186703,410.8568065758785,412.4958258544944,397.94217423533735,393.5510217500959,423.7830855927215,435.63161597111406,436.0703208823063,460.6024456674859,420.17497882516943,433.72588286821593,436.9104541943747,432.5756285285573,433.1337517838213,19.186930955370578,417.07764977749963,445.0176708514539,436.5377378968515,436.0730091718259,432.15639217686316,445.20342906528,486.3650339682019,431.81489663624257,415.57543932394964,433.2118365455956,415.5776240445666,420.627881253287,436.02122031385306,434.68608154581693,419.7120012588085,433.6082029198014,434.9779251686619,436.48492435772295,1580.1935710493178,1584.5984621851799,1625.0159445727913,1602.3473221511886,1597.9937479279763,1586.9607882676687,1605.6440547805043,1578.2034199193088,1624.9844873555764,1586.8545427097265,1601.7741854643525,1580.7899781505616,1580.2694517655218,1580.2184966241355,1580.0268971562152,1583.6301900299063,1579.7848325053064,1579.7848325053064,1580.0911712415711,1579.719441451424,1574.699778760848,1581.4054421985516,1580.270532635488,1582.0679735103215,1575.1810895960077,1581.193136660388,1582.7500227879464,1579.977662957542,1596.8665060304818,1579.7824631733317,1558.1066713516213,1581.1223680795179,1617.9228848643795,1594.4055226137625,1606.7314682208464,1607.4008650542098,1626.5456171952621,1602.6532733677661,1571.1863556376454,1581.0688909944352,1587.3048603295176,1603.5770326680201,1603.2777941408467,1586.7718258905127,1583.7854996407991,1598.0353009025869,1579.7366067385146,1579.7848325053064,1580.1728889670615,1579.5923015983972,1579.5923015983972,1579.5923015983972,1579.6403414048025,1579.5923015983972,1579.6884430783123,1579.6403414048025,1579.8331204988942,1569.7010680712963,
