pso001,pso002,pso003,pso004,pso005,pga001,pga002,pga003,pga004,pga005,pga023,pga024,pga025,pga026,pga027,pga028,pga029,psa001,psa002,psa003,psa004,psa005,psa006,psa007,psa008,psa009,psa010,psa011,psa012,pmd001,pmd002,pmd003,pmd004,pmd005,pmd006,pmd007,pmd008,pmd009,pmd010,pmd011,pmd012,pmd013,pmd014,pmd015,pmd016,pmd017,pmd018,pmd019,pmd020,pmd021,pmd022,pmd035,psz001,psz002,psz009,psz010,psz011,psz012,psz013,psz014,pad001,pad002,pad004,pad005,pad006,pad007,pad008,pad009,pad010,pad011,pad022,pad023,pad024,pad025,pad027,pad028,pad029,pad031,pad032,pad033,pad044,pcd001,pcd002,pcd003,pcd004,pcd007,pcd008,pcd009,pcd012,pcd013,pcd014,pcd015,pcd019,pcd020,pcd021,pcd022,pcd023,pcd025,pcd027,pcd028,pcd029,pcd039,pod001,pod002,pod003,pod004,pod005,pod006,pod007,pod008,pod009,pod010,pod011,pod012,pal001,pmj001,psu001,psu002,psu003,psu004,psu005,psu006,psu007,psu008,psu009,psu010,psu011,pni001,pni002
,0.0,0.0,0.0,0.0,1.4039706423502636e-13,4.4693485630442667e-169,6.641133890698464e-169,6.672611166218679e-169,4.7686207276296336e-169,1.6422861811195647e-168,1.4167339884826107e-167,1.1058201840832692e-167,1.5708458247499012e-167,2.3998792427551226e-168,1.3855183713917853e-167,7.088680240938684e-168,0.0,2.3523852613923288e-12,0.0,0.0,0.0,0.0,0.0,0.0,0.0,0.0,0.0,0.0,9.257959987318856e-170,9.379994485466266e-171,7.084185585842919e-170,1.72371080903232e-167,1.3011819835845598e-167,7.475619082880296e-168,7.267743867228134e-170,6.92215372630303e-170,2.5523261314828177e-170,1.535696241805102e-167,1.424422741951638e-167,7.340781804371147e-170,7.526020557443185e-170,6.058850029247025e-169,5.335671522554154e-170,7.508755983210934e-170,1.8212220380954506e-169,9.975595591332766e-168,5.1139631120821e-170,5.0177897918491794e-170,7.259921902507716e-170,7.599269241343085e-170,0.0018178231909433873,6.265208054712027e-169,4.846416526609025e-170,3.707821268049943e-170,6.010608814802685e-170,4.980705169076158e-170,2.290977302177672e-170,5.954633496428173e-170,8.03040242309234e-170,1.2099983711930868e-172,7.79840889658375e-170,2.1995814282027085e-168,6.328916215164711e-169,7.89848032481918e-170,2.553281113975136e-170,1.0272693262959925e-170,3.1117198742277673e-170,5.296503924305656e-170,5.571248910744993e-170,0.06226596767546384,0.04097048945078611,0.004124137458978114,0.0007833965390943575,0.005888960163103686,0.006388031648452816,0.0004091400880109656,0.009888960692191877,0.005856208238945444,0.005818053288541725,0.0011647763081714814,0.01330335866461182,0.08439488384958665,0.08664425026083171,0.07899393994010112,0.08505817562420939,0.08505817562420939,0.08505817562420939,0.04667898885547448,0.043648550161491786,0.014829627197997458,0.0174276900672744,0.0732924115464468,0.019409550964128473,0.06624514866913343,0.0541535545913692,0.04290218912661942,0.0851361422643384,0.006120867257292652,0.0395461768290794,0.01702716102938153,0.04020595349279619,0.0003002776227443758,0.0033976198892934524,0.0008159409404586411,0.0008434145578050616,0.0006994799617767016,0.0010414424353376362,0.020304488425476906,0.05444720675877757,0.004046331478360459,0.0009586914758479662,0.0007195055163528564,0.0006829607341550498,1.5916614304324777e-05,0.01771611027510747,0.08631594269197591,0.19558569474056056,0.075530509375544,0.027222094841527093,0.027222094841527093,0.027222094841527093,0.08887741490427753,0.027222094841527093,0.08758897997776682,0.08887741490427753,0.08381555142332855,0.0003522644966989318,0.18322782659189984
0.0,,0.0,0.0,0.0,1.89609238717289e-05,5.80356426813706e-165,4.580581661907146e-165,5.199829102575865e-165,5.735950530956845e-165,1.5510550051121272e-165,4.2746259197671673e-166,3.8454700841839222e-165,5.159646950631615e-165,4.167670397786495e-165,2.6735106965616407e-166,3.4222117012096116e-165,0.0,2.8887258619419003e-06,0.0,0.0,0.0,0.0,0.0,0.0,0.0,0.0,0.0,0.0,1.4605973079826133e-167,3.1658658483844126e-167,2.317140253164393e-167,1.2988970048049163e-165,1.3239860261639866e-165,5.140504878579123e-165,3.0030134033816693e-167,7.57458540235217e-168,1.5844660500010733e-167,4.1007495015361516e-166,1.873675914239979e-166,5.847421462660781e-169,1.129123992745507e-167,5.391893066593268e-165,2.838253254645107e-165,9.881897752309419e-166,3.3163111162859947e-165,3.452053716179747e-166,3.4370121961390696e-166,3.9025338726833973e-165,3.1603194784021687e-165,4.3164922716894433e-166,0.0001420983822569687,1.8412543735038779e-165,3.1334305424588656e-165,1.6221285265738663e-166,9.738518931966548e-166,3.38873698643027e-165,1.4048737212965544e-167,4.2999358223785536e-165,3.0801667391443487e-166,5.977324923313024e-166,1.227838103628829e-165,9.500363457195842e-166,4.4775649528182025e-165,7.513056610203561e-166,4.098971913999451e-165,7.875592427112697e-166,3.823463936790227e-165,3.605899224626417e-165,5.83853367220378e-166,0.6181255340335041,0.5790884655528399,0.6328903336472467,0.9502909308929992,0.9677625346808992,0.9726217739972528,0.5941043068590683,0.9774289210160443,0.8167141594169017,0.9636046174972293,0.9434038238995881,0.4922749968238289,0.14017019613902226,0.5067131607625366,0.705905558667028,0.15460315787603227,0.7091413370966708,0.7091413370966708,0.4898454341593447,0.27850651820503075,0.6274584786510851,0.6279554972727446,0.18362748484465585,0.6193058779582383,0.961033748418179,0.681383914289111,0.6895302055694861,0.6060469110592297,0.6840568414901448,0.6872399182665923,0.7610624674220162,0.017537327128775076,0.05280953099902719,0.7628801648467418,0.7381493712753687,0.8749744496683041,0.5724870015679893,0.905782660799556,0.8054514850119568,0.5714456014858955,0.9042060606013644,0.8792844806253424,0.8725877573100318,0.9676747208482936,0.04047037945874872,0.43700858552795463,0.6914612326583616,0.8374503990270792,0.6365081842945384,0.43999945823269804,0.43999945823269804,0.43999945823269804,0.33299086031386765,0.43999945823269804,0.6126987028162332,0.6660446239269564,0.7023113007948365,0.02630901540312366,0.7759888174035051
0.0,0.0,,0.0,0.0,4.813326015454781e-12,1.831171548802409e-169,2.0849856717969794e-174,3.5278113145234466e-169,1.6572159874759102e-173,4.641245619938289e-181,8.183041116884787e-175,2.0788115672458388e-181,8.758820800473406e-176,3.501503095198671e-170,1.3191371139871506e-172,1.8674709359504405e-167,0.0,8.264617137559774e-18,0.0,0.0,0.0,0.0,0.0,0.0,0.0,0.0,0.0,0.0,2.010086110672959e-187,1.7009093815273267e-185,1.193057055767557e-184,5.972086254811383e-171,1.4417627298182287e-168,2.48760057122951e-170,3.8668287435812235e-174,2.5469798692541384e-171,3.591186761457818e-169,7.702913164314823e-177,8.069199534576226e-171,2.2457193024804784e-175,1.5693893002272027e-174,1.3933307657598685e-171,5.794102582054545e-174,2.781488633250502e-180,4.048064123380911e-174,2.1351805357439345e-169,1.8771911983106356e-179,8.112058235389352e-177,3.108675818299855e-171,5.305379784169119e-167,3.491301588704183e-18,1.761548184734129e-167,4.355372002635001e-168,7.674010968941696e-173,3.361657431950501e-173,2.2978122642307387e-166,2.856412593313016e-168,2.767636159924273e-165,7.791494882630984e-166,9.438863257742934e-169,4.5160958530542666e-169,1.7178079648142214e-169,1.0800573549339924e-169,5.832658776097805e-169,9.73774184640443e-168,1.8935892656294328e-166,9.670885878388551e-172,6.877041581608281e-170,1.606593949705608e-168,0.2789170256921312,0.05768149517305371,0.6764127394180028,0.9631440486328546,0.9813256465138653,0.14656652070570536,0.19190549859920794,0.8437332982580276,0.3614884687041068,0.9244907323761031,0.9105644110327078,0.8893878058270632,0.9557549877615976,0.9900164375899794,0.7994148925873592,0.9902440988997376,0.6533633682066851,0.6533633682066851,0.76035255284001,0.9778623037679033,0.8454912002983156,0.0422394724109764,0.958765742630177,0.9513977191820581,0.9644682906324709,0.983704260734497,0.8182521999023041,0.6564739640425035,0.9669426559307955,0.9783417885709211,0.8215138253145726,0.9916649702692564,0.0014784500746406089,0.022948096333534118,0.3075899025367078,0.3542751825231073,0.00430186799098903,0.557786794913363,1.0079127524906421e-08,9.355571296285803e-05,0.0014432403908868586,0.6051348417271678,0.29163542604571946,0.014435394447337187,0.327277369521491,0.9676843608093838,0.8765122374297049,0.9405844402081632,0.9834942007013879,0.9424221613756716,0.9424221613756716,0.9424221613756716,0.9747159431932021,0.9424221613756716,0.982906752230466,0.9747159431932021,0.8600660766437865,0.5277202324031716,0.9728047225800867
0.0,0.0,0.0,,0.0,2.5916535651297795e-16,1.6342864199893203e-168,9.483213855431683e-169,1.1862707661558938e-163,4.660159971524423e-171,1.4343458772603003e-182,1.3274343083842127e-173,1.969002322919943e-180,8.009947004634781e-173,8.746363668619255e-170,1.621893728700565e-167,2.3102011296420202e-166,0.0,1.1547447379123089e-11,0.0,0.0,0.0,0.0,0.0,0.0,0.0,0.0,0.0,0.0,1.0089651336710259e-177,1.170238776746551e-179,2.7113817127105295e-182,3.5446757107866106e-167,7.629044320246316e-166,2.445003599337726e-165,4.791307205029365e-170,7.867328260793406e-176,1.5351524868802638e-169,4.500802684361545e-171,6.30997651411249e-169,1.3197467742403933e-175,2.183403119842556e-178,1.847756947598666e-174,5.014084756969694e-176,6.024880712749096e-181,3.6038757801320443e-171,1.0257035268879621e-169,1.52385796320718e-176,6.417883579847809e-173,9.167350314266896e-173,1.537379216233807e-166,2.4829472979472305e-21,2.977042202379585e-164,6.867709447640987e-165,9.672365567645529e-170,8.477997554180536e-172,1.1046000970590001e-165,1.2329219857791565e-165,1.3320542031742446e-162,4.717228240799099e-163,1.0010579273424595e-166,8.438539040653124e-165,2.716183997094717e-170,2.2056318301298774e-166,2.361504849760487e-168,4.037714359106156e-164,7.978621608256928e-165,2.657876062982531e-169,7.466745907872543e-167,3.952884837484908e-167,0.3205482059459195,0.05149605613707295,0.058133177247441624,0.0018436067787015108,0.4373923797807985,0.065733309033571,0.021080220304489194,0.08740482295844494,0.0008198814458278518,0.023510127198289724,0.4561428275289866,0.1261623512980316,0.2851637479126184,0.16464979183396894,0.28296106117964703,0.4462654007270279,0.4462654007270279,0.5457081956807841,0.15741156941648565,0.16125042425056726,0.022993923914279863,0.00790433615351606,0.49684395220859634,0.11892945960705864,0.052064418507901736,0.3967091108348727,0.18244807611076258,0.3717724933122778,0.33600938532429375,0.4382768659730377,0.23355357901946333,0.347823245889939,5.4402158677787915e-05,0.00042255123178332746,0.003001632182780583,0.020250757482733205,0.03168183596611018,0.2168038016258577,1.835986232364816e-09,6.992289642259187e-06,0.0013388018134600549,0.37446734052832026,0.11473294535489091,0.006672115844480732,0.21917208464555002,0.13061631891049796,0.5217425865589719,0.45245645423462455,0.5345458411041712,0.2504934881200354,0.2504934881200354,0.2504934881200354,0.5239995459065638,0.2504934881200354,0.49752430214660326,0.5239995459065638,0.5493612886845187,0.29550496955500144,0.7164793270190875
0.0,0.0,0.0,0.0,,5.169653392115383e-68,0.0,0.0,0.0,0.0,6.287829345566627e-181,1.5358226207314242e-254,1.7322110407094974e-276,8.06638328066525e-230,2.2572545521469496e-249,7.751117014095545e-249,3.012112376393762e-164,0.0,6.794744524313037e-98,0.0,0.0,0.0,0.0,0.0,0.0,0.0,0.0,0.0,0.0,6.420087925579443e-174,7.754820674915108e-173,5.3330004446620426e-176,8.7827200843108e-164,0.0,1.2345091897053799e-166,2.044507278237167e-171,3.769583990130329e-173,4.726413997144905e-168,0.0,0.0,1.868505436976006e-172,1.5664116546612943e-174,0.0,0.0,0.0,0.0,0.0,0.0,0.0,0.0,0.0,5.501572443398142e-07,0.0,0.0,0.0,0.0,0.0,0.0,0.0,0.0,0.0,0.0,0.0,0.0,0.0,0.0,0.0,0.0,0.0,0.0,4.479373341564783e-162,1.1625920280741538e-164,7.495026521381799e-219,0.0,2.8383556284219606e-218,1.7885673306573077e-218,0.0,1.1271177454272256e-162,2.8963240753379757e-220,8.0061948620679e-218,0.0,5.167157281471466e-163,6.924416010905012e-162,1.0465789527664434e-162,1.9674366801470433e-162,1.3525433620412717e-162,8.973076283482818e-162,5.186860522632556e-162,5.43463061634564e-162,7.269548732365362e-162,2.885458200006603e-79,6.405967378000868e-164,8.90137367179355e-162,3.6327750758110153e-162,7.68491189044429e-79,8.273164766337291e-164,3.009298620534259e-162,1.6683218288391511e-164,5.216023640478954e-162,3.112328359295039e-162,0.9996602551255541,7.87410456731637e-162,0.0,2.7578040399132715e-224,0.0,0.0,0.0,0.0,1.0287309651470252e-10,1.468247291039446e-173,1.9536800776709853e-222,0.0,0.0,2.077915514885916e-222,3.6080866362311273e-163,6.816132161606897e-162,7.799888640892843e-162,3.4664707363678797e-159,5.057463053088895e-162,6.790634815578341e-165,6.790634815578341e-165,6.790634815578341e-165,5.609580616655894e-162,6.790634815578341e-165,8.987374533587996e-162,5.336345223285114e-162,7.91469978350105e-162,1.2337839824919481e-51,2.5049932185634657e-06
1.4039706423502636e-13,1.89609238717289e-05,4.813326015454781e-12,2.5916535651297795e-16,5.169653392115383e-68,,5.926498814206173e-177,2.062865728080228e-179,2.077479553879948e-171,2.1522392054366784e-168,1.3723062573532372e-20,6.514242906025947e-249,5.228152941355501e-241,7.182087070425791e-171,2.925305397793934e-234,1.8255975162158933e-234,1.5342655459149859e-119,3.4306841014084744e-112,0.0,7.972005927678804e-05,1.3035139091821059e-56,4.8936669783732204e-08,1.4632411724515075e-10,2.452268792293751e-61,3.2755539539657017e-103,1.9154273869278097e-123,2.9259853901794657e-06,2.3220611379299493e-05,8.481698260128763e-07,6.2648192998435825e-24,4.926512848394707e-18,3.316803679574736e-19,8.110614343909615e-15,1.7771701691975236e-124,5.122345931455439e-14,4.1022931256301227e-16,1.807539894993895e-23,6.619300217220534e-20,2.5988989987827333e-122,3.600325106973881e-119,9.996256759430695e-24,1.9664322692188312e-17,4.756767154032663e-161,7.936444546616438e-79,7.409371137438312e-81,2.0051668532737004e-59,8.326294155242983e-126,2.354935045792069e-85,1.029682496058527e-69,2.5640664443071685e-69,3.744466825700634e-67,1.615192780290657e-05,6.917826153408046e-48,5.597136034466013e-69,1.2476900409535937e-73,8.652604732229198e-71,1.911652500080539e-67,7.454740528192281e-67,1.4544661678179816e-67,1.8003525515807475e-66,4.231489387964166e-20,1.467279456168416e-66,1.7410172129475987e-119,1.0431900099403254e-55,3.8486571955823635e-68,2.1555195530165763e-67,3.4060310762202125e-50,5.24737075212959e-70,2.2214971105241596e-68,1.9646601197620066e-68,7.866240754065769e-119,1.0840544980671285e-119,1.9204187458077603e-47,1.2869371722607592e-67,3.2185614039285147e-158,2.723481495959526e-157,1.6111613883958714e-66,1.3501944450452601e-120,5.6595032571675185e-49,3.8423972162321534e-157,7.541509669502011e-67,4.9684738558304406e-120,9.733213729423443e-118,1.1816198209423546e-118,3.7264422636587512e-118,1.8849711321818891e-118,9.566176579586008e-118,9.566176579586008e-118,9.405952846676589e-122,7.1564024952686945e-118,1.1181649006694367e-65,5.057890203367445e-120,6.697121939842523e-118,4.6726275307228175e-119,1.2220976173330167e-62,9.510002835253865e-120,7.430139009996528e-118,2.03727098820249e-118,2.765135228214481e-119,8.658226498974484e-118,8.385909584509043e-12,7.6528797294181104e-118,5.961421984445527e-67,1.990670619771172e-159,4.160924243669081e-68,2.0568841365643523e-68,1.4989893363475398e-68,5.0460355931833e-68,2.84956641733159e-18,1.8361635989441085e-122,2.0020068379908818e-56,1.5283384786320976e-66,1.0147535026035936e-66,2.1011216498636665e-158,5.5437506456943015e-123,1.6711738968998866e-118,9.163081538450275e-118,9.985534411347957e-115,1.2249731679765554e-118,2.397129788646243e-121,2.397129788646243e-121,2.397129788646243e-121,5.454264245556677e-118,2.397129788646243e-121,9.95597276224084e-118,5.454264245556677e-118,7.589549986705223e-118,7.731265863345298e-48,7.761767473250215e-10
4.4693485630442667e-169,5.80356426813706e-165,1.831171548802409e-169,1.6342864199893203e-168,0.0,5.926498814206173e-177,,0.0,0.0,0.0,0.0,0.0,0.0,0.0,0.0,0.0,0.0,4.715980746083536e-274,1.0271540614944265e-67,1.2967999170716557e-165,7.961882596441297e-219,2.3566876567865555e-165,1.8566336577663385e-168,0.0,0.0,0.0,2.5536117060169855e-168,3.552477242387494e-165,2.3903557245658844e-167,0.0,0.0,0.0,0.0,0.0,0.0,0.0,0.0,0.0,0.0,0.0,0.0,0.0,0.0,0.0,0.0,0.0,0.0,0.0,0.0,0.0,0.0,1.3616138110691262e-09,0.0,0.0,0.0,0.0,0.0,0.0,0.0,0.0,0.0,0.0,0.0,0.0,0.0,0.0,0.0,0.0,0.0,0.0,2.2364631003089944e-191,2.1711033248335652e-191,1.0249632772661439e-227,7.288245275382469e-303,0.0,0.0,8.943092468382002e-302,0.0,8.492624276332458e-230,0.0,9.076351638427448e-302,2.3873242457542408e-192,1.5750915134193414e-189,2.772105400896007e-195,7.590596901327953e-190,3.8601570726212937e-190,3.8601570726212937e-190,1.097226987674631e-189,3.10335418694181e-192,1.2807245716647584e-190,1.9908686992080726e-135,7.853468526022491e-194,1.5411219007295774e-189,8.841456623365445e-191,1.5660096441590523e-135,4.484034489248057e-195,1.3851954798575879e-189,4.525207703199749e-191,5.160456125029323e-193,2.832397723210516e-191,6.151921135881338e-81,6.843508232251125e-192,3.4323287309585636e-304,0.0,4.1011193815830863e-305,2.536364465291348e-305,3.1880282938656774e-303,2.0733621318266405e-302,8.088621883133178e-87,9.13995084262347e-195,4.39451897487663e-231,5.461460713136083e-302,3.8365958162151664e-302,0.0,7.39217628489445e-194,4.68153269366954e-191,1.2204343563402177e-189,1.0915235252532748e-186,1.6617940721773675e-189,1.006753800412879e-192,1.006753800412879e-192,1.006753800412879e-192,1.509286238978821e-189,1.006753800412879e-192,8.056028450118598e-190,1.509286238978821e-189,6.936468613177699e-190,1.6321756858043376e-119,1.0394529430808989e-82
6.641133890698464e-169,4.580581661907146e-165,2.0849856717969794e-174,9.483213855431683e-169,0.0,2.062865728080228e-179,0.0,,0.0,0.0,0.0,0.0,0.0,0.0,0.0,0.0,0.0,2.479675883118762e-277,1.893192807714649e-70,3.0763023516607284e-169,3.0315938616421245e-222,4.411967982345915e-170,1.8483509740519242e-166,0.0,0.0,0.0,6.100026033333214e-176,2.828291965063904e-165,1.5427211536307625e-165,0.0,0.0,0.0,0.0,0.0,0.0,0.0,0.0,0.0,0.0,0.0,0.0,0.0,0.0,0.0,0.0,0.0,0.0,0.0,0.0,0.0,0.0,1.872567763193121e-12,0.0,0.0,0.0,0.0,0.0,0.0,0.0,0.0,0.0,0.0,0.0,0.0,0.0,0.0,0.0,0.0,0.0,0.0,1.0526633461737505e-191,2.734896539650057e-193,9.283010122984314e-230,4.75027970146609e-305,0.0,0.0,9.63794022211475e-304,0.0,2.9705529641851978e-232,0.0,1.1708067243055844e-301,1.0690640421441084e-189,4.452196228074938e-190,1.3739460643635754e-189,7.765770044152255e-191,1.3475917997306089e-189,1.3475917997306089e-189,4.857471554131041e-190,7.714274780040762e-190,1.472618154814773e-189,1.3935974762669293e-135,1.560211649216823e-190,1.002575574653589e-189,4.496305920484177e-190,7.236382333138756e-134,7.673901977490152e-190,1.4306978108142936e-189,1.1743402929265236e-189,6.896196551953033e-190,1.460980530897018e-189,3.95125686333813e-81,9.904646081670298e-190,5.701411494198641e-307,0.0,3.1312951622690362e-304,6.16208398116376e-302,1.3357689686289221e-302,1.6768762035042446e-305,6.811046131961255e-90,5.472515062082074e-196,4.50281956894776e-233,5.616640151761206e-302,3.23227218438135e-303,0.0,4.349017513396152e-190,1.3055485873652725e-189,5.965185914349191e-190,1.0269906216234786e-186,1.4115110411068172e-189,9.087342742430589e-193,9.087342742430589e-193,9.087342742430589e-193,1.1109567219809102e-189,9.087342742430589e-193,1.4290520173882318e-189,1.1109567219809102e-189,1.0590376563734434e-189,3.721233273090187e-115,3.391413339773079e-82
6.672611166218679e-169,5.199829102575865e-165,3.5278113145234466e-169,1.1862707661558938e-163,0.0,2.077479553879948e-171,0.0,0.0,,0.0,0.0,0.0,0.0,0.0,0.0,0.0,0.0,4.341361260574308e-274,3.9153184833497314e-61,1.126107501781126e-162,3.863435611556592e-218,4.199884143554018e-166,1.3647878292792638e-166,0.0,0.0,0.0,9.153977654842449e-167,2.8282860257029367e-165,2.797193902438311e-166,0.0,0.0,0.0,0.0,0.0,0.0,0.0,0.0,0.0,0.0,0.0,0.0,0.0,0.0,0.0,0.0,0.0,0.0,0.0,0.0,0.0,0.0,8.000405101454572e-06,0.0,0.0,0.0,0.0,0.0,0.0,0.0,0.0,0.0,0.0,0.0,0.0,0.0,0.0,0.0,0.0,0.0,0.0,8.074826352864564e-190,3.4604850856400327e-190,5.230317348856077e-227,9.3671054949025e-302,0.0,0.0,6.907635299497015e-302,0.0,1.3509603724971254e-228,0.0,9.096904109036554e-302,1.108684511226778e-189,9.856041598712558e-190,1.166515375436326e-189,7.866425271560759e-190,1.3645184266566869e-189,8.543014649503674e-190,8.543014649503674e-190,3.475292834169859e-190,4.199291201867019e-190,2.900675310583656e-134,8.614585533959284e-190,1.2106821082443727e-189,9.433147633830196e-190,9.422427787845524e-134,5.781423896081027e-190,3.723331581746679e-190,1.090359947296371e-189,1.0150882203239214e-189,6.911286953481802e-190,3.5915819638513517e-81,2.3624489568761537e-190,6.030477153208766e-302,0.0,8.93397202919254e-302,6.90750334031e-302,5.829531312006322e-302,9.204161134785679e-302,4.6038308222041775e-82,4.1849778952558274e-190,2.955308156767651e-230,7.15304828509514e-302,6.614159555402096e-302,0.0,1.4439130382335033e-190,6.344335489936173e-190,2.919268952971555e-190,6.412014246988339e-187,1.356743128173378e-189,8.204051725781006e-193,8.204051725781006e-193,8.204051725781006e-193,8.437948879193447e-190,8.204051725781006e-193,4.888882889769193e-190,8.181915379411453e-190,5.812265156666583e-190,1.104876076722462e-115,5.475054583386136e-82
4.7686207276296336e-169,5.735950530956845e-165,1.6572159874759102e-173,4.660159971524423e-171,0.0,2.1522392054366784e-168,0.0,0.0,0.0,,0.0,0.0,0.0,0.0,0.0,0.0,0.0,4.120271307020497e-275,9.695979609797214e-70,1.8107211269463415e-164,8.603501746155368e-220,6.448118480434868e-167,5.782539932164274e-169,0.0,0.0,0.0,4.7490063042080855e-172,2.363346384308759e-165,1.556364720957664e-166,0.0,0.0,0.0,0.0,0.0,0.0,0.0,0.0,0.0,0.0,0.0,0.0,0.0,0.0,0.0,0.0,0.0,0.0,0.0,0.0,0.0,0.0,2.3081591610387505e-19,0.0,0.0,0.0,0.0,0.0,0.0,0.0,0.0,0.0,0.0,0.0,0.0,0.0,0.0,0.0,0.0,0.0,0.0,1.6415093919488639e-190,2.6690939665824033e-194,4.261311586804779e-228,4.26926019548517e-302,0.0,0.0,6.230984465655696e-302,0.0,1.27072283924888e-230,0.0,7.750181630881922e-302,7.691549003594425e-191,1.0813658558831994e-190,5.0782662103907704e-191,1.2258619722513524e-190,8.86737713690016e-190,8.86737713690016e-190,7.46599127118638e-190,3.4764068269409226e-191,3.5282074637590143e-190,6.61019968598003e-138,7.491190694995738e-192,3.7171911108655204e-190,7.150051406199691e-190,1.2050029910669975e-134,1.93979523588251e-192,1.003294616826899e-189,3.2353031495086444e-191,2.3528899441829434e-192,5.119012597198387e-190,5.572790839733845e-81,2.2027480092441767e-191,3.0685830682855506e-304,0.0,1.834301548034263e-305,4.013914489077037e-303,3.395903796590422e-303,1.5616467092750175e-302,1.249608879278065e-86,7.313658600502713e-197,4.127123037279258e-236,5.251120111933263e-304,1.8566189688126588e-302,0.0,3.4603990965047097e-197,3.8905237727755855e-190,1.0342243348800837e-189,2.7990128719649867e-187,1.394329588789902e-189,9.83184141156352e-193,9.83184141156352e-193,9.83184141156352e-193,1.406032564139064e-189,9.83184141156352e-193,1.2060021903629093e-189,1.406032564139064e-189,7.601323429387767e-190,2.5779341653075857e-122,2.908273947236603e-82
1.6422861811195647e-168,1.5510550051121272e-165,4.641245619938289e-181,1.4343458772603003e-182,6.287829345566627e-181,1.3723062573532372e-20,0.0,0.0,0.0,0.0,,0.0,0.0,0.0,0.0,0.0,0.0,3.9378709564110674e-172,1.969112804952258e-11,3.801449003019189e-171,1.794846002633017e-174,1.770523700641883e-170,3.197910101412313e-168,1.2288108790428046e-228,1.6440734717882135e-209,5.6644937193500314e-213,1.5140535358841824e-181,2.826717476119926e-165,1.320904193781994e-165,0.0,0.0,0.0,0.0,0.0,0.0,0.0,0.0,0.0,0.0,0.0,0.0,0.0,0.0,0.0,0.0,0.0,0.0,0.0,0.0,0.0,0.0,6.025840892144474e-32,0.0,0.0,0.0,0.0,0.0,0.0,0.0,0.0,0.0,0.0,0.0,0.0,0.0,0.0,0.0,0.0,0.0,0.0,3.625230500898355e-83,6.31196254560327e-91,7.764409608757336e-83,2.82373111140105e-84,3.6738786029979596e-80,5.764052089739837e-88,4.1205478964187695e-82,4.341612115180946e-83,6.903967522286728e-89,1.9898747889035437e-81,1.0479325531724327e-79,4.293455474923777e-81,8.017242439369919e-79,1.4088211871916526e-80,5.427851614727013e-79,6.167872434274649e-79,6.167872434274649e-79,6.167872434274649e-79,4.878264193967619e-80,8.069779557499756e-79,2.0485488705545866e-79,5.2297159047401575e-80,1.845507136719551e-79,2.7108442038938696e-79,3.6646235507571574e-79,1.2664742735547362e-80,5.846587317910232e-80,3.3421691336298177e-80,4.057597490626162e-79,2.6836514338416494e-79,1.1913824876220868e-81,5.406536537429076e-79,5.596648939441625e-87,6.010650240944173e-88,7.952146779104534e-82,9.581120557417969e-84,3.588441887952427e-84,5.087542243691395e-83,6.550469927114706e-102,1.1867475505773469e-91,5.4919693320494055e-83,1.2901845575222228e-81,8.484285083043532e-83,3.0392696455948434e-84,1.8445836296930987e-79,3.288736395580481e-79,5.600729177727255e-79,7.378167771743722e-77,5.673829668022285e-79,2.0985316979947935e-81,2.0985316979947935e-81,2.0985316979947935e-81,8.217693959959262e-79,2.0985316979947935e-81,7.845328482291329e-80,2.7964873723082863e-79,2.819411127786244e-79,3.954912620551838e-79,1.5093886097989224e-76
1.4167339884826107e-167,4.2746259197671673e-166,8.183041116884787e-175,1.3274343083842127e-173,1.5358226207314242e-254,6.514242906025947e-249,0.0,0.0,0.0,0.0,0.0,,0.0,0.0,0.0,0.0,0.0,0.0,2.023266910369571e-93,1.4073641579839867e-164,7.661844747755293e-255,7.683106654753364e-167,5.462047309635072e-171,3.318124091926337e-288,0.0,0.0,2.5098382267434262e-172,9.390295740646568e-166,1.9908013818831162e-167,0.0,0.0,0.0,0.0,0.0,0.0,0.0,0.0,0.0,0.0,0.0,0.0,0.0,0.0,0.0,0.0,0.0,0.0,0.0,0.0,0.0,0.0,5.0202292724829396e-34,0.0,0.0,0.0,0.0,0.0,0.0,0.0,0.0,0.0,0.0,0.0,0.0,0.0,0.0,0.0,0.0,0.0,0.0,9.344529162655483e-246,4.799119648863081e-248,6.037120895710437e-136,2.4626531935318393e-162,2.2450168379167525e-302,1.0500824342222082e-303,4.901851779046329e-162,1.216893399773405e-249,2.8098441039169377e-138,4.589663654547224e-304,1.2316115881296031e-161,4.5816681918367376e-247,5.156602036361658e-246,9.309526584442886e-248,8.388848867459791e-246,1.2482057252150233e-245,4.763784185212006e-246,1.1493788240446896e-245,2.0674488887702072e-255,3.430971374512692e-249,1.3916455372415324e-166,1.2240018266286472e-249,5.438593591863015e-246,4.6922140763492e-247,1.0437379122932234e-163,3.7743005046222515e-250,7.428775843817373e-247,1.5177142143162153e-246,9.421681375561491e-250,1.7474438796921268e-246,1.0123696333357013e-82,7.190026040291828e-249,2.851534017847032e-166,2.583544653984518e-307,8.042908875977351e-165,6.524208843143561e-166,3.006593524582587e-164,6.140748515959683e-163,1.8519640858610962e-93,1.7126327773698857e-256,2.6850032851485297e-151,2.710944547975781e-164,1.7259661870986695e-162,3.833365139442011e-304,2.476843652486474e-254,4.1940261158836435e-249,8.615960433073858e-246,1.3747382349109513e-243,5.567481573932786e-246,5.641156089433464e-249,5.641156089433464e-249,5.641156089433464e-249,6.38036492872906e-246,5.641156089433464e-249,2.9658177138264417e-246,6.38036492872906e-246,1.3686421448290101e-245,3.1661073070468457e-142,4.9856939393986355e-79
1.1058201840832692e-167,3.8454700841839222e-165,2.0788115672458388e-181,1.969002322919943e-180,1.7322110407094974e-276,5.228152941355501e-241,0.0,0.0,0.0,0.0,0.0,0.0,,0.0,0.0,0.0,0.0,0.0,2.7178801862989903e-92,5.481319210178878e-166,1.3890692555762789e-248,1.4075457306705713e-166,1.9339029882435724e-168,2.0683926898053275e-283,0.0,0.0,5.668172478239008e-172,2.0234717803319753e-165,1.4311648971882032e-166,0.0,0.0,0.0,0.0,0.0,0.0,0.0,0.0,0.0,0.0,0.0,0.0,0.0,0.0,0.0,0.0,0.0,0.0,0.0,0.0,0.0,0.0,1.1594635747907675e-17,0.0,0.0,0.0,0.0,0.0,0.0,0.0,0.0,0.0,0.0,0.0,0.0,0.0,0.0,0.0,0.0,0.0,0.0,1.0274229884092437e-245,1.0109194037275757e-248,3.9339748288021466e-134,1.211072783237135e-161,7.753400697364747e-302,4.940980811435621e-303,2.401271758649702e-165,5.40835745151218e-249,9.903593441794288e-142,6.900947437889055e-304,1.3785071374542013e-161,9.892420285915574e-248,1.428631048515489e-245,4.062319793394993e-247,2.6992629797541693e-246,6.698885298340462e-246,1.4481656419715032e-245,6.698885298340462e-246,1.2096420519080697e-246,1.3337960388593493e-245,5.835877515830789e-164,5.13282396016102e-247,1.1887088919222656e-245,1.1716842932885907e-245,9.960730406308574e-162,4.1540720473116815e-246,5.58314526092773e-246,5.533986429137981e-246,2.5159402198136815e-246,1.2128486359277509e-245,7.133858599088561e-81,9.76082412761716e-247,5.826082454220681e-168,5.418829613966449e-307,6.30532502741325e-168,1.8775556791822123e-164,6.427984979220689e-166,9.369609227598675e-164,1.6428497167836738e-92,6.532481513093585e-254,1.458733569540571e-144,2.3682025433882256e-163,2.825614452229685e-164,7.523880315996682e-304,4.596963834693005e-246,1.1492580864592042e-245,1.4325554097281796e-245,5.483246584246656e-243,4.554794851738869e-246,6.022366083924594e-249,6.022366083924594e-249,6.022366083924594e-249,1.204331895321254e-245,6.022366083924594e-249,1.1533299502061047e-245,1.204331895321254e-245,1.2253574722196172e-245,8.952421112287163e-136,4.125028930000298e-79
1.5708458247499012e-167,5.159646950631615e-165,8.758820800473406e-176,8.009947004634781e-173,8.06638328066525e-230,7.182087070425791e-171,0.0,0.0,0.0,0.0,0.0,0.0,0.0,,0.0,0.0,0.0,1.3269268833234532e-274,1.0612084464832163e-62,1.7494108161066927e-163,1.7467414789455048e-221,1.609764503104917e-165,5.01586003275591e-169,8.475791499469371e-267,6.89284813762557e-291,0.0,2.2220114696570827e-172,2.0744818056058413e-165,1.568533630892376e-166,0.0,0.0,0.0,0.0,0.0,0.0,0.0,0.0,0.0,0.0,0.0,0.0,0.0,0.0,0.0,0.0,0.0,0.0,0.0,0.0,0.0,0.0,2.1966541512982854e-19,0.0,0.0,0.0,0.0,0.0,0.0,0.0,0.0,0.0,0.0,0.0,0.0,0.0,0.0,0.0,0.0,0.0,0.0,4.3897315019267907e-190,1.0136655924620764e-193,1.4020966779864433e-115,9.617318204801327e-134,3.2991591161486837e-228,2.50233536157154e-230,4.187053305897808e-136,1.1271788351728128e-191,1.275031759159327e-118,2.2875354182347883e-227,1.8269301541439278e-135,9.453636482588562e-193,7.914996690105293e-192,2.3199178934013945e-190,6.133109124108202e-191,1.581567606802437e-189,1.0087223392680585e-189,1.581567606802437e-189,6.36041428957361e-191,7.534020945091531e-190,1.0710168840042616e-137,4.120505705987818e-193,9.004435685857786e-191,2.1816126681192217e-190,9.265257334864626e-136,1.7782090635374756e-191,3.047608103864461e-190,6.89579677999825e-191,9.93599679929593e-192,1.4830493679636568e-189,5.2324337752442913e-82,1.1896140568824674e-190,2.1138681457426536e-135,4.171197448692833e-229,1.0408972656829403e-134,5.2052812382796666e-136,4.3760245789984785e-135,7.039810765833544e-136,3.9604924494642626e-89,6.866313391331966e-196,5.042422251190096e-127,2.5537655756853677e-134,4.2202428586385546e-134,8.475281153636315e-228,7.69358896051087e-193,1.0005795860718896e-189,1.5710563451398262e-189,4.205126602628093e-187,1.4785987333071499e-189,9.615026398884131e-193,9.615026398884131e-193,9.615026398884131e-193,4.547355006605666e-190,9.615026398884131e-193,1.2719433476422247e-189,4.547355006605666e-190,1.3525424276301353e-189,2.901351241655611e-118,9.938843746829984e-78
2.3998792427551226e-168,4.167670397786495e-165,3.501503095198671e-170,8.746363668619255e-170,2.2572545521469496e-249,2.925305397793934e-234,0.0,0.0,0.0,0.0,0.0,0.0,0.0,0.0,,0.0,0.0,0.0,2.6879589412653124e-102,3.1714027003930685e-175,3.365290527197042e-251,5.707258796557413e-169,8.762222785958475e-169,2.897748392728055e-278,0.0,0.0,7.030118091016561e-171,5.15748826352997e-165,1.1564628051839656e-166,0.0,0.0,0.0,0.0,0.0,0.0,0.0,0.0,0.0,0.0,0.0,0.0,0.0,0.0,0.0,0.0,0.0,0.0,0.0,0.0,0.0,0.0,2.0216898659589797e-27,0.0,0.0,0.0,0.0,0.0,0.0,0.0,0.0,0.0,0.0,0.0,0.0,0.0,0.0,0.0,0.0,0.0,0.0,1.5656816483285394e-247,3.5960292975537185e-249,2.85123748102731e-134,3.941261799587716e-163,6.504779232781057e-303,3.067424928046657e-302,1.2377700682010633e-162,3.300344145190701e-247,3.3476483196845097e-137,5.583890521756455e-302,1.4922867113966033e-161,3.228104104485405e-246,1.166152935534268e-245,5.334626702798206e-246,1.0619022132415938e-245,8.578758742174048e-246,8.578758742174048e-246,8.578758742174048e-246,1.1672319913081285e-245,1.2284118493558406e-245,2.834966009864516e-162,1.3173375844473452e-245,6.112591135987244e-246,1.28281518948586e-246,6.982793922314673e-162,1.3936846830958236e-245,1.4603824571417702e-245,4.283311156931512e-247,1.2980462528037932e-245,2.1831916738612884e-247,1.4185180826879386e-81,1.3230288650502387e-245,3.811190827474403e-163,3.0213047570593863e-306,2.362179090137082e-162,5.961776647252631e-162,1.516529112495332e-162,5.51564049583137e-162,8.868415744451183e-90,6.915481331128814e-250,4.408969955953349e-139,1.4771467056163491e-161,1.936606799431906e-162,1.479043302662777e-302,4.161507414032708e-246,5.282711577333196e-246,1.3400573865351219e-245,3.1079924958129585e-243,1.360944489172647e-245,6.190222691789966e-249,6.190222691789966e-249,6.190222691789966e-249,1.3076355864836348e-245,6.190222691789966e-249,9.47916450656114e-246,1.3076355864836348e-245,1.4940835685721386e-245,9.516065301044561e-134,5.070887605525952e-78
1.3855183713917853e-167,2.6735106965616407e-166,1.3191371139871506e-172,1.621893728700565e-167,7.751117014095545e-249,1.8255975162158933e-234,0.0,0.0,0.0,0.0,0.0,0.0,0.0,0.0,0.0,,0.0,0.0,3.1151203438937816e-106,1.6611833194653387e-185,3.7376456297943043e-255,5.938196571671957e-172,7.145136921845211e-167,3.389299674287056e-279,0.0,0.0,9.46077801967744e-176,4.932282953562445e-165,1.826861131882361e-165,0.0,0.0,0.0,0.0,0.0,0.0,0.0,0.0,0.0,0.0,0.0,0.0,0.0,0.0,0.0,0.0,0.0,0.0,0.0,0.0,0.0,0.0,1.9257567715260287e-16,0.0,0.0,0.0,0.0,0.0,0.0,0.0,0.0,0.0,0.0,0.0,0.0,0.0,0.0,0.0,0.0,0.0,0.0,1.150081286513294e-245,1.5087674718523355e-246,1.3293000002672014e-135,1.0655768564945504e-161,4.129216000638261e-302,4.37604307424852e-302,6.71123456580059e-163,3.082266077217338e-247,2.206992954629027e-135,1.0956427098589248e-301,8.827173826873392e-162,1.0604851039837454e-245,1.3508044500314833e-245,1.4477838397525751e-245,1.7506307092173948e-246,9.867575519068918e-246,9.867575519068918e-246,1.424799801320225e-245,1.4102647567707468e-245,9.751523041095158e-246,6.181705688928699e-162,1.378174614126455e-245,1.4286278905441583e-245,1.3015852615450605e-245,1.6206096073486287e-161,6.024482855681925e-246,4.111433609351212e-246,1.2012639419686979e-245,1.0207733544890735e-245,1.4777491490525103e-245,7.654141343111682e-81,1.2379840589067226e-245,2.3388823394775165e-162,4.675270852486082e-304,6.35859311038405e-163,1.5347218242334602e-162,4.892059937910329e-162,1.1859392871170618e-163,1.970246892872601e-86,7.159778342086292e-249,2.1604799735556337e-136,1.2675811074207825e-161,8.088233954221708e-162,8.651930655278824e-302,3.805304869837869e-246,1.4727070576461736e-245,1.1973085514098021e-245,1.4726065708198991e-242,1.0454866897529313e-245,6.287271049905301e-249,6.287271049905301e-249,6.287271049905301e-249,1.3699697629869903e-245,6.287271049905301e-249,1.2282083155025141e-245,1.3699697629869903e-245,1.5140250214820344e-245,1.2336149274920936e-134,3.1167851501433726e-78
7.088680240938684e-168,3.4222117012096116e-165,1.8674709359504405e-167,2.3102011296420202e-166,3.012112376393762e-164,1.5342655459149859e-119,0.0,0.0,0.0,0.0,0.0,0.0,0.0,0.0,0.0,0.0,,2.0266892585719156e-165,9.269679985711042e-10,2.062095876687741e-167,1.0668483905523835e-165,1.7733586900212745e-167,1.7321574435439056e-167,4.192725547565949e-223,3.44460204797319e-266,1.1614533329672366e-296,1.4252194734104367e-167,5.938288554084444e-165,1.85784020828635e-165,0.0,0.0,0.0,0.0,0.0,0.0,0.0,0.0,0.0,0.0,0.0,0.0,0.0,0.0,0.0,0.0,0.0,0.0,0.0,0.0,0.0,0.0,3.51878096068699e-11,0.0,0.0,0.0,0.0,0.0,0.0,0.0,0.0,0.0,0.0,0.0,0.0,0.0,0.0,0.0,0.0,0.0,0.0,3.200747265613532e-81,1.125840192438588e-81,2.258608958748835e-79,8.39812248694208e-80,2.8567506099003646e-191,3.133068935256689e-191,2.256460743909787e-81,7.333883222797293e-165,2.9336807332831467e-79,3.48081882937583e-192,9.19732288408104e-79,1.6858548540583997e-80,1.9074521863750985e-79,4.472132724638666e-82,1.81858231913716e-79,1.8812600649164537e-79,1.8812600649164537e-79,1.8812600649164537e-79,2.145675280571786e-81,2.4781535982977336e-80,7.234198001365661e-82,3.0306641114245196e-80,2.1981869121139023e-79,1.1917755879390307e-80,1.6085259409267309e-80,5.888762086035012e-81,1.7161655570043048e-79,2.9786078010492346e-80,1.1138595738148407e-82,1.5192886684426148e-79,6.731249142351753e-81,3.493485941985753e-81,3.2447858421767485e-81,1.374787275961302e-191,1.1840404942493382e-80,1.80403433419855e-80,5.044387385295982e-80,1.8601793775380508e-79,5.779001794493e-85,7.927718173023166e-83,2.1384525535820074e-82,5.486998269281953e-81,1.5117255808475716e-79,7.168125239734197e-192,5.0343118040637e-81,1.6755642491883237e-79,1.4816676578403142e-79,4.259901266552448e-77,1.3519444552923383e-79,4.620292880954297e-82,4.620292880954297e-82,4.620292880954297e-82,2.0339759614630253e-79,4.620292880954297e-82,7.742408052767425e-82,2.0339759614630253e-79,6.408466352259338e-80,7.751963107958629e-83,4.9775281264026237e-76
0.0,0.0,0.0,0.0,0.0,3.4306841014084744e-112,4.715980746083536e-274,2.479675883118762e-277,4.341361260574308e-274,4.120271307020497e-275,3.9378709564110674e-172,0.0,0.0,1.3269268833234532e-274,0.0,0.0,2.0266892585719156e-165,,6.8703958460058395e-186,0.0,0.0,0.0,0.0,0.0,0.0,0.0,0.0,0.0,0.0,9.072374927426818e-169,2.065458324735654e-170,1.1991567016453588e-169,7.086645166248275e-166,0.0,1.2374892441775222e-162,1.7066829961384363e-165,1.1706201986081382e-167,2.071627040963018e-165,0.0,0.0,1.6294269025634136e-166,1.616030967868847e-169,4.567719672261665e-275,0.0,0.0,3.219214624652742e-274,0.0,0.0,0.0,0.0,0.0,9.099535699274157e-11,4.756502579307768e-274,0.0,0.0,0.0,0.0,0.0,0.0,0.0,1.0734618713915546e-166,0.0,0.0,5.0736441137599754e-275,0.0,0.0,2.5267202038610005e-274,0.0,0.0,0.0,0.0,0.0,2.9784313489419875e-108,4.499027306988785e-167,7.602185082050967e-107,4.478755100756363e-108,1.1059725197828908e-164,3.582528944312336e-79,1.2255134152685122e-107,8.441796585536839e-107,5.759377131267296e-162,0.0,0.0,0.0,0.0,0.0,0.0,0.0,0.0,0.0,4.64076201301129e-162,0.0,0.0,0.0,5.714557425425358e-162,0.0,0.0,0.0,0.0,0.0,0.5145316997208471,0.0,1.0707099622885065e-162,8.946205013696113e-107,3.089286071441781e-164,1.7164847549304094e-162,3.510320542375831e-162,5.691464666677147e-163,0.014677047498090474,0.0,1.5873130950020448e-106,5.422066915163142e-162,1.3566774722638947e-162,9.735885403212087e-108,0.0,0.0,0.0,0.0,0.0,0.0,0.0,0.0,0.0,0.0,0.0,0.0,0.0,9.8576031684061e-109,0.015029429229713565
2.3523852613923288e-12,2.8887258619419003e-06,8.264617137559774e-18,1.1547447379123089e-11,6.794744524313037e-98,0.0,1.0271540614944265e-67,1.893192807714649e-70,3.9153184833497314e-61,9.695979609797214e-70,1.969112804952258e-11,2.023266910369571e-93,2.7178801862989903e-92,1.0612084464832163e-62,2.6879589412653124e-102,3.1151203438937816e-106,9.269679985711042e-10,6.8703958460058395e-186,,1.477335887127814e-23,2.6098369862346225e-90,2.095877217052337e-17,1.494822128886812e-08,4.854864003011524e-73,3.4019382906252656e-49,2.1101475968176918e-54,1.0529152259633168e-19,1.2328217185487527e-06,1.0592615070731464e-06,4.142691765917606e-14,2.178540448917304e-10,8.837294891398344e-19,4.831525451566102e-06,3.801776405165679e-175,1.83750262173271e-07,6.606268435197464e-11,5.68028235095228e-14,8.837376453538779e-08,3.7983671454484143e-174,2.5448726442603586e-172,2.9346692469348874e-15,3.5010738410841353e-14,8.888548348449941e-70,1.1203626919139013e-97,1.0407976686432113e-106,1.5547643586731079e-66,3.2105880825225193e-173,7.333035984421991e-98,1.9794585275382344e-96,7.447536622274128e-90,2.6257082747666055e-87,9.796283028528809e-13,8.695791509944605e-60,1.6347655899598327e-90,9.021159877671983e-89,3.4561446792056086e-94,7.731240844475653e-87,1.3781512550219345e-89,1.1308835142589019e-85,5.957642973679721e-87,2.12661650911382e-12,1.6991442686411054e-94,1.0030871149384044e-169,1.1568736275420274e-67,8.319443047833522e-91,6.558553861424454e-91,7.465209855164463e-65,3.5919241896096336e-91,1.669284662746109e-91,7.557947770811393e-94,1.682095577545263e-167,1.6348564470795657e-168,5.6723302452478446e-61,3.769062106986601e-89,1.3192086292012796e-56,5.411273020398046e-60,1.203208588417109e-87,1.8351110534872475e-47,1.9501401413188122e-60,3.4826609522365505e-59,8.781529870228552e-86,3.3186852340571184e-166,1.355706711876103e-165,5.879585511857723e-166,1.327677192867295e-165,1.9118028411230188e-165,5.956165289874473e-166,1.9118028411230188e-165,1.7110340691625845e-167,1.8231285185815764e-165,1.4375723592745628e-82,4.536077924867949e-167,1.3704221734319026e-165,1.2904345543667692e-165,8.723780929697507e-82,5.998373179470247e-167,1.4673706920554495e-165,5.462239679730246e-166,3.791541836875508e-166,1.9882958537037178e-165,0.006556403614273646,1.4263581289767318e-165,3.490471850589615e-88,2.563181801734966e-62,9.361524133241874e-88,8.606175555919428e-90,2.093560002699654e-87,5.049820175520904e-90,4.884607823415252e-12,3.474368338826946e-175,2.293740788090257e-66,9.937352962450805e-86,2.5321997655533796e-86,5.756951755164228e-58,4.23415551915301e-166,2.0336731859741538e-165,1.4699357165233824e-165,8.008895262326582e-163,8.81085935943176e-166,1.7814336315227618e-168,1.7814336315227618e-168,1.7814336315227618e-168,1.7147168073671945e-165,1.7814336315227618e-168,2.2662809619295576e-165,1.7147168073671945e-165,2.2718284170153693e-165,7.990452979240808e-55,0.0005382881809749688
0.0,0.0,0.0,0.0,0.0,7.972005927678804e-05,1.2967999170716557e-165,3.0763023516607284e-169,1.126107501781126e-162,1.8107211269463415e-164,3.801449003019189e-171,1.4073641579839867e-164,5.481319210178878e-166,1.7494108161066927e-163,3.1714027003930685e-175,1.6611833194653387e-185,2.062095876687741e-167,0.0,1.477335887127814e-23,,0.0,0.0,0.0,0.0,0.0,0.0,0.0,0.0,0.0,2.0789186224335072e-168,1.7018405976704454e-169,6.3009417465738e-172,2.7229955453284255e-162,1.0212889723413477e-165,1.6762122592048893e-163,1.2765769365479456e-167,8.833396990476991e-171,4.672162642532033e-165,1.9001363267944472e-165,5.0967676942762523e-166,2.36675295731317e-168,3.929418309396628e-167,1.5578694475737345e-168,1.238854460172207e-166,2.3750032927709763e-167,1.3119666924581407e-163,6.816004749031735e-164,1.38679542254274e-164,1.0905876165286249e-167,6.555662968986679e-162,6.942006197904748e-162,1.5293680666313973e-09,1.5634147017843567e-162,3.1441583400949595e-162,2.0706038471535811e-162,4.528426720944674e-162,4.673732665154195e-162,6.104587477076235e-162,3.78623166794939e-162,6.848237233915952e-162,3.521135631802695e-164,2.6793145999738745e-165,2.2207673117157956e-163,1.8185896215454316e-162,1.9439506922360734e-163,1.516450098884853e-164,2.2865695713038545e-162,1.1321432767718318e-163,5.703677715410818e-165,1.8804045204700446e-164,0.014070278755812456,0.24905993315175767,0.04336137599505337,0.0002087894413193532,0.4789024919751612,0.024349488740045926,0.2615420926754836,0.035005257836188755,0.37261819817757313,0.9988599410767887,0.9999372805076859,0.9993437731903556,0.9527650684569169,0.9999583654094164,0.9999924023869933,0.9998726843833037,0.9998726843833037,0.9965450859931403,0.8871384703308214,0.9998248382451101,0.9995182831419497,0.7227580322194598,0.9999913138653779,0.9583690508919859,0.9996245572801995,0.9997443972788214,0.992006270523123,0.9999195542881382,0.8766247731262313,0.9999688078278661,0.9994232677321097,0.9999759625894804,0.10691105355461421,0.9167475573478959,0.9288367140581563,0.9012277393591127,0.5202683995920059,0.11501943582252462,0.003676710453093149,0.24550559632184876,0.8459527539760463,0.9999388663759934,0.5639448323625783,0.6691044687297514,0.012822695074494007,0.9830882841302885,0.9999339272658859,0.9999981116179543,0.9988173834321495,0.9995015121732869,0.9995015121732869,0.9995015121732869,0.9999885071791468,0.9995015121732869,0.8789979642943986,0.9999885071791468,0.7138744286559474,0.20430300088465375,0.9999981151452165
0.0,0.0,0.0,0.0,0.0,1.3035139091821059e-56,7.961882596441297e-219,3.0315938616421245e-222,3.863435611556592e-218,8.603501746155368e-220,1.794846002633017e-174,7.661844747755293e-255,1.3890692555762789e-248,1.7467414789455048e-221,3.365290527197042e-251,3.7376456297943043e-255,1.0668483905523835e-165,0.0,2.6098369862346225e-90,0.0,,0.0,0.0,0.0,0.0,0.0,0.0,0.0,0.0,2.560635042221495e-173,2.507325069236025e-174,3.555368250062296e-177,7.603022727961392e-166,0.0,3.4504886393222085e-166,1.7232384391059005e-169,2.5286617783405613e-184,4.560589936919449e-169,0.0,0.0,4.42688513342045e-172,1.1417079212406117e-172,1.0847278524443435e-226,6.783679220639157e-255,7.296142827494886e-251,4.959986682540839e-225,0.0,3.724127294882475e-251,1.6444110569242966e-256,5.2801419634206945e-249,1.8450645002108477e-249,1.1175914651193936e-14,9.475362769563943e-223,5.785339175133195e-249,2.5949930454676873e-250,1.003081689665211e-249,4.913427715837906e-248,1.7588557014486434e-248,1.3169604195299203e-245,1.8837062944077135e-246,1.9093144890935125e-166,1.7116823747015415e-247,0.0,3.710046884984095e-219,1.1182892368789938e-247,2.91464197954755e-247,3.2152736620727104e-220,1.2379177063104735e-249,1.9517053183632543e-250,2.7972268451546134e-249,8.821138416703772e-163,1.7449744709266163e-165,2.900306997492228e-53,1.4497625717015622e-82,9.148339253414192e-54,1.2000837167254805e-54,3.005360043472472e-81,5.66708472950325e-40,7.037205051839183e-55,4.126510090962258e-54,1.9051860076406194e-78,2.612656822876405e-163,6.451786741050504e-162,5.364126739936245e-162,2.1383465634882679e-162,3.340912508569309e-163,2.9921462646948823e-162,6.633104764129162e-162,3.517750087478681e-164,6.833239906631335e-163,1.5590778465277252e-78,5.100198237050977e-162,1.45831305805775e-162,4.5359969934015317e-163,7.191782454500958e-79,6.648128299823017e-164,5.395623113710777e-162,4.799838401297452e-162,1.0852556415104631e-163,1.1228531961415453e-162,0.49474741958303503,9.36592375118301e-163,3.393180756020808e-84,2.1835183925289333e-53,2.3907694946747178e-80,3.229018969978155e-80,6.736724677454747e-82,9.122294239284352e-81,7.71402367889244e-05,6.454230935915892e-165,7.106387105551168e-58,1.0634126361402937e-79,1.2775745080094112e-79,1.923663072462733e-51,1.1838451711233778e-162,2.159078050161348e-162,1.373794131074935e-162,3.9383973385533113e-159,4.706103159410344e-162,5.024914930963125e-165,5.024914930963125e-165,5.024914930963125e-165,1.2905440482777642e-162,5.024914930963125e-165,2.4920339903329e-163,5.733725716028838e-162,4.494454243639678e-162,6.712491161431567e-51,0.5087636330790801
0.0,0.0,0.0,0.0,0.0,4.8936669783732204e-08,2.3566876567865555e-165,4.411967982345915e-170,4.199884143554018e-166,6.448118480434868e-167,1.770523700641883e-170,7.683106654753364e-167,1.4075457306705713e-166,1.609764503104917e-165,5.707258796557413e-169,5.938196571671957e-172,1.7733586900212745e-167,0.0,2.095877217052337e-17,0.0,0.0,,0.0,0.0,0.0,0.0,0.0,0.0,0.0,2.5424669949546823e-168,1.1351294073163792e-169,1.6369563539111384e-171,2.669002235197543e-165,6.65601336531174e-166,3.8199867017373656e-166,3.0405635786077655e-168,7.002374899313655e-171,9.158345742008437e-168,9.742737085267431e-166,2.3327365557426838e-167,2.0942918589711163e-167,1.4468784106008895e-169,9.172538825447403e-169,6.646025700466067e-168,1.4045365298746264e-167,1.5673209097411446e-165,7.136375222079183e-167,6.379299996731334e-167,2.890227044075842e-169,4.0883825103662837e-165,2.690478867479101e-165,1.5943963815320363e-06,4.6052771824915384e-166,4.1680477476330484e-165,2.0416518353698513e-165,4.101565697246442e-165,2.924810426587112e-165,4.154064687657031e-165,2.915782662006824e-165,2.216293262433751e-165,1.7963934204140364e-169,3.1413594192726925e-166,1.0343416712366276e-169,4.3888182120590685e-165,3.9741057921919546e-166,2.9851585131555235e-167,3.8930595474755226e-165,3.576948910238192e-167,1.1700124338223888e-169,1.0135353313097756e-168,0.011644449015486528,0.41628433625849404,0.006829333313830874,1.317375711394673e-07,0.0004869007438437737,0.03148472613688453,2.2433863468800725e-09,0.08736350844026583,0.1958979842405102,0.8210413009998808,0.928985365588102,0.8765808607030359,0.49105974108303785,0.5455432131104956,0.9513352519657456,0.9857734722642721,0.7935161863294988,0.9857734722642721,0.001928874662709332,0.4158577672508268,0.37950475979041803,0.11181699419200783,0.8943246805789884,0.4612364424382255,0.19261887897600213,0.8156820529111254,0.9796132676745131,0.9250529862447495,0.0026366645054020092,0.9247181064080264,0.5902293979415147,0.22001202751780244,0.09111900071737386,0.9099344793634732,0.1420906312590847,0.9773284971759808,0.9369560733973146,0.0018818921751904358,0.01567264180973134,0.8112081483891865,0.8339512072734927,0.999031349062713,0.5863178419121,0.9520478704060229,4.9757713826587644e-14,0.008322211875627818,0.9329711146646074,0.9643175323812206,0.5343017623154072,0.9469230394930042,0.9469230394930042,0.9469230394930042,0.9699512529245284,0.9469230394930042,0.9898910342005578,0.9699512529245284,0.9330544905687848,9.035114484650827e-10,0.9723966045372018
0.0,0.0,0.0,0.0,0.0,1.4632411724515075e-10,1.8566336577663385e-168,1.8483509740519242e-166,1.3647878292792638e-166,5.782539932164274e-169,3.197910101412313e-168,5.462047309635072e-171,1.9339029882435724e-168,5.01586003275591e-169,8.762222785958475e-169,7.145136921845211e-167,1.7321574435439056e-167,0.0,1.494822128886812e-08,0.0,0.0,0.0,,0.0,0.0,0.0,0.0,0.0,0.0,1.7665583521494195e-176,1.3580333455656843e-168,4.7317563863812725e-172,2.0834026841629634e-171,1.1274118546604107e-166,2.143583658892986e-172,2.415472228212181e-174,5.949157626748866e-172,8.245773081488063e-175,1.9883116116783818e-170,3.3339079559192958e-167,7.49342681049418e-178,2.801698832007159e-171,6.277380159220166e-168,1.444666159484679e-173,1.151397519105713e-168,8.436630026618682e-171,4.43940351256778e-168,3.889075589397584e-169,1.4340038540504893e-171,1.5645019480190482e-168,4.707210731827898e-171,6.695975653655784e-07,1.1563689192696486e-166,2.7292803284171195e-168,1.4225680850126457e-172,7.910141135709526e-171,1.4962685992065958e-169,2.6090864767796865e-166,1.3393110370344034e-166,5.299660001609749e-166,1.4911650388651365e-165,1.8987928323400685e-166,1.0582447348536395e-165,1.178963018202457e-166,2.8062446381657896e-166,4.549383719996174e-167,2.347840982097111e-166,8.12157802792006e-166,5.099783671262306e-166,6.049711198169841e-166,0.3057005126269709,0.4769838202023007,0.15339210437537393,0.04343651525147608,0.14987355775467592,0.1643863111646253,0.20134151692881191,0.004020340742849917,0.4916680865346168,0.007184441583961137,0.3156800445590459,0.0009978998418256207,0.004435500080137109,0.01572061954077586,0.43045851856744766,0.5030318584368465,0.28225047648247964,0.28225047648247964,3.536138063278826e-10,0.00011556553419194371,2.6753579807072997e-08,4.322486761376573e-08,0.036898048143065756,0.0004535990095213297,0.020391662113819823,0.0004402601451262936,0.1898757635903969,0.07547639228059969,1.3365240534861214e-11,0.0007567000924619462,0.05462546417210819,0.00010453934479604448,0.10172638570966555,6.115783302196471e-09,0.0383152307075076,0.009975326139509055,0.0034293446839172427,0.26484774875966877,0.0026735072374857046,0.02013682743758011,9.028243945708663e-11,0.025359680336039647,0.31505966410817743,0.008517173728543308,7.081014291394921e-28,1.002783673599223e-07,0.3354883871366349,0.490217987822565,0.05737348945887946,0.2803529608757879,0.2803529608757879,0.2803529608757879,0.462382214507018,0.2803529608757879,0.3956091464236332,0.3434009258820091,0.23576563603241843,6.762276748878742e-23,0.4476579971712237
0.0,0.0,0.0,0.0,0.0,2.452268792293751e-61,0.0,0.0,0.0,0.0,1.2288108790428046e-228,3.318124091926337e-288,2.0683926898053275e-283,8.475791499469371e-267,2.897748392728055e-278,3.389299674287056e-279,4.192725547565949e-223,0.0,4.854864003011524e-73,0.0,0.0,0.0,0.0,,0.0,0.0,0.0,0.0,0.0,2.238192441237568e-233,9.220958792185492e-228,5.1841135847097724e-232,5.328693682873485e-227,0.0,1.9700521915439806e-222,8.620376832186154e-230,6.295825561565436e-237,2.3596459980798142e-231,0.0,0.0,1.0986215992311266e-234,9.466202593760958e-226,0.0,0.0,0.0,0.0,0.0,0.0,0.0,0.0,0.0,3.160834723670254e-13,0.0,0.0,0.0,0.0,0.0,0.0,0.0,0.0,0.0,0.0,0.0,0.0,0.0,0.0,0.0,0.0,0.0,0.0,4.386096729931549e-162,3.211938986349491e-163,5.707196156796468e-200,4.553905207595439e-274,2.913899932379829e-199,4.53912937698926e-200,4.1292393075706104e-274,7.214971171992885e-164,2.1095248272966216e-201,9.377637648377055e-202,6.547550962150887e-274,5.110753628617181e-166,3.251728244875796e-162,2.1036160970918353e-165,1.3095632882901952e-163,1.4387951561614169e-162,1.4387951561614169e-162,1.4387951561614169e-162,2.547812231131934e-166,2.0026174503307502e-162,4.187747423257672e-111,1.0883879441676266e-169,7.226859809707816e-164,6.611402230878523e-165,1.1767341816508439e-107,2.7505256360070698e-167,6.388004751519797e-163,6.844792283828482e-164,1.0077869440671584e-168,4.353475255337431e-163,6.339430310803106e-54,7.664932023516273e-165,1.941844435503276e-276,2.3641659678787332e-204,3.850226347269138e-277,1.739576438089783e-276,1.3796137188468469e-276,1.6979750759719744e-274,4.9622507068287054e-57,2.263342303118007e-164,2.858821376169035e-210,1.1119818067264614e-274,2.472184833330727e-274,1.4615715350630048e-201,1.1787136573388504e-173,2.9214670722433327e-164,8.36770750265353e-162,3.5591680884593315e-159,7.952224927597802e-163,7.303756661670959e-165,7.303756661670959e-165,7.303756661670959e-165,5.751866641150622e-162,7.303756661670959e-165,3.736416225602508e-162,6.015613058076825e-162,4.2057159444828523e-162,9.970398748389058e-100,2.44067615394245e-55
0.0,0.0,0.0,0.0,0.0,3.2755539539657017e-103,0.0,0.0,0.0,0.0,1.6440734717882135e-209,0.0,0.0,6.89284813762557e-291,0.0,0.0,3.44460204797319e-266,0.0,3.4019382906252656e-49,0.0,0.0,0.0,0.0,0.0,,0.0,0.0,0.0,0.0,2.123579747024586e-211,3.169022117369447e-206,1.0257419192477068e-209,7.847161692529013e-199,8.820720332277549e-266,2.8066646584845655e-198,1.7385000911309252e-202,4.905364968659443e-205,6.435953970293289e-201,4.3015049089502416e-268,5.256570898522784e-266,1.0328319941386097e-202,4.1906507624665366e-204,0.0,0.0,0.0,2.658440283974058e-288,8.19750298928212e-264,0.0,0.0,0.0,0.0,2.7944371411475146e-12,6.206581817303514e-285,0.0,0.0,0.0,0.0,0.0,0.0,0.0,1.0478521156258304e-265,0.0,2.842092950035346e-266,0.0,0.0,0.0,5.02500472198212e-285,0.0,0.0,0.0,8.095807924867138e-97,1.2722932035859462e-95,6.460649985733148e-119,3.623555946062603e-164,5.695474252823302e-231,6.188068734370017e-231,1.7775942211393684e-163,2.59063551596199e-183,3.906522528397795e-119,5.574462036789302e-232,1.8904949421322496e-162,2.681706525415972e-96,9.033497657166313e-95,1.859439819770593e-95,1.1406628624183579e-94,6.104880496815937e-95,6.104880496815937e-95,1.1591032189179723e-94,5.638484158035576e-96,7.683845704405272e-95,3.5023460491221847e-65,7.834205091369851e-97,3.7053850826456e-95,2.3766042154423347e-95,4.918522170601406e-62,5.071728774478328e-95,1.5180905218747476e-95,1.299337186435696e-95,1.2727434043849502e-95,8.227521221193889e-96,7.577880282127945e-31,2.490990707965772e-95,1.022928240442619e-164,7.039519987038906e-232,4.448334886974014e-162,5.189992933313669e-162,2.0837687343465008e-162,2.5888018928150816e-164,8.751854499256187e-34,1.0722575593200096e-100,1.3274089341383005e-119,9.036232724863555e-165,3.710580159634703e-163,4.204081419341184e-233,1.071765219618383e-95,6.963403760211924e-95,2.7603742041446886e-95,2.1263562006820588e-92,9.467102754167388e-95,1.8913910864515663e-97,1.8913910864515663e-97,1.8913910864515663e-97,2.5158180681239686e-95,1.8913910864515663e-97,8.180645153053864e-95,9.90657499479686e-95,2.1170166357662342e-95,1.8315902436581675e-52,8.207964697294637e-31
0.0,0.0,0.0,0.0,0.0,1.9154273869278097e-123,0.0,0.0,0.0,0.0,5.6644937193500314e-213,0.0,0.0,0.0,0.0,0.0,1.1614533329672366e-296,0.0,2.1101475968176918e-54,0.0,0.0,0.0,0.0,0.0,0.0,,0.0,0.0,0.0,2.4075054280139513e-214,3.419789518607643e-214,1.7432955663500093e-214,1.3126231995538087e-208,7.937466951864354e-291,8.152498876767905e-207,1.2506667713296629e-213,1.267187861820528e-219,9.44198429709452e-210,7.587886084579648e-296,3.0043792416742423e-292,4.3813138485088995e-214,2.8083275887703192e-213,0.0,0.0,0.0,0.0,1.8250616877495015e-291,0.0,0.0,0.0,0.0,1.3757038973028122e-13,0.0,0.0,0.0,0.0,0.0,0.0,0.0,0.0,2.6162662993656925e-291,0.0,8.030405267873909e-289,0.0,0.0,0.0,0.0,0.0,0.0,0.0,1.8831374213187675e-120,9.386239124175333e-122,1.7538712018508209e-149,3.757911126072566e-206,1.2948515473294021e-288,4.6116187283259e-290,6.338431307739541e-207,8.395809757201112e-230,1.5852807435875882e-150,1.512383386584352e-288,1.2829982265982391e-203,1.5410104965019153e-120,9.202151297149198e-120,1.331820016823382e-121,9.433865077329571e-121,9.162155666384167e-120,9.162155666384167e-120,9.162155666384167e-120,7.015422977376539e-120,9.708366646005557e-120,2.6165124176825072e-80,1.8507803588952992e-120,9.535146848057714e-120,8.159550256740916e-120,2.1056781892889918e-78,3.328185654079789e-120,8.979271338780462e-120,3.6615579984538526e-120,2.67095854821115e-120,9.132835543880107e-120,3.312704420543515e-39,4.990462032797132e-120,8.458537093772074e-206,3.065516120274346e-290,8.272948278828596e-207,1.1358389885842051e-204,6.46681336874413e-206,2.6378114961606373e-207,1.6488987514124307e-43,2.6578921113824854e-126,5.256061614582774e-152,4.012385373490303e-205,4.106220468201198e-205,7.886872420288835e-290,1.8533080330096287e-120,5.1740993788734096e-120,7.591387703262364e-120,3.216538549861683e-117,7.656275292450281e-120,1.1648217246823854e-122,1.1648217246823854e-122,1.1648217246823854e-122,9.03310550429133e-120,1.1648217246823854e-122,8.145722090386316e-120,9.089977721076706e-121,9.841706997586007e-120,2.9417806191713898e-64,1.0006217058836595e-40
0.0,0.0,0.0,0.0,0.0,2.9259853901794657e-06,2.5536117060169855e-168,6.100026033333214e-176,9.153977654842449e-167,4.7490063042080855e-172,1.5140535358841824e-181,2.5098382267434262e-172,5.668172478239008e-172,2.2220114696570827e-172,7.030118091016561e-171,9.46077801967744e-176,1.4252194734104367e-167,0.0,1.0529152259633168e-19,0.0,0.0,0.0,0.0,0.0,0.0,0.0,,0.0,0.0,2.1964399569882833e-176,4.949750120824046e-177,3.3797398541274625e-177,4.404410710284659e-169,8.73721966343958e-168,8.208777806670872e-170,6.40715161614526e-173,2.7298178080867445e-174,1.4672463568728327e-167,2.938454949866978e-170,5.374211900425569e-168,3.9766220554822037e-171,1.1317270898070761e-175,4.677178766905431e-174,1.1910592705048252e-177,3.689158983029985e-175,2.414097157765547e-171,4.362475760135547e-167,7.079951697300372e-172,2.2184805957968108e-174,1.9544999795750337e-165,1.9587089096821013e-165,5.700083855099329e-18,3.197314437490027e-165,1.3687479539061408e-166,1.2659517208987292e-166,2.563194691170429e-168,3.445516949353788e-169,2.6248461358326233e-165,8.529414747406591e-166,2.5973651748039338e-166,1.8851135645287278e-168,3.603595750327593e-166,9.123574785492168e-167,7.289848208860388e-166,1.063473567761588e-166,1.8709594288136243e-166,1.9352714241040586e-165,2.5611262257732226e-169,1.1271821781656522e-165,1.7664956421526284e-166,0.5425276129395842,0.608267403244398,0.12492147182699496,0.006647630261603996,0.1153489598430761,0.033329961850865036,0.14498915078204233,0.0034922114480230313,0.31305726362332487,0.29104245788658534,0.9806789977187492,0.9122581759403345,0.7257853584101643,0.9865656330753678,0.6816275245353339,0.9912792017872394,0.8189143801602533,0.9912792017872394,0.9896059393663375,0.991389736950223,0.9734463312892996,0.7689437655950996,0.9804656720231314,0.6811036769353975,0.8444028631898066,0.5028963604448524,0.8319312696703857,0.9820700980459974,0.9872768818734408,0.9687271561834051,0.7472312174046829,0.9612930194663513,0.0096583450234466,0.229906137050039,0.12659477708442637,0.8937253567742833,0.5552924871067249,0.6852992775710598,0.013684095015071913,0.024380829294873466,0.19164940912544629,0.9067790585190857,0.9107177253218276,0.028532967343223442,0.18589157178962054,0.9906064927608232,0.9823269727441372,0.9950481937868482,0.9880142067284702,0.941512531969693,0.941512531969693,0.941512531969693,0.984187244448575,0.941512531969693,0.9718466028917399,0.984187244448575,0.9243768020287425,0.8954001794213455,0.7477552849790375
0.0,0.0,0.0,0.0,0.0,2.3220611379299493e-05,3.552477242387494e-165,2.828291965063904e-165,2.8282860257029367e-165,2.363346384308759e-165,2.826717476119926e-165,9.390295740646568e-166,2.0234717803319753e-165,2.0744818056058413e-165,5.15748826352997e-165,4.932282953562445e-165,5.938288554084444e-165,0.0,1.2328217185487527e-06,0.0,0.0,0.0,0.0,0.0,0.0,0.0,0.0,,0.0,2.6444327294150334e-167,2.1605473220166718e-167,1.7878390107077867e-167,4.601160592796145e-165,1.4057126345662477e-166,5.564115302252156e-165,2.241485783989693e-168,1.2731175623499751e-168,6.421969755352689e-169,6.04884501594099e-165,3.124103565792968e-165,1.671365875385193e-169,3.234112628021193e-167,2.7492241733518786e-165,3.161838402367178e-166,1.3136368013649334e-166,5.729732650274343e-166,3.4280120638103324e-165,4.9372484506053843e-166,1.0621730271174656e-165,2.077966488507842e-165,2.889914163551647e-166,0.007971051391992985,2.4018931924151395e-165,4.2950499034232196e-166,3.3922550253438824e-166,2.85793301464277e-167,1.3123682605125232e-165,2.074114295177861e-165,1.5507197380715728e-165,1.5158115851693803e-165,2.0521070604992253e-166,1.5095398119083888e-165,6.21160717918116e-166,3.7222165858485793e-166,1.4799484689044145e-165,2.0378226824963896e-165,5.194872455031159e-166,9.456127308492575e-166,1.6409645385179685e-165,1.9088521905397335e-165,0.9817146568933608,0.6288490642784035,0.6258780998554352,0.8182012140718591,0.9213219730287423,0.9392132518849351,0.7422632171364958,0.7930265847122325,0.12923411569858576,0.24596803273430498,0.8436127199223863,0.17152246868980459,0.8742709743880871,0.3154348861693752,0.9976292467000383,0.9880743107298713,0.9817348294752791,0.9817348294752791,0.19411299455958847,0.9912674889812021,0.4071765212912634,0.4129389438874618,0.8480877790626082,0.9762185284455234,0.4375984547476751,0.7297925622305196,0.9720777840882755,0.9968761648450065,0.03305788041844804,0.9941019767738744,0.8796124981722828,0.5730149865434162,0.6387358553022349,0.11781777863677048,0.31958593531963164,0.07291870529011259,0.5140900219893991,0.5793694308716979,0.4949252271583613,0.1429106668276021,0.1023367295525248,0.21410922767823384,0.7856350905980347,0.9205510554994003,0.0001229431538417009,0.32474744054113147,0.9878423393014417,0.9975706034371444,0.9933821484696339,0.9765163369064395,0.9765163369064395,0.9765163369064395,0.9959734073893598,0.9765163369064395,0.9925621136697703,0.9959734073893598,0.974200506165478,0.011548145823461005,0.9828363207635123
0.0,0.0,0.0,0.0,0.0,8.481698260128763e-07,2.3903557245658844e-167,1.5427211536307625e-165,2.797193902438311e-166,1.556364720957664e-166,1.320904193781994e-165,1.9908013818831162e-167,1.4311648971882032e-166,1.568533630892376e-166,1.1564628051839656e-166,1.826861131882361e-165,1.85784020828635e-165,0.0,1.0592615070731464e-06,0.0,0.0,0.0,0.0,0.0,0.0,0.0,0.0,0.0,,7.215190492640837e-169,1.2907174506067483e-167,7.303027976979646e-169,2.4784124323808896e-166,2.368555905828311e-165,3.648141344951174e-167,1.6678938710579815e-169,3.450597218082113e-169,2.2755838282137334e-170,7.52856257457924e-167,3.2612271934571394e-165,1.9277238749626427e-170,2.079427476034956e-167,5.280332175438054e-166,4.067963880859563e-168,4.699716067643765e-166,1.6262704448199728e-166,1.71337793058478e-168,4.715724893382623e-166,2.978667391785064e-166,2.1516949287221082e-166,3.4578941985004074e-168,0.0024763016585608896,2.0327635189322426e-166,2.310398997937864e-168,1.3158309926905158e-169,2.825514081123395e-167,8.398974646789581e-166,1.3670219735025152e-165,2.4040963759213514e-166,1.959542688574119e-165,8.14937421348922e-166,1.860589777339025e-165,2.8647333640489776e-165,6.903174461839294e-167,7.924432722193098e-167,2.90124869190656e-167,1.7541664867005646e-166,2.365416651376047e-165,1.0088373253596524e-166,6.552293893527899e-166,0.7938431872434474,0.7099241492793436,0.4397939983761391,0.713538419320934,0.5686863319958311,0.5690879474199029,0.4787814418986349,0.7716703743640564,0.7839179143389425,0.003907069774720945,0.3926039758020897,0.007060288591563044,0.05799716098234027,8.165713105398885e-05,0.8225018525519872,0.6880310620434558,0.2957179750809782,0.6880310620434558,6.740050815015458e-05,0.012467523146503148,5.4745250091683514e-06,0.0012453104216626314,0.39377873802315366,0.6522287250334236,0.17858780358360807,0.3763535254824964,0.3542844582240539,0.19438715807657841,3.5469539297970323e-06,0.00123904746371854,0.03233466506718919,0.025464404895822176,0.15124866328044304,0.00021162872205364948,0.27695621131915293,0.0005463091687817221,0.2630115378160658,0.7112476470705886,0.43951779918029,0.12777798044312833,0.00273097702843933,0.19646872104330135,0.340305036680249,0.0040014588605437485,2.0944294467061165e-18,6.413295209847618e-05,0.8412322384832152,0.5431831530441622,0.04683987399745097,0.63698657790661,0.63698657790661,0.63698657790661,0.7138533026989125,0.63698657790661,0.5556129653560833,0.7582000807656776,0.20576457001007123,3.1314597763416045e-14,0.650813272661681
9.257959987318856e-170,1.4605973079826133e-167,2.010086110672959e-187,1.0089651336710259e-177,6.420087925579443e-174,6.2648192998435825e-24,0.0,0.0,0.0,0.0,0.0,0.0,0.0,0.0,0.0,0.0,0.0,9.072374927426818e-169,4.142691765917606e-14,2.0789186224335072e-168,2.560635042221495e-173,2.5424669949546823e-168,1.7665583521494195e-176,2.238192441237568e-233,2.123579747024586e-211,2.4075054280139513e-214,2.1964399569882833e-176,2.6444327294150334e-167,7.215190492640837e-169,,0.0,0.0,0.0,0.0,0.0,0.0,0.0,0.0,0.0,0.0,0.0,0.0,0.0,0.0,0.0,0.0,0.0,0.0,0.0,0.0,0.0,3.103816724125243e-74,0.0,0.0,0.0,0.0,0.0,0.0,0.0,0.0,0.0,0.0,0.0,0.0,0.0,0.0,0.0,0.0,0.0,0.0,4.8299677319160175e-82,8.645309199527075e-86,3.802480885057052e-82,3.870942945392612e-81,1.285051368099192e-81,8.297878937890446e-85,9.749335222696458e-82,2.650010388358914e-82,3.359168283344794e-82,5.3732146010547894e-83,6.471561598463758e-81,2.6137074312122885e-87,2.327056200475261e-82,4.415541307740708e-83,7.322342352796278e-83,1.5366898930830452e-81,1.5366898930830452e-81,2.5114052535139684e-82,4.222729717808384e-87,4.995066056570614e-86,4.36776419552847e-85,3.322149048068614e-86,1.8602096276379183e-83,4.704092074489202e-83,6.0736911156010416e-83,1.319390008340629e-82,6.529549957361478e-83,1.0173939069829646e-82,3.159344900105165e-84,1.1668086082144185e-82,7.385454682186956e-84,5.768872414052305e-85,1.631801354509668e-88,2.195245029258175e-88,9.80117943231404e-84,1.7846283621127697e-84,1.4572125246820542e-82,3.916033054787815e-82,1.9808357649704145e-100,7.707692915786187e-90,2.80215841701483e-92,1.2207196807450333e-82,1.4913438492508126e-82,1.8631490963956152e-84,9.363229857139814e-93,1.8772562876130679e-84,4.8780630591043516e-82,2.229044818868763e-80,8.864915517084427e-82,3.626474327716635e-83,3.626474327716635e-83,3.626474327716635e-83,1.835547199498831e-81,3.626474327716635e-83,9.466659726111368e-82,2.4512155820677577e-81,8.759707675697196e-82,6.744284629770545e-94,1.450935322238761e-80
9.379994485466266e-171,3.1658658483844126e-167,1.7009093815273267e-185,1.170238776746551e-179,7.754820674915108e-173,4.926512848394707e-18,0.0,0.0,0.0,0.0,0.0,0.0,0.0,0.0,0.0,0.0,0.0,2.065458324735654e-170,2.178540448917304e-10,1.7018405976704454e-169,2.507325069236025e-174,1.1351294073163792e-169,1.3580333455656843e-168,9.220958792185492e-228,3.169022117369447e-206,3.419789518607643e-214,4.949750120824046e-177,2.1605473220166718e-167,1.2907174506067483e-167,0.0,,0.0,0.0,0.0,0.0,0.0,0.0,0.0,0.0,0.0,0.0,0.0,0.0,0.0,0.0,0.0,0.0,0.0,0.0,0.0,0.0,3.157324698067889e-67,0.0,0.0,0.0,0.0,0.0,0.0,0.0,0.0,0.0,0.0,0.0,0.0,0.0,0.0,0.0,0.0,0.0,0.0,1.188876153883055e-81,2.1155624745349165e-86,1.7035206378246933e-83,2.4937167576098734e-81,1.0735197981924346e-81,2.6283192661660964e-86,8.653286681686388e-82,2.1237046658013237e-82,2.9062928691968333e-82,3.979551508277535e-83,4.843216530852682e-81,2.9106849811863744e-83,3.869000082440505e-82,7.982929258448088e-83,8.714613309533292e-83,6.024206518763123e-82,6.024206518763123e-82,6.024206518763123e-82,2.577304728842408e-86,1.7821892014179118e-83,4.813598209128798e-86,1.0389497774855516e-83,2.7291383261301614e-82,6.535694174239397e-83,3.5882805710725765e-83,5.441715752483134e-83,6.850055333726316e-83,2.8896960463930425e-82,1.977039058395213e-84,9.125380754748705e-83,4.84635293991469e-85,7.233925964482853e-83,2.4769450795748806e-86,1.9550129759670895e-87,1.1546364991726428e-84,1.058673751014465e-83,4.563691941914698e-87,9.222982478461701e-82,2.7076502214915688e-107,4.919935460393895e-90,1.9470836106719345e-90,2.4164334138191978e-85,1.047254305222139e-83,7.974729809664465e-83,9.835127668298232e-86,1.9975510397025287e-84,2.7064745123673803e-82,1.5540535622672384e-80,4.0605113415948205e-82,1.4361247037044624e-83,1.4361247037044624e-83,1.4361247037044624e-83,2.5901458962249388e-82,1.4361247037044624e-83,4.730587439471822e-83,2.5901458962249388e-82,9.191031475841332e-82,2.7340101922485016e-84,2.3893035737443092e-79
7.084185585842919e-170,2.317140253164393e-167,1.193057055767557e-184,2.7113817127105295e-182,5.3330004446620426e-176,3.316803679574736e-19,0.0,0.0,0.0,0.0,0.0,0.0,0.0,0.0,0.0,0.0,0.0,1.1991567016453588e-169,8.837294891398344e-19,6.3009417465738e-172,3.555368250062296e-177,1.6369563539111384e-171,4.7317563863812725e-172,5.1841135847097724e-232,1.0257419192477068e-209,1.7432955663500093e-214,3.3797398541274625e-177,1.7878390107077867e-167,7.303027976979646e-169,0.0,0.0,,0.0,0.0,0.0,0.0,0.0,0.0,0.0,0.0,0.0,0.0,0.0,0.0,0.0,0.0,0.0,0.0,0.0,0.0,0.0,1.3204368952022618e-36,0.0,0.0,0.0,0.0,0.0,0.0,0.0,0.0,0.0,0.0,0.0,0.0,0.0,0.0,0.0,0.0,0.0,0.0,5.29302316173592e-83,2.5007614942845342e-88,5.882424118217581e-90,3.3658990804805306e-84,2.8891836937165762e-83,1.6117887272741934e-88,2.9249201433019946e-87,6.59088694330857e-89,2.111153033608655e-86,1.498044629179436e-85,5.646109566725153e-82,7.49668563105743e-85,3.811632300660987e-82,2.6821134942627e-82,2.016920015439351e-82,3.761101987607817e-81,3.761101987607817e-81,2.156793515768833e-81,4.986432202849871e-85,7.037388118254888e-82,3.259218650721675e-87,4.571139468307086e-86,1.874337140780391e-81,6.606199382038125e-83,1.9394562013001754e-85,1.6510678178946718e-82,8.585889558477105e-82,3.1556335890113045e-86,8.163427748059117e-85,6.200084761001453e-83,2.081843868080192e-83,1.5770910547867626e-83,4.212370143994215e-103,1.4599879153837846e-110,1.1920997827608746e-92,4.08178863912593e-99,6.729326894099506e-92,8.163170204095511e-86,8.34565055659613e-156,1.0917978965729578e-111,5.814274029172096e-104,1.2305776104134878e-84,1.0166430556047216e-85,1.782829713126972e-85,3.3797160753943753e-84,1.6807825254814858e-84,3.0964661761180377e-81,1.1991913619092197e-79,3.7430820811319325e-81,3.8460146239664606e-83,3.8460146239664606e-83,3.8460146239664606e-83,2.2274636459314554e-81,3.8460146239664606e-83,1.3151358694352106e-81,2.362266619789414e-81,3.304064939939225e-81,3.634288894550996e-84,4.2509627322787195e-80
1.72371080903232e-167,1.2988970048049163e-165,5.972086254811383e-171,3.5446757107866106e-167,8.7827200843108e-164,8.110614343909615e-15,0.0,0.0,0.0,0.0,0.0,0.0,0.0,0.0,0.0,0.0,0.0,7.086645166248275e-166,4.831525451566102e-06,2.7229955453284255e-162,7.603022727961392e-166,2.669002235197543e-165,2.0834026841629634e-171,5.328693682873485e-227,7.847161692529013e-199,1.3126231995538087e-208,4.404410710284659e-169,4.601160592796145e-165,2.4784124323808896e-166,0.0,0.0,0.0,,0.0,0.0,0.0,0.0,0.0,0.0,0.0,0.0,0.0,0.0,0.0,0.0,0.0,0.0,0.0,0.0,0.0,0.0,1.6449487211488513e-23,0.0,0.0,0.0,0.0,0.0,0.0,0.0,0.0,0.0,0.0,0.0,0.0,0.0,0.0,0.0,0.0,0.0,0.0,2.5742220837291795e-79,1.2732253090264121e-80,4.5636829896226485e-79,1.5440683874766618e-79,5.2338243137210206e-79,9.051063274960775e-80,2.6781228977869173e-79,2.283669925869108e-79,4.605492786022726e-80,7.646368832252774e-82,9.850863103299606e-79,1.6266522611964093e-80,8.437053378543837e-79,3.269516909167543e-79,8.952623885498133e-80,1.4349116343333126e-78,6.165617476416632e-79,1.4349116343333126e-78,5.851800140848052e-89,1.79499736685387e-80,1.8631961242216056e-83,8.888710271179338e-83,2.7826390652226445e-79,1.8349062216200304e-85,1.8438635682527148e-81,4.512419591456458e-83,9.33773955111135e-79,1.0454871374376622e-78,5.7107573069096325e-86,1.1936533510921877e-82,6.756809742618492e-82,7.194539857770763e-83,1.271869321464937e-79,1.0890168625357931e-83,7.812267224554804e-81,3.8587596615428077e-81,7.398507348634885e-82,2.07425675082326e-79,7.124373606122598e-86,6.119448426762034e-84,2.4853352611700157e-84,2.2581708379601383e-80,1.2273898448573574e-79,7.128298794284087e-84,2.0531759051831195e-91,8.522082152615344e-85,9.00054827123583e-81,6.518732234446716e-77,1.4098121925736077e-78,3.0617423431628084e-81,3.0617423431628084e-81,3.0617423431628084e-81,1.2539478532483767e-78,3.0617423431628084e-81,9.452450846794402e-79,1.2539478532483767e-78,9.3877134635253e-79,3.1325490563487196e-90,3.066517509928076e-77
1.3011819835845598e-167,1.3239860261639866e-165,1.4417627298182287e-168,7.629044320246316e-166,0.0,1.7771701691975236e-124,0.0,0.0,0.0,0.0,0.0,0.0,0.0,0.0,0.0,0.0,0.0,0.0,3.801776405165679e-175,1.0212889723413477e-165,0.0,6.65601336531174e-166,1.1274118546604107e-166,0.0,8.820720332277549e-266,7.937466951864354e-291,8.73721966343958e-168,1.4057126345662477e-166,2.368555905828311e-165,0.0,0.0,0.0,0.0,,0.0,0.0,0.0,0.0,0.0,0.0,0.0,0.0,0.0,0.0,0.0,0.0,0.0,0.0,0.0,0.0,0.0,2.0106727897152485e-26,0.0,0.0,0.0,0.0,0.0,0.0,0.0,0.0,0.0,0.0,0.0,0.0,0.0,0.0,0.0,0.0,0.0,0.0,0.0,0.0,1.0125843465900535e-191,1.35813005767586e-246,5.909246623476366e-191,5.793092788972226e-193,4.1213464035039026e-247,4.010087301207553e-164,8.686849163245321e-192,1.529705997245822e-191,6.88954789867364e-246,0.0,0.0,0.0,0.0,0.0,0.0,0.0,0.0,0.0,4.18634199584126e-253,0.0,0.0,0.0,1.1347489156964103e-250,0.0,0.0,0.0,0.0,0.0,5.591741690680703e-84,0.0,7.728457718669934e-249,2.8780680829622907e-200,1.0541065497413443e-248,4.36953619166463e-251,1.2981312600208904e-248,2.6612804876442354e-246,1.1318233398461753e-88,0.0,2.8216450711608904e-196,2.9966663745688864e-249,9.724568720127601e-247,9.533914602000593e-192,0.0,0.0,0.0,0.0,0.0,0.0,0.0,0.0,0.0,0.0,0.0,0.0,0.0,1.6516426207406108e-202,1.215276705767784e-81
7.475619082880296e-168,5.140504878579123e-165,2.48760057122951e-170,2.445003599337726e-165,1.2345091897053799e-166,5.122345931455439e-14,0.0,0.0,0.0,0.0,0.0,0.0,0.0,0.0,0.0,0.0,0.0,1.2374892441775222e-162,1.83750262173271e-07,1.6762122592048893e-163,3.4504886393222085e-166,3.8199867017373656e-166,2.143583658892986e-172,1.9700521915439806e-222,2.8066646584845655e-198,8.152498876767905e-207,8.208777806670872e-170,5.564115302252156e-165,3.648141344951174e-167,0.0,0.0,0.0,0.0,0.0,,0.0,0.0,0.0,0.0,0.0,0.0,0.0,0.0,0.0,0.0,0.0,0.0,0.0,0.0,0.0,0.0,2.0363407584675302e-24,0.0,0.0,0.0,0.0,0.0,0.0,0.0,0.0,0.0,0.0,0.0,0.0,0.0,0.0,0.0,0.0,0.0,0.0,1.1888814892798465e-78,2.686355985795645e-79,3.619682420110082e-79,2.215921288825075e-78,5.911220061431602e-79,2.6356420387594352e-80,1.4443001324451615e-79,9.41694941367306e-80,3.739649335087942e-80,8.10045615383228e-80,4.328311101426524e-83,8.847310459105586e-82,3.1188275338622246e-78,6.774235926049701e-82,3.164869753705344e-78,2.0316982896543653e-78,3.1199971877029747e-78,2.0316982896543653e-78,1.714777510752758e-81,1.076396672113e-78,6.821443741474907e-82,1.7755312611078926e-78,1.6797420358048637e-78,8.909778304731262e-79,1.3772583531876805e-78,1.0982087906440272e-81,3.6920229904343094e-82,1.5326128829574684e-79,1.1124309523531168e-80,1.3020849059350796e-78,7.676585006710003e-81,1.8098222985834035e-78,4.1033219996064906e-80,4.23319283281772e-84,9.68200978899175e-79,1.9482723056961778e-80,3.1893293561012717e-80,2.983128631599897e-79,1.2056424637219152e-91,1.5929833178901277e-83,1.4897556262022666e-84,1.004386572053657e-78,9.006659344233791e-81,1.301720339679338e-82,9.530166948359172e-86,5.186866412104749e-80,6.540057486389521e-81,9.177643423584375e-77,2.0526626790117543e-78,6.938966710351868e-81,6.938966710351868e-81,6.938966710351868e-81,2.897130676678528e-78,6.938966710351868e-81,2.574335774663822e-78,2.897130676678528e-78,1.8044957837590351e-78,8.415692626920713e-86,4.8375521227447175e-76
7.267743867228134e-170,3.0030134033816693e-167,3.8668287435812235e-174,4.791307205029365e-170,2.044507278237167e-171,4.1022931256301227e-16,0.0,0.0,0.0,0.0,0.0,0.0,0.0,0.0,0.0,0.0,0.0,1.7066829961384363e-165,6.606268435197464e-11,1.2765769365479456e-167,1.7232384391059005e-169,3.0405635786077655e-168,2.415472228212181e-174,8.620376832186154e-230,1.7385000911309252e-202,1.2506667713296629e-213,6.40715161614526e-173,2.241485783989693e-168,1.6678938710579815e-169,0.0,0.0,0.0,0.0,0.0,0.0,,0.0,0.0,0.0,0.0,0.0,0.0,0.0,0.0,0.0,0.0,0.0,0.0,0.0,0.0,0.0,5.528956028849596e-27,0.0,0.0,0.0,0.0,0.0,0.0,0.0,0.0,0.0,0.0,0.0,0.0,0.0,0.0,0.0,0.0,0.0,0.0,5.314228812221393e-84,1.3447661017193697e-87,1.635302749984951e-83,3.565711725224814e-83,5.792992738129518e-83,5.26274067806431e-87,6.537384988685946e-83,2.4020072084832346e-84,7.476446469736486e-85,1.0729313966283214e-86,4.228552438591307e-81,3.336971782408967e-82,1.64985239251929e-82,6.1666705902056215e-83,3.20736553708411e-81,7.298555773193619e-82,3.8962107016054703e-81,3.8962107016054703e-81,1.0000361014685707e-86,1.3357168197277472e-83,2.005782812205528e-93,1.4997760684264884e-83,7.08213339576981e-83,4.279539536501329e-83,1.2431742771439344e-85,1.141504159609714e-84,1.3039640745643246e-82,5.3482913069367995e-83,1.8074418176124883e-85,6.385894351848483e-84,4.576080830667395e-83,1.265474159591359e-83,9.739137794539843e-84,7.106142618943463e-92,1.5183264632255386e-84,1.6249586166323657e-86,4.925022085195666e-87,9.24350055366859e-84,3.6029022529347384e-93,3.4218287460923345e-90,1.474236421142403e-93,1.5155888862576948e-83,6.146790251826572e-84,1.4739248760173187e-85,1.5979078715855669e-90,4.6112761171347643e-85,6.064538121165879e-81,3.2531142122732535e-79,1.5371369134487732e-81,6.321354726803535e-83,6.321354726803535e-83,6.321354726803535e-83,5.079857601974265e-81,6.321354726803535e-83,4.908757492547882e-81,1.759236560631681e-81,1.8042318282515356e-81,3.466497567579014e-93,1.3473369030699004e-79
6.92215372630303e-170,7.57458540235217e-168,2.5469798692541384e-171,7.867328260793406e-176,3.769583990130329e-173,1.807539894993895e-23,0.0,0.0,0.0,0.0,0.0,0.0,0.0,0.0,0.0,0.0,0.0,1.1706201986081382e-167,5.68028235095228e-14,8.833396990476991e-171,2.5286617783405613e-184,7.002374899313655e-171,5.949157626748866e-172,6.295825561565436e-237,4.905364968659443e-205,1.267187861820528e-219,2.7298178080867445e-174,1.2731175623499751e-168,3.450597218082113e-169,0.0,0.0,0.0,0.0,0.0,0.0,0.0,,0.0,0.0,0.0,0.0,0.0,0.0,0.0,0.0,0.0,0.0,0.0,0.0,0.0,0.0,3.316587974429216e-47,0.0,0.0,0.0,0.0,0.0,0.0,0.0,0.0,0.0,0.0,0.0,0.0,0.0,0.0,0.0,0.0,0.0,0.0,5.749424525370727e-82,5.68464716857994e-90,1.5832745819225862e-82,1.93067892154888e-82,1.6456833604023224e-81,1.7712106581721854e-84,2.307380337889021e-82,6.92504768548667e-83,3.0237481106963954e-85,9.680930599650534e-84,9.112228693968726e-82,7.211473213231138e-83,5.311876060589177e-82,3.224504284890644e-85,3.3714204362176576e-82,6.023301020350142e-83,6.38186063910389e-82,6.38186063910389e-82,2.1013043066885227e-87,8.414659140900591e-82,2.2481329028730587e-88,3.8377400831126304e-86,5.35212391212499e-82,2.132519332517768e-84,1.4564474985739614e-85,1.1613683767680956e-85,4.2897484155252375e-82,2.938223557360538e-84,2.1073688713470586e-87,1.8586914069014693e-82,4.737933362586994e-85,2.730649566471744e-83,3.304046770264469e-87,6.374460090037416e-92,4.882362551918061e-85,2.625257123715643e-89,2.811369047423903e-86,5.241667218201386e-83,2.3041917650560518e-98,1.219386668631551e-89,6.2622634843561225e-96,2.847791884532868e-85,4.605772243142678e-84,1.5926247182169765e-87,2.523179769586604e-91,7.284294176010835e-87,1.5759405672590353e-82,3.5057854185442164e-80,1.4255399707171122e-81,2.853018429655774e-83,2.853018429655774e-83,2.853018429655774e-83,1.074671322563242e-81,2.853018429655774e-83,4.118002067257688e-82,1.074671322563242e-81,2.725348212471351e-82,1.0547569518966417e-91,1.6686908763329735e-80
2.5523261314828177e-170,1.5844660500010733e-167,3.591186761457818e-169,1.5351524868802638e-169,4.726413997144905e-168,6.619300217220534e-20,0.0,0.0,0.0,0.0,0.0,0.0,0.0,0.0,0.0,0.0,0.0,2.071627040963018e-165,8.837376453538779e-08,4.672162642532033e-165,4.560589936919449e-169,9.158345742008437e-168,8.245773081488063e-175,2.3596459980798142e-231,6.435953970293289e-201,9.44198429709452e-210,1.4672463568728327e-167,6.421969755352689e-169,2.2755838282137334e-170,0.0,0.0,0.0,0.0,0.0,0.0,0.0,0.0,,0.0,0.0,0.0,0.0,0.0,0.0,0.0,0.0,0.0,0.0,0.0,0.0,0.0,3.7595444116278795e-21,0.0,0.0,0.0,0.0,0.0,0.0,0.0,0.0,0.0,0.0,0.0,0.0,0.0,0.0,0.0,0.0,0.0,0.0,2.414618126637745e-81,5.616183999321629e-83,8.618779756280804e-84,1.3967661309312177e-81,1.7025709393017218e-81,1.0331661412153359e-82,2.1053083191654772e-81,1.2599175858068926e-84,2.5836167769974324e-83,1.7752378198830015e-87,2.842941805428182e-81,4.1975752645245783e-88,4.976470658244383e-84,7.653443236613409e-84,8.864306915772723e-83,3.2502494072257794e-82,2.0099766074869688e-81,2.0099766074869688e-81,5.708585990508552e-94,2.2870319551174645e-84,6.105503164566623e-93,1.1678373434305357e-95,1.249863578747318e-82,9.291806881471891e-88,1.5624967844980845e-86,3.708774671713855e-85,1.7586058482702736e-82,2.022444288166904e-82,1.6506846295761563e-94,6.0214398046559394e-86,6.491180406632594e-89,5.697766115936855e-85,4.944874083816792e-84,2.038280602912528e-87,2.0664253606139546e-84,1.5291047212622417e-86,3.192779983244872e-89,6.0867262440261395e-83,3.652230190931911e-91,7.01000213901271e-89,3.839054883110558e-92,9.870878129793229e-86,2.0898597063165063e-81,7.563299265089421e-83,4.498823848476807e-105,7.807560999305386e-94,1.033110870435261e-81,3.246165749970745e-81,2.5777012125814955e-83,3.570725575206997e-83,3.570725575206997e-83,3.570725575206997e-83,2.924433923891622e-81,3.570725575206997e-83,2.2811400988376625e-82,2.924433923891622e-81,8.504408563405842e-82,3.5827473720697684e-107,5.1146208674222046e-80
1.535696241805102e-167,4.1007495015361516e-166,7.702913164314823e-177,4.500802684361545e-171,0.0,2.5988989987827333e-122,0.0,0.0,0.0,0.0,0.0,0.0,0.0,0.0,0.0,0.0,0.0,0.0,3.7983671454484143e-174,1.9001363267944472e-165,0.0,9.742737085267431e-166,1.9883116116783818e-170,0.0,4.3015049089502416e-268,7.587886084579648e-296,2.938454949866978e-170,6.04884501594099e-165,7.52856257457924e-167,0.0,0.0,0.0,0.0,0.0,0.0,0.0,0.0,0.0,,0.0,0.0,0.0,0.0,0.0,0.0,0.0,0.0,0.0,0.0,0.0,0.0,1.1526913115331578e-42,0.0,0.0,0.0,0.0,0.0,0.0,0.0,0.0,0.0,0.0,0.0,0.0,0.0,0.0,0.0,0.0,0.0,0.0,0.0,0.0,1.009733133260726e-189,8.289778823473349e-246,1.3245850157849342e-189,5.664143276181964e-192,7.561768185086651e-246,1.0340324730585185e-161,8.346966380186193e-191,9.720219749478776e-191,1.4607051239010033e-245,0.0,0.0,0.0,0.0,0.0,0.0,0.0,0.0,0.0,2.9904779712485405e-252,0.0,0.0,0.0,1.4470344490200078e-245,0.0,0.0,0.0,0.0,0.0,1.442138001987975e-81,0.0,1.9015327900737045e-247,1.2198707314865373e-191,1.4772995436718942e-246,1.591781797288439e-247,1.1728455500968632e-246,9.976508039712014e-246,8.892647336990749e-89,0.0,3.9125310906777e-197,3.724896997245557e-249,1.0858985166912196e-246,9.943729404799072e-190,0.0,0.0,0.0,0.0,0.0,0.0,0.0,0.0,0.0,0.0,0.0,0.0,0.0,2.56740294256992e-197,1.8982217673536314e-80
1.424422741951638e-167,1.873675914239979e-166,8.069199534576226e-171,6.30997651411249e-169,0.0,3.600325106973881e-119,0.0,0.0,0.0,0.0,0.0,0.0,0.0,0.0,0.0,0.0,0.0,0.0,2.5448726442603586e-172,5.0967676942762523e-166,0.0,2.3327365557426838e-167,3.3339079559192958e-167,0.0,5.256570898522784e-266,3.0043792416742423e-292,5.374211900425569e-168,3.124103565792968e-165,3.2612271934571394e-165,0.0,0.0,0.0,0.0,0.0,0.0,0.0,0.0,0.0,0.0,,0.0,0.0,0.0,0.0,0.0,0.0,0.0,0.0,0.0,0.0,0.0,6.589660482264159e-24,0.0,0.0,0.0,0.0,0.0,0.0,0.0,0.0,0.0,0.0,0.0,0.0,0.0,0.0,0.0,0.0,0.0,0.0,0.0,0.0,1.6876651112115753e-204,6.207916827702247e-258,7.607955682328464e-201,1.7449620901364923e-208,2.1075246320207772e-253,2.4861013026477254e-171,1.320494034119213e-196,4.3982594689881755e-204,7.638262945854457e-248,0.0,0.0,0.0,0.0,0.0,0.0,0.0,0.0,0.0,5.733311386089595e-250,0.0,0.0,0.0,1.5956854129777503e-248,0.0,0.0,0.0,0.0,0.0,2.8223830369282644e-81,0.0,3.8220675165636054e-254,1.3657032449596288e-197,1.2452747969097423e-256,2.0104443907686365e-254,9.3850141682442e-252,3.3543054325579937e-247,3.921004687496335e-99,0.0,3.2864794956848e-197,8.185726254482484e-249,4.238212185268772e-250,1.3950560937050776e-194,0.0,0.0,0.0,0.0,0.0,0.0,0.0,0.0,0.0,0.0,0.0,0.0,0.0,3.4892802646050257e-191,8.531810109233101e-81
7.340781804371147e-170,5.847421462660781e-169,2.2457193024804784e-175,1.3197467742403933e-175,1.868505436976006e-172,9.996256759430695e-24,0.0,0.0,0.0,0.0,0.0,0.0,0.0,0.0,0.0,0.0,0.0,1.6294269025634136e-166,2.9346692469348874e-15,2.36675295731317e-168,4.42688513342045e-172,2.0942918589711163e-167,7.49342681049418e-178,1.0986215992311266e-234,1.0328319941386097e-202,4.3813138485088995e-214,3.9766220554822037e-171,1.671365875385193e-169,1.9277238749626427e-170,0.0,0.0,0.0,0.0,0.0,0.0,0.0,0.0,0.0,0.0,0.0,,0.0,0.0,0.0,0.0,0.0,0.0,0.0,0.0,0.0,0.0,1.538518425925641e-53,0.0,0.0,0.0,0.0,0.0,0.0,0.0,0.0,0.0,0.0,0.0,0.0,0.0,0.0,0.0,0.0,0.0,0.0,6.669444561576533e-82,1.4253802306116732e-83,4.078583468484223e-82,2.5208529879041813e-81,3.630591792491653e-81,3.9998174770732394e-82,2.384526019237029e-81,5.121535877194351e-85,7.657029278366516e-84,5.629462607571334e-85,3.114564624892306e-81,3.264345542395767e-86,1.224976935828349e-83,2.8526766375347337e-88,6.74171967886827e-82,7.642607562036047e-82,1.220093570683433e-81,7.642607562036047e-82,3.3682861993636035e-92,2.176282535691511e-84,2.439651175947951e-97,2.4341180376551978e-91,1.277539984468126e-83,2.5519806767931303e-87,3.455472943281804e-83,1.395435641800416e-85,1.0204591612351226e-83,1.0060994917272201e-84,1.8336922867716346e-94,8.12358257191158e-86,2.8820976650246075e-84,4.295389893378359e-88,2.0973946440008536e-83,2.1674800568859134e-88,5.22270931054627e-84,1.3654776789240253e-88,8.689516870464264e-84,1.2750243224874361e-82,4.659738242180044e-105,1.9244386623637295e-96,4.0492800016226084e-107,7.4873937736624635e-84,6.872843342531237e-82,9.207852352147932e-83,1.404311732835124e-109,2.1704108650373646e-94,2.6875336389199088e-83,2.2317937621805017e-80,2.9207210914576214e-82,1.2492869316983264e-83,1.2492869316983264e-83,1.2492869316983264e-83,3.447720682797692e-82,1.2492869316983264e-83,9.634248727557414e-83,3.447720682797692e-82,3.4875851403770483e-82,5.92180141241651e-106,5.161047638712816e-81
7.526020557443185e-170,1.129123992745507e-167,1.5693893002272027e-174,2.183403119842556e-178,1.5664116546612943e-174,1.9664322692188312e-17,0.0,0.0,0.0,0.0,0.0,0.0,0.0,0.0,0.0,0.0,0.0,1.616030967868847e-169,3.5010738410841353e-14,3.929418309396628e-167,1.1417079212406117e-172,1.4468784106008895e-169,2.801698832007159e-171,9.466202593760958e-226,4.1906507624665366e-204,2.8083275887703192e-213,1.1317270898070761e-175,3.234112628021193e-167,2.079427476034956e-167,0.0,0.0,0.0,0.0,0.0,0.0,0.0,0.0,0.0,0.0,0.0,0.0,,0.0,0.0,0.0,0.0,0.0,0.0,0.0,0.0,0.0,2.906277876021922e-45,0.0,0.0,0.0,0.0,0.0,0.0,0.0,0.0,0.0,0.0,0.0,0.0,0.0,0.0,0.0,0.0,0.0,0.0,5.986120721258115e-81,5.582749762761605e-86,4.538575373993034e-83,4.814763489525212e-82,9.575023573799316e-84,7.318582550236735e-84,5.147596601636966e-83,6.650126747132101e-83,1.1421390438839985e-83,2.1074008613163168e-82,5.989594625170427e-81,3.2160758014324106e-82,2.5444238448001434e-81,1.9479159212790172e-82,1.1356675603950266e-81,6.655195356449118e-81,4.297081720720238e-81,6.655195356449118e-81,1.5276565411729053e-82,2.768350902096951e-83,1.866044306327005e-84,8.33714756175636e-84,4.731463727791362e-81,1.298342656346053e-81,1.1550757274975226e-82,3.118661550412975e-81,1.5836844129052532e-81,3.6997273592984777e-82,6.933386730885177e-82,1.711135290768103e-81,1.4354615256089853e-83,1.2949424988467268e-82,1.7767680374947088e-84,1.8705148211298513e-85,1.5598803375771583e-83,1.418442671892722e-84,6.0711580610153975e-83,4.0352565262508553e-82,2.0295631382272317e-97,5.478219557861151e-88,1.4943336148044264e-92,1.715658005289251e-83,4.7393849407040643e-82,1.7269711417878755e-81,2.9443556884273713e-84,4.730560505293517e-82,8.189788653768567e-82,3.332717392123678e-79,6.72904041393275e-81,7.095817248269109e-83,7.095817248269109e-83,7.095817248269109e-83,8.781436890793702e-82,7.095817248269109e-83,1.1089261766042212e-82,6.15355231081176e-81,3.5167996706973915e-81,9.56906253053164e-86,4.486226205026036e-80
6.058850029247025e-169,5.391893066593268e-165,1.3933307657598685e-171,1.847756947598666e-174,0.0,4.756767154032663e-161,0.0,0.0,0.0,0.0,0.0,0.0,0.0,0.0,0.0,0.0,0.0,4.567719672261665e-275,8.888548348449941e-70,1.5578694475737345e-168,1.0847278524443435e-226,9.172538825447403e-169,6.277380159220166e-168,0.0,0.0,0.0,4.677178766905431e-174,2.7492241733518786e-165,5.280332175438054e-166,0.0,0.0,0.0,0.0,0.0,0.0,0.0,0.0,0.0,0.0,0.0,0.0,0.0,,0.0,0.0,0.0,0.0,0.0,0.0,0.0,0.0,9.830661442105389e-32,0.0,0.0,0.0,0.0,0.0,0.0,0.0,0.0,0.0,0.0,0.0,0.0,0.0,0.0,0.0,0.0,0.0,0.0,7.512021272751838e-192,2.5296561350454776e-192,1.6601572568488096e-228,2.224744650627371e-302,0.0,0.0,1.0996499858670122e-302,0.0,2.2749609352257172e-228,0.0,1.4373836877399433e-302,7.57903870628015e-192,2.1108223074602087e-190,1.1998778105169854e-191,4.579334443941744e-190,1.4125359018761622e-189,1.2081470506219116e-189,1.2081470506219116e-189,8.837699526803612e-192,3.4193090497221783e-190,1.9907043240316728e-138,2.4710561828048024e-191,1.2743928192036083e-190,1.2831983062914606e-190,4.503490608768962e-134,5.934201411965518e-190,6.094400919103533e-190,8.955903336668711e-191,3.790762285424377e-191,2.3281703136388878e-191,6.002604304343368e-82,1.1863741290963316e-192,2.743027701156453e-304,0.0,8.369059534812722e-305,1.436057424068416e-304,1.6818291105530651e-304,7.767154387953883e-303,9.703291277509249e-88,7.373599647433703e-199,1.1968579492361848e-234,1.1271885008581616e-302,1.0725742190730153e-304,0.0,6.802624481379782e-192,1.0832222577165614e-191,1.0980782789459492e-189,9.500779686142723e-187,1.6435859775522333e-189,1.0175952420517778e-192,1.0175952420517778e-192,1.0175952420517778e-192,1.5584279528661056e-189,1.0175952420517778e-192,4.581209504447698e-192,1.5584279528661056e-189,4.507343168098475e-190,8.939374937996997e-118,3.4544564606681765e-83
5.335671522554154e-170,2.838253254645107e-165,5.794102582054545e-174,5.014084756969694e-176,0.0,7.936444546616438e-79,0.0,0.0,0.0,0.0,0.0,0.0,0.0,0.0,0.0,0.0,0.0,0.0,1.1203626919139013e-97,1.238854460172207e-166,6.783679220639157e-255,6.646025700466067e-168,1.444666159484679e-173,0.0,0.0,0.0,1.1910592705048252e-177,3.161838402367178e-166,4.067963880859563e-168,0.0,0.0,0.0,0.0,0.0,0.0,0.0,0.0,0.0,0.0,0.0,0.0,0.0,0.0,,0.0,0.0,0.0,0.0,0.0,0.0,0.0,2.6653565330857706e-54,0.0,0.0,0.0,0.0,0.0,0.0,0.0,0.0,0.0,0.0,0.0,0.0,0.0,0.0,0.0,0.0,0.0,0.0,9.69813040021321e-246,7.228196394823607e-250,1.9041514170252176e-303,0.0,1.787499238503723e-302,2.0458505495762341e-305,0.0,2.3573396068731834e-252,6.666388869546538e-306,3.942028193182997e-308,0.0,1.766783486056602e-249,9.429173984253753e-247,1.2465542465071038e-249,1.4596859898834342e-246,3.306368426195091e-248,9.718567856672542e-247,7.441972835028139e-246,1.651932413841667e-256,5.783450910547145e-247,8.313897365380111e-173,1.079178267903567e-253,2.7137117740212744e-247,9.321730200984984e-250,5.07608065902238e-164,8.031290999311389e-251,3.6040807331463934e-248,3.9434762209201617e-249,2.9116912705568846e-257,7.03542648316931e-253,1.5692798541225324e-85,3.2041926933985044e-250,0.0,0.0,0.0,0.0,0.0,0.0,2.9382581692640294e-102,5.531541120292279e-266,0.0,0.0,0.0,1.3639877732094964e-306,1.2014130644749735e-255,2.1667154253588027e-250,1.5271281057281e-247,1.8016935750296823e-244,5.795624434877305e-246,6.117874764381295e-249,6.117874764381295e-249,6.117874764381295e-249,3.238374810695355e-246,6.117874764381295e-249,1.0523658625627685e-245,3.238374810695355e-246,1.081565464783463e-245,1.108521102536812e-146,1.0594983263055965e-85
7.508755983210934e-170,9.881897752309419e-166,2.781488633250502e-180,6.024880712749096e-181,0.0,7.409371137438312e-81,0.0,0.0,0.0,0.0,0.0,0.0,0.0,0.0,0.0,0.0,0.0,0.0,1.0407976686432113e-106,2.3750032927709763e-167,7.296142827494886e-251,1.4045365298746264e-167,1.151397519105713e-168,0.0,0.0,0.0,3.689158983029985e-175,1.3136368013649334e-166,4.699716067643765e-166,0.0,0.0,0.0,0.0,0.0,0.0,0.0,0.0,0.0,0.0,0.0,0.0,0.0,0.0,0.0,,0.0,0.0,0.0,0.0,0.0,0.0,9.997404784320812e-57,0.0,0.0,0.0,0.0,0.0,0.0,0.0,0.0,0.0,0.0,0.0,0.0,0.0,0.0,0.0,0.0,0.0,0.0,6.522283996484307e-246,1.5614860727555003e-249,1.3671645564208078e-303,0.0,4.24976930125915e-302,1.928224732771278e-306,0.0,1.0484413550090005e-246,1.5741978285459533e-304,1.0408039443538595e-302,0.0,1.3244816692971628e-250,2.6619973861042876e-247,1.0302042173115233e-249,3.1155620462717356e-246,1.4320451735439138e-245,9.500749314924927e-246,9.500749314924927e-246,1.8466378360346002e-250,1.686449251266269e-246,5.385416827294145e-166,1.9297981801166168e-249,1.4490975062629334e-245,1.6993423067277642e-247,6.028946530956965e-163,2.5601003115900047e-248,4.7487294638165886e-247,1.7533840062104198e-248,3.015406413106632e-248,5.246976073355476e-246,1.5233725817088325e-81,2.682662726431404e-246,0.0,2.00862073146838e-309,0.0,0.0,0.0,0.0,5.967763788156922e-99,6.221744641849666e-262,0.0,0.0,0.0,1.213005194768564e-306,5.49007415330108e-250,3.258173149118861e-248,1.4360047199651793e-245,8.814686944916212e-243,1.3749782510686908e-245,5.993961250821264e-249,5.993961250821264e-249,5.993961250821264e-249,4.304650634062871e-246,5.993961250821264e-249,1.176780820178626e-245,1.1874073567607184e-245,4.5457152168008967e-246,7.749343682955246e-139,8.55090807182795e-86
1.8212220380954506e-169,3.3163111162859947e-165,4.048064123380911e-174,3.6038757801320443e-171,0.0,2.0051668532737004e-59,0.0,0.0,0.0,0.0,0.0,0.0,0.0,0.0,0.0,0.0,0.0,3.219214624652742e-274,1.5547643586731079e-66,1.3119666924581407e-163,4.959986682540839e-225,1.5673209097411446e-165,8.436630026618682e-171,0.0,2.658440283974058e-288,0.0,2.414097157765547e-171,5.729732650274343e-166,1.6262704448199728e-166,0.0,0.0,0.0,0.0,0.0,0.0,0.0,0.0,0.0,0.0,0.0,0.0,0.0,0.0,0.0,0.0,,0.0,0.0,0.0,0.0,0.0,5.978690409829834e-34,0.0,0.0,0.0,0.0,0.0,0.0,0.0,0.0,0.0,0.0,0.0,0.0,0.0,0.0,0.0,0.0,0.0,0.0,1.8604356551816207e-190,8.006051513041879e-195,1.0714667873494434e-228,2.442402157654805e-302,1.656667829686397e-227,8.014825930867441e-233,2.2034216712345627e-303,1.240842261604449e-193,2.3495785473483052e-230,5.177374514730704e-231,3.932761241413415e-302,2.561180720460841e-193,1.2458650023892516e-190,1.8109991548803907e-192,3.1209051933012726e-192,4.976964734813583e-193,2.7388262529158346e-190,2.7388262529158346e-190,5.185347950893739e-196,3.3106466852769164e-193,1.0859425095669808e-139,5.542769191002131e-197,2.2594964430411547e-194,1.4742714289126716e-194,2.4425169418051134e-137,4.9137924197393555e-198,5.818876201425931e-191,6.415207819639005e-194,2.1330855841097697e-196,3.4888808128489112e-192,1.069572533785703e-83,4.588882196121583e-191,9.441001820178981e-306,3.612943805442825e-232,1.4429244662953994e-303,3.0941047465325697e-305,5.286875655102094e-307,2.1750492012136053e-302,1.757570569541142e-91,1.980686452860651e-201,2.5369325921881118e-244,2.8018668688209513e-303,1.7468500664496338e-302,8.67855734465434e-232,7.758252524999332e-202,7.264828432874104e-194,6.307303844849491e-190,5.188884661860872e-187,1.6747752383768e-190,4.2764646363097455e-193,4.2764646363097455e-193,4.2764646363097455e-193,6.233493233625298e-190,4.2764646363097455e-193,1.8952456623670226e-191,1.1653437063174443e-190,4.3057615539401044e-190,2.0187157563444277e-122,5.287373898991254e-91
9.975595591332766e-168,3.452053716179747e-166,2.1351805357439345e-169,1.0257035268879621e-169,0.0,8.326294155242983e-126,0.0,0.0,0.0,0.0,0.0,0.0,0.0,0.0,0.0,0.0,0.0,0.0,3.2105880825225193e-173,6.816004749031735e-164,0.0,7.136375222079183e-167,4.43940351256778e-168,0.0,8.19750298928212e-264,1.8250616877495015e-291,4.362475760135547e-167,3.4280120638103324e-165,1.71337793058478e-168,0.0,0.0,0.0,0.0,0.0,0.0,0.0,0.0,0.0,0.0,0.0,0.0,0.0,0.0,0.0,0.0,0.0,,0.0,0.0,0.0,0.0,4.0130675547648107e-22,0.0,0.0,0.0,0.0,0.0,0.0,0.0,0.0,0.0,0.0,0.0,0.0,0.0,0.0,0.0,0.0,0.0,0.0,0.0,0.0,2.7303932502317238e-204,9.494469978959163e-253,1.0683544921841757e-192,3.008473195700547e-203,7.542105633734331e-255,1.5353830717314362e-169,1.9224903540237199e-202,5.3655994009239415e-199,1.240934174839994e-249,0.0,0.0,0.0,0.0,0.0,0.0,0.0,0.0,0.0,1.976869128454242e-250,0.0,0.0,0.0,9.352521313638446e-250,0.0,0.0,0.0,0.0,0.0,1.9820311370026093e-83,0.0,8.372796337013528e-253,1.7943904968454426e-205,3.343176979780491e-253,1.3678616808257954e-259,1.226609281926356e-253,1.5640722031554713e-250,3.979637536394984e-101,0.0,1.7807648766862806e-202,1.390766324797419e-249,1.0752789632398135e-249,8.459744785980161e-199,0.0,0.0,0.0,0.0,0.0,0.0,0.0,0.0,0.0,0.0,0.0,0.0,0.0,1.4187009021491802e-193,2.0109082126316625e-82
5.1139631120821e-170,3.4370121961390696e-166,1.8771911983106356e-179,1.52385796320718e-176,0.0,2.354935045792069e-85,0.0,0.0,0.0,0.0,0.0,0.0,0.0,0.0,0.0,0.0,0.0,0.0,7.333035984421991e-98,1.38679542254274e-164,3.724127294882475e-251,6.379299996731334e-167,3.889075589397584e-169,0.0,0.0,0.0,7.079951697300372e-172,4.9372484506053843e-166,4.715724893382623e-166,0.0,0.0,0.0,0.0,0.0,0.0,0.0,0.0,0.0,0.0,0.0,0.0,0.0,0.0,0.0,0.0,0.0,0.0,,0.0,0.0,0.0,1.3174160347440848e-40,0.0,0.0,0.0,0.0,0.0,0.0,0.0,0.0,0.0,0.0,0.0,0.0,0.0,0.0,0.0,0.0,0.0,0.0,3.7174635221630145e-246,2.2568815584961183e-249,5.641893809875567e-303,0.0,4.350929138644976e-302,1.7462929571495024e-304,0.0,6.963364177755791e-250,3.2867214702755143e-305,3.290502266873815e-305,0.0,6.794984478515942e-249,7.787463536522062e-246,3.3598768942543766e-249,1.2351470237539029e-247,9.075212410387578e-246,3.708886834609646e-246,9.075212410387578e-246,3.2822347320290605e-250,1.6646155578134263e-247,9.722509964242272e-167,1.0904234720722031e-249,9.049989262814126e-246,2.884155773363447e-248,1.447686697746893e-162,4.713912368554111e-250,7.419391474446825e-248,1.6733730708417885e-248,8.802509154956272e-249,3.0025848600989314e-246,4.0635850250305164e-82,5.590164603111956e-246,0.0,5.820962390109955e-308,0.0,0.0,0.0,0.0,3.6631168878755037e-97,1.131609776833996e-260,0.0,0.0,0.0,1.1292510868226919e-305,9.540711413264135e-258,9.175209775238656e-250,9.484407374985256e-246,4.3285433790442656e-244,9.42201873982383e-246,3.9066063896944214e-249,3.9066063896944214e-249,3.9066063896944214e-249,3.2964759670113786e-246,3.9066063896944214e-249,1.1416796859346766e-246,3.2964759670113786e-246,8.818149849546847e-246,2.731108300809465e-143,2.688122848695424e-85
5.0177897918491794e-170,3.9025338726833973e-165,8.112058235389352e-177,6.417883579847809e-173,0.0,1.029682496058527e-69,0.0,0.0,0.0,0.0,0.0,0.0,0.0,0.0,0.0,0.0,0.0,0.0,1.9794585275382344e-96,1.0905876165286249e-167,1.6444110569242966e-256,2.890227044075842e-169,1.4340038540504893e-171,0.0,0.0,0.0,2.2184805957968108e-174,1.0621730271174656e-165,2.978667391785064e-166,0.0,0.0,0.0,0.0,0.0,0.0,0.0,0.0,0.0,0.0,0.0,0.0,0.0,0.0,0.0,0.0,0.0,0.0,0.0,,0.0,0.0,3.356947588697561e-49,0.0,0.0,0.0,0.0,0.0,0.0,0.0,0.0,0.0,0.0,0.0,0.0,0.0,0.0,0.0,0.0,0.0,0.0,1.3107690551677172e-247,1.564344374625801e-252,5.2887046994480713e-306,0.0,4.147651781526316e-304,1.669756656517641e-306,0.0,2.1929712052804914e-251,2.9747053605098856e-305,0.0,0.0,4.477191901590873e-250,3.905545536698321e-250,1.9721390710271196e-253,5.431018942826616e-247,1.3799211421178254e-246,9.262728178280797e-248,1.3799211421178254e-246,3.4574404520010636e-250,1.719421763779673e-247,3.5756777180887493e-166,2.8983974377662205e-249,8.27819729910278e-247,6.225896415034492e-249,1.3101743248846374e-164,5.552214873910225e-251,9.203953095095052e-248,7.803599900287036e-248,7.057755774810384e-251,9.600287484970909e-248,5.923432376642184e-82,8.070492838197241e-249,0.0,0.0,0.0,0.0,0.0,0.0,5.56281881546032e-90,5.561592889520725e-256,0.0,0.0,0.0,7.713753382207138e-307,1.200857302187398e-249,1.3408687880891662e-248,3.5708029244358325e-246,3.95778834169483e-243,2.1064336696391908e-247,3.742215337516273e-249,3.742215337516273e-249,3.742215337516273e-249,2.8983895127746904e-246,3.742215337516273e-249,9.211533794294783e-247,2.8983895127746904e-246,4.9224939313112544e-247,3.538843258984412e-139,5.6720457812307285e-86
7.259921902507716e-170,3.1603194784021687e-165,3.108675818299855e-171,9.167350314266896e-173,0.0,2.5640664443071685e-69,0.0,0.0,0.0,0.0,0.0,0.0,0.0,0.0,0.0,0.0,0.0,0.0,7.447536622274128e-90,6.555662968986679e-162,5.2801419634206945e-249,4.0883825103662837e-165,1.5645019480190482e-168,0.0,0.0,0.0,1.9544999795750337e-165,2.077966488507842e-165,2.1516949287221082e-166,0.0,0.0,0.0,0.0,0.0,0.0,0.0,0.0,0.0,0.0,0.0,0.0,0.0,0.0,0.0,0.0,0.0,0.0,0.0,0.0,,0.0,5.145376768028719e-49,0.0,0.0,0.0,0.0,0.0,0.0,0.0,0.0,0.0,0.0,0.0,0.0,0.0,0.0,0.0,0.0,0.0,0.0,2.001845240823177e-246,8.88534537026271e-248,5.71497188454629e-303,0.0,5.322879936661895e-302,4.0556339750085556e-303,0.0,1.4332447071879472e-245,2.2661607489632537e-302,4.56938203010025e-307,0.0,5.103254584818136e-257,2.868202894376204e-247,5.241489740577818e-248,2.8529474175611754e-246,6.088324553062956e-252,5.508728366322907e-246,5.508728366322907e-246,1.1832553837206122e-252,4.846642671934362e-249,1.5392766171641e-165,2.523644189489305e-246,1.4253625925461285e-246,1.903084906507029e-248,1.495288649132076e-162,3.384730315205644e-248,1.1698914847420203e-247,1.763716907877658e-246,1.0082817281675203e-250,6.314678770766424e-246,3.9989083383431076e-82,1.5007783584535204e-245,0.0,6.01534557089204e-310,0.0,0.0,0.0,0.0,7.850385498444678e-88,3.4626868003032065e-251,6.474102048668323e-305,0.0,0.0,5.911972527167526e-309,1.7291799982668464e-253,9.454692662736162e-249,2.954095696948951e-246,3.9210022226356387e-243,1.841099997870945e-248,6.520126969935431e-249,6.520126969935431e-249,6.520126969935431e-249,1.5275340847181722e-245,6.520126969935431e-249,8.194666328965605e-247,1.5275340847181722e-245,7.891523440723753e-246,5.992794426257544e-139,4.715027199297722e-85
7.599269241343085e-170,4.3164922716894433e-166,5.305379784169119e-167,1.537379216233807e-166,0.0,3.744466825700634e-67,0.0,0.0,0.0,0.0,0.0,0.0,0.0,0.0,0.0,0.0,0.0,0.0,2.6257082747666055e-87,6.942006197904748e-162,1.8450645002108477e-249,2.690478867479101e-165,4.707210731827898e-171,0.0,0.0,0.0,1.9587089096821013e-165,2.889914163551647e-166,3.4578941985004074e-168,0.0,0.0,0.0,0.0,0.0,0.0,0.0,0.0,0.0,0.0,0.0,0.0,0.0,0.0,0.0,0.0,0.0,0.0,0.0,0.0,0.0,,2.1703293442574962e-34,0.0,0.0,0.0,0.0,0.0,0.0,0.0,0.0,0.0,0.0,0.0,0.0,0.0,0.0,0.0,0.0,0.0,0.0,5.315557460568065e-246,1.7756753160511745e-247,4.933674858391557e-302,0.0,1.1518903488931174e-301,7.661674516774364e-303,0.0,3.034032175086225e-246,1.5325822124777784e-302,1.80194296956774e-309,0.0,1.407854169086862e-255,6.797820189984739e-248,2.809608873137525e-248,1.191740487552924e-245,1.4900838345636903e-248,1.4900838345636903e-248,1.4900838345636903e-248,5.179768970203052e-257,8.991621884616445e-253,3.614426330159759e-176,9.083594444006617e-248,7.575327604050042e-247,1.0561718884262235e-254,6.714205969591894e-165,1.8592192153023634e-247,3.7258417609230513e-247,4.68562053308467e-247,4.044407024945229e-256,3.1905692500607273e-250,4.448972307488171e-85,3.051643390110972e-248,0.0,2.01671632164297e-309,0.0,0.0,0.0,0.0,7.814467717792111e-91,1.0503425140759913e-250,3.629518941589411e-306,0.0,0.0,1.117580978883517e-304,8.036262039643948e-263,2.505331354737416e-259,7.784568139982608e-250,2.808601452526608e-243,3.0855995823366244e-247,6.535696618380741e-249,6.535696618380741e-249,6.535696618380741e-249,1.5384795701641476e-245,6.535696618380741e-249,2.0601604241194016e-252,1.5384795701641476e-245,3.1672743499223434e-251,7.332192729794121e-150,3.5898479974029734e-85
0.0018178231909433873,0.0001420983822569687,3.491301588704183e-18,2.4829472979472305e-21,5.501572443398142e-07,1.615192780290657e-05,1.3616138110691262e-09,1.872567763193121e-12,8.000405101454572e-06,2.3081591610387505e-19,6.025840892144474e-32,5.0202292724829396e-34,1.1594635747907675e-17,2.1966541512982854e-19,2.0216898659589797e-27,1.9257567715260287e-16,3.51878096068699e-11,9.099535699274157e-11,9.796283028528809e-13,1.5293680666313973e-09,1.1175914651193936e-14,1.5943963815320363e-06,6.695975653655784e-07,3.160834723670254e-13,2.7944371411475146e-12,1.3757038973028122e-13,5.700083855099329e-18,0.007971051391992985,0.0024763016585608896,3.103816724125243e-74,3.157324698067889e-67,1.3204368952022618e-36,1.6449487211488513e-23,2.0106727897152485e-26,2.0363407584675302e-24,5.528956028849596e-27,3.316587974429216e-47,3.7595444116278795e-21,1.1526913115331578e-42,6.589660482264159e-24,1.538518425925641e-53,2.906277876021922e-45,9.830661442105389e-32,2.6653565330857706e-54,9.997404784320812e-57,5.978690409829834e-34,4.0130675547648107e-22,1.3174160347440848e-40,3.356947588697561e-49,5.145376768028719e-49,2.1703293442574962e-34,,1.6835035736212602e-09,2.700149745282514e-15,1.0832846983088954e-24,4.015932416680249e-24,2.515954547923662e-13,8.863155866905075e-10,2.279241373436723e-05,1.413837289828185e-14,1.7518113359006846e-14,5.791946831067231e-12,1.8184902581385187e-11,1.103797466587311e-10,4.287663887443191e-17,6.310975048872992e-09,2.913219851809747e-15,9.601867861951264e-16,3.038945573326914e-11,1.193664767678863e-15,0.06395962929863466,1.947147918790364e-07,0.022256919159679853,0.018457009643579946,0.12419832958146605,7.454218743736278e-07,0.12446613317295108,0.02424019701127992,0.003652920288046384,5.074869324272232e-05,0.10960477893001713,4.936562588814933e-06,0.09400494014800555,5.268588282722017e-05,0.017558386286654647,0.06630437202004733,0.1593382153490669,0.1593382153490669,1.0941629486562097e-06,0.002793382733067011,1.7317081271582309e-06,0.00029425812930618575,0.053578627762619596,0.0020403509377846843,3.0519937617111943e-165,0.020569156626031104,0.0013272728917861855,0.04122740833165967,0.0009490435723614802,0.01726397941589826,0.023893673949269126,0.0008938880346772569,4.117186746137992e-06,1.8207786799946478e-07,0.0007960074830399913,0.00112599670149721,1.82133942779342e-05,0.020833066538218824,8.170497117210759e-18,5.88715234800468e-12,1.0244545121571346e-121,0.010934721208605287,0.00018645707605003908,0.00040547957552261815,3.4840043038184854e-09,1.8308568389779517e-06,0.0009924337526778701,0.3212704574309082,0.07735375447653159,0.04860498690810224,0.04860498690810224,0.04860498690810224,0.0005116045588407286,0.04860498690810224,0.00693110023052238,0.164820329377402,0.08101824467210751,1.7025057802358614e-11,0.08411602016974715
6.265208054712027e-169,1.8412543735038779e-165,1.761548184734129e-167,2.977042202379585e-164,0.0,6.917826153408046e-48,0.0,0.0,0.0,0.0,0.0,0.0,0.0,0.0,0.0,0.0,0.0,4.756502579307768e-274,8.695791509944605e-60,1.5634147017843567e-162,9.475362769563943e-223,4.6052771824915384e-166,1.1563689192696486e-166,0.0,6.206581817303514e-285,0.0,3.197314437490027e-165,2.4018931924151395e-165,2.0327635189322426e-166,0.0,0.0,0.0,0.0,0.0,0.0,0.0,0.0,0.0,0.0,0.0,0.0,0.0,0.0,0.0,0.0,0.0,0.0,0.0,0.0,0.0,0.0,1.6835035736212602e-09,,0.0,0.0,0.0,0.0,0.0,0.0,0.0,0.0,0.0,0.0,0.0,0.0,0.0,0.0,0.0,0.0,0.0,4.8301568175129685e-191,7.450682035876046e-191,1.8657562438441428e-228,3.3552217380425744e-305,1.439671110284087e-227,4.08546203979613e-229,2.1475564142350856e-302,5.410896076194854e-193,1.149258127363549e-227,2.0905847527024414e-229,1.9004332670655688e-302,9.723905935961619e-190,1.626708236555417e-189,1.0310537549386516e-189,1.7024450914711133e-189,1.0547683935183311e-189,1.0547683935183311e-189,1.3704760361928716e-189,2.5336317847302765e-190,9.119860853601082e-190,5.7300240702061e-135,4.0752797856334047e-190,1.5929597681854071e-189,1.1036783372506507e-189,1.4677171770107184e-134,2.1299860121144367e-190,5.02687220792256e-190,1.2620956423276556e-189,7.050438968539336e-191,7.907019919710395e-190,1.833185860335737e-82,7.354190584321164e-190,9.028177545617054e-304,5.964305455854198e-230,2.8988910766412268e-303,4.0861732760154414e-302,9.404843635169408e-305,3.0094212483454963e-303,3.103405893028385e-85,2.0421835599899038e-193,1.5532121046109442e-229,2.4882558625456764e-303,1.680973350788981e-302,6.340228300789693e-228,6.3649355131390304e-192,6.323578135937719e-190,7.068441772156056e-190,8.026793364660938e-189,3.936667894653178e-190,1.0319646471458292e-192,1.0319646471458292e-192,1.0319646471458292e-192,1.6251867753922224e-189,1.0319646471458292e-192,1.5355282329981615e-189,1.6251867753922224e-189,1.3111893641999259e-189,2.454273113139376e-117,9.119692995783666e-82
4.846416526609025e-170,3.1334305424588656e-165,4.355372002635001e-168,6.867709447640987e-165,0.0,5.597136034466013e-69,0.0,0.0,0.0,0.0,0.0,0.0,0.0,0.0,0.0,0.0,0.0,0.0,1.6347655899598327e-90,3.1441583400949595e-162,5.785339175133195e-249,4.1680477476330484e-165,2.7292803284171195e-168,0.0,0.0,0.0,1.3687479539061408e-166,4.2950499034232196e-166,2.310398997937864e-168,0.0,0.0,0.0,0.0,0.0,0.0,0.0,0.0,0.0,0.0,0.0,0.0,0.0,0.0,0.0,0.0,0.0,0.0,0.0,0.0,0.0,0.0,2.700149745282514e-15,0.0,,0.0,0.0,0.0,0.0,0.0,0.0,0.0,0.0,0.0,0.0,0.0,0.0,0.0,0.0,0.0,0.0,1.087129274203449e-245,2.3578069053188555e-250,2.3075385950984374e-302,0.0,9.610148032494418e-302,5.12968355827369e-302,0.0,2.875664269168499e-247,4.526670721340249e-305,1.7041932585387914e-305,0.0,5.287794055048961e-246,1.2328077122219471e-245,2.0489602264508798e-246,4.385720823792417e-247,7.817876000384326e-246,7.817876000384326e-246,1.8795856758531308e-247,4.706339146436641e-253,8.816239694359781e-246,7.752830234867308e-167,1.7307750933897994e-252,3.4530268589468274e-246,4.210157903081103e-248,5.663951799538596e-165,2.095279228785306e-251,1.6751656995486664e-247,1.330814024739535e-249,1.0073937400710153e-249,1.3635722025924971e-248,3.849937284083165e-83,3.0207502319255577e-246,0.0,7.263094253677521e-304,0.0,0.0,0.0,0.0,6.304967048884493e-84,1.5262906184788578e-251,1.0334831264870128e-306,0.0,0.0,1.190752862429869e-302,2.761527998209311e-251,1.7616550592578426e-246,4.798607906454883e-246,6.296952074828004e-243,9.362117674519554e-246,6.487004438115994e-249,6.487004438115994e-249,6.487004438115994e-249,1.5044216619801665e-245,6.487004438115994e-249,1.4357444491945471e-245,1.5044216619801665e-245,6.473627700960366e-247,7.624500037166918e-140,1.0789977630912158e-87
3.707821268049943e-170,1.6221285265738663e-166,7.674010968941696e-173,9.672365567645529e-170,0.0,1.2476900409535937e-73,0.0,0.0,0.0,0.0,0.0,0.0,0.0,0.0,0.0,0.0,0.0,0.0,9.021159877671983e-89,2.0706038471535811e-162,2.5949930454676873e-250,2.0416518353698513e-165,1.4225680850126457e-172,0.0,0.0,0.0,1.2659517208987292e-166,3.3922550253438824e-166,1.3158309926905158e-169,0.0,0.0,0.0,0.0,0.0,0.0,0.0,0.0,0.0,0.0,0.0,0.0,0.0,0.0,0.0,0.0,0.0,0.0,0.0,0.0,0.0,0.0,1.0832846983088954e-24,0.0,0.0,,0.0,0.0,0.0,0.0,0.0,0.0,0.0,0.0,0.0,0.0,0.0,0.0,0.0,0.0,0.0,4.579171005595685e-247,2.2293163285493227e-248,1.8845031055334433e-302,0.0,1.366879097274893e-302,6.748738084737576e-304,0.0,3.7035973860723616e-247,5.467907143513569e-303,1.3905824252992747e-305,0.0,8.25573002688368e-252,2.2426394052602744e-249,1.9134813789094417e-249,5.0678511191190444e-250,1.7125780865867879e-246,1.7125780865867879e-246,1.3839139138319732e-247,3.3943060344752905e-257,1.7425126345901e-251,5.143115949271445e-176,3.5253143193975774e-256,4.518061307920156e-248,1.9163001943754962e-250,1.5347138911040747e-165,9.533699637999707e-253,5.8674831951358685e-248,2.1397147249538806e-251,2.6436480269372533e-255,1.4310497659644503e-249,2.3120239636955646e-85,1.0222151534310337e-249,0.0,3.3933315280741e-310,0.0,0.0,0.0,0.0,6.643907310776352e-89,4.466388897678099e-254,0.0,0.0,0.0,5.752479388348566e-305,1.008417815208571e-262,2.277894094455132e-249,2.9376575233396602e-248,3.835831706441499e-245,1.5201473770499774e-247,9.957943063608768e-250,9.957943063608768e-250,9.957943063608768e-250,2.2774304305364517e-246,9.957943063608768e-250,2.1330447083660215e-246,5.5071823599376175e-248,3.418028095292009e-247,2.9196113405846476e-154,6.805020421834406e-86
6.010608814802685e-170,9.738518931966548e-166,3.361657431950501e-173,8.477997554180536e-172,0.0,8.652604732229198e-71,0.0,0.0,0.0,0.0,0.0,0.0,0.0,0.0,0.0,0.0,0.0,0.0,3.4561446792056086e-94,4.528426720944674e-162,1.003081689665211e-249,4.101565697246442e-165,7.910141135709526e-171,0.0,0.0,0.0,2.563194691170429e-168,2.85793301464277e-167,2.825514081123395e-167,0.0,0.0,0.0,0.0,0.0,0.0,0.0,0.0,0.0,0.0,0.0,0.0,0.0,0.0,0.0,0.0,0.0,0.0,0.0,0.0,0.0,0.0,4.015932416680249e-24,0.0,0.0,0.0,,0.0,0.0,0.0,0.0,0.0,0.0,0.0,0.0,0.0,0.0,0.0,0.0,0.0,0.0,5.6249640658840085e-247,1.3318855436713065e-247,8.093684540652991e-303,0.0,1.1836398442549691e-302,1.682464024581155e-305,0.0,4.4337305997663474e-250,1.226991728510589e-303,2.0606269516485742e-305,0.0,6.958565989536879e-248,7.190904388043782e-247,2.708976552928438e-250,1.7958759144912885e-248,6.036097270703434e-246,6.036097270703434e-246,6.036097270703434e-246,1.9699125446529948e-258,6.048047415620931e-248,1.8116514867046608e-171,6.299606930208117e-257,6.141974089541563e-246,1.2243289226088733e-247,7.186519373485497e-166,1.6384054962569324e-251,3.93111815237209e-249,1.2274358725017549e-250,1.3145139149285253e-254,4.1481664632125005e-249,3.3044385731533024e-82,3.165995824419904e-246,0.0,1.749824890548e-311,0.0,0.0,0.0,0.0,1.3658388510884888e-92,1.2070381268391347e-261,0.0,0.0,0.0,9.609748398242689e-308,1.5767965677609884e-257,1.4328119786238242e-246,5.331229342748558e-246,1.0798142181546252e-243,5.74138962961004e-246,2.540403542467059e-249,2.540403542467059e-249,2.540403542467059e-249,5.436324395411444e-246,2.540403542467059e-249,3.65421112035888e-246,5.436324395411444e-246,5.79357269214446e-247,1.4952173059707873e-145,8.53968413347247e-86
4.980705169076158e-170,3.38873698643027e-165,2.2978122642307387e-166,1.1046000970590001e-165,0.0,1.911652500080539e-67,0.0,0.0,0.0,0.0,0.0,0.0,0.0,0.0,0.0,0.0,0.0,0.0,7.731240844475653e-87,4.673732665154195e-162,4.913427715837906e-248,2.924810426587112e-165,1.4962685992065958e-169,0.0,0.0,0.0,3.445516949353788e-169,1.3123682605125232e-165,8.398974646789581e-166,0.0,0.0,0.0,0.0,0.0,0.0,0.0,0.0,0.0,0.0,0.0,0.0,0.0,0.0,0.0,0.0,0.0,0.0,0.0,0.0,0.0,0.0,2.515954547923662e-13,0.0,0.0,0.0,0.0,,0.0,0.0,0.0,0.0,0.0,0.0,0.0,0.0,0.0,0.0,0.0,0.0,0.0,1.1737096560028109e-245,3.9112622406295317e-246,6.156182363608102e-302,0.0,2.7294870596453963e-302,4.886244825091503e-303,0.0,2.0892654820020647e-248,5.635740052602853e-303,2.079047456078458e-306,0.0,1.2818919650023781e-247,1.4224983809969227e-245,1.5751289278015093e-248,9.29252195093883e-250,1.4627013239097695e-245,1.4627013239097695e-245,1.4627013239097695e-245,1.210364129598923e-248,1.169907654419812e-246,9.688908360698027e-164,4.233960192123689e-249,2.5185705356600763e-246,1.3571095802247907e-246,2.7789456352596997e-163,5.1440581546942775e-247,2.9200566797886185e-250,4.711738467996355e-246,4.0259867639902685e-252,3.753217388174486e-249,9.777550167404949e-86,4.1996822581998275e-248,0.0,1.8524292918437857e-306,0.0,0.0,0.0,0.0,1.207593213854631e-82,2.0284733836909295e-247,5.73084208370734e-307,0.0,0.0,1.3192368010734532e-302,1.611860483666763e-254,1.9043938200610314e-246,6.264813919711169e-247,7.986922985865301e-249,1.4395794795967826e-246,6.568429080424582e-249,6.568429080424582e-249,6.568429080424582e-249,1.5616606024085134e-245,6.568429080424582e-249,1.527994746620442e-245,1.5616606024085134e-245,3.230063562212846e-246,3.2462395826976773e-139,5.786614659150966e-85
2.290977302177672e-170,1.4048737212965544e-167,2.856412593313016e-168,1.2329219857791565e-165,0.0,7.454740528192281e-67,0.0,0.0,0.0,0.0,0.0,0.0,0.0,0.0,0.0,0.0,0.0,0.0,1.3781512550219345e-89,6.104587477076235e-162,1.7588557014486434e-248,4.154064687657031e-165,2.6090864767796865e-166,0.0,0.0,0.0,2.6248461358326233e-165,2.074114295177861e-165,1.3670219735025152e-165,0.0,0.0,0.0,0.0,0.0,0.0,0.0,0.0,0.0,0.0,0.0,0.0,0.0,0.0,0.0,0.0,0.0,0.0,0.0,0.0,0.0,0.0,8.863155866905075e-10,0.0,0.0,0.0,0.0,0.0,,0.0,0.0,0.0,0.0,0.0,0.0,0.0,0.0,0.0,0.0,0.0,0.0,2.2366523446142e-248,2.4837424868627805e-254,1.4916275162757436e-305,0.0,1.1279086668247473e-304,1.949486481274256e-305,0.0,2.4062252266435206e-251,1.914934499319622e-306,1.7858746872863137e-308,0.0,1.0274835900564004e-248,9.45841434502439e-249,5.622379034840998e-249,1.9133973985675256e-248,3.366984012413408e-249,3.319105141140149e-248,3.319105141140149e-248,1.2903476307539187e-248,8.883168683499727e-249,2.90848536402672e-166,1.0550216199728943e-250,1.1289037126199733e-250,1.5050665487876086e-248,1.3404078194593064e-165,5.705287256714805e-250,2.2670445757196936e-248,3.117596304807139e-249,2.989006469800791e-249,3.7259376166087446e-249,2.4243916570748912e-85,3.3654282506165527e-249,0.0,6.348797727284464e-309,0.0,0.0,0.0,0.0,9.759834758452135e-88,1.3540674278525221e-253,6.875965440188048e-308,0.0,0.0,2.7857965491503515e-304,3.453790065115209e-253,7.642250073685744e-250,3.3866148523290876e-248,4.619194022902149e-245,2.610130381990195e-249,1.4573262466462122e-251,1.4573262466462122e-251,1.4573262466462122e-251,3.525507451846683e-248,1.4573262466462122e-251,8.576971374229737e-259,1.7716077302211975e-253,6.39296833560238e-249,1.0059541978488644e-142,9.853391881705919e-88
5.954633496428173e-170,4.2999358223785536e-165,2.767636159924273e-165,1.3320542031742446e-162,0.0,1.4544661678179816e-67,0.0,0.0,0.0,0.0,0.0,0.0,0.0,0.0,0.0,0.0,0.0,0.0,1.1308835142589019e-85,3.78623166794939e-162,1.3169604195299203e-245,2.915782662006824e-165,1.3393110370344034e-166,0.0,0.0,0.0,8.529414747406591e-166,1.5507197380715728e-165,2.4040963759213514e-166,0.0,0.0,0.0,0.0,0.0,0.0,0.0,0.0,0.0,0.0,0.0,0.0,0.0,0.0,0.0,0.0,0.0,0.0,0.0,0.0,0.0,0.0,2.279241373436723e-05,0.0,0.0,0.0,0.0,0.0,0.0,,0.0,0.0,0.0,0.0,0.0,0.0,0.0,0.0,0.0,0.0,0.0,4.991975059439281e-257,3.6077727573844854e-257,0.0,0.0,0.0,0.0,0.0,8.361065395610515e-258,0.0,0.0,0.0,1.8078149223068455e-258,2.2603728886126334e-257,1.5155680724146965e-257,8.966587306631928e-259,1.2094557501887344e-256,1.2094557501887344e-256,1.2094557501887344e-256,3.1146599621001078e-260,7.069915147634092e-258,1.2299912187701505e-173,9.502070382673876e-257,1.1549383921389622e-256,3.37604807627821e-259,1.0054503990359593e-172,5.628821518912812e-259,5.299682770198914e-258,4.632871679782351e-258,1.1853111249933399e-260,1.1429425215884391e-257,2.2230111504530066e-92,1.5721816203173837e-259,0.0,0.0,0.0,0.0,0.0,0.0,1.620858535672985e-93,8.621534949461105e-258,0.0,0.0,0.0,0.0,1.9441799393107608e-259,1.1829423332747957e-256,1.2150073422328993e-256,1.7674164821588484e-253,1.1656973876205682e-256,4.752049227681503e-260,4.752049227681503e-260,4.752049227681503e-260,1.2261654092738756e-256,4.752049227681503e-260,1.2205772179527926e-256,1.2261654092738756e-256,1.2039224098717138e-256,4.6404102955084566e-148,1.7645736757049956e-96
8.03040242309234e-170,3.0801667391443487e-166,7.791494882630984e-166,4.717228240799099e-163,0.0,1.8003525515807475e-66,0.0,0.0,0.0,0.0,0.0,0.0,0.0,0.0,0.0,0.0,0.0,0.0,5.957642973679721e-87,6.848237233915952e-162,1.8837062944077135e-246,2.216293262433751e-165,5.299660001609749e-166,0.0,0.0,0.0,2.5973651748039338e-166,1.5158115851693803e-165,1.959542688574119e-165,0.0,0.0,0.0,0.0,0.0,0.0,0.0,0.0,0.0,0.0,0.0,0.0,0.0,0.0,0.0,0.0,0.0,0.0,0.0,0.0,0.0,0.0,1.413837289828185e-14,0.0,0.0,0.0,0.0,0.0,0.0,0.0,,0.0,0.0,0.0,0.0,0.0,0.0,0.0,0.0,0.0,0.0,1.2109472130360302e-245,2.7933387069265643e-246,1.0162915438304372e-301,0.0,8.137977903467698e-302,4.320214603260609e-303,0.0,8.900601540142205e-248,6.497457588156639e-302,1.451805041461164e-302,0.0,2.510458882452938e-246,9.927432076717771e-246,6.232684917303586e-247,1.222921516423075e-246,1.6056530769657482e-248,1.5529384781107772e-245,1.5529384781107772e-245,1.1810177040080264e-248,4.8925678261781e-247,1.9162313466029172e-164,7.461431466463979e-246,1.260307870315422e-248,7.075771058805823e-246,1.2553148400369772e-162,1.0927812376666026e-246,5.850773117752712e-246,6.667556461078818e-246,2.748282290867666e-246,7.03141632571503e-246,4.465102765725744e-82,3.0497814120066114e-250,0.0,5.2998877675029244e-304,0.0,0.0,0.0,0.0,2.5053792537819266e-81,2.1733110406231066e-246,9.720097218338185e-303,0.0,0.0,1.0016038140248354e-301,3.99308569163695e-248,2.1735839329273262e-246,1.1740399718788943e-249,2.1273690562709093e-242,1.438179115425632e-254,6.612277613370957e-249,6.612277613370957e-249,6.612277613370957e-249,1.5930768845248406e-245,6.612277613370957e-249,6.226311671559126e-252,1.5930768845248406e-245,1.5397512139367626e-245,1.0690882558971626e-142,6.837082676982229e-85
1.2099983711930868e-172,5.977324923313024e-166,9.438863257742934e-169,1.0010579273424595e-166,0.0,4.231489387964166e-20,0.0,0.0,0.0,0.0,0.0,0.0,0.0,0.0,0.0,0.0,0.0,1.0734618713915546e-166,2.12661650911382e-12,3.521135631802695e-164,1.9093144890935125e-166,1.7963934204140364e-169,1.4911650388651365e-165,0.0,1.0478521156258304e-265,2.6162662993656925e-291,1.8851135645287278e-168,2.0521070604992253e-166,8.14937421348922e-166,0.0,0.0,0.0,0.0,0.0,0.0,0.0,0.0,0.0,0.0,0.0,0.0,0.0,0.0,0.0,0.0,0.0,0.0,0.0,0.0,0.0,0.0,1.7518113359006846e-14,0.0,0.0,0.0,0.0,0.0,0.0,0.0,0.0,,0.0,0.0,0.0,0.0,0.0,0.0,0.0,0.0,0.0,8.706672849697174e-92,2.8886601284476636e-99,6.25642160610279e-216,5.0315459528678394e-262,2.3103053445464503e-195,2.738803702299067e-207,1.3887526455071758e-260,2.7865890628665193e-171,4.029002591896329e-201,3.304587682100926e-196,9.531674091935529e-256,1.0358119735714156e-80,2.0652977984248556e-79,3.002825403389113e-80,1.8487222472869158e-78,6.929561279760098e-79,1.7706135734249485e-78,5.260434089537989e-79,8.525119258551195e-79,5.261637096478393e-79,1.1851596949636184e-80,2.106526126636982e-81,1.8683118611487834e-78,7.827762860935283e-80,3.000839128557146e-80,5.8095296555011646e-80,5.3549176050125694e-83,1.5329092592425397e-80,7.267823064311496e-80,1.6201081503534003e-78,2.4252023483756594e-81,5.877745665180029e-79,3.8567214623632057e-255,7.160699586149027e-198,1.0247049582425563e-254,3.9275303386001736e-259,1.2293527620420028e-254,7.313848938417322e-252,5.6620846265642434e-99,8.860116942569369e-93,5.756405318389777e-196,7.250906370912154e-252,1.6633191066004004e-250,7.131007393943073e-196,3.995855419573559e-79,9.000670544550256e-80,1.2344241212379213e-78,4.025329216166998e-77,1.4803946788292942e-78,4.1022228647873575e-81,4.1022228647873575e-81,4.1022228647873575e-81,1.3981611312374313e-78,4.1022228647873575e-81,4.336725219211407e-79,1.3981611312374313e-78,1.2925159374270286e-78,2.8592159249656744e-79,1.898383856586903e-81
7.79840889658375e-170,1.227838103628829e-165,4.5160958530542666e-169,8.438539040653124e-165,0.0,1.467279456168416e-66,0.0,0.0,0.0,0.0,0.0,0.0,0.0,0.0,0.0,0.0,0.0,0.0,1.6991442686411054e-94,2.6793145999738745e-165,1.7116823747015415e-247,3.1413594192726925e-166,1.8987928323400685e-166,0.0,0.0,0.0,3.603595750327593e-166,1.5095398119083888e-165,1.860589777339025e-165,0.0,0.0,0.0,0.0,0.0,0.0,0.0,0.0,0.0,0.0,0.0,0.0,0.0,0.0,0.0,0.0,0.0,0.0,0.0,0.0,0.0,0.0,5.791946831067231e-12,0.0,0.0,0.0,0.0,0.0,0.0,0.0,0.0,0.0,,0.0,0.0,0.0,0.0,0.0,0.0,0.0,0.0,1.1492779914112499e-253,3.6713647843669454e-262,0.0,0.0,5.128690694331404e-308,0.0,0.0,1.6351673664757876e-257,0.0,0.0,0.0,3.981749319833788e-246,6.417753522019931e-247,1.6109350138978428e-247,3.2307695232798593e-246,9.608575686211136e-246,1.4273703008633933e-245,9.608575686211136e-246,7.788347783626001e-247,9.06838248984095e-247,2.4827097753243413e-163,2.0892589558483426e-250,1.2591808432922894e-245,1.0116606464708828e-247,2.7711422296147904e-166,1.9763070510241396e-248,2.0227101251199806e-250,2.362359781183768e-249,1.1740074463872583e-247,1.2910811102374327e-245,7.810467102175005e-83,2.9124900185026017e-246,0.0,3.8787749133307e-311,0.0,0.0,0.0,0.0,5.3640849497641e-99,1.3610717329858072e-256,7.408637474854e-311,0.0,0.0,1.179965922111239e-307,4.905083453843163e-246,1.0514924647424635e-246,1.436495585524064e-245,1.6012279461537056e-242,4.163851359234213e-246,5.986278803122755e-249,5.986278803122755e-249,5.986278803122755e-249,1.182857272483689e-245,5.986278803122755e-249,1.307270028232285e-246,1.182857272483689e-245,1.265022736144715e-245,1.6239139062987069e-134,3.455491044691059e-85
2.1995814282027085e-168,9.500363457195842e-166,1.7178079648142214e-169,2.716183997094717e-170,0.0,1.7410172129475987e-119,0.0,0.0,0.0,0.0,0.0,0.0,0.0,0.0,0.0,0.0,0.0,0.0,1.0030871149384044e-169,2.2207673117157956e-163,0.0,1.0343416712366276e-169,1.0582447348536395e-165,0.0,2.842092950035346e-266,8.030405267873909e-289,9.123574785492168e-167,6.21160717918116e-166,2.8647333640489776e-165,0.0,0.0,0.0,0.0,0.0,0.0,0.0,0.0,0.0,0.0,0.0,0.0,0.0,0.0,0.0,0.0,0.0,0.0,0.0,0.0,0.0,0.0,1.8184902581385187e-11,0.0,0.0,0.0,0.0,0.0,0.0,0.0,0.0,0.0,0.0,,0.0,0.0,0.0,0.0,0.0,0.0,0.0,0.0,0.0,2.0316423917461085e-208,4.557249761329264e-257,1.0535665998591235e-195,1.0216744203152417e-202,1.3605754417914584e-260,1.344302034243765e-167,3.2798211340696868e-199,7.026730588748525e-198,1.4565884176212677e-248,0.0,0.0,0.0,0.0,0.0,0.0,0.0,0.0,0.0,2.8569410811837284e-247,0.0,0.0,0.0,2.6993134978215002e-247,0.0,0.0,0.0,0.0,0.0,5.304159131822216e-81,0.0,8.912220444746793e-255,2.1459093354822697e-198,4.562656148405388e-251,1.614054927423306e-256,3.7142280160214665e-250,1.6548376354239043e-252,1.059139421442391e-93,0.0,4.163260092791136e-199,1.7991043284674192e-249,3.665136510583681e-248,2.1060828300905752e-193,0.0,0.0,0.0,0.0,0.0,0.0,0.0,0.0,0.0,0.0,0.0,0.0,0.0,1.1274829249812323e-190,1.8963608722544803e-81
6.328916215164711e-169,4.4775649528182025e-165,1.0800573549339924e-169,2.2056318301298774e-166,0.0,1.0431900099403254e-55,0.0,0.0,0.0,0.0,0.0,0.0,0.0,0.0,0.0,0.0,0.0,5.0736441137599754e-275,1.1568736275420274e-67,1.8185896215454316e-162,3.710046884984095e-219,4.3888182120590685e-165,1.178963018202457e-166,0.0,0.0,0.0,7.289848208860388e-166,3.7222165858485793e-166,6.903174461839294e-167,0.0,0.0,0.0,0.0,0.0,0.0,0.0,0.0,0.0,0.0,0.0,0.0,0.0,0.0,0.0,0.0,0.0,0.0,0.0,0.0,0.0,0.0,1.103797466587311e-10,0.0,0.0,0.0,0.0,0.0,0.0,0.0,0.0,0.0,0.0,0.0,,0.0,0.0,0.0,0.0,0.0,0.0,1.6994460380957721e-193,4.3393617237821417e-200,5.928886490002388e-236,4.878486494970002e-308,5.53797482591906e-231,7.904665516155732e-236,0.0,9.116565401995054e-198,1.3909209145041035e-231,8.424044361334109e-233,9.251276797636655e-303,8.282958503662583e-193,7.677893172105716e-192,1.0976095451990638e-191,3.892235320968542e-190,1.390666092269356e-189,1.390666092269356e-189,8.863355812956015e-190,8.43254734497097e-194,4.699213456270035e-190,1.2186671938978064e-142,2.3054245695028685e-195,1.1365432799011133e-189,3.17478340755222e-191,7.124683030873614e-136,1.5818630031124834e-192,4.087127923637657e-192,2.3016671806512683e-190,1.3464532122550016e-194,1.1826109514089541e-189,8.572313532039032e-82,8.450988344157426e-191,5.324899480767956e-308,1.2567914463161418e-239,7.5193128796847e-310,0.0,1.05920313158822e-309,9.2530504231069e-310,4.628849383325494e-89,2.342732062011407e-202,6.88821647613202e-238,6.882880633885243e-306,2.271517526951076e-307,1.3466344156404345e-235,7.316102736643066e-193,1.6301242043432154e-191,1.207762030919321e-189,6.745459477927418e-187,1.3807361412721485e-189,8.367833950901752e-193,8.367833950901752e-193,8.367833950901752e-193,8.680303365701149e-190,8.367833950901752e-193,1.3931436471425334e-189,8.26676121531673e-190,1.288432774745187e-189,4.413188794938255e-119,1.6120325058132442e-82
7.89848032481918e-170,7.513056610203561e-166,5.832658776097805e-169,2.361504849760487e-168,0.0,3.8486571955823635e-68,0.0,0.0,0.0,0.0,0.0,0.0,0.0,0.0,0.0,0.0,0.0,0.0,8.319443047833522e-91,1.9439506922360734e-163,1.1182892368789938e-247,3.9741057921919546e-166,2.8062446381657896e-166,0.0,0.0,0.0,1.063473567761588e-166,1.4799484689044145e-165,7.924432722193098e-167,0.0,0.0,0.0,0.0,0.0,0.0,0.0,0.0,0.0,0.0,0.0,0.0,0.0,0.0,0.0,0.0,0.0,0.0,0.0,0.0,0.0,0.0,4.287663887443191e-17,0.0,0.0,0.0,0.0,0.0,0.0,0.0,0.0,0.0,0.0,0.0,0.0,,0.0,0.0,0.0,0.0,0.0,1.3514813382179584e-247,2.979174073135608e-253,0.0,0.0,1.132562017205625e-303,3.37689732787057e-310,0.0,3.4552725482665965e-251,4.690540235330366e-309,3.019670514071423e-309,0.0,5.1093704815218976e-248,1.4524774998984948e-248,2.7904523976360325e-247,5.489380977486595e-246,3.604552759582716e-247,3.1050575397228416e-246,3.1050575397228416e-246,4.76608547060011e-246,1.4102584064472774e-246,1.0644768192272645e-166,2.1634683775234174e-247,3.1613519775497957e-246,4.2039022270002466e-246,2.243734627617491e-164,4.358364763858763e-249,1.1957082061057432e-249,2.8660867540374883e-248,1.6072151117928372e-249,5.860676185213227e-247,7.387356812440635e-82,1.5660436133757527e-246,0.0,0.0,0.0,0.0,0.0,0.0,2.0199207818099677e-102,2.1419767827443075e-262,3.9420065588799e-310,0.0,0.0,1.1887194380064e-311,3.7668989353464775e-248,9.76902413580624e-248,8.405051541317975e-247,6.196750817096912e-243,6.889552628956692e-246,4.3522406062874443e-249,4.3522406062874443e-249,4.3522406062874443e-249,7.882245422985254e-246,4.3522406062874443e-249,1.9577294127934585e-246,4.55500814651916e-246,1.4824629716165406e-246,7.801110697824454e-139,8.758523722626028e-86
2.553281113975136e-170,4.098971913999451e-165,9.73774184640443e-168,4.037714359106156e-164,0.0,2.1555195530165763e-67,0.0,0.0,0.0,0.0,0.0,0.0,0.0,0.0,0.0,0.0,0.0,0.0,6.558553861424454e-91,1.516450098884853e-164,2.91464197954755e-247,2.9851585131555235e-167,4.549383719996174e-167,0.0,0.0,0.0,1.8709594288136243e-166,2.0378226824963896e-165,2.90124869190656e-167,0.0,0.0,0.0,0.0,0.0,0.0,0.0,0.0,0.0,0.0,0.0,0.0,0.0,0.0,0.0,0.0,0.0,0.0,0.0,0.0,0.0,0.0,6.310975048872992e-09,0.0,0.0,0.0,0.0,0.0,0.0,0.0,0.0,0.0,0.0,0.0,0.0,0.0,,0.0,0.0,0.0,0.0,1.2263665857244378e-252,3.483716916225883e-257,0.0,0.0,2.0915426241620875e-307,0.0,0.0,2.33617047027012e-253,0.0,2.9042037160238e-310,0.0,6.1725483772952896e-251,1.0461831922896747e-247,8.900907264522399e-248,8.380511540305158e-247,9.973169729656992e-246,1.4098336689364972e-245,2.1561369569082086e-246,2.9658288793385635e-246,6.72487088896815e-246,9.029580143572311e-166,1.3117535524423663e-250,8.442044487310531e-246,3.7917541690571146e-247,4.479628128736118e-164,1.949168726354394e-248,1.1361629390290642e-248,5.869178982870649e-248,4.9644126282855834e-248,2.7065079457021584e-246,3.5488861421181304e-81,3.803779957865716e-246,0.0,3.7883032557056773e-308,0.0,0.0,0.0,0.0,3.705564718844477e-89,3.49133462814142e-254,1.0214091148273446e-305,0.0,0.0,9.17631424431623e-307,4.185909873361973e-246,3.865892539077619e-246,7.56679464317073e-246,6.231188632996774e-243,1.4027459943416862e-245,5.959023916225533e-249,5.959023916225533e-249,5.959023916225533e-249,1.1668087013795795e-245,5.959023916225533e-249,1.2021312808740267e-245,1.1668087013795795e-245,7.630220663300277e-247,1.4506100326303125e-134,1.681605689740488e-85
1.0272693262959925e-170,7.875592427112697e-166,1.8935892656294328e-166,7.978621608256928e-165,0.0,3.4060310762202125e-50,0.0,0.0,0.0,0.0,0.0,0.0,0.0,0.0,0.0,0.0,0.0,2.5267202038610005e-274,7.465209855164463e-65,2.2865695713038545e-162,3.2152736620727104e-220,3.8930595474755226e-165,2.347840982097111e-166,0.0,5.02500472198212e-285,0.0,1.9352714241040586e-165,5.194872455031159e-166,1.7541664867005646e-166,0.0,0.0,0.0,0.0,0.0,0.0,0.0,0.0,0.0,0.0,0.0,0.0,0.0,0.0,0.0,0.0,0.0,0.0,0.0,0.0,0.0,0.0,2.913219851809747e-15,0.0,0.0,0.0,0.0,0.0,0.0,0.0,0.0,0.0,0.0,0.0,0.0,0.0,0.0,,0.0,0.0,0.0,1.0490380362872679e-190,4.587314936742787e-199,9.344746126327133e-235,3.8198411279221177e-305,2.9695840872679757e-230,2.946446987534703e-237,6.776661777959e-311,1.5358702236695828e-197,2.652465639777228e-234,8.882177670954628e-230,4.3859297944645557e-305,8.484572894290038e-194,2.3322650131930974e-191,3.5210792956143954e-193,1.0122238940884773e-189,2.3193485916667916e-190,1.548256645143847e-189,1.0853943010627934e-189,1.73839037782776e-192,1.3108547190637556e-190,5.31895897887307e-140,5.539430678144161e-196,4.145306970835589e-190,4.2782658712109784e-192,1.0816386216732224e-135,3.7757984304983126e-191,9.016892027805192e-191,2.6702241738883156e-192,1.2880197290688428e-195,1.576165229644392e-193,3.426922854458409e-81,1.1754417570024395e-190,3.17785663317173e-307,3.975271887885079e-239,5.1553020878603806e-306,0.0,0.0,5.591917340537899e-305,1.3507218522338543e-93,2.7029323629892056e-201,2.7547476623721625e-242,2.178902219382144e-306,2.5773075705106725e-305,7.072877398252267e-231,3.1558292279473313e-194,5.792266043078354e-191,1.574491856040962e-189,1.1952063807259186e-186,1.5877244624095989e-190,9.53512772548955e-193,9.53512772548955e-193,9.53512772548955e-193,1.2828781732608136e-189,9.53512772548955e-193,1.554308687947587e-190,4.974446941639148e-190,1.4081483811896687e-189,1.9507428881396053e-120,2.5208332431683234e-82
3.1117198742277673e-170,3.823463936790227e-165,9.670885878388551e-172,2.657876062982531e-169,0.0,5.24737075212959e-70,0.0,0.0,0.0,0.0,0.0,0.0,0.0,0.0,0.0,0.0,0.0,0.0,3.5919241896096336e-91,1.1321432767718318e-163,1.2379177063104735e-249,3.576948910238192e-167,8.12157802792006e-166,0.0,0.0,0.0,2.5611262257732226e-169,9.456127308492575e-166,2.365416651376047e-165,0.0,0.0,0.0,0.0,0.0,0.0,0.0,0.0,0.0,0.0,0.0,0.0,0.0,0.0,0.0,0.0,0.0,0.0,0.0,0.0,0.0,0.0,9.601867861951264e-16,0.0,0.0,0.0,0.0,0.0,0.0,0.0,0.0,0.0,0.0,0.0,0.0,0.0,0.0,0.0,,0.0,0.0,3.264962006440583e-253,1.582625586635675e-262,0.0,0.0,4.608264325419966e-306,0.0,0.0,1.2842246994298254e-257,0.0,0.0,0.0,1.2184171311559558e-246,1.1880429192630416e-247,1.460134455947736e-247,1.2612425749094405e-245,1.0632668042240708e-246,1.0632668042240708e-246,1.0632668042240708e-246,2.642475710413888e-248,1.605595599194301e-246,2.2677803932236303e-167,8.169106358898746e-251,1.4144672216047664e-245,1.2523645671222864e-248,3.269946259715975e-168,9.365619485671276e-253,2.1199253596789563e-252,1.6976080923889792e-248,6.210141087624038e-251,2.788860007514623e-246,1.6345013674311508e-82,2.3210163102326303e-246,0.0,0.0,0.0,0.0,0.0,0.0,1.6698794090142382e-97,1.6084629501454764e-265,1.0652248200703e-311,0.0,0.0,8.090805598386e-311,1.6683383449278355e-246,2.22932600521302e-246,1.405625310357482e-245,4.386354113301076e-243,1.4775391995894976e-245,6.103922792630492e-249,6.103922792630492e-249,6.103922792630492e-249,1.2538172556821028e-245,6.103922792630492e-249,7.629955198181019e-247,1.2538172556821028e-245,2.741069506998278e-247,9.424429365047468e-135,2.847190281328454e-85
5.296503924305656e-170,3.605899224626417e-165,6.877041581608281e-170,7.466745907872543e-167,0.0,2.2214971105241596e-68,0.0,0.0,0.0,0.0,0.0,0.0,0.0,0.0,0.0,0.0,0.0,0.0,1.669284662746109e-91,5.703677715410818e-165,1.9517053183632543e-250,1.1700124338223888e-169,5.099783671262306e-166,0.0,0.0,0.0,1.1271821781656522e-165,1.6409645385179685e-165,1.0088373253596524e-166,0.0,0.0,0.0,0.0,0.0,0.0,0.0,0.0,0.0,0.0,0.0,0.0,0.0,0.0,0.0,0.0,0.0,0.0,0.0,0.0,0.0,0.0,3.038945573326914e-11,0.0,0.0,0.0,0.0,0.0,0.0,0.0,0.0,0.0,0.0,0.0,0.0,0.0,0.0,0.0,0.0,,0.0,1.0761087139432395e-250,3.0890181261230266e-263,0.0,0.0,1.53562122168415e-306,0.0,0.0,1.8965081336987565e-255,0.0,3.21865798228057e-310,0.0,3.2951201743117203e-247,8.834575558317982e-248,2.0677706497978366e-246,1.0528967279044913e-247,9.871053887069007e-246,2.0922758995830534e-246,2.0922758995830534e-246,1.0110964107761478e-247,2.2866535589924968e-246,5.777505909455495e-166,1.2699430271037648e-248,8.246624423039594e-246,3.966964880191041e-246,1.2816789709126662e-163,3.365589559079698e-247,4.3836459543515934e-247,1.1216240357070749e-248,1.1681182500533238e-246,1.4237588233310913e-245,3.216333949830615e-82,1.4129640879823392e-245,0.0,0.0,0.0,0.0,0.0,0.0,2.1984447813881878e-97,7.749554177054648e-264,1.981536578501657e-309,0.0,0.0,7.726653575684734e-306,2.327304665035517e-246,4.974206065501425e-246,1.4369610247661672e-245,6.143847892220358e-243,4.5459693212022385e-246,5.966869777431588e-249,5.966869777431588e-249,5.966869777431588e-249,1.171413641967475e-245,5.966869777431588e-249,1.4021337130166138e-246,4.5127377742064744e-246,7.303565606174284e-247,9.90695511664812e-134,1.4581484784867057e-85
5.571248910744993e-170,5.83853367220378e-166,1.606593949705608e-168,3.952884837484908e-167,0.0,1.9646601197620066e-68,0.0,0.0,0.0,0.0,0.0,0.0,0.0,0.0,0.0,0.0,0.0,0.0,7.557947770811393e-94,1.8804045204700446e-164,2.7972268451546134e-249,1.0135353313097756e-168,6.049711198169841e-166,0.0,0.0,0.0,1.7664956421526284e-166,1.9088521905397335e-165,6.552293893527899e-166,0.0,0.0,0.0,0.0,0.0,0.0,0.0,0.0,0.0,0.0,0.0,0.0,0.0,0.0,0.0,0.0,0.0,0.0,0.0,0.0,0.0,0.0,1.193664767678863e-15,0.0,0.0,0.0,0.0,0.0,0.0,0.0,0.0,0.0,0.0,0.0,0.0,0.0,0.0,0.0,0.0,0.0,,1.7724535294204496e-257,6.687047279758086e-271,0.0,0.0,1.797826024984094e-309,0.0,0.0,1.0697794212733652e-259,0.0,0.0,0.0,3.195139556830013e-249,4.211366225371237e-248,1.3713643011643855e-249,8.545235678470595e-246,4.858786456154132e-246,4.858786456154132e-246,1.2527414468756537e-245,9.703307597755932e-248,3.978794311222673e-248,2.701150203809023e-167,1.8175641633756355e-253,2.336631992729319e-246,8.780403272231737e-248,2.0097512061080967e-164,4.325570727569542e-249,1.4864775880252585e-248,1.7305397646966124e-248,2.819534409858836e-249,1.932194611001312e-246,3.3611166857018274e-83,2.546617983943851e-248,0.0,0.0,0.0,0.0,0.0,0.0,9.842091822370452e-94,2.0886355379230856e-257,2.99744987607442e-307,0.0,0.0,2.1174608648468e-310,8.023549271275693e-248,2.0780542818733468e-247,1.4170910670320208e-246,1.4082057090300057e-243,2.2155308557868392e-246,5.628723226584974e-249,5.628723226584974e-249,5.628723226584974e-249,9.837012149125204e-246,5.628723226584974e-249,1.3092890400906214e-245,9.837012149125204e-246,8.921419546323635e-246,6.49208487391869e-138,6.982906723965125e-86
0.06226596767546384,0.6181255340335041,0.2789170256921312,0.3205482059459195,4.479373341564783e-162,7.866240754065769e-119,2.2364631003089944e-191,1.0526633461737505e-191,8.074826352864564e-190,1.6415093919488639e-190,3.625230500898355e-83,9.344529162655483e-246,1.0274229884092437e-245,4.3897315019267907e-190,1.5656816483285394e-247,1.150081286513294e-245,3.200747265613532e-81,0.0,1.682095577545263e-167,0.014070278755812456,8.821138416703772e-163,0.011644449015486528,0.3057005126269709,4.386096729931549e-162,8.095807924867138e-97,1.8831374213187675e-120,0.5425276129395842,0.9817146568933608,0.7938431872434474,4.8299677319160175e-82,1.188876153883055e-81,5.29302316173592e-83,2.5742220837291795e-79,0.0,1.1888814892798465e-78,5.314228812221393e-84,5.749424525370727e-82,2.414618126637745e-81,0.0,0.0,6.669444561576533e-82,5.986120721258115e-81,7.512021272751838e-192,9.69813040021321e-246,6.522283996484307e-246,1.8604356551816207e-190,0.0,3.7174635221630145e-246,1.3107690551677172e-247,2.001845240823177e-246,5.315557460568065e-246,0.06395962929863466,4.8301568175129685e-191,1.087129274203449e-245,4.579171005595685e-247,5.6249640658840085e-247,1.1737096560028109e-245,2.2366523446142e-248,4.991975059439281e-257,1.2109472130360302e-245,8.706672849697174e-92,1.1492779914112499e-253,0.0,1.6994460380957721e-193,1.3514813382179584e-247,1.2263665857244378e-252,1.0490380362872679e-190,3.264962006440583e-253,1.0761087139432395e-250,1.7724535294204496e-257,,0.0,0.0,0.0,0.0,0.0,0.0,0.0,0.0,0.0,0.0,0.0,0.0,0.0,0.0,0.0,0.0,0.0,0.0,0.0,0.0,0.0,0.0,0.0,0.0,0.0,0.0,0.0,0.0,0.0,0.0,0.0,0.0,0.0,0.0,0.0,0.0,0.0,0.0,0.0,0.0,0.0,0.0,0.0,0.0,0.0,0.0,0.0,0.0,0.0,0.0,0.0,0.0,0.0,0.0,0.0,0.0,0.0,0.0
0.04097048945078611,0.5790884655528399,0.05768149517305371,0.05149605613707295,1.1625920280741538e-164,1.0840544980671285e-119,2.1711033248335652e-191,2.734896539650057e-193,3.4604850856400327e-190,2.6690939665824033e-194,6.31196254560327e-91,4.799119648863081e-248,1.0109194037275757e-248,1.0136655924620764e-193,3.5960292975537185e-249,1.5087674718523355e-246,1.125840192438588e-81,0.0,1.6348564470795657e-168,0.24905993315175767,1.7449744709266163e-165,0.41628433625849404,0.4769838202023007,3.211938986349491e-163,1.2722932035859462e-95,9.386239124175333e-122,0.608267403244398,0.6288490642784035,0.7099241492793436,8.645309199527075e-86,2.1155624745349165e-86,2.5007614942845342e-88,1.2732253090264121e-80,0.0,2.686355985795645e-79,1.3447661017193697e-87,5.68464716857994e-90,5.616183999321629e-83,0.0,0.0,1.4253802306116732e-83,5.582749762761605e-86,2.5296561350454776e-192,7.228196394823607e-250,1.5614860727555003e-249,8.006051513041879e-195,0.0,2.2568815584961183e-249,1.564344374625801e-252,8.88534537026271e-248,1.7756753160511745e-247,1.947147918790364e-07,7.450682035876046e-191,2.3578069053188555e-250,2.2293163285493227e-248,1.3318855436713065e-247,3.9112622406295317e-246,2.4837424868627805e-254,3.6077727573844854e-257,2.7933387069265643e-246,2.8886601284476636e-99,3.6713647843669454e-262,0.0,4.3393617237821417e-200,2.979174073135608e-253,3.483716916225883e-257,4.587314936742787e-199,1.582625586635675e-262,3.0890181261230266e-263,6.687047279758086e-271,0.0,,0.0,0.0,0.0,0.0,0.0,0.0,0.0,0.0,0.0,0.0,0.0,0.0,0.0,0.0,0.0,0.0,0.0,0.0,0.0,0.0,0.0,0.0,0.0,0.0,0.0,0.0,0.0,0.0,0.0,0.0,0.0,0.0,0.0,0.0,0.0,0.0,0.0,0.0,0.0,0.0,0.0,0.0,0.0,0.0,0.0,0.0,0.0,0.0,0.0,0.0,0.0,0.0,0.0,0.0,0.0,0.0,0.0
0.004124137458978114,0.6328903336472467,0.6764127394180028,0.058133177247441624,7.495026521381799e-219,1.9204187458077603e-47,1.0249632772661439e-227,9.283010122984314e-230,5.230317348856077e-227,4.261311586804779e-228,7.764409608757336e-83,6.037120895710437e-136,3.9339748288021466e-134,1.4020966779864433e-115,2.85123748102731e-134,1.3293000002672014e-135,2.258608958748835e-79,2.9784313489419875e-108,5.6723302452478446e-61,0.04336137599505337,2.900306997492228e-53,0.006829333313830874,0.15339210437537393,5.707196156796468e-200,6.460649985733148e-119,1.7538712018508209e-149,0.12492147182699496,0.6258780998554352,0.4397939983761391,3.802480885057052e-82,1.7035206378246933e-83,5.882424118217581e-90,4.5636829896226485e-79,1.0125843465900535e-191,3.619682420110082e-79,1.635302749984951e-83,1.5832745819225862e-82,8.618779756280804e-84,1.009733133260726e-189,1.6876651112115753e-204,4.078583468484223e-82,4.538575373993034e-83,1.6601572568488096e-228,1.9041514170252176e-303,1.3671645564208078e-303,1.0714667873494434e-228,2.7303932502317238e-204,5.641893809875567e-303,5.2887046994480713e-306,5.71497188454629e-303,4.933674858391557e-302,0.022256919159679853,1.8657562438441428e-228,2.3075385950984374e-302,1.8845031055334433e-302,8.093684540652991e-303,6.156182363608102e-302,1.4916275162757436e-305,0.0,1.0162915438304372e-301,6.25642160610279e-216,0.0,2.0316423917461085e-208,5.928886490002388e-236,0.0,0.0,9.344746126327133e-235,0.0,0.0,0.0,0.0,0.0,,0.0,0.0,0.0,0.0,0.0,0.0,0.0,0.0,0.0,0.0,0.0,0.0,0.0,0.0,0.0,0.0,0.0,0.0,0.0,0.0,0.0,0.0,0.0,0.0,0.0,0.0,0.0,0.0,0.0,0.0,0.0,0.0,0.0,0.0,0.0,0.0,0.0,0.0,0.0,0.0,0.0,0.0,0.0,0.0,0.0,0.0,0.0,0.0,0.0,0.0,0.0,0.0,0.0,0.0,0.0,0.0
0.0007833965390943575,0.9502909308929992,0.9631440486328546,0.0018436067787015108,0.0,1.2869371722607592e-67,7.288245275382469e-303,4.75027970146609e-305,9.3671054949025e-302,4.26926019548517e-302,2.82373111140105e-84,2.4626531935318393e-162,1.211072783237135e-161,9.617318204801327e-134,3.941261799587716e-163,1.0655768564945504e-161,8.39812248694208e-80,4.499027306988785e-167,3.769062106986601e-89,0.0002087894413193532,1.4497625717015622e-82,1.317375711394673e-07,0.04343651525147608,4.553905207595439e-274,3.623555946062603e-164,3.757911126072566e-206,0.006647630261603996,0.8182012140718591,0.713538419320934,3.870942945392612e-81,2.4937167576098734e-81,3.3658990804805306e-84,1.5440683874766618e-79,1.35813005767586e-246,2.215921288825075e-78,3.565711725224814e-83,1.93067892154888e-82,1.3967661309312177e-81,8.289778823473349e-246,6.207916827702247e-258,2.5208529879041813e-81,4.814763489525212e-82,2.224744650627371e-302,0.0,0.0,2.442402157654805e-302,9.494469978959163e-253,0.0,0.0,0.0,0.0,0.018457009643579946,3.3552217380425744e-305,0.0,0.0,0.0,0.0,0.0,0.0,0.0,5.0315459528678394e-262,0.0,4.557249761329264e-257,4.878486494970002e-308,0.0,0.0,3.8198411279221177e-305,0.0,0.0,0.0,0.0,0.0,0.0,,0.0,0.0,0.0,0.0,0.0,0.0,0.0,0.0,0.0,0.0,0.0,0.0,0.0,0.0,0.0,0.0,0.0,0.0,0.0,0.0,0.0,0.0,0.0,0.0,0.0,0.0,0.0,0.0,0.0,0.0,0.0,0.0,0.0,0.0,0.0,0.0,0.0,0.0,0.0,0.0,0.0,0.0,0.0,0.0,0.0,0.0,0.0,0.0,0.0,0.0,0.0,0.0,0.0,0.0,0.0
0.005888960163103686,0.9677625346808992,0.9813256465138653,0.4373923797807985,2.8383556284219606e-218,3.2185614039285147e-158,0.0,0.0,0.0,0.0,3.6738786029979596e-80,2.2450168379167525e-302,7.753400697364747e-302,3.2991591161486837e-228,6.504779232781057e-303,4.129216000638261e-302,2.8567506099003646e-191,7.602185082050967e-107,1.3192086292012796e-56,0.4789024919751612,9.148339253414192e-54,0.0004869007438437737,0.14987355775467592,2.913899932379829e-199,5.695474252823302e-231,1.2948515473294021e-288,0.1153489598430761,0.9213219730287423,0.5686863319958311,1.285051368099192e-81,1.0735197981924346e-81,2.8891836937165762e-83,5.2338243137210206e-79,5.909246623476366e-191,5.911220061431602e-79,5.792992738129518e-83,1.6456833604023224e-81,1.7025709393017218e-81,1.3245850157849342e-189,7.607955682328464e-201,3.630591792491653e-81,9.575023573799316e-84,0.0,1.787499238503723e-302,4.24976930125915e-302,1.656667829686397e-227,1.0683544921841757e-192,4.350929138644976e-302,4.147651781526316e-304,5.322879936661895e-302,1.1518903488931174e-301,0.12419832958146605,1.439671110284087e-227,9.610148032494418e-302,1.366879097274893e-302,1.1836398442549691e-302,2.7294870596453963e-302,1.1279086668247473e-304,0.0,8.137977903467698e-302,2.3103053445464503e-195,5.128690694331404e-308,1.0535665998591235e-195,5.53797482591906e-231,1.132562017205625e-303,2.0915426241620875e-307,2.9695840872679757e-230,4.608264325419966e-306,1.53562122168415e-306,1.797826024984094e-309,0.0,0.0,0.0,0.0,,0.0,0.0,0.0,0.0,0.0,0.0,0.0,0.0,0.0,0.0,0.0,0.0,0.0,0.0,0.0,0.0,0.0,0.0,0.0,0.0,0.0,0.0,0.0,0.0,0.0,0.0,0.0,0.0,0.0,0.0,0.0,0.0,0.0,0.0,0.0,0.0,0.0,0.0,0.0,0.0,0.0,0.0,0.0,0.0,0.0,0.0,0.0,0.0,0.0,0.0,0.0,0.0,0.0,0.0
0.006388031648452816,0.9726217739972528,0.14656652070570536,0.065733309033571,1.7885673306573077e-218,2.723481495959526e-157,0.0,0.0,0.0,0.0,5.764052089739837e-88,1.0500824342222082e-303,4.940980811435621e-303,2.50233536157154e-230,3.067424928046657e-302,4.37604307424852e-302,3.133068935256689e-191,4.478755100756363e-108,5.411273020398046e-60,0.024349488740045926,1.2000837167254805e-54,0.03148472613688453,0.1643863111646253,4.53912937698926e-200,6.188068734370017e-231,4.6116187283259e-290,0.033329961850865036,0.9392132518849351,0.5690879474199029,8.297878937890446e-85,2.6283192661660964e-86,1.6117887272741934e-88,9.051063274960775e-80,5.793092788972226e-193,2.6356420387594352e-80,5.26274067806431e-87,1.7712106581721854e-84,1.0331661412153359e-82,5.664143276181964e-192,1.7449620901364923e-208,3.9998174770732394e-82,7.318582550236735e-84,0.0,2.0458505495762341e-305,1.928224732771278e-306,8.014825930867441e-233,3.008473195700547e-203,1.7462929571495024e-304,1.669756656517641e-306,4.0556339750085556e-303,7.661674516774364e-303,7.454218743736278e-07,4.08546203979613e-229,5.12968355827369e-302,6.748738084737576e-304,1.682464024581155e-305,4.886244825091503e-303,1.949486481274256e-305,0.0,4.320214603260609e-303,2.738803702299067e-207,0.0,1.0216744203152417e-202,7.904665516155732e-236,3.37689732787057e-310,0.0,2.946446987534703e-237,0.0,0.0,0.0,0.0,0.0,0.0,0.0,0.0,,0.0,0.0,0.0,0.0,0.0,0.0,0.0,0.0,0.0,0.0,0.0,0.0,0.0,0.0,0.0,0.0,0.0,0.0,0.0,0.0,0.0,0.0,0.0,0.0,0.0,0.0,0.0,0.0,0.0,0.0,0.0,0.0,0.0,0.0,0.0,0.0,0.0,0.0,0.0,0.0,0.0,0.0,0.0,0.0,0.0,0.0,0.0,0.0,0.0,0.0,0.0,0.0,0.0
0.0004091400880109656,0.5941043068590683,0.19190549859920794,0.021080220304489194,0.0,1.6111613883958714e-66,8.943092468382002e-302,9.63794022211475e-304,6.907635299497015e-302,6.230984465655696e-302,4.1205478964187695e-82,4.901851779046329e-162,2.401271758649702e-165,4.187053305897808e-136,1.2377700682010633e-162,6.71123456580059e-163,2.256460743909787e-81,1.1059725197828908e-164,1.203208588417109e-87,0.2615420926754836,3.005360043472472e-81,2.2433863468800725e-09,0.20134151692881191,4.1292393075706104e-274,1.7775942211393684e-163,6.338431307739541e-207,0.14498915078204233,0.7422632171364958,0.4787814418986349,9.749335222696458e-82,8.653286681686388e-82,2.9249201433019946e-87,2.6781228977869173e-79,4.1213464035039026e-247,1.4443001324451615e-79,6.537384988685946e-83,2.307380337889021e-82,2.1053083191654772e-81,7.561768185086651e-246,2.1075246320207772e-253,2.384526019237029e-81,5.147596601636966e-83,1.0996499858670122e-302,0.0,0.0,2.2034216712345627e-303,7.542105633734331e-255,0.0,0.0,0.0,0.0,0.12446613317295108,2.1475564142350856e-302,0.0,0.0,0.0,0.0,0.0,0.0,0.0,1.3887526455071758e-260,0.0,1.3605754417914584e-260,0.0,0.0,0.0,6.776661777959e-311,0.0,0.0,0.0,0.0,0.0,0.0,0.0,0.0,0.0,,0.0,0.0,0.0,0.0,0.0,0.0,0.0,0.0,0.0,0.0,0.0,0.0,0.0,0.0,0.0,0.0,0.0,0.0,0.0,0.0,0.0,0.0,0.0,0.0,0.0,0.0,0.0,0.0,0.0,0.0,0.0,0.0,0.0,0.0,0.0,0.0,0.0,0.0,0.0,0.0,0.0,0.0,0.0,0.0,0.0,0.0,0.0,0.0,0.0,0.0,0.0,0.0
0.009888960692191877,0.9774289210160443,0.8437332982580276,0.08740482295844494,1.1271177454272256e-162,1.3501944450452601e-120,0.0,0.0,0.0,0.0,4.341612115180946e-83,1.216893399773405e-249,5.40835745151218e-249,1.1271788351728128e-191,3.300344145190701e-247,3.082266077217338e-247,7.333883222797293e-165,3.582528944312336e-79,1.8351110534872475e-47,0.035005257836188755,5.66708472950325e-40,0.08736350844026583,0.004020340742849917,7.214971171992885e-164,2.59063551596199e-183,8.395809757201112e-230,0.0034922114480230313,0.7930265847122325,0.7716703743640564,2.650010388358914e-82,2.1237046658013237e-82,6.59088694330857e-89,2.283669925869108e-79,4.010087301207553e-164,9.41694941367306e-80,2.4020072084832346e-84,6.92504768548667e-83,1.2599175858068926e-84,1.0340324730585185e-161,2.4861013026477254e-171,5.121535877194351e-85,6.650126747132101e-83,0.0,2.3573396068731834e-252,1.0484413550090005e-246,1.240842261604449e-193,1.5353830717314362e-169,6.963364177755791e-250,2.1929712052804914e-251,1.4332447071879472e-245,3.034032175086225e-246,0.02424019701127992,5.410896076194854e-193,2.875664269168499e-247,3.7035973860723616e-247,4.4337305997663474e-250,2.0892654820020647e-248,2.4062252266435206e-251,8.361065395610515e-258,8.900601540142205e-248,2.7865890628665193e-171,1.6351673664757876e-257,1.344302034243765e-167,9.116565401995054e-198,3.4552725482665965e-251,2.33617047027012e-253,1.5358702236695828e-197,1.2842246994298254e-257,1.8965081336987565e-255,1.0697794212733652e-259,0.0,0.0,0.0,0.0,0.0,0.0,0.0,,0.0,0.0,0.0,0.0,0.0,0.0,0.0,0.0,0.0,0.0,0.0,0.0,0.0,0.0,0.0,0.0,0.0,0.0,0.0,0.0,0.0,0.0,0.0,0.0,0.0,0.0,0.0,0.0,0.0,0.0,0.0,0.0,0.0,0.0,0.0,0.0,0.0,0.0,0.0,0.0,0.0,0.0,0.0,0.0,0.0,0.0,0.0,0.0,0.0,0.0,0.0
0.005856208238945444,0.8167141594169017,0.3614884687041068,0.0008198814458278518,2.8963240753379757e-220,5.6595032571675185e-49,8.492624276332458e-230,2.9705529641851978e-232,1.3509603724971254e-228,1.27072283924888e-230,6.903967522286728e-89,2.8098441039169377e-138,9.903593441794288e-142,1.275031759159327e-118,3.3476483196845097e-137,2.206992954629027e-135,2.9336807332831467e-79,1.2255134152685122e-107,1.9501401413188122e-60,0.37261819817757313,7.037205051839183e-55,0.1958979842405102,0.4916680865346168,2.1095248272966216e-201,3.906522528397795e-119,1.5852807435875882e-150,0.31305726362332487,0.12923411569858576,0.7839179143389425,3.359168283344794e-82,2.9062928691968333e-82,2.111153033608655e-86,4.605492786022726e-80,8.686849163245321e-192,3.739649335087942e-80,7.476446469736486e-85,3.0237481106963954e-85,2.5836167769974324e-83,8.346966380186193e-191,1.320494034119213e-196,7.657029278366516e-84,1.1421390438839985e-83,2.2749609352257172e-228,6.666388869546538e-306,1.5741978285459533e-304,2.3495785473483052e-230,1.9224903540237199e-202,3.2867214702755143e-305,2.9747053605098856e-305,2.2661607489632537e-302,1.5325822124777784e-302,0.003652920288046384,1.149258127363549e-227,4.526670721340249e-305,5.467907143513569e-303,1.226991728510589e-303,5.635740052602853e-303,1.914934499319622e-306,0.0,6.497457588156639e-302,4.029002591896329e-201,0.0,3.2798211340696868e-199,1.3909209145041035e-231,4.690540235330366e-309,0.0,2.652465639777228e-234,0.0,0.0,0.0,0.0,0.0,0.0,0.0,0.0,0.0,0.0,0.0,,0.0,0.0,0.0,0.0,0.0,0.0,0.0,0.0,0.0,0.0,0.0,0.0,0.0,0.0,0.0,0.0,0.0,0.0,0.0,0.0,0.0,0.0,0.0,0.0,0.0,0.0,0.0,0.0,0.0,0.0,0.0,0.0,0.0,0.0,0.0,0.0,0.0,0.0,0.0,0.0,0.0,0.0,0.0,0.0,0.0,0.0,0.0,0.0,0.0,0.0
0.005818053288541725,0.9636046174972293,0.9244907323761031,0.023510127198289724,8.0061948620679e-218,3.8423972162321534e-157,0.0,0.0,0.0,0.0,1.9898747889035437e-81,4.589663654547224e-304,6.900947437889055e-304,2.2875354182347883e-227,5.583890521756455e-302,1.0956427098589248e-301,3.48081882937583e-192,8.441796585536839e-107,3.4826609522365505e-59,0.9988599410767887,4.126510090962258e-54,0.8210413009998808,0.007184441583961137,9.377637648377055e-202,5.574462036789302e-232,1.512383386584352e-288,0.29104245788658534,0.24596803273430498,0.003907069774720945,5.3732146010547894e-83,3.979551508277535e-83,1.498044629179436e-85,7.646368832252774e-82,1.529705997245822e-191,8.10045615383228e-80,1.0729313966283214e-86,9.680930599650534e-84,1.7752378198830015e-87,9.720219749478776e-191,4.3982594689881755e-204,5.629462607571334e-85,2.1074008613163168e-82,0.0,3.942028193182997e-308,1.0408039443538595e-302,5.177374514730704e-231,5.3655994009239415e-199,3.290502266873815e-305,0.0,4.56938203010025e-307,1.80194296956774e-309,5.074869324272232e-05,2.0905847527024414e-229,1.7041932585387914e-305,1.3905824252992747e-305,2.0606269516485742e-305,2.079047456078458e-306,1.7858746872863137e-308,0.0,1.451805041461164e-302,3.304587682100926e-196,0.0,7.026730588748525e-198,8.424044361334109e-233,3.019670514071423e-309,2.9042037160238e-310,8.882177670954628e-230,0.0,3.21865798228057e-310,0.0,0.0,0.0,0.0,0.0,0.0,0.0,0.0,0.0,0.0,,0.0,0.0,0.0,0.0,0.0,0.0,0.0,0.0,0.0,0.0,0.0,0.0,0.0,0.0,0.0,0.0,0.0,0.0,0.0,0.0,0.0,0.0,0.0,0.0,0.0,0.0,0.0,0.0,0.0,0.0,0.0,0.0,0.0,0.0,0.0,0.0,0.0,0.0,0.0,0.0,0.0,0.0,0.0,0.0,0.0,0.0,0.0,0.0,0.0
0.0011647763081714814,0.9434038238995881,0.9105644110327078,0.4561428275289866,0.0,7.541509669502011e-67,9.076351638427448e-302,1.1708067243055844e-301,9.096904109036554e-302,7.750181630881922e-302,1.0479325531724327e-79,1.2316115881296031e-161,1.3785071374542013e-161,1.8269301541439278e-135,1.4922867113966033e-161,8.827173826873392e-162,9.19732288408104e-79,5.759377131267296e-162,8.781529870228552e-86,0.9999372805076859,1.9051860076406194e-78,0.928985365588102,0.3156800445590459,6.547550962150887e-274,1.8904949421322496e-162,1.2829982265982391e-203,0.9806789977187492,0.8436127199223863,0.3926039758020897,6.471561598463758e-81,4.843216530852682e-81,5.646109566725153e-82,9.850863103299606e-79,6.88954789867364e-246,4.328311101426524e-83,4.228552438591307e-81,9.112228693968726e-82,2.842941805428182e-81,1.4607051239010033e-245,7.638262945854457e-248,3.114564624892306e-81,5.989594625170427e-81,1.4373836877399433e-302,0.0,0.0,3.932761241413415e-302,1.240934174839994e-249,0.0,0.0,0.0,0.0,0.10960477893001713,1.9004332670655688e-302,0.0,0.0,0.0,0.0,0.0,0.0,0.0,9.531674091935529e-256,0.0,1.4565884176212677e-248,9.251276797636655e-303,0.0,0.0,4.3859297944645557e-305,0.0,0.0,0.0,0.0,0.0,0.0,0.0,0.0,0.0,0.0,0.0,0.0,0.0,,0.0,0.0,0.0,0.0,0.0,0.0,0.0,0.0,0.0,0.0,0.0,0.0,0.0,0.0,0.0,0.0,0.0,0.0,0.0,0.0,0.0,0.0,0.0,0.0,0.0,0.0,0.0,0.0,0.0,0.0,0.0,0.0,0.0,0.0,0.0,0.0,0.0,0.0,0.0,0.0,0.0,0.0,0.0,0.0,0.0,0.0,0.0,0.0
0.01330335866461182,0.4922749968238289,0.8893878058270632,0.1261623512980316,5.167157281471466e-163,4.9684738558304406e-120,2.3873242457542408e-192,1.0690640421441084e-189,1.108684511226778e-189,7.691549003594425e-191,4.293455474923777e-81,4.5816681918367376e-247,9.892420285915574e-248,9.453636482588562e-193,3.228104104485405e-246,1.0604851039837454e-245,1.6858548540583997e-80,0.0,3.3186852340571184e-166,0.9993437731903556,2.612656822876405e-163,0.8765808607030359,0.0009978998418256207,5.110753628617181e-166,2.681706525415972e-96,1.5410104965019153e-120,0.9122581759403345,0.17152246868980459,0.007060288591563044,2.6137074312122885e-87,2.9106849811863744e-83,7.49668563105743e-85,1.6266522611964093e-80,0.0,8.847310459105586e-82,3.336971782408967e-82,7.211473213231138e-83,4.1975752645245783e-88,0.0,0.0,3.264345542395767e-86,3.2160758014324106e-82,7.57903870628015e-192,1.766783486056602e-249,1.3244816692971628e-250,2.561180720460841e-193,0.0,6.794984478515942e-249,4.477191901590873e-250,5.103254584818136e-257,1.407854169086862e-255,4.936562588814933e-06,9.723905935961619e-190,5.287794055048961e-246,8.25573002688368e-252,6.958565989536879e-248,1.2818919650023781e-247,1.0274835900564004e-248,1.8078149223068455e-258,2.510458882452938e-246,1.0358119735714156e-80,3.981749319833788e-246,0.0,8.282958503662583e-193,5.1093704815218976e-248,6.1725483772952896e-251,8.484572894290038e-194,1.2184171311559558e-246,3.2951201743117203e-247,3.195139556830013e-249,0.0,0.0,0.0,0.0,0.0,0.0,0.0,0.0,0.0,0.0,0.0,,0.0,0.0,0.0,0.0,0.0,0.0,0.0,0.0,0.0,0.0,0.0,0.0,0.0,0.0,0.0,0.0,0.0,0.0,0.0,0.0,0.0,0.0,0.0,0.0,0.0,0.0,0.0,0.0,0.0,0.0,0.0,0.0,0.0,0.0,0.0,0.0,0.0,0.0,0.0,0.0,0.0,0.0,0.0,0.0,0.0,0.0,0.0
0.08439488384958665,0.14017019613902226,0.9557549877615976,0.2851637479126184,6.924416010905012e-162,9.733213729423443e-118,1.5750915134193414e-189,4.452196228074938e-190,9.856041598712558e-190,1.0813658558831994e-190,8.017242439369919e-79,5.156602036361658e-246,1.428631048515489e-245,7.914996690105293e-192,1.166152935534268e-245,1.3508044500314833e-245,1.9074521863750985e-79,0.0,1.355706711876103e-165,0.9527650684569169,6.451786741050504e-162,0.49105974108303785,0.004435500080137109,3.251728244875796e-162,9.033497657166313e-95,9.202151297149198e-120,0.7257853584101643,0.8742709743880871,0.05799716098234027,2.327056200475261e-82,3.869000082440505e-82,3.811632300660987e-82,8.437053378543837e-79,0.0,3.1188275338622246e-78,1.64985239251929e-82,5.311876060589177e-82,4.976470658244383e-84,0.0,0.0,1.224976935828349e-83,2.5444238448001434e-81,2.1108223074602087e-190,9.429173984253753e-247,2.6619973861042876e-247,1.2458650023892516e-190,0.0,7.787463536522062e-246,3.905545536698321e-250,2.868202894376204e-247,6.797820189984739e-248,0.09400494014800555,1.626708236555417e-189,1.2328077122219471e-245,2.2426394052602744e-249,7.190904388043782e-247,1.4224983809969227e-245,9.45841434502439e-249,2.2603728886126334e-257,9.927432076717771e-246,2.0652977984248556e-79,6.417753522019931e-247,0.0,7.677893172105716e-192,1.4524774998984948e-248,1.0461831922896747e-247,2.3322650131930974e-191,1.1880429192630416e-247,8.834575558317982e-248,4.211366225371237e-248,0.0,0.0,0.0,0.0,0.0,0.0,0.0,0.0,0.0,0.0,0.0,0.0,,0.0,0.0,0.0,0.0,0.0,0.0,0.0,0.0,0.0,0.0,0.0,0.0,0.0,0.0,0.0,0.0,0.0,0.0,0.0,0.0,0.0,0.0,0.0,0.0,0.0,0.0,0.0,0.0,0.0,0.0,0.0,0.0,0.0,0.0,0.0,0.0,0.0,0.0,0.0,0.0,0.0,0.0,0.0,0.0,0.0,0.0
0.08664425026083171,0.5067131607625366,0.9900164375899794,0.16464979183396894,1.0465789527664434e-162,1.1816198209423546e-118,2.772105400896007e-195,1.3739460643635754e-189,1.166515375436326e-189,5.0782662103907704e-191,1.4088211871916526e-80,9.309526584442886e-248,4.062319793394993e-247,2.3199178934013945e-190,5.334626702798206e-246,1.4477838397525751e-245,4.472132724638666e-82,0.0,5.879585511857723e-166,0.9999583654094164,5.364126739936245e-162,0.5455432131104956,0.01572061954077586,2.1036160970918353e-165,1.859439819770593e-95,1.331820016823382e-121,0.9865656330753678,0.3154348861693752,8.165713105398885e-05,4.415541307740708e-83,7.982929258448088e-83,2.6821134942627e-82,3.269516909167543e-79,0.0,6.774235926049701e-82,6.1666705902056215e-83,3.224504284890644e-85,7.653443236613409e-84,0.0,0.0,2.8526766375347337e-88,1.9479159212790172e-82,1.1998778105169854e-191,1.2465542465071038e-249,1.0302042173115233e-249,1.8109991548803907e-192,0.0,3.3598768942543766e-249,1.9721390710271196e-253,5.241489740577818e-248,2.809608873137525e-248,5.268588282722017e-05,1.0310537549386516e-189,2.0489602264508798e-246,1.9134813789094417e-249,2.708976552928438e-250,1.5751289278015093e-248,5.622379034840998e-249,1.5155680724146965e-257,6.232684917303586e-247,3.002825403389113e-80,1.6109350138978428e-247,0.0,1.0976095451990638e-191,2.7904523976360325e-247,8.900907264522399e-248,3.5210792956143954e-193,1.460134455947736e-247,2.0677706497978366e-246,1.3713643011643855e-249,0.0,0.0,0.0,0.0,0.0,0.0,0.0,0.0,0.0,0.0,0.0,0.0,0.0,,0.0,0.0,0.0,0.0,0.0,0.0,0.0,0.0,0.0,0.0,0.0,0.0,0.0,0.0,0.0,0.0,0.0,0.0,0.0,0.0,0.0,0.0,0.0,0.0,0.0,0.0,0.0,0.0,0.0,0.0,0.0,0.0,0.0,0.0,0.0,0.0,0.0,0.0,0.0,0.0,0.0,0.0,0.0,0.0,0.0
0.07899393994010112,0.705905558667028,0.7994148925873592,0.28296106117964703,1.9674366801470433e-162,3.7264422636587512e-118,7.590596901327953e-190,7.765770044152255e-191,7.866425271560759e-190,1.2258619722513524e-190,5.427851614727013e-79,8.388848867459791e-246,2.6992629797541693e-246,6.133109124108202e-191,1.0619022132415938e-245,1.7506307092173948e-246,1.81858231913716e-79,0.0,1.327677192867295e-165,0.9999924023869933,2.1383465634882679e-162,0.9513352519657456,0.43045851856744766,1.3095632882901952e-163,1.1406628624183579e-94,9.433865077329571e-121,0.6816275245353339,0.9976292467000383,0.8225018525519872,7.322342352796278e-83,8.714613309533292e-83,2.016920015439351e-82,8.952623885498133e-80,0.0,3.164869753705344e-78,3.20736553708411e-81,3.3714204362176576e-82,8.864306915772723e-83,0.0,0.0,6.74171967886827e-82,1.1356675603950266e-81,4.579334443941744e-190,1.4596859898834342e-246,3.1155620462717356e-246,3.1209051933012726e-192,0.0,1.2351470237539029e-247,5.431018942826616e-247,2.8529474175611754e-246,1.191740487552924e-245,0.017558386286654647,1.7024450914711133e-189,4.385720823792417e-247,5.0678511191190444e-250,1.7958759144912885e-248,9.29252195093883e-250,1.9133973985675256e-248,8.966587306631928e-259,1.222921516423075e-246,1.8487222472869158e-78,3.2307695232798593e-246,0.0,3.892235320968542e-190,5.489380977486595e-246,8.380511540305158e-247,1.0122238940884773e-189,1.2612425749094405e-245,1.0528967279044913e-247,8.545235678470595e-246,0.0,0.0,0.0,0.0,0.0,0.0,0.0,0.0,0.0,0.0,0.0,0.0,0.0,0.0,,0.0,0.0,0.0,0.0,0.0,0.0,0.0,0.0,0.0,0.0,0.0,0.0,0.0,0.0,0.0,0.0,0.0,0.0,0.0,0.0,0.0,0.0,0.0,0.0,0.0,0.0,0.0,0.0,0.0,0.0,0.0,0.0,0.0,0.0,0.0,0.0,0.0,0.0,0.0,0.0,0.0,0.0,0.0,0.0
0.08505817562420939,0.15460315787603227,0.9902440988997376,0.4462654007270279,1.3525433620412717e-162,1.8849711321818891e-118,3.8601570726212937e-190,1.3475917997306089e-189,1.3645184266566869e-189,8.86737713690016e-190,6.167872434274649e-79,1.2482057252150233e-245,6.698885298340462e-246,1.581567606802437e-189,8.578758742174048e-246,9.867575519068918e-246,1.8812600649164537e-79,0.0,1.9118028411230188e-165,0.9998726843833037,3.340912508569309e-163,0.9857734722642721,0.5030318584368465,1.4387951561614169e-162,6.104880496815937e-95,9.162155666384167e-120,0.9912792017872394,0.9880743107298713,0.6880310620434558,1.5366898930830452e-81,6.024206518763123e-82,3.761101987607817e-81,1.4349116343333126e-78,0.0,2.0316982896543653e-78,7.298555773193619e-82,6.023301020350142e-83,3.2502494072257794e-82,0.0,0.0,7.642607562036047e-82,6.655195356449118e-81,1.4125359018761622e-189,3.306368426195091e-248,1.4320451735439138e-245,4.976964734813583e-193,0.0,9.075212410387578e-246,1.3799211421178254e-246,6.088324553062956e-252,1.4900838345636903e-248,0.06630437202004733,1.0547683935183311e-189,7.817876000384326e-246,1.7125780865867879e-246,6.036097270703434e-246,1.4627013239097695e-245,3.366984012413408e-249,1.2094557501887344e-256,1.6056530769657482e-248,6.929561279760098e-79,9.608575686211136e-246,0.0,1.390666092269356e-189,3.604552759582716e-247,9.973169729656992e-246,2.3193485916667916e-190,1.0632668042240708e-246,9.871053887069007e-246,4.858786456154132e-246,0.0,0.0,0.0,0.0,0.0,0.0,0.0,0.0,0.0,0.0,0.0,0.0,0.0,0.0,0.0,,0.0,0.0,0.0,0.0,0.0,0.0,0.0,0.0,0.0,0.0,0.0,0.0,0.0,0.0,0.0,0.0,0.0,0.0,0.0,0.0,0.0,0.0,0.0,0.0,0.0,0.0,0.0,0.0,0.0,0.0,0.0,0.0,0.0,0.0,0.0,0.0,0.0,0.0,0.0,0.0,0.0,0.0,0.0
0.08505817562420939,0.7091413370966708,0.6533633682066851,0.4462654007270279,8.973076283482818e-162,9.566176579586008e-118,3.8601570726212937e-190,1.3475917997306089e-189,8.543014649503674e-190,8.86737713690016e-190,6.167872434274649e-79,4.763784185212006e-246,1.4481656419715032e-245,1.0087223392680585e-189,8.578758742174048e-246,9.867575519068918e-246,1.8812600649164537e-79,0.0,5.956165289874473e-166,0.9998726843833037,2.9921462646948823e-162,0.7935161863294988,0.28225047648247964,1.4387951561614169e-162,6.104880496815937e-95,9.162155666384167e-120,0.8189143801602533,0.9817348294752791,0.2957179750809782,1.5366898930830452e-81,6.024206518763123e-82,3.761101987607817e-81,6.165617476416632e-79,0.0,3.1199971877029747e-78,3.8962107016054703e-81,6.38186063910389e-82,2.0099766074869688e-81,0.0,0.0,1.220093570683433e-81,4.297081720720238e-81,1.2081470506219116e-189,9.718567856672542e-247,9.500749314924927e-246,2.7388262529158346e-190,0.0,3.708886834609646e-246,9.262728178280797e-248,5.508728366322907e-246,1.4900838345636903e-248,0.1593382153490669,1.0547683935183311e-189,7.817876000384326e-246,1.7125780865867879e-246,6.036097270703434e-246,1.4627013239097695e-245,3.319105141140149e-248,1.2094557501887344e-256,1.5529384781107772e-245,1.7706135734249485e-78,1.4273703008633933e-245,0.0,1.390666092269356e-189,3.1050575397228416e-246,1.4098336689364972e-245,1.548256645143847e-189,1.0632668042240708e-246,2.0922758995830534e-246,4.858786456154132e-246,0.0,0.0,0.0,0.0,0.0,0.0,0.0,0.0,0.0,0.0,0.0,0.0,0.0,0.0,0.0,0.0,,0.0,0.0,0.0,0.0,0.0,0.0,0.0,0.0,0.0,0.0,0.0,0.0,0.0,0.0,0.0,0.0,0.0,0.0,0.0,0.0,0.0,0.0,0.0,0.0,0.0,0.0,0.0,0.0,0.0,0.0,0.0,0.0,0.0,0.0,0.0,0.0,0.0,0.0,0.0,0.0,0.0,0.0
0.08505817562420939,0.7091413370966708,0.6533633682066851,0.5457081956807841,5.186860522632556e-162,9.566176579586008e-118,1.097226987674631e-189,4.857471554131041e-190,8.543014649503674e-190,7.46599127118638e-190,6.167872434274649e-79,1.1493788240446896e-245,6.698885298340462e-246,1.581567606802437e-189,8.578758742174048e-246,1.424799801320225e-245,1.8812600649164537e-79,0.0,1.9118028411230188e-165,0.9965450859931403,6.633104764129162e-162,0.9857734722642721,0.28225047648247964,1.4387951561614169e-162,1.1591032189179723e-94,9.162155666384167e-120,0.9912792017872394,0.9817348294752791,0.6880310620434558,2.5114052535139684e-82,6.024206518763123e-82,2.156793515768833e-81,1.4349116343333126e-78,0.0,2.0316982896543653e-78,3.8962107016054703e-81,6.38186063910389e-82,2.0099766074869688e-81,0.0,0.0,7.642607562036047e-82,6.655195356449118e-81,1.2081470506219116e-189,7.441972835028139e-246,9.500749314924927e-246,2.7388262529158346e-190,0.0,9.075212410387578e-246,1.3799211421178254e-246,5.508728366322907e-246,1.4900838345636903e-248,0.1593382153490669,1.3704760361928716e-189,1.8795856758531308e-247,1.3839139138319732e-247,6.036097270703434e-246,1.4627013239097695e-245,3.319105141140149e-248,1.2094557501887344e-256,1.5529384781107772e-245,5.260434089537989e-79,9.608575686211136e-246,0.0,8.863355812956015e-190,3.1050575397228416e-246,2.1561369569082086e-246,1.0853943010627934e-189,1.0632668042240708e-246,2.0922758995830534e-246,1.2527414468756537e-245,0.0,0.0,0.0,0.0,0.0,0.0,0.0,0.0,0.0,0.0,0.0,0.0,0.0,0.0,0.0,0.0,0.0,,0.0,0.0,0.0,0.0,0.0,0.0,0.0,0.0,0.0,0.0,0.0,0.0,0.0,0.0,0.0,0.0,0.0,0.0,0.0,0.0,0.0,0.0,0.0,0.0,0.0,0.0,0.0,0.0,0.0,0.0,0.0,0.0,0.0,0.0,0.0,0.0,0.0,0.0,0.0,0.0,0.0
0.04667898885547448,0.4898454341593447,0.76035255284001,0.15741156941648565,5.43463061634564e-162,9.405952846676589e-122,3.10335418694181e-192,7.714274780040762e-190,3.475292834169859e-190,3.4764068269409226e-191,4.878264193967619e-80,2.0674488887702072e-255,1.2096420519080697e-246,6.36041428957361e-191,1.1672319913081285e-245,1.4102647567707468e-245,2.145675280571786e-81,0.0,1.7110340691625845e-167,0.8871384703308214,3.517750087478681e-164,0.001928874662709332,3.536138063278826e-10,2.547812231131934e-166,5.638484158035576e-96,7.015422977376539e-120,0.9896059393663375,0.19411299455958847,6.740050815015458e-05,4.222729717808384e-87,2.577304728842408e-86,4.986432202849871e-85,5.851800140848052e-89,0.0,1.714777510752758e-81,1.0000361014685707e-86,2.1013043066885227e-87,5.708585990508552e-94,0.0,0.0,3.3682861993636035e-92,1.5276565411729053e-82,8.837699526803612e-192,1.651932413841667e-256,1.8466378360346002e-250,5.185347950893739e-196,0.0,3.2822347320290605e-250,3.4574404520010636e-250,1.1832553837206122e-252,5.179768970203052e-257,1.0941629486562097e-06,2.5336317847302765e-190,4.706339146436641e-253,3.3943060344752905e-257,1.9699125446529948e-258,1.210364129598923e-248,1.2903476307539187e-248,3.1146599621001078e-260,1.1810177040080264e-248,8.525119258551195e-79,7.788347783626001e-247,0.0,8.43254734497097e-194,4.76608547060011e-246,2.9658288793385635e-246,1.73839037782776e-192,2.642475710413888e-248,1.0110964107761478e-247,9.703307597755932e-248,0.0,0.0,0.0,0.0,0.0,0.0,0.0,0.0,0.0,0.0,0.0,0.0,0.0,0.0,0.0,0.0,0.0,0.0,,0.0,0.0,0.0,0.0,0.0,0.0,0.0,0.0,0.0,0.0,0.0,0.0,0.0,0.0,0.0,0.0,0.0,0.0,0.0,0.0,0.0,0.0,0.0,0.0,0.0,0.0,0.0,0.0,0.0,0.0,0.0,0.0,0.0,0.0,0.0,0.0,0.0,0.0,0.0,0.0
0.043648550161491786,0.27850651820503075,0.9778623037679033,0.16125042425056726,7.269548732365362e-162,7.1564024952686945e-118,1.2807245716647584e-190,1.472618154814773e-189,4.199291201867019e-190,3.5282074637590143e-190,8.069779557499756e-79,3.430971374512692e-249,1.3337960388593493e-245,7.534020945091531e-190,1.2284118493558406e-245,9.751523041095158e-246,2.4781535982977336e-80,0.0,1.8231285185815764e-165,0.9998248382451101,6.833239906631335e-163,0.4158577672508268,0.00011556553419194371,2.0026174503307502e-162,7.683845704405272e-95,9.708366646005557e-120,0.991389736950223,0.9912674889812021,0.012467523146503148,4.995066056570614e-86,1.7821892014179118e-83,7.037388118254888e-82,1.79499736685387e-80,0.0,1.076396672113e-78,1.3357168197277472e-83,8.414659140900591e-82,2.2870319551174645e-84,0.0,0.0,2.176282535691511e-84,2.768350902096951e-83,3.4193090497221783e-190,5.783450910547145e-247,1.686449251266269e-246,3.3106466852769164e-193,0.0,1.6646155578134263e-247,1.719421763779673e-247,4.846642671934362e-249,8.991621884616445e-253,0.002793382733067011,9.119860853601082e-190,8.816239694359781e-246,1.7425126345901e-251,6.048047415620931e-248,1.169907654419812e-246,8.883168683499727e-249,7.069915147634092e-258,4.8925678261781e-247,5.261637096478393e-79,9.06838248984095e-247,0.0,4.699213456270035e-190,1.4102584064472774e-246,6.72487088896815e-246,1.3108547190637556e-190,1.605595599194301e-246,2.2866535589924968e-246,3.978794311222673e-248,0.0,0.0,0.0,0.0,0.0,0.0,0.0,0.0,0.0,0.0,0.0,0.0,0.0,0.0,0.0,0.0,0.0,0.0,0.0,,0.0,0.0,0.0,0.0,0.0,0.0,0.0,0.0,0.0,0.0,0.0,0.0,0.0,0.0,0.0,0.0,0.0,0.0,0.0,0.0,0.0,0.0,0.0,0.0,0.0,0.0,0.0,0.0,0.0,0.0,0.0,0.0,0.0,0.0,0.0,0.0,0.0,0.0,0.0
0.014829627197997458,0.6274584786510851,0.8454912002983156,0.022993923914279863,2.885458200006603e-79,1.1181649006694367e-65,1.9908686992080726e-135,1.3935974762669293e-135,2.900675310583656e-134,6.61019968598003e-138,2.0485488705545866e-79,1.3916455372415324e-166,5.835877515830789e-164,1.0710168840042616e-137,2.834966009864516e-162,6.181705688928699e-162,7.234198001365661e-82,4.64076201301129e-162,1.4375723592745628e-82,0.9995182831419497,1.5590778465277252e-78,0.37950475979041803,2.6753579807072997e-08,4.187747423257672e-111,3.5023460491221847e-65,2.6165124176825072e-80,0.9734463312892996,0.4071765212912634,5.4745250091683514e-06,4.36776419552847e-85,4.813598209128798e-86,3.259218650721675e-87,1.8631961242216056e-83,4.18634199584126e-253,6.821443741474907e-82,2.005782812205528e-93,2.2481329028730587e-88,6.105503164566623e-93,2.9904779712485405e-252,5.733311386089595e-250,2.439651175947951e-97,1.866044306327005e-84,1.9907043240316728e-138,8.313897365380111e-173,5.385416827294145e-166,1.0859425095669808e-139,1.976869128454242e-250,9.722509964242272e-167,3.5756777180887493e-166,1.5392766171641e-165,3.614426330159759e-176,1.7317081271582309e-06,5.7300240702061e-135,7.752830234867308e-167,5.143115949271445e-176,1.8116514867046608e-171,9.688908360698027e-164,2.90848536402672e-166,1.2299912187701505e-173,1.9162313466029172e-164,1.1851596949636184e-80,2.4827097753243413e-163,2.8569410811837284e-247,1.2186671938978064e-142,1.0644768192272645e-166,9.029580143572311e-166,5.31895897887307e-140,2.2677803932236303e-167,5.777505909455495e-166,2.701150203809023e-167,0.0,0.0,0.0,0.0,0.0,0.0,0.0,0.0,0.0,0.0,0.0,0.0,0.0,0.0,0.0,0.0,0.0,0.0,0.0,0.0,,0.0,0.0,0.0,0.0,0.0,0.0,0.0,0.0,0.0,0.0,0.0,0.0,0.0,0.0,0.0,0.0,0.0,0.0,0.0,0.0,0.0,0.0,0.0,0.0,0.0,0.0,0.0,0.0,0.0,0.0,0.0,0.0,0.0,0.0,0.0,0.0,0.0,0.0
0.0174276900672744,0.6279554972727446,0.0422394724109764,0.00790433615351606,6.405967378000868e-164,5.057890203367445e-120,7.853468526022491e-194,1.560211649216823e-190,8.614585533959284e-190,7.491190694995738e-192,5.2297159047401575e-80,1.2240018266286472e-249,5.13282396016102e-247,4.120505705987818e-193,1.3173375844473452e-245,1.378174614126455e-245,3.0306641114245196e-80,0.0,4.536077924867949e-167,0.7227580322194598,5.100198237050977e-162,0.11181699419200783,4.322486761376573e-08,1.0883879441676266e-169,7.834205091369851e-97,1.8507803588952992e-120,0.7689437655950996,0.4129389438874618,0.0012453104216626314,3.322149048068614e-86,1.0389497774855516e-83,4.571139468307086e-86,8.888710271179338e-83,0.0,1.7755312611078926e-78,1.4997760684264884e-83,3.8377400831126304e-86,1.1678373434305357e-95,0.0,0.0,2.4341180376551978e-91,8.33714756175636e-84,2.4710561828048024e-191,1.079178267903567e-253,1.9297981801166168e-249,5.542769191002131e-197,0.0,1.0904234720722031e-249,2.8983974377662205e-249,2.523644189489305e-246,9.083594444006617e-248,0.00029425812930618575,4.0752797856334047e-190,1.7307750933897994e-252,3.5253143193975774e-256,6.299606930208117e-257,4.233960192123689e-249,1.0550216199728943e-250,9.502070382673876e-257,7.461431466463979e-246,2.106526126636982e-81,2.0892589558483426e-250,0.0,2.3054245695028685e-195,2.1634683775234174e-247,1.3117535524423663e-250,5.539430678144161e-196,8.169106358898746e-251,1.2699430271037648e-248,1.8175641633756355e-253,0.0,0.0,0.0,0.0,0.0,0.0,0.0,0.0,0.0,0.0,0.0,0.0,0.0,0.0,0.0,0.0,0.0,0.0,0.0,0.0,0.0,,0.0,0.0,0.0,0.0,0.0,0.0,0.0,0.0,0.0,0.0,0.0,0.0,0.0,0.0,0.0,0.0,0.0,0.0,0.0,0.0,0.0,0.0,0.0,0.0,0.0,0.0,0.0,0.0,0.0,0.0,0.0,0.0,0.0,0.0,0.0,0.0,0.0
0.0732924115464468,0.18362748484465585,0.958765742630177,0.49684395220859634,8.90137367179355e-162,6.697121939842523e-118,1.5411219007295774e-189,1.002575574653589e-189,1.2106821082443727e-189,3.7171911108655204e-190,1.845507136719551e-79,5.438593591863015e-246,1.1887088919222656e-245,9.004435685857786e-191,6.112591135987244e-246,1.4286278905441583e-245,2.1981869121139023e-79,0.0,1.3704221734319026e-165,0.9999913138653779,1.45831305805775e-162,0.8943246805789884,0.036898048143065756,7.226859809707816e-164,3.7053850826456e-95,9.535146848057714e-120,0.9804656720231314,0.8480877790626082,0.39377873802315366,1.8602096276379183e-83,2.7291383261301614e-82,1.874337140780391e-81,2.7826390652226445e-79,0.0,1.6797420358048637e-78,7.08213339576981e-83,5.35212391212499e-82,1.249863578747318e-82,0.0,0.0,1.277539984468126e-83,4.731463727791362e-81,1.2743928192036083e-190,2.7137117740212744e-247,1.4490975062629334e-245,2.2594964430411547e-194,0.0,9.049989262814126e-246,8.27819729910278e-247,1.4253625925461285e-246,7.575327604050042e-247,0.053578627762619596,1.5929597681854071e-189,3.4530268589468274e-246,4.518061307920156e-248,6.141974089541563e-246,2.5185705356600763e-246,1.1289037126199733e-250,1.1549383921389622e-256,1.260307870315422e-248,1.8683118611487834e-78,1.2591808432922894e-245,0.0,1.1365432799011133e-189,3.1613519775497957e-246,8.442044487310531e-246,4.145306970835589e-190,1.4144672216047664e-245,8.246624423039594e-246,2.336631992729319e-246,0.0,0.0,0.0,0.0,0.0,0.0,0.0,0.0,0.0,0.0,0.0,0.0,0.0,0.0,0.0,0.0,0.0,0.0,0.0,0.0,0.0,0.0,,0.0,0.0,0.0,0.0,0.0,0.0,0.0,0.0,0.0,0.0,0.0,0.0,0.0,0.0,0.0,0.0,0.0,0.0,0.0,0.0,0.0,0.0,0.0,0.0,0.0,0.0,0.0,0.0,0.0,0.0,0.0,0.0,0.0,0.0,0.0,0.0
0.019409550964128473,0.6193058779582383,0.9513977191820581,0.11892945960705864,3.6327750758110153e-162,4.6726275307228175e-119,8.841456623365445e-191,4.496305920484177e-190,9.433147633830196e-190,7.150051406199691e-190,2.7108442038938696e-79,4.6922140763492e-247,1.1716842932885907e-245,2.1816126681192217e-190,1.28281518948586e-246,1.3015852615450605e-245,1.1917755879390307e-80,0.0,1.2904345543667692e-165,0.9583690508919859,4.5359969934015317e-163,0.4612364424382255,0.0004535990095213297,6.611402230878523e-165,2.3766042154423347e-95,8.159550256740916e-120,0.6811036769353975,0.9762185284455234,0.6522287250334236,4.704092074489202e-83,6.535694174239397e-83,6.606199382038125e-83,1.8349062216200304e-85,0.0,8.909778304731262e-79,4.279539536501329e-83,2.132519332517768e-84,9.291806881471891e-88,0.0,0.0,2.5519806767931303e-87,1.298342656346053e-81,1.2831983062914606e-190,9.321730200984984e-250,1.6993423067277642e-247,1.4742714289126716e-194,0.0,2.884155773363447e-248,6.225896415034492e-249,1.903084906507029e-248,1.0561718884262235e-254,0.0020403509377846843,1.1036783372506507e-189,4.210157903081103e-248,1.9163001943754962e-250,1.2243289226088733e-247,1.3571095802247907e-246,1.5050665487876086e-248,3.37604807627821e-259,7.075771058805823e-246,7.827762860935283e-80,1.0116606464708828e-247,0.0,3.17478340755222e-191,4.2039022270002466e-246,3.7917541690571146e-247,4.2782658712109784e-192,1.2523645671222864e-248,3.966964880191041e-246,8.780403272231737e-248,0.0,0.0,0.0,0.0,0.0,0.0,0.0,0.0,0.0,0.0,0.0,0.0,0.0,0.0,0.0,0.0,0.0,0.0,0.0,0.0,0.0,0.0,0.0,,0.0,0.0,0.0,0.0,0.0,0.0,0.0,0.0,0.0,0.0,0.0,0.0,0.0,0.0,0.0,0.0,0.0,0.0,0.0,0.0,0.0,0.0,0.0,0.0,0.0,0.0,0.0,0.0,0.0,0.0,0.0,0.0,0.0,0.0,0.0
0.06624514866913343,0.961033748418179,0.9644682906324709,0.052064418507901736,7.68491189044429e-79,1.2220976173330167e-62,1.5660096441590523e-135,7.236382333138756e-134,9.422427787845524e-134,1.2050029910669975e-134,3.6646235507571574e-79,1.0437379122932234e-163,9.960730406308574e-162,9.265257334864626e-136,6.982793922314673e-162,1.6206096073486287e-161,1.6085259409267309e-80,5.714557425425358e-162,8.723780929697507e-82,0.9996245572801995,7.191782454500958e-79,0.19261887897600213,0.020391662113819823,1.1767341816508439e-107,4.918522170601406e-62,2.1056781892889918e-78,0.8444028631898066,0.4375984547476751,0.17858780358360807,6.0736911156010416e-83,3.5882805710725765e-83,1.9394562013001754e-85,1.8438635682527148e-81,1.1347489156964103e-250,1.3772583531876805e-78,1.2431742771439344e-85,1.4564474985739614e-85,1.5624967844980845e-86,1.4470344490200078e-245,1.5956854129777503e-248,3.455472943281804e-83,1.1550757274975226e-82,4.503490608768962e-134,5.07608065902238e-164,6.028946530956965e-163,2.4425169418051134e-137,9.352521313638446e-250,1.447686697746893e-162,1.3101743248846374e-164,1.495288649132076e-162,6.714205969591894e-165,3.0519937617111943e-165,1.4677171770107184e-134,5.663951799538596e-165,1.5347138911040747e-165,7.186519373485497e-166,2.7789456352596997e-163,1.3404078194593064e-165,1.0054503990359593e-172,1.2553148400369772e-162,3.000839128557146e-80,2.7711422296147904e-166,2.6993134978215002e-247,7.124683030873614e-136,2.243734627617491e-164,4.479628128736118e-164,1.0816386216732224e-135,3.269946259715975e-168,1.2816789709126662e-163,2.0097512061080967e-164,0.0,0.0,0.0,0.0,0.0,0.0,0.0,0.0,0.0,0.0,0.0,0.0,0.0,0.0,0.0,0.0,0.0,0.0,0.0,0.0,0.0,0.0,0.0,0.0,,0.0,0.0,0.0,0.0,0.0,0.0,0.0,0.0,0.0,0.0,0.0,0.0,0.0,0.0,0.0,0.0,0.0,0.0,0.0,0.0,0.0,0.0,0.0,0.0,0.0,0.0,0.0,0.0,0.0,0.0,0.0,0.0,0.0,0.0
0.0541535545913692,0.681383914289111,0.983704260734497,0.3967091108348727,8.273164766337291e-164,9.510002835253865e-120,4.484034489248057e-195,7.673901977490152e-190,5.781423896081027e-190,1.93979523588251e-192,1.2664742735547362e-80,3.7743005046222515e-250,4.1540720473116815e-246,1.7782090635374756e-191,1.3936846830958236e-245,6.024482855681925e-246,5.888762086035012e-81,0.0,5.998373179470247e-167,0.9997443972788214,6.648128299823017e-164,0.8156820529111254,0.0004402601451262936,2.7505256360070698e-167,5.071728774478328e-95,3.328185654079789e-120,0.5028963604448524,0.7297925622305196,0.3763535254824964,1.319390008340629e-82,5.441715752483134e-83,1.6510678178946718e-82,4.512419591456458e-83,0.0,1.0982087906440272e-81,1.141504159609714e-84,1.1613683767680956e-85,3.708774671713855e-85,0.0,0.0,1.395435641800416e-85,3.118661550412975e-81,5.934201411965518e-190,8.031290999311389e-251,2.5601003115900047e-248,4.9137924197393555e-198,0.0,4.713912368554111e-250,5.552214873910225e-251,3.384730315205644e-248,1.8592192153023634e-247,0.020569156626031104,2.1299860121144367e-190,2.095279228785306e-251,9.533699637999707e-253,1.6384054962569324e-251,5.1440581546942775e-247,5.705287256714805e-250,5.628821518912812e-259,1.0927812376666026e-246,5.8095296555011646e-80,1.9763070510241396e-248,0.0,1.5818630031124834e-192,4.358364763858763e-249,1.949168726354394e-248,3.7757984304983126e-191,9.365619485671276e-253,3.365589559079698e-247,4.325570727569542e-249,0.0,0.0,0.0,0.0,0.0,0.0,0.0,0.0,0.0,0.0,0.0,0.0,0.0,0.0,0.0,0.0,0.0,0.0,0.0,0.0,0.0,0.0,0.0,0.0,0.0,,0.0,0.0,0.0,0.0,0.0,0.0,0.0,0.0,0.0,0.0,0.0,0.0,0.0,0.0,0.0,0.0,0.0,0.0,0.0,0.0,0.0,0.0,0.0,0.0,0.0,0.0,0.0,0.0,0.0,0.0,0.0,0.0,0.0
0.04290218912661942,0.6895302055694861,0.8182521999023041,0.18244807611076258,3.009298620534259e-162,7.430139009996528e-118,1.3851954798575879e-189,1.4306978108142936e-189,3.723331581746679e-190,1.003294616826899e-189,5.846587317910232e-80,7.428775843817373e-247,5.58314526092773e-246,3.047608103864461e-190,1.4603824571417702e-245,4.111433609351212e-246,1.7161655570043048e-79,0.0,1.4673706920554495e-165,0.992006270523123,5.395623113710777e-162,0.9796132676745131,0.1898757635903969,6.388004751519797e-163,1.5180905218747476e-95,8.979271338780462e-120,0.8319312696703857,0.9720777840882755,0.3542844582240539,6.529549957361478e-83,6.850055333726316e-83,8.585889558477105e-82,9.33773955111135e-79,0.0,3.6920229904343094e-82,1.3039640745643246e-82,4.2897484155252375e-82,1.7586058482702736e-82,0.0,0.0,1.0204591612351226e-83,1.5836844129052532e-81,6.094400919103533e-190,3.6040807331463934e-248,4.7487294638165886e-247,5.818876201425931e-191,0.0,7.419391474446825e-248,9.203953095095052e-248,1.1698914847420203e-247,3.7258417609230513e-247,0.0013272728917861855,5.02687220792256e-190,1.6751656995486664e-247,5.8674831951358685e-248,3.93111815237209e-249,2.9200566797886185e-250,2.2670445757196936e-248,5.299682770198914e-258,5.850773117752712e-246,5.3549176050125694e-83,2.0227101251199806e-250,0.0,4.087127923637657e-192,1.1957082061057432e-249,1.1361629390290642e-248,9.016892027805192e-191,2.1199253596789563e-252,4.3836459543515934e-247,1.4864775880252585e-248,0.0,0.0,0.0,0.0,0.0,0.0,0.0,0.0,0.0,0.0,0.0,0.0,0.0,0.0,0.0,0.0,0.0,0.0,0.0,0.0,0.0,0.0,0.0,0.0,0.0,0.0,,0.0,0.0,0.0,0.0,0.0,0.0,0.0,0.0,0.0,0.0,0.0,0.0,0.0,0.0,0.0,0.0,0.0,0.0,0.0,0.0,0.0,0.0,0.0,0.0,0.0,0.0,0.0,0.0,0.0,0.0,0.0,0.0
0.0851361422643384,0.6060469110592297,0.6564739640425035,0.3717724933122778,1.6683218288391511e-164,2.03727098820249e-118,4.525207703199749e-191,1.1743402929265236e-189,1.090359947296371e-189,3.2353031495086444e-191,3.3421691336298177e-80,1.5177142143162153e-246,5.533986429137981e-246,6.89579677999825e-191,4.283311156931512e-247,1.2012639419686979e-245,2.9786078010492346e-80,0.0,5.462239679730246e-166,0.9999195542881382,4.799838401297452e-162,0.9250529862447495,0.07547639228059969,6.844792283828482e-164,1.299337186435696e-95,3.6615579984538526e-120,0.9820700980459974,0.9968761648450065,0.19438715807657841,1.0173939069829646e-82,2.8896960463930425e-82,3.1556335890113045e-86,1.0454871374376622e-78,0.0,1.5326128829574684e-79,5.3482913069367995e-83,2.938223557360538e-84,2.022444288166904e-82,0.0,0.0,1.0060994917272201e-84,3.6997273592984777e-82,8.955903336668711e-191,3.9434762209201617e-249,1.7533840062104198e-248,6.415207819639005e-194,0.0,1.6733730708417885e-248,7.803599900287036e-248,1.763716907877658e-246,4.68562053308467e-247,0.04122740833165967,1.2620956423276556e-189,1.330814024739535e-249,2.1397147249538806e-251,1.2274358725017549e-250,4.711738467996355e-246,3.117596304807139e-249,4.632871679782351e-258,6.667556461078818e-246,1.5329092592425397e-80,2.362359781183768e-249,0.0,2.3016671806512683e-190,2.8660867540374883e-248,5.869178982870649e-248,2.6702241738883156e-192,1.6976080923889792e-248,1.1216240357070749e-248,1.7305397646966124e-248,0.0,0.0,0.0,0.0,0.0,0.0,0.0,0.0,0.0,0.0,0.0,0.0,0.0,0.0,0.0,0.0,0.0,0.0,0.0,0.0,0.0,0.0,0.0,0.0,0.0,0.0,0.0,,0.0,0.0,0.0,0.0,0.0,0.0,0.0,0.0,0.0,0.0,0.0,0.0,0.0,0.0,0.0,0.0,0.0,0.0,0.0,0.0,0.0,0.0,0.0,0.0,0.0,0.0,0.0,0.0,0.0,0.0,0.0
0.006120867257292652,0.6840568414901448,0.9669426559307955,0.33600938532429375,5.216023640478954e-162,2.765135228214481e-119,5.160456125029323e-193,6.896196551953033e-190,1.0150882203239214e-189,2.3528899441829434e-192,4.057597490626162e-79,9.421681375561491e-250,2.5159402198136815e-246,9.93599679929593e-192,1.2980462528037932e-245,1.0207733544890735e-245,1.1138595738148407e-82,0.0,3.791541836875508e-166,0.8766247731262313,1.0852556415104631e-163,0.0026366645054020092,1.3365240534861214e-11,1.0077869440671584e-168,1.2727434043849502e-95,2.67095854821115e-120,0.9872768818734408,0.03305788041844804,3.5469539297970323e-06,3.159344900105165e-84,1.977039058395213e-84,8.163427748059117e-85,5.7107573069096325e-86,0.0,1.1124309523531168e-80,1.8074418176124883e-85,2.1073688713470586e-87,1.6506846295761563e-94,0.0,0.0,1.8336922867716346e-94,6.933386730885177e-82,3.790762285424377e-191,2.9116912705568846e-257,3.015406413106632e-248,2.1330855841097697e-196,0.0,8.802509154956272e-249,7.057755774810384e-251,1.0082817281675203e-250,4.044407024945229e-256,0.0009490435723614802,7.050438968539336e-191,1.0073937400710153e-249,2.6436480269372533e-255,1.3145139149285253e-254,4.0259867639902685e-252,2.989006469800791e-249,1.1853111249933399e-260,2.748282290867666e-246,7.267823064311496e-80,1.1740074463872583e-247,0.0,1.3464532122550016e-194,1.6072151117928372e-249,4.9644126282855834e-248,1.2880197290688428e-195,6.210141087624038e-251,1.1681182500533238e-246,2.819534409858836e-249,0.0,0.0,0.0,0.0,0.0,0.0,0.0,0.0,0.0,0.0,0.0,0.0,0.0,0.0,0.0,0.0,0.0,0.0,0.0,0.0,0.0,0.0,0.0,0.0,0.0,0.0,0.0,0.0,,0.0,0.0,0.0,0.0,0.0,0.0,0.0,0.0,0.0,0.0,0.0,0.0,0.0,0.0,0.0,0.0,0.0,0.0,0.0,0.0,0.0,0.0,0.0,0.0,0.0,0.0,0.0,0.0,0.0,0.0
0.0395461768290794,0.6872399182665923,0.9783417885709211,0.4382768659730377,3.112328359295039e-162,8.658226498974484e-118,2.832397723210516e-191,1.460980530897018e-189,6.911286953481802e-190,5.119012597198387e-190,2.6836514338416494e-79,1.7474438796921268e-246,1.2128486359277509e-245,1.4830493679636568e-189,2.1831916738612884e-247,1.4777491490525103e-245,1.5192886684426148e-79,0.0,1.9882958537037178e-165,0.9999688078278661,1.1228531961415453e-162,0.9247181064080264,0.0007567000924619462,4.353475255337431e-163,8.227521221193889e-96,9.132835543880107e-120,0.9687271561834051,0.9941019767738744,0.00123904746371854,1.1668086082144185e-82,9.125380754748705e-83,6.200084761001453e-83,1.1936533510921877e-82,0.0,1.3020849059350796e-78,6.385894351848483e-84,1.8586914069014693e-82,6.0214398046559394e-86,0.0,0.0,8.12358257191158e-86,1.711135290768103e-81,2.3281703136388878e-191,7.03542648316931e-253,5.246976073355476e-246,3.4888808128489112e-192,0.0,3.0025848600989314e-246,9.600287484970909e-248,6.314678770766424e-246,3.1905692500607273e-250,0.01726397941589826,7.907019919710395e-190,1.3635722025924971e-248,1.4310497659644503e-249,4.1481664632125005e-249,3.753217388174486e-249,3.7259376166087446e-249,1.1429425215884391e-257,7.03141632571503e-246,1.6201081503534003e-78,1.2910811102374327e-245,0.0,1.1826109514089541e-189,5.860676185213227e-247,2.7065079457021584e-246,1.576165229644392e-193,2.788860007514623e-246,1.4237588233310913e-245,1.932194611001312e-246,0.0,0.0,0.0,0.0,0.0,0.0,0.0,0.0,0.0,0.0,0.0,0.0,0.0,0.0,0.0,0.0,0.0,0.0,0.0,0.0,0.0,0.0,0.0,0.0,0.0,0.0,0.0,0.0,0.0,,0.0,0.0,0.0,0.0,0.0,0.0,0.0,0.0,0.0,0.0,0.0,0.0,0.0,0.0,0.0,0.0,0.0,0.0,0.0,0.0,0.0,0.0,0.0,0.0,0.0,0.0,0.0,0.0,0.0
0.01702716102938153,0.7610624674220162,0.8215138253145726,0.23355357901946333,0.9996602551255541,8.385909584509043e-12,6.151921135881338e-81,3.95125686333813e-81,3.5915819638513517e-81,5.572790839733845e-81,1.1913824876220868e-81,1.0123696333357013e-82,7.133858599088561e-81,5.2324337752442913e-82,1.4185180826879386e-81,7.654141343111682e-81,6.731249142351753e-81,0.5145316997208471,0.006556403614273646,0.9994232677321097,0.49474741958303503,0.5902293979415147,0.05462546417210819,6.339430310803106e-54,7.577880282127945e-31,3.312704420543515e-39,0.7472312174046829,0.8796124981722828,0.03233466506718919,7.385454682186956e-84,4.84635293991469e-85,2.081843868080192e-83,6.756809742618492e-82,5.591741690680703e-84,7.676585006710003e-81,4.576080830667395e-83,4.737933362586994e-85,6.491180406632594e-89,1.442138001987975e-81,2.8223830369282644e-81,2.8820976650246075e-84,1.4354615256089853e-83,6.002604304343368e-82,1.5692798541225324e-85,1.5233725817088325e-81,1.069572533785703e-83,1.9820311370026093e-83,4.0635850250305164e-82,5.923432376642184e-82,3.9989083383431076e-82,4.448972307488171e-85,0.023893673949269126,1.833185860335737e-82,3.849937284083165e-83,2.3120239636955646e-85,3.3044385731533024e-82,9.777550167404949e-86,2.4243916570748912e-85,2.2230111504530066e-92,4.465102765725744e-82,2.4252023483756594e-81,7.810467102175005e-83,5.304159131822216e-81,8.572313532039032e-82,7.387356812440635e-82,3.5488861421181304e-81,3.426922854458409e-81,1.6345013674311508e-82,3.216333949830615e-82,3.3611166857018274e-83,0.0,0.0,0.0,0.0,0.0,0.0,0.0,0.0,0.0,0.0,0.0,0.0,0.0,0.0,0.0,0.0,0.0,0.0,0.0,0.0,0.0,0.0,0.0,0.0,0.0,0.0,0.0,0.0,0.0,0.0,,0.0,0.0,0.0,0.0,0.0,0.0,0.0,0.0,0.0,0.0,0.0,0.0,0.0,0.0,0.0,0.0,0.0,0.0,0.0,0.0,0.0,0.0,0.0,0.0,0.0,0.0,0.0,0.0
0.04020595349279619,0.017537327128775076,0.9916649702692564,0.347823245889939,7.87410456731637e-162,7.6528797294181104e-118,6.843508232251125e-192,9.904646081670298e-190,2.3624489568761537e-190,2.2027480092441767e-191,5.406536537429076e-79,7.190026040291828e-249,9.76082412761716e-247,1.1896140568824674e-190,1.3230288650502387e-245,1.2379840589067226e-245,3.493485941985753e-81,0.0,1.4263581289767318e-165,0.9999759625894804,9.36592375118301e-163,0.22001202751780244,0.00010453934479604448,7.664932023516273e-165,2.490990707965772e-95,4.990462032797132e-120,0.9612930194663513,0.5730149865434162,0.025464404895822176,5.768872414052305e-85,7.233925964482853e-83,1.5770910547867626e-83,7.194539857770763e-83,0.0,1.8098222985834035e-78,1.265474159591359e-83,2.730649566471744e-83,5.697766115936855e-85,0.0,0.0,4.295389893378359e-88,1.2949424988467268e-82,1.1863741290963316e-192,3.2041926933985044e-250,2.682662726431404e-246,4.588882196121583e-191,0.0,5.590164603111956e-246,8.070492838197241e-249,1.5007783584535204e-245,3.051643390110972e-248,0.0008938880346772569,7.354190584321164e-190,3.0207502319255577e-246,1.0222151534310337e-249,3.165995824419904e-246,4.1996822581998275e-248,3.3654282506165527e-249,1.5721816203173837e-259,3.0497814120066114e-250,5.877745665180029e-79,2.9124900185026017e-246,0.0,8.450988344157426e-191,1.5660436133757527e-246,3.803779957865716e-246,1.1754417570024395e-190,2.3210163102326303e-246,1.4129640879823392e-245,2.546617983943851e-248,0.0,0.0,0.0,0.0,0.0,0.0,0.0,0.0,0.0,0.0,0.0,0.0,0.0,0.0,0.0,0.0,0.0,0.0,0.0,0.0,0.0,0.0,0.0,0.0,0.0,0.0,0.0,0.0,0.0,0.0,0.0,,0.0,0.0,0.0,0.0,0.0,0.0,0.0,0.0,0.0,0.0,0.0,0.0,0.0,0.0,0.0,0.0,0.0,0.0,0.0,0.0,0.0,0.0,0.0,0.0,0.0,0.0,0.0
0.0003002776227443758,0.05280953099902719,0.0014784500746406089,5.4402158677787915e-05,0.0,5.961421984445527e-67,3.4323287309585636e-304,5.701411494198641e-307,6.030477153208766e-302,3.0685830682855506e-304,5.596648939441625e-87,2.851534017847032e-166,5.826082454220681e-168,2.1138681457426536e-135,3.811190827474403e-163,2.3388823394775165e-162,3.2447858421767485e-81,1.0707099622885065e-162,3.490471850589615e-88,0.10691105355461421,3.393180756020808e-84,0.09111900071737386,0.10172638570966555,1.941844435503276e-276,1.022928240442619e-164,8.458537093772074e-206,0.0096583450234466,0.6387358553022349,0.15124866328044304,1.631801354509668e-88,2.4769450795748806e-86,4.212370143994215e-103,1.271869321464937e-79,7.728457718669934e-249,4.1033219996064906e-80,9.739137794539843e-84,3.304046770264469e-87,4.944874083816792e-84,1.9015327900737045e-247,3.8220675165636054e-254,2.0973946440008536e-83,1.7767680374947088e-84,2.743027701156453e-304,0.0,0.0,9.441001820178981e-306,8.372796337013528e-253,0.0,0.0,0.0,0.0,4.117186746137992e-06,9.028177545617054e-304,0.0,0.0,0.0,0.0,0.0,0.0,0.0,3.8567214623632057e-255,0.0,8.912220444746793e-255,5.324899480767956e-308,0.0,0.0,3.17785663317173e-307,0.0,0.0,0.0,0.0,0.0,0.0,0.0,0.0,0.0,0.0,0.0,0.0,0.0,0.0,0.0,0.0,0.0,0.0,0.0,0.0,0.0,0.0,0.0,0.0,0.0,0.0,0.0,0.0,0.0,0.0,0.0,0.0,0.0,0.0,0.0,,0.0,0.0,0.0,0.0,0.0,0.0,0.0,0.0,0.0,0.0,0.0,0.0,0.0,0.0,0.0,0.0,0.0,0.0,0.0,0.0,0.0,0.0,0.0,0.0,0.0,0.0
0.0033976198892934524,0.7628801648467418,0.022948096333534118,0.00042255123178332746,2.7578040399132715e-224,1.990670619771172e-159,0.0,0.0,0.0,0.0,6.010650240944173e-88,2.583544653984518e-307,5.418829613966449e-307,4.171197448692833e-229,3.0213047570593863e-306,4.675270852486082e-304,1.374787275961302e-191,8.946205013696113e-107,2.563181801734966e-62,0.9167475573478959,2.1835183925289333e-53,0.9099344793634732,6.115783302196471e-09,2.3641659678787332e-204,7.039519987038906e-232,3.065516120274346e-290,0.229906137050039,0.11781777863677048,0.00021162872205364948,2.195245029258175e-88,1.9550129759670895e-87,1.4599879153837846e-110,1.0890168625357931e-83,2.8780680829622907e-200,4.23319283281772e-84,7.106142618943463e-92,6.374460090037416e-92,2.038280602912528e-87,1.2198707314865373e-191,1.3657032449596288e-197,2.1674800568859134e-88,1.8705148211298513e-85,0.0,0.0,2.00862073146838e-309,3.612943805442825e-232,1.7943904968454426e-205,5.820962390109955e-308,0.0,6.01534557089204e-310,2.01671632164297e-309,1.8207786799946478e-07,5.964305455854198e-230,7.263094253677521e-304,3.3933315280741e-310,1.749824890548e-311,1.8524292918437857e-306,6.348797727284464e-309,0.0,5.2998877675029244e-304,7.160699586149027e-198,3.8787749133307e-311,2.1459093354822697e-198,1.2567914463161418e-239,0.0,3.7883032557056773e-308,3.975271887885079e-239,0.0,0.0,0.0,0.0,0.0,0.0,0.0,0.0,0.0,0.0,0.0,0.0,0.0,0.0,0.0,0.0,0.0,0.0,0.0,0.0,0.0,0.0,0.0,0.0,0.0,0.0,0.0,0.0,0.0,0.0,0.0,0.0,0.0,0.0,0.0,0.0,,0.0,0.0,0.0,0.0,0.0,0.0,0.0,0.0,0.0,0.0,0.0,0.0,0.0,0.0,0.0,0.0,0.0,0.0,0.0,0.0,0.0,0.0,0.0,0.0,0.0
0.0008159409404586411,0.7381493712753687,0.3075899025367078,0.003001632182780583,0.0,4.160924243669081e-68,4.1011193815830863e-305,3.1312951622690362e-304,8.93397202919254e-302,1.834301548034263e-305,7.952146779104534e-82,8.042908875977351e-165,6.30532502741325e-168,1.0408972656829403e-134,2.362179090137082e-162,6.35859311038405e-163,1.1840404942493382e-80,3.089286071441781e-164,9.361524133241874e-88,0.9288367140581563,2.3907694946747178e-80,0.1420906312590847,0.0383152307075076,3.850226347269138e-277,4.448334886974014e-162,8.272948278828596e-207,0.12659477708442637,0.31958593531963164,0.27695621131915293,9.80117943231404e-84,1.1546364991726428e-84,1.1920997827608746e-92,7.812267224554804e-81,1.0541065497413443e-248,9.68200978899175e-79,1.5183264632255386e-84,4.882362551918061e-85,2.0664253606139546e-84,1.4772995436718942e-246,1.2452747969097423e-256,5.22270931054627e-84,1.5598803375771583e-83,8.369059534812722e-305,0.0,0.0,1.4429244662953994e-303,3.343176979780491e-253,0.0,0.0,0.0,0.0,0.0007960074830399913,2.8988910766412268e-303,0.0,0.0,0.0,0.0,0.0,0.0,0.0,1.0247049582425563e-254,0.0,4.562656148405388e-251,7.5193128796847e-310,0.0,0.0,5.1553020878603806e-306,0.0,0.0,0.0,0.0,0.0,0.0,0.0,0.0,0.0,0.0,0.0,0.0,0.0,0.0,0.0,0.0,0.0,0.0,0.0,0.0,0.0,0.0,0.0,0.0,0.0,0.0,0.0,0.0,0.0,0.0,0.0,0.0,0.0,0.0,0.0,0.0,0.0,,0.0,0.0,0.0,0.0,0.0,0.0,0.0,0.0,0.0,0.0,0.0,0.0,0.0,0.0,0.0,0.0,0.0,0.0,0.0,0.0,0.0,0.0,0.0,0.0
0.0008434145578050616,0.8749744496683041,0.3542751825231073,0.020250757482733205,0.0,2.0568841365643523e-68,2.536364465291348e-305,6.16208398116376e-302,6.90750334031e-302,4.013914489077037e-303,9.581120557417969e-84,6.524208843143561e-166,1.8775556791822123e-164,5.2052812382796666e-136,5.961776647252631e-162,1.5347218242334602e-162,1.80403433419855e-80,1.7164847549304094e-162,8.606175555919428e-90,0.9012277393591127,3.229018969978155e-80,0.9773284971759808,0.009975326139509055,1.739576438089783e-276,5.189992933313669e-162,1.1358389885842051e-204,0.8937253567742833,0.07291870529011259,0.0005463091687817221,1.7846283621127697e-84,1.058673751014465e-83,4.08178863912593e-99,3.8587596615428077e-81,4.36953619166463e-251,1.9482723056961778e-80,1.6249586166323657e-86,2.625257123715643e-89,1.5291047212622417e-86,1.591781797288439e-247,2.0104443907686365e-254,1.3654776789240253e-88,1.418442671892722e-84,1.436057424068416e-304,0.0,0.0,3.0941047465325697e-305,1.3678616808257954e-259,0.0,0.0,0.0,0.0,0.00112599670149721,4.0861732760154414e-302,0.0,0.0,0.0,0.0,0.0,0.0,0.0,3.9275303386001736e-259,0.0,1.614054927423306e-256,0.0,0.0,0.0,0.0,0.0,0.0,0.0,0.0,0.0,0.0,0.0,0.0,0.0,0.0,0.0,0.0,0.0,0.0,0.0,0.0,0.0,0.0,0.0,0.0,0.0,0.0,0.0,0.0,0.0,0.0,0.0,0.0,0.0,0.0,0.0,0.0,0.0,0.0,0.0,0.0,0.0,0.0,,0.0,0.0,0.0,0.0,0.0,0.0,0.0,0.0,0.0,0.0,0.0,0.0,0.0,0.0,0.0,0.0,0.0,0.0,0.0,0.0,0.0,0.0,0.0
0.0006994799617767016,0.5724870015679893,0.00430186799098903,0.03168183596611018,0.0,1.4989893363475398e-68,3.1880282938656774e-303,1.3357689686289221e-302,5.829531312006322e-302,3.395903796590422e-303,3.588441887952427e-84,3.006593524582587e-164,6.427984979220689e-166,4.3760245789984785e-135,1.516529112495332e-162,4.892059937910329e-162,5.044387385295982e-80,3.510320542375831e-162,2.093560002699654e-87,0.5202683995920059,6.736724677454747e-82,0.9369560733973146,0.0034293446839172427,1.3796137188468469e-276,2.0837687343465008e-162,6.46681336874413e-206,0.5552924871067249,0.5140900219893991,0.2630115378160658,1.4572125246820542e-82,4.563691941914698e-87,6.729326894099506e-92,7.398507348634885e-82,1.2981312600208904e-248,3.1893293561012717e-80,4.925022085195666e-87,2.811369047423903e-86,3.192779983244872e-89,1.1728455500968632e-246,9.3850141682442e-252,8.689516870464264e-84,6.0711580610153975e-83,1.6818291105530651e-304,0.0,0.0,5.286875655102094e-307,1.226609281926356e-253,0.0,0.0,0.0,0.0,1.82133942779342e-05,9.404843635169408e-305,0.0,0.0,0.0,0.0,0.0,0.0,0.0,1.2293527620420028e-254,0.0,3.7142280160214665e-250,1.05920313158822e-309,0.0,0.0,0.0,0.0,0.0,0.0,0.0,0.0,0.0,0.0,0.0,0.0,0.0,0.0,0.0,0.0,0.0,0.0,0.0,0.0,0.0,0.0,0.0,0.0,0.0,0.0,0.0,0.0,0.0,0.0,0.0,0.0,0.0,0.0,0.0,0.0,0.0,0.0,0.0,0.0,0.0,0.0,,0.0,0.0,0.0,0.0,0.0,0.0,0.0,0.0,0.0,0.0,0.0,0.0,0.0,0.0,0.0,0.0,0.0,0.0,0.0,0.0,0.0,0.0
0.0010414424353376362,0.905782660799556,0.557786794913363,0.2168038016258577,0.0,5.0460355931833e-68,2.0733621318266405e-302,1.6768762035042446e-305,9.204161134785679e-302,1.5616467092750175e-302,5.087542243691395e-83,6.140748515959683e-163,9.369609227598675e-164,7.039810765833544e-136,5.51564049583137e-162,1.1859392871170618e-163,1.8601793775380508e-79,5.691464666677147e-163,5.049820175520904e-90,0.11501943582252462,9.122294239284352e-81,0.0018818921751904358,0.26484774875966877,1.6979750759719744e-274,2.5888018928150816e-164,2.6378114961606373e-207,0.6852992775710598,0.5793694308716979,0.7112476470705886,3.916033054787815e-82,9.222982478461701e-82,8.163170204095511e-86,2.07425675082326e-79,2.6612804876442354e-246,2.983128631599897e-79,9.24350055366859e-84,5.241667218201386e-83,6.0867262440261395e-83,9.976508039712014e-246,3.3543054325579937e-247,1.2750243224874361e-82,4.0352565262508553e-82,7.767154387953883e-303,0.0,0.0,2.1750492012136053e-302,1.5640722031554713e-250,0.0,0.0,0.0,0.0,0.020833066538218824,3.0094212483454963e-303,0.0,0.0,0.0,0.0,0.0,0.0,0.0,7.313848938417322e-252,0.0,1.6548376354239043e-252,9.2530504231069e-310,0.0,0.0,5.591917340537899e-305,0.0,0.0,0.0,0.0,0.0,0.0,0.0,0.0,0.0,0.0,0.0,0.0,0.0,0.0,0.0,0.0,0.0,0.0,0.0,0.0,0.0,0.0,0.0,0.0,0.0,0.0,0.0,0.0,0.0,0.0,0.0,0.0,0.0,0.0,0.0,0.0,0.0,0.0,0.0,0.0,,0.0,0.0,0.0,0.0,0.0,0.0,0.0,0.0,0.0,0.0,0.0,0.0,0.0,0.0,0.0,0.0,0.0,0.0,0.0,0.0,0.0
0.020304488425476906,0.8054514850119568,1.0079127524906421e-08,1.835986232364816e-09,1.0287309651470252e-10,2.84956641733159e-18,8.088621883133178e-87,6.811046131961255e-90,4.6038308222041775e-82,1.249608879278065e-86,6.550469927114706e-102,1.8519640858610962e-93,1.6428497167836738e-92,3.9604924494642626e-89,8.868415744451183e-90,1.970246892872601e-86,5.779001794493e-85,0.014677047498090474,4.884607823415252e-12,0.003676710453093149,7.71402367889244e-05,0.01567264180973134,0.0026735072374857046,4.9622507068287054e-57,8.751854499256187e-34,1.6488987514124307e-43,0.013684095015071913,0.4949252271583613,0.43951779918029,1.9808357649704145e-100,2.7076502214915688e-107,8.34565055659613e-156,7.124373606122598e-86,1.1318233398461753e-88,1.2056424637219152e-91,3.6029022529347384e-93,2.3041917650560518e-98,3.652230190931911e-91,8.892647336990749e-89,3.921004687496335e-99,4.659738242180044e-105,2.0295631382272317e-97,9.703291277509249e-88,2.9382581692640294e-102,5.967763788156922e-99,1.757570569541142e-91,3.979637536394984e-101,3.6631168878755037e-97,5.56281881546032e-90,7.850385498444678e-88,7.814467717792111e-91,8.170497117210759e-18,3.103405893028385e-85,6.304967048884493e-84,6.643907310776352e-89,1.3658388510884888e-92,1.207593213854631e-82,9.759834758452135e-88,1.620858535672985e-93,2.5053792537819266e-81,5.6620846265642434e-99,5.3640849497641e-99,1.059139421442391e-93,4.628849383325494e-89,2.0199207818099677e-102,3.705564718844477e-89,1.3507218522338543e-93,1.6698794090142382e-97,2.1984447813881878e-97,9.842091822370452e-94,0.0,0.0,0.0,0.0,0.0,0.0,0.0,0.0,0.0,0.0,0.0,0.0,0.0,0.0,0.0,0.0,0.0,0.0,0.0,0.0,0.0,0.0,0.0,0.0,0.0,0.0,0.0,0.0,0.0,0.0,0.0,0.0,0.0,0.0,0.0,0.0,0.0,0.0,,0.0,0.0,0.0,0.0,0.0,0.0,0.0,0.0,0.0,0.0,0.0,0.0,0.0,0.0,0.0,0.0,0.0,0.0,0.0,0.0
0.05444720675877757,0.5714456014858955,9.355571296285803e-05,6.992289642259187e-06,1.468247291039446e-173,1.8361635989441085e-122,9.13995084262347e-195,5.472515062082074e-196,4.1849778952558274e-190,7.313658600502713e-197,1.1867475505773469e-91,1.7126327773698857e-256,6.532481513093585e-254,6.866313391331966e-196,6.915481331128814e-250,7.159778342086292e-249,7.927718173023166e-83,0.0,3.474368338826946e-175,0.24550559632184876,6.454230935915892e-165,0.8112081483891865,0.02013682743758011,2.263342303118007e-164,1.0722575593200096e-100,2.6578921113824854e-126,0.024380829294873466,0.1429106668276021,0.12777798044312833,7.707692915786187e-90,4.919935460393895e-90,1.0917978965729578e-111,6.119448426762034e-84,0.0,1.5929833178901277e-83,3.4218287460923345e-90,1.219386668631551e-89,7.01000213901271e-89,0.0,0.0,1.9244386623637295e-96,5.478219557861151e-88,7.373599647433703e-199,5.531541120292279e-266,6.221744641849666e-262,1.980686452860651e-201,0.0,1.131609776833996e-260,5.561592889520725e-256,3.4626868003032065e-251,1.0503425140759913e-250,5.88715234800468e-12,2.0421835599899038e-193,1.5262906184788578e-251,4.466388897678099e-254,1.2070381268391347e-261,2.0284733836909295e-247,1.3540674278525221e-253,8.621534949461105e-258,2.1733110406231066e-246,8.860116942569369e-93,1.3610717329858072e-256,0.0,2.342732062011407e-202,2.1419767827443075e-262,3.49133462814142e-254,2.7029323629892056e-201,1.6084629501454764e-265,7.749554177054648e-264,2.0886355379230856e-257,0.0,0.0,0.0,0.0,0.0,0.0,0.0,0.0,0.0,0.0,0.0,0.0,0.0,0.0,0.0,0.0,0.0,0.0,0.0,0.0,0.0,0.0,0.0,0.0,0.0,0.0,0.0,0.0,0.0,0.0,0.0,0.0,0.0,0.0,0.0,0.0,0.0,0.0,0.0,,0.0,0.0,0.0,0.0,0.0,0.0,0.0,0.0,0.0,0.0,0.0,0.0,0.0,0.0,0.0,0.0,0.0,0.0,0.0
0.004046331478360459,0.9042060606013644,0.0014432403908868586,0.0013388018134600549,1.9536800776709853e-222,2.0020068379908818e-56,4.39451897487663e-231,4.50281956894776e-233,2.955308156767651e-230,4.127123037279258e-236,5.4919693320494055e-83,2.6850032851485297e-151,1.458733569540571e-144,5.042422251190096e-127,4.408969955953349e-139,2.1604799735556337e-136,2.1384525535820074e-82,1.5873130950020448e-106,2.293740788090257e-66,0.8459527539760463,7.106387105551168e-58,0.8339512072734927,9.028243945708663e-11,2.858821376169035e-210,1.3274089341383005e-119,5.256061614582774e-152,0.19164940912544629,0.1023367295525248,0.00273097702843933,2.80215841701483e-92,1.9470836106719345e-90,5.814274029172096e-104,2.4853352611700157e-84,2.8216450711608904e-196,1.4897556262022666e-84,1.474236421142403e-93,6.2622634843561225e-96,3.839054883110558e-92,3.9125310906777e-197,3.2864794956848e-197,4.0492800016226084e-107,1.4943336148044264e-92,1.1968579492361848e-234,0.0,0.0,2.5369325921881118e-244,1.7807648766862806e-202,0.0,0.0,6.474102048668323e-305,3.629518941589411e-306,1.0244545121571346e-121,1.5532121046109442e-229,1.0334831264870128e-306,0.0,0.0,5.73084208370734e-307,6.875965440188048e-308,0.0,9.720097218338185e-303,5.756405318389777e-196,7.408637474854e-311,4.163260092791136e-199,6.88821647613202e-238,3.9420065588799e-310,1.0214091148273446e-305,2.7547476623721625e-242,1.0652248200703e-311,1.981536578501657e-309,2.99744987607442e-307,0.0,0.0,0.0,0.0,0.0,0.0,0.0,0.0,0.0,0.0,0.0,0.0,0.0,0.0,0.0,0.0,0.0,0.0,0.0,0.0,0.0,0.0,0.0,0.0,0.0,0.0,0.0,0.0,0.0,0.0,0.0,0.0,0.0,0.0,0.0,0.0,0.0,0.0,0.0,0.0,,0.0,0.0,0.0,0.0,0.0,0.0,0.0,0.0,0.0,0.0,0.0,0.0,0.0,0.0,0.0,0.0,0.0,0.0
0.0009586914758479662,0.8792844806253424,0.6051348417271678,0.37446734052832026,0.0,1.5283384786320976e-66,5.461460713136083e-302,5.616640151761206e-302,7.15304828509514e-302,5.251120111933263e-304,1.2901845575222228e-81,2.710944547975781e-164,2.3682025433882256e-163,2.5537655756853677e-134,1.4771467056163491e-161,1.2675811074207825e-161,5.486998269281953e-81,5.422066915163142e-162,9.937352962450805e-86,0.9999388663759934,1.0634126361402937e-79,0.999031349062713,0.025359680336039647,1.1119818067264614e-274,9.036232724863555e-165,4.012385373490303e-205,0.9067790585190857,0.21410922767823384,0.19646872104330135,1.2207196807450333e-82,2.4164334138191978e-85,1.2305776104134878e-84,2.2581708379601383e-80,2.9966663745688864e-249,1.004386572053657e-78,1.5155888862576948e-83,2.847791884532868e-85,9.870878129793229e-86,3.724896997245557e-249,8.185726254482484e-249,7.4873937736624635e-84,1.715658005289251e-83,1.1271885008581616e-302,0.0,0.0,2.8018668688209513e-303,1.390766324797419e-249,0.0,0.0,0.0,0.0,0.010934721208605287,2.4882558625456764e-303,0.0,0.0,0.0,0.0,0.0,0.0,0.0,7.250906370912154e-252,0.0,1.7991043284674192e-249,6.882880633885243e-306,0.0,0.0,2.178902219382144e-306,0.0,0.0,0.0,0.0,0.0,0.0,0.0,0.0,0.0,0.0,0.0,0.0,0.0,0.0,0.0,0.0,0.0,0.0,0.0,0.0,0.0,0.0,0.0,0.0,0.0,0.0,0.0,0.0,0.0,0.0,0.0,0.0,0.0,0.0,0.0,0.0,0.0,0.0,0.0,0.0,0.0,0.0,0.0,0.0,,0.0,0.0,0.0,0.0,0.0,0.0,0.0,0.0,0.0,0.0,0.0,0.0,0.0,0.0,0.0,0.0,0.0
0.0007195055163528564,0.8725877573100318,0.29163542604571946,0.11473294535489091,0.0,1.0147535026035936e-66,3.8365958162151664e-302,3.23227218438135e-303,6.614159555402096e-302,1.8566189688126588e-302,8.484285083043532e-83,1.7259661870986695e-162,2.825614452229685e-164,4.2202428586385546e-134,1.936606799431906e-162,8.088233954221708e-162,1.5117255808475716e-79,1.3566774722638947e-162,2.5321997655533796e-86,0.5639448323625783,1.2775745080094112e-79,0.5863178419121,0.31505966410817743,2.472184833330727e-274,3.710580159634703e-163,4.106220468201198e-205,0.9107177253218276,0.7856350905980347,0.340305036680249,1.4913438492508126e-82,1.047254305222139e-83,1.0166430556047216e-85,1.2273898448573574e-79,9.724568720127601e-247,9.006659344233791e-81,6.146790251826572e-84,4.605772243142678e-84,2.0898597063165063e-81,1.0858985166912196e-246,4.238212185268772e-250,6.872843342531237e-82,4.7393849407040643e-82,1.0725742190730153e-304,0.0,0.0,1.7468500664496338e-302,1.0752789632398135e-249,0.0,0.0,0.0,0.0,0.00018645707605003908,1.680973350788981e-302,0.0,0.0,0.0,0.0,0.0,0.0,0.0,1.6633191066004004e-250,0.0,3.665136510583681e-248,2.271517526951076e-307,0.0,0.0,2.5773075705106725e-305,0.0,0.0,0.0,0.0,0.0,0.0,0.0,0.0,0.0,0.0,0.0,0.0,0.0,0.0,0.0,0.0,0.0,0.0,0.0,0.0,0.0,0.0,0.0,0.0,0.0,0.0,0.0,0.0,0.0,0.0,0.0,0.0,0.0,0.0,0.0,0.0,0.0,0.0,0.0,0.0,0.0,0.0,0.0,0.0,0.0,,0.0,0.0,0.0,0.0,0.0,0.0,0.0,0.0,0.0,0.0,0.0,0.0,0.0,0.0,0.0,0.0
0.0006829607341550498,0.9676747208482936,0.014435394447337187,0.006672115844480732,2.077915514885916e-222,2.1011216498636665e-158,0.0,0.0,0.0,0.0,3.0392696455948434e-84,3.833365139442011e-304,7.523880315996682e-304,8.475281153636315e-228,1.479043302662777e-302,8.651930655278824e-302,7.168125239734197e-192,9.735885403212087e-108,5.756951755164228e-58,0.6691044687297514,1.923663072462733e-51,0.9520478704060229,0.008517173728543308,1.4615715350630048e-201,4.204081419341184e-233,7.886872420288835e-290,0.028532967343223442,0.9205510554994003,0.0040014588605437485,1.8631490963956152e-84,7.974729809664465e-83,1.782829713126972e-85,7.128298794284087e-84,9.533914602000593e-192,1.301720339679338e-82,1.4739248760173187e-85,1.5926247182169765e-87,7.563299265089421e-83,9.943729404799072e-190,1.3950560937050776e-194,9.207852352147932e-83,1.7269711417878755e-81,0.0,1.3639877732094964e-306,1.213005194768564e-306,8.67855734465434e-232,8.459744785980161e-199,1.1292510868226919e-305,7.713753382207138e-307,5.911972527167526e-309,1.117580978883517e-304,0.00040547957552261815,6.340228300789693e-228,1.190752862429869e-302,5.752479388348566e-305,9.609748398242689e-308,1.3192368010734532e-302,2.7857965491503515e-304,0.0,1.0016038140248354e-301,7.131007393943073e-196,1.179965922111239e-307,2.1060828300905752e-193,1.3466344156404345e-235,1.1887194380064e-311,9.17631424431623e-307,7.072877398252267e-231,8.090805598386e-311,7.726653575684734e-306,2.1174608648468e-310,0.0,0.0,0.0,0.0,0.0,0.0,0.0,0.0,0.0,0.0,0.0,0.0,0.0,0.0,0.0,0.0,0.0,0.0,0.0,0.0,0.0,0.0,0.0,0.0,0.0,0.0,0.0,0.0,0.0,0.0,0.0,0.0,0.0,0.0,0.0,0.0,0.0,0.0,0.0,0.0,0.0,0.0,0.0,,0.0,0.0,0.0,0.0,0.0,0.0,0.0,0.0,0.0,0.0,0.0,0.0,0.0,0.0,0.0
1.5916614304324777e-05,0.04047037945874872,0.327277369521491,0.21917208464555002,3.6080866362311273e-163,5.5437506456943015e-123,7.39217628489445e-194,4.349017513396152e-190,1.4439130382335033e-190,3.4603990965047097e-197,1.8445836296930987e-79,2.476843652486474e-254,4.596963834693005e-246,7.69358896051087e-193,4.161507414032708e-246,3.805304869837869e-246,5.0343118040637e-81,0.0,4.23415551915301e-166,0.012822695074494007,1.1838451711233778e-162,4.9757713826587644e-14,7.081014291394921e-28,1.1787136573388504e-173,1.071765219618383e-95,1.8533080330096287e-120,0.18589157178962054,0.0001229431538417009,2.0944294467061165e-18,9.363229857139814e-93,9.835127668298232e-86,3.3797160753943753e-84,2.0531759051831195e-91,0.0,9.530166948359172e-86,1.5979078715855669e-90,2.523179769586604e-91,4.498823848476807e-105,0.0,0.0,1.404311732835124e-109,2.9443556884273713e-84,6.802624481379782e-192,1.2014130644749735e-255,5.49007415330108e-250,7.758252524999332e-202,0.0,9.540711413264135e-258,1.200857302187398e-249,1.7291799982668464e-253,8.036262039643948e-263,3.4840043038184854e-09,6.3649355131390304e-192,2.761527998209311e-251,1.008417815208571e-262,1.5767965677609884e-257,1.611860483666763e-254,3.453790065115209e-253,1.9441799393107608e-259,3.99308569163695e-248,3.995855419573559e-79,4.905083453843163e-246,0.0,7.316102736643066e-193,3.7668989353464775e-248,4.185909873361973e-246,3.1558292279473313e-194,1.6683383449278355e-246,2.327304665035517e-246,8.023549271275693e-248,0.0,0.0,0.0,0.0,0.0,0.0,0.0,0.0,0.0,0.0,0.0,0.0,0.0,0.0,0.0,0.0,0.0,0.0,0.0,0.0,0.0,0.0,0.0,0.0,0.0,0.0,0.0,0.0,0.0,0.0,0.0,0.0,0.0,0.0,0.0,0.0,0.0,0.0,0.0,0.0,0.0,0.0,0.0,0.0,,0.0,0.0,0.0,0.0,0.0,0.0,0.0,0.0,0.0,0.0,0.0,0.0,0.0,0.0
0.01771611027510747,0.43700858552795463,0.9676843608093838,0.13061631891049796,6.816132161606897e-162,1.6711738968998866e-118,4.68153269366954e-191,1.3055485873652725e-189,6.344335489936173e-190,3.8905237727755855e-190,3.288736395580481e-79,4.1940261158836435e-249,1.1492580864592042e-245,1.0005795860718896e-189,5.282711577333196e-246,1.4727070576461736e-245,1.6755642491883237e-79,0.0,2.0336731859741538e-165,0.9830882841302885,2.159078050161348e-162,0.008322211875627818,1.002783673599223e-07,2.9214670722433327e-164,6.963403760211924e-95,5.1740993788734096e-120,0.9906064927608232,0.32474744054113147,6.413295209847618e-05,1.8772562876130679e-84,1.9975510397025287e-84,1.6807825254814858e-84,8.522082152615344e-85,0.0,5.186866412104749e-80,4.6112761171347643e-85,7.284294176010835e-87,7.807560999305386e-94,0.0,0.0,2.1704108650373646e-94,4.730560505293517e-82,1.0832222577165614e-191,2.1667154253588027e-250,3.258173149118861e-248,7.264828432874104e-194,0.0,9.175209775238656e-250,1.3408687880891662e-248,9.454692662736162e-249,2.505331354737416e-259,1.8308568389779517e-06,6.323578135937719e-190,1.7616550592578426e-246,2.277894094455132e-249,1.4328119786238242e-246,1.9043938200610314e-246,7.642250073685744e-250,1.1829423332747957e-256,2.1735839329273262e-246,9.000670544550256e-80,1.0514924647424635e-246,0.0,1.6301242043432154e-191,9.76902413580624e-248,3.865892539077619e-246,5.792266043078354e-191,2.22932600521302e-246,4.974206065501425e-246,2.0780542818733468e-247,0.0,0.0,0.0,0.0,0.0,0.0,0.0,0.0,0.0,0.0,0.0,0.0,0.0,0.0,0.0,0.0,0.0,0.0,0.0,0.0,0.0,0.0,0.0,0.0,0.0,0.0,0.0,0.0,0.0,0.0,0.0,0.0,0.0,0.0,0.0,0.0,0.0,0.0,0.0,0.0,0.0,0.0,0.0,0.0,0.0,,0.0,0.0,0.0,0.0,0.0,0.0,0.0,0.0,0.0,0.0,0.0,0.0,0.0
0.08631594269197591,0.6914612326583616,0.8765122374297049,0.5217425865589719,7.799888640892843e-162,9.163081538450275e-118,1.2204343563402177e-189,5.965185914349191e-190,2.919268952971555e-190,1.0342243348800837e-189,5.600729177727255e-79,8.615960433073858e-246,1.4325554097281796e-245,1.5710563451398262e-189,1.3400573865351219e-245,1.1973085514098021e-245,1.4816676578403142e-79,0.0,1.4699357165233824e-165,0.9999339272658859,1.373794131074935e-162,0.9329711146646074,0.3354883871366349,8.36770750265353e-162,2.7603742041446886e-95,7.591387703262364e-120,0.9823269727441372,0.9878423393014417,0.8412322384832152,4.8780630591043516e-82,2.7064745123673803e-82,3.0964661761180377e-81,9.00054827123583e-81,0.0,6.540057486389521e-81,6.064538121165879e-81,1.5759405672590353e-82,1.033110870435261e-81,0.0,0.0,2.6875336389199088e-83,8.189788653768567e-82,1.0980782789459492e-189,1.5271281057281e-247,1.4360047199651793e-245,6.307303844849491e-190,0.0,9.484407374985256e-246,3.5708029244358325e-246,2.954095696948951e-246,7.784568139982608e-250,0.0009924337526778701,7.068441772156056e-190,4.798607906454883e-246,2.9376575233396602e-248,5.331229342748558e-246,6.264813919711169e-247,3.3866148523290876e-248,1.2150073422328993e-256,1.1740399718788943e-249,1.2344241212379213e-78,1.436495585524064e-245,0.0,1.207762030919321e-189,8.405051541317975e-247,7.56679464317073e-246,1.574491856040962e-189,1.405625310357482e-245,1.4369610247661672e-245,1.4170910670320208e-246,0.0,0.0,0.0,0.0,0.0,0.0,0.0,0.0,0.0,0.0,0.0,0.0,0.0,0.0,0.0,0.0,0.0,0.0,0.0,0.0,0.0,0.0,0.0,0.0,0.0,0.0,0.0,0.0,0.0,0.0,0.0,0.0,0.0,0.0,0.0,0.0,0.0,0.0,0.0,0.0,0.0,0.0,0.0,0.0,0.0,0.0,,0.0,0.0,0.0,0.0,0.0,0.0,0.0,0.0,0.0,0.0,0.0,0.0
0.19558569474056056,0.8374503990270792,0.9405844402081632,0.45245645423462455,3.4664707363678797e-159,9.985534411347957e-115,1.0915235252532748e-186,1.0269906216234786e-186,6.412014246988339e-187,2.7990128719649867e-187,7.378167771743722e-77,1.3747382349109513e-243,5.483246584246656e-243,4.205126602628093e-187,3.1079924958129585e-243,1.4726065708198991e-242,4.259901266552448e-77,0.0,8.008895262326582e-163,0.9999981116179543,3.9383973385533113e-159,0.9643175323812206,0.490217987822565,3.5591680884593315e-159,2.1263562006820588e-92,3.216538549861683e-117,0.9950481937868482,0.9975706034371444,0.5431831530441622,2.229044818868763e-80,1.5540535622672384e-80,1.1991913619092197e-79,6.518732234446716e-77,0.0,9.177643423584375e-77,3.2531142122732535e-79,3.5057854185442164e-80,3.246165749970745e-81,0.0,0.0,2.2317937621805017e-80,3.332717392123678e-79,9.500779686142723e-187,1.8016935750296823e-244,8.814686944916212e-243,5.188884661860872e-187,0.0,4.3285433790442656e-244,3.95778834169483e-243,3.9210022226356387e-243,2.808601452526608e-243,0.3212704574309082,8.026793364660938e-189,6.296952074828004e-243,3.835831706441499e-245,1.0798142181546252e-243,7.986922985865301e-249,4.619194022902149e-245,1.7674164821588484e-253,2.1273690562709093e-242,4.025329216166998e-77,1.6012279461537056e-242,0.0,6.745459477927418e-187,6.196750817096912e-243,6.231188632996774e-243,1.1952063807259186e-186,4.386354113301076e-243,6.143847892220358e-243,1.4082057090300057e-243,0.0,0.0,0.0,0.0,0.0,0.0,0.0,0.0,0.0,0.0,0.0,0.0,0.0,0.0,0.0,0.0,0.0,0.0,0.0,0.0,0.0,0.0,0.0,0.0,0.0,0.0,0.0,0.0,0.0,0.0,0.0,0.0,0.0,0.0,0.0,0.0,0.0,0.0,0.0,0.0,0.0,0.0,0.0,0.0,0.0,0.0,0.0,,0.0,0.0,0.0,0.0,0.0,0.0,0.0,0.0,0.0,0.0,0.0
0.075530509375544,0.6365081842945384,0.9834942007013879,0.5345458411041712,5.057463053088895e-162,1.2249731679765554e-118,1.6617940721773675e-189,1.4115110411068172e-189,1.356743128173378e-189,1.394329588789902e-189,5.673829668022285e-79,5.567481573932786e-246,4.554794851738869e-246,1.4785987333071499e-189,1.360944489172647e-245,1.0454866897529313e-245,1.3519444552923383e-79,0.0,8.81085935943176e-166,0.9988173834321495,4.706103159410344e-162,0.5343017623154072,0.05737348945887946,7.952224927597802e-163,9.467102754167388e-95,7.656275292450281e-120,0.9880142067284702,0.9933821484696339,0.04683987399745097,8.864915517084427e-82,4.0605113415948205e-82,3.7430820811319325e-81,1.4098121925736077e-78,0.0,2.0526626790117543e-78,1.5371369134487732e-81,1.4255399707171122e-81,2.5777012125814955e-83,0.0,0.0,2.9207210914576214e-82,6.72904041393275e-81,1.6435859775522333e-189,5.795624434877305e-246,1.3749782510686908e-245,1.6747752383768e-190,0.0,9.42201873982383e-246,2.1064336696391908e-247,1.841099997870945e-248,3.0855995823366244e-247,0.07735375447653159,3.936667894653178e-190,9.362117674519554e-246,1.5201473770499774e-247,5.74138962961004e-246,1.4395794795967826e-246,2.610130381990195e-249,1.1656973876205682e-256,1.438179115425632e-254,1.4803946788292942e-78,4.163851359234213e-246,0.0,1.3807361412721485e-189,6.889552628956692e-246,1.4027459943416862e-245,1.5877244624095989e-190,1.4775391995894976e-245,4.5459693212022385e-246,2.2155308557868392e-246,0.0,0.0,0.0,0.0,0.0,0.0,0.0,0.0,0.0,0.0,0.0,0.0,0.0,0.0,0.0,0.0,0.0,0.0,0.0,0.0,0.0,0.0,0.0,0.0,0.0,0.0,0.0,0.0,0.0,0.0,0.0,0.0,0.0,0.0,0.0,0.0,0.0,0.0,0.0,0.0,0.0,0.0,0.0,0.0,0.0,0.0,0.0,0.0,,0.0,0.0,0.0,0.0,0.0,0.0,0.0,0.0,0.0,0.0
0.027222094841527093,0.43999945823269804,0.9424221613756716,0.2504934881200354,6.790634815578341e-165,2.397129788646243e-121,1.006753800412879e-192,9.087342742430589e-193,8.204051725781006e-193,9.83184141156352e-193,2.0985316979947935e-81,5.641156089433464e-249,6.022366083924594e-249,9.615026398884131e-193,6.190222691789966e-249,6.287271049905301e-249,4.620292880954297e-82,0.0,1.7814336315227618e-168,0.9995015121732869,5.024914930963125e-165,0.9469230394930042,0.2803529608757879,7.303756661670959e-165,1.8913910864515663e-97,1.1648217246823854e-122,0.941512531969693,0.9765163369064395,0.63698657790661,3.626474327716635e-83,1.4361247037044624e-83,3.8460146239664606e-83,3.0617423431628084e-81,0.0,6.938966710351868e-81,6.321354726803535e-83,2.853018429655774e-83,3.570725575206997e-83,0.0,0.0,1.2492869316983264e-83,7.095817248269109e-83,1.0175952420517778e-192,6.117874764381295e-249,5.993961250821264e-249,4.2764646363097455e-193,0.0,3.9066063896944214e-249,3.742215337516273e-249,6.520126969935431e-249,6.535696618380741e-249,0.04860498690810224,1.0319646471458292e-192,6.487004438115994e-249,9.957943063608768e-250,2.540403542467059e-249,6.568429080424582e-249,1.4573262466462122e-251,4.752049227681503e-260,6.612277613370957e-249,4.1022228647873575e-81,5.986278803122755e-249,0.0,8.367833950901752e-193,4.3522406062874443e-249,5.959023916225533e-249,9.53512772548955e-193,6.103922792630492e-249,5.966869777431588e-249,5.628723226584974e-249,0.0,0.0,0.0,0.0,0.0,0.0,0.0,0.0,0.0,0.0,0.0,0.0,0.0,0.0,0.0,0.0,0.0,0.0,0.0,0.0,0.0,0.0,0.0,0.0,0.0,0.0,0.0,0.0,0.0,0.0,0.0,0.0,0.0,0.0,0.0,0.0,0.0,0.0,0.0,0.0,0.0,0.0,0.0,0.0,0.0,0.0,0.0,0.0,0.0,,0.0,0.0,0.0,0.0,0.0,0.0,0.0,0.0,0.0
0.027222094841527093,0.43999945823269804,0.9424221613756716,0.2504934881200354,6.790634815578341e-165,2.397129788646243e-121,1.006753800412879e-192,9.087342742430589e-193,8.204051725781006e-193,9.83184141156352e-193,2.0985316979947935e-81,5.641156089433464e-249,6.022366083924594e-249,9.615026398884131e-193,6.190222691789966e-249,6.287271049905301e-249,4.620292880954297e-82,0.0,1.7814336315227618e-168,0.9995015121732869,5.024914930963125e-165,0.9469230394930042,0.2803529608757879,7.303756661670959e-165,1.8913910864515663e-97,1.1648217246823854e-122,0.941512531969693,0.9765163369064395,0.63698657790661,3.626474327716635e-83,1.4361247037044624e-83,3.8460146239664606e-83,3.0617423431628084e-81,0.0,6.938966710351868e-81,6.321354726803535e-83,2.853018429655774e-83,3.570725575206997e-83,0.0,0.0,1.2492869316983264e-83,7.095817248269109e-83,1.0175952420517778e-192,6.117874764381295e-249,5.993961250821264e-249,4.2764646363097455e-193,0.0,3.9066063896944214e-249,3.742215337516273e-249,6.520126969935431e-249,6.535696618380741e-249,0.04860498690810224,1.0319646471458292e-192,6.487004438115994e-249,9.957943063608768e-250,2.540403542467059e-249,6.568429080424582e-249,1.4573262466462122e-251,4.752049227681503e-260,6.612277613370957e-249,4.1022228647873575e-81,5.986278803122755e-249,0.0,8.367833950901752e-193,4.3522406062874443e-249,5.959023916225533e-249,9.53512772548955e-193,6.103922792630492e-249,5.966869777431588e-249,5.628723226584974e-249,0.0,0.0,0.0,0.0,0.0,0.0,0.0,0.0,0.0,0.0,0.0,0.0,0.0,0.0,0.0,0.0,0.0,0.0,0.0,0.0,0.0,0.0,0.0,0.0,0.0,0.0,0.0,0.0,0.0,0.0,0.0,0.0,0.0,0.0,0.0,0.0,0.0,0.0,0.0,0.0,0.0,0.0,0.0,0.0,0.0,0.0,0.0,0.0,0.0,0.0,,0.0,0.0,0.0,0.0,0.0,0.0,0.0,0.0
0.027222094841527093,0.43999945823269804,0.9424221613756716,0.2504934881200354,6.790634815578341e-165,2.397129788646243e-121,1.006753800412879e-192,9.087342742430589e-193,8.204051725781006e-193,9.83184141156352e-193,2.0985316979947935e-81,5.641156089433464e-249,6.022366083924594e-249,9.615026398884131e-193,6.190222691789966e-249,6.287271049905301e-249,4.620292880954297e-82,0.0,1.7814336315227618e-168,0.9995015121732869,5.024914930963125e-165,0.9469230394930042,0.2803529608757879,7.303756661670959e-165,1.8913910864515663e-97,1.1648217246823854e-122,0.941512531969693,0.9765163369064395,0.63698657790661,3.626474327716635e-83,1.4361247037044624e-83,3.8460146239664606e-83,3.0617423431628084e-81,0.0,6.938966710351868e-81,6.321354726803535e-83,2.853018429655774e-83,3.570725575206997e-83,0.0,0.0,1.2492869316983264e-83,7.095817248269109e-83,1.0175952420517778e-192,6.117874764381295e-249,5.993961250821264e-249,4.2764646363097455e-193,0.0,3.9066063896944214e-249,3.742215337516273e-249,6.520126969935431e-249,6.535696618380741e-249,0.04860498690810224,1.0319646471458292e-192,6.487004438115994e-249,9.957943063608768e-250,2.540403542467059e-249,6.568429080424582e-249,1.4573262466462122e-251,4.752049227681503e-260,6.612277613370957e-249,4.1022228647873575e-81,5.986278803122755e-249,0.0,8.367833950901752e-193,4.3522406062874443e-249,5.959023916225533e-249,9.53512772548955e-193,6.103922792630492e-249,5.966869777431588e-249,5.628723226584974e-249,0.0,0.0,0.0,0.0,0.0,0.0,0.0,0.0,0.0,0.0,0.0,0.0,0.0,0.0,0.0,0.0,0.0,0.0,0.0,0.0,0.0,0.0,0.0,0.0,0.0,0.0,0.0,0.0,0.0,0.0,0.0,0.0,0.0,0.0,0.0,0.0,0.0,0.0,0.0,0.0,0.0,0.0,0.0,0.0,0.0,0.0,0.0,0.0,0.0,0.0,0.0,,0.0,0.0,0.0,0.0,0.0,0.0,0.0
0.08887741490427753,0.33299086031386765,0.9747159431932021,0.5239995459065638,5.609580616655894e-162,5.454264245556677e-118,1.509286238978821e-189,1.1109567219809102e-189,8.437948879193447e-190,1.406032564139064e-189,8.217693959959262e-79,6.38036492872906e-246,1.204331895321254e-245,4.547355006605666e-190,1.3076355864836348e-245,1.3699697629869903e-245,2.0339759614630253e-79,0.0,1.7147168073671945e-165,0.9999885071791468,1.2905440482777642e-162,0.9699512529245284,0.462382214507018,5.751866641150622e-162,2.5158180681239686e-95,9.03310550429133e-120,0.984187244448575,0.9959734073893598,0.7138533026989125,1.835547199498831e-81,2.5901458962249388e-82,2.2274636459314554e-81,1.2539478532483767e-78,0.0,2.897130676678528e-78,5.079857601974265e-81,1.074671322563242e-81,2.924433923891622e-81,0.0,0.0,3.447720682797692e-82,8.781436890793702e-82,1.5584279528661056e-189,3.238374810695355e-246,4.304650634062871e-246,6.233493233625298e-190,0.0,3.2964759670113786e-246,2.8983895127746904e-246,1.5275340847181722e-245,1.5384795701641476e-245,0.0005116045588407286,1.6251867753922224e-189,1.5044216619801665e-245,2.2774304305364517e-246,5.436324395411444e-246,1.5616606024085134e-245,3.525507451846683e-248,1.2261654092738756e-256,1.5930768845248406e-245,1.3981611312374313e-78,1.182857272483689e-245,0.0,8.680303365701149e-190,7.882245422985254e-246,1.1668087013795795e-245,1.2828781732608136e-189,1.2538172556821028e-245,1.171413641967475e-245,9.837012149125204e-246,0.0,0.0,0.0,0.0,0.0,0.0,0.0,0.0,0.0,0.0,0.0,0.0,0.0,0.0,0.0,0.0,0.0,0.0,0.0,0.0,0.0,0.0,0.0,0.0,0.0,0.0,0.0,0.0,0.0,0.0,0.0,0.0,0.0,0.0,0.0,0.0,0.0,0.0,0.0,0.0,0.0,0.0,0.0,0.0,0.0,0.0,0.0,0.0,0.0,0.0,0.0,0.0,,0.0,0.0,0.0,0.0,0.0,0.0
0.027222094841527093,0.43999945823269804,0.9424221613756716,0.2504934881200354,6.790634815578341e-165,2.397129788646243e-121,1.006753800412879e-192,9.087342742430589e-193,8.204051725781006e-193,9.83184141156352e-193,2.0985316979947935e-81,5.641156089433464e-249,6.022366083924594e-249,9.615026398884131e-193,6.190222691789966e-249,6.287271049905301e-249,4.620292880954297e-82,0.0,1.7814336315227618e-168,0.9995015121732869,5.024914930963125e-165,0.9469230394930042,0.2803529608757879,7.303756661670959e-165,1.8913910864515663e-97,1.1648217246823854e-122,0.941512531969693,0.9765163369064395,0.63698657790661,3.626474327716635e-83,1.4361247037044624e-83,3.8460146239664606e-83,3.0617423431628084e-81,0.0,6.938966710351868e-81,6.321354726803535e-83,2.853018429655774e-83,3.570725575206997e-83,0.0,0.0,1.2492869316983264e-83,7.095817248269109e-83,1.0175952420517778e-192,6.117874764381295e-249,5.993961250821264e-249,4.2764646363097455e-193,0.0,3.9066063896944214e-249,3.742215337516273e-249,6.520126969935431e-249,6.535696618380741e-249,0.04860498690810224,1.0319646471458292e-192,6.487004438115994e-249,9.957943063608768e-250,2.540403542467059e-249,6.568429080424582e-249,1.4573262466462122e-251,4.752049227681503e-260,6.612277613370957e-249,4.1022228647873575e-81,5.986278803122755e-249,0.0,8.367833950901752e-193,4.3522406062874443e-249,5.959023916225533e-249,9.53512772548955e-193,6.103922792630492e-249,5.966869777431588e-249,5.628723226584974e-249,0.0,0.0,0.0,0.0,0.0,0.0,0.0,0.0,0.0,0.0,0.0,0.0,0.0,0.0,0.0,0.0,0.0,0.0,0.0,0.0,0.0,0.0,0.0,0.0,0.0,0.0,0.0,0.0,0.0,0.0,0.0,0.0,0.0,0.0,0.0,0.0,0.0,0.0,0.0,0.0,0.0,0.0,0.0,0.0,0.0,0.0,0.0,0.0,0.0,0.0,0.0,0.0,0.0,,0.0,0.0,0.0,0.0,0.0
0.08758897997776682,0.6126987028162332,0.982906752230466,0.49752430214660326,8.987374533587996e-162,9.95597276224084e-118,8.056028450118598e-190,1.4290520173882318e-189,4.888882889769193e-190,1.2060021903629093e-189,7.845328482291329e-80,2.9658177138264417e-246,1.1533299502061047e-245,1.2719433476422247e-189,9.47916450656114e-246,1.2282083155025141e-245,7.742408052767425e-82,0.0,2.2662809619295576e-165,0.8789979642943986,2.4920339903329e-163,0.9898910342005578,0.3956091464236332,3.736416225602508e-162,8.180645153053864e-95,8.145722090386316e-120,0.9718466028917399,0.9925621136697703,0.5556129653560833,9.466659726111368e-82,4.730587439471822e-83,1.3151358694352106e-81,9.452450846794402e-79,0.0,2.574335774663822e-78,4.908757492547882e-81,4.118002067257688e-82,2.2811400988376625e-82,0.0,0.0,9.634248727557414e-83,1.1089261766042212e-82,4.581209504447698e-192,1.0523658625627685e-245,1.176780820178626e-245,1.8952456623670226e-191,0.0,1.1416796859346766e-246,9.211533794294783e-247,8.194666328965605e-247,2.0601604241194016e-252,0.00693110023052238,1.5355282329981615e-189,1.4357444491945471e-245,2.1330447083660215e-246,3.65421112035888e-246,1.527994746620442e-245,8.576971374229737e-259,1.2205772179527926e-256,6.226311671559126e-252,4.336725219211407e-79,1.307270028232285e-246,0.0,1.3931436471425334e-189,1.9577294127934585e-246,1.2021312808740267e-245,1.554308687947587e-190,7.629955198181019e-247,1.4021337130166138e-246,1.3092890400906214e-245,0.0,0.0,0.0,0.0,0.0,0.0,0.0,0.0,0.0,0.0,0.0,0.0,0.0,0.0,0.0,0.0,0.0,0.0,0.0,0.0,0.0,0.0,0.0,0.0,0.0,0.0,0.0,0.0,0.0,0.0,0.0,0.0,0.0,0.0,0.0,0.0,0.0,0.0,0.0,0.0,0.0,0.0,0.0,0.0,0.0,0.0,0.0,0.0,0.0,0.0,0.0,0.0,0.0,0.0,,0.0,0.0,0.0,0.0
0.08887741490427753,0.6660446239269564,0.9747159431932021,0.5239995459065638,5.336345223285114e-162,5.454264245556677e-118,1.509286238978821e-189,1.1109567219809102e-189,8.181915379411453e-190,1.406032564139064e-189,2.7964873723082863e-79,6.38036492872906e-246,1.204331895321254e-245,4.547355006605666e-190,1.3076355864836348e-245,1.3699697629869903e-245,2.0339759614630253e-79,0.0,1.7147168073671945e-165,0.9999885071791468,5.733725716028838e-162,0.9699512529245284,0.3434009258820091,6.015613058076825e-162,9.90657499479686e-95,9.089977721076706e-121,0.984187244448575,0.9959734073893598,0.7582000807656776,2.4512155820677577e-81,2.5901458962249388e-82,2.362266619789414e-81,1.2539478532483767e-78,0.0,2.897130676678528e-78,1.759236560631681e-81,1.074671322563242e-81,2.924433923891622e-81,0.0,0.0,3.447720682797692e-82,6.15355231081176e-81,1.5584279528661056e-189,3.238374810695355e-246,1.1874073567607184e-245,1.1653437063174443e-190,0.0,3.2964759670113786e-246,2.8983895127746904e-246,1.5275340847181722e-245,1.5384795701641476e-245,0.164820329377402,1.6251867753922224e-189,1.5044216619801665e-245,5.5071823599376175e-248,5.436324395411444e-246,1.5616606024085134e-245,1.7716077302211975e-253,1.2261654092738756e-256,1.5930768845248406e-245,1.3981611312374313e-78,1.182857272483689e-245,0.0,8.26676121531673e-190,4.55500814651916e-246,1.1668087013795795e-245,4.974446941639148e-190,1.2538172556821028e-245,4.5127377742064744e-246,9.837012149125204e-246,0.0,0.0,0.0,0.0,0.0,0.0,0.0,0.0,0.0,0.0,0.0,0.0,0.0,0.0,0.0,0.0,0.0,0.0,0.0,0.0,0.0,0.0,0.0,0.0,0.0,0.0,0.0,0.0,0.0,0.0,0.0,0.0,0.0,0.0,0.0,0.0,0.0,0.0,0.0,0.0,0.0,0.0,0.0,0.0,0.0,0.0,0.0,0.0,0.0,0.0,0.0,0.0,0.0,0.0,0.0,,0.0,0.0,0.0
0.08381555142332855,0.7023113007948365,0.8600660766437865,0.5493612886845187,7.91469978350105e-162,7.589549986705223e-118,6.936468613177699e-190,1.0590376563734434e-189,5.812265156666583e-190,7.601323429387767e-190,2.819411127786244e-79,1.3686421448290101e-245,1.2253574722196172e-245,1.3525424276301353e-189,1.4940835685721386e-245,1.5140250214820344e-245,6.408466352259338e-80,0.0,2.2718284170153693e-165,0.7138744286559474,4.494454243639678e-162,0.9330544905687848,0.23576563603241843,4.2057159444828523e-162,2.1170166357662342e-95,9.841706997586007e-120,0.9243768020287425,0.974200506165478,0.20576457001007123,8.759707675697196e-82,9.191031475841332e-82,3.304064939939225e-81,9.3877134635253e-79,0.0,1.8044957837590351e-78,1.8042318282515356e-81,2.725348212471351e-82,8.504408563405842e-82,0.0,0.0,3.4875851403770483e-82,3.5167996706973915e-81,4.507343168098475e-190,1.081565464783463e-245,4.5457152168008967e-246,4.3057615539401044e-190,0.0,8.818149849546847e-246,4.9224939313112544e-247,7.891523440723753e-246,3.1672743499223434e-251,0.08101824467210751,1.3111893641999259e-189,6.473627700960366e-247,3.418028095292009e-247,5.79357269214446e-247,3.230063562212846e-246,6.39296833560238e-249,1.2039224098717138e-256,1.5397512139367626e-245,1.2925159374270286e-78,1.265022736144715e-245,0.0,1.288432774745187e-189,1.4824629716165406e-246,7.630220663300277e-247,1.4081483811896687e-189,2.741069506998278e-247,7.303565606174284e-247,8.921419546323635e-246,0.0,0.0,0.0,0.0,0.0,0.0,0.0,0.0,0.0,0.0,0.0,0.0,0.0,0.0,0.0,0.0,0.0,0.0,0.0,0.0,0.0,0.0,0.0,0.0,0.0,0.0,0.0,0.0,0.0,0.0,0.0,0.0,0.0,0.0,0.0,0.0,0.0,0.0,0.0,0.0,0.0,0.0,0.0,0.0,0.0,0.0,0.0,0.0,0.0,0.0,0.0,0.0,0.0,0.0,0.0,0.0,,0.0,0.0
0.0003522644966989318,0.02630901540312366,0.5277202324031716,0.29550496955500144,1.2337839824919481e-51,7.731265863345298e-48,1.6321756858043376e-119,3.721233273090187e-115,1.104876076722462e-115,2.5779341653075857e-122,3.954912620551838e-79,3.1661073070468457e-142,8.952421112287163e-136,2.901351241655611e-118,9.516065301044561e-134,1.2336149274920936e-134,7.751963107958629e-83,9.8576031684061e-109,7.990452979240808e-55,0.20430300088465375,6.712491161431567e-51,9.035114484650827e-10,6.762276748878742e-23,9.970398748389058e-100,1.8315902436581675e-52,2.9417806191713898e-64,0.8954001794213455,0.011548145823461005,3.1314597763416045e-14,6.744284629770545e-94,2.7340101922485016e-84,3.634288894550996e-84,3.1325490563487196e-90,1.6516426207406108e-202,8.415692626920713e-86,3.466497567579014e-93,1.0547569518966417e-91,3.5827473720697684e-107,2.56740294256992e-197,3.4892802646050257e-191,5.92180141241651e-106,9.56906253053164e-86,8.939374937996997e-118,1.108521102536812e-146,7.749343682955246e-139,2.0187157563444277e-122,1.4187009021491802e-193,2.731108300809465e-143,3.538843258984412e-139,5.992794426257544e-139,7.332192729794121e-150,1.7025057802358614e-11,2.454273113139376e-117,7.624500037166918e-140,2.9196113405846476e-154,1.4952173059707873e-145,3.2462395826976773e-139,1.0059541978488644e-142,4.6404102955084566e-148,1.0690882558971626e-142,2.8592159249656744e-79,1.6239139062987069e-134,1.1274829249812323e-190,4.413188794938255e-119,7.801110697824454e-139,1.4506100326303125e-134,1.9507428881396053e-120,9.424429365047468e-135,9.90695511664812e-134,6.49208487391869e-138,0.0,0.0,0.0,0.0,0.0,0.0,0.0,0.0,0.0,0.0,0.0,0.0,0.0,0.0,0.0,0.0,0.0,0.0,0.0,0.0,0.0,0.0,0.0,0.0,0.0,0.0,0.0,0.0,0.0,0.0,0.0,0.0,0.0,0.0,0.0,0.0,0.0,0.0,0.0,0.0,0.0,0.0,0.0,0.0,0.0,0.0,0.0,0.0,0.0,0.0,0.0,0.0,0.0,0.0,0.0,0.0,0.0,,0.0
0.18322782659189984,0.7759888174035051,0.9728047225800867,0.7164793270190875,2.5049932185634657e-06,7.761767473250215e-10,1.0394529430808989e-82,3.391413339773079e-82,5.475054583386136e-82,2.908273947236603e-82,1.5093886097989224e-76,4.9856939393986355e-79,4.125028930000298e-79,9.938843746829984e-78,5.070887605525952e-78,3.1167851501433726e-78,4.9775281264026237e-76,0.015029429229713565,0.0005382881809749688,0.9999981151452165,0.5087636330790801,0.9723966045372018,0.4476579971712237,2.44067615394245e-55,8.207964697294637e-31,1.0006217058836595e-40,0.7477552849790375,0.9828363207635123,0.650813272661681,1.450935322238761e-80,2.3893035737443092e-79,4.2509627322787195e-80,3.066517509928076e-77,1.215276705767784e-81,4.8375521227447175e-76,1.3473369030699004e-79,1.6686908763329735e-80,5.1146208674222046e-80,1.8982217673536314e-80,8.531810109233101e-81,5.161047638712816e-81,4.486226205026036e-80,3.4544564606681765e-83,1.0594983263055965e-85,8.55090807182795e-86,5.287373898991254e-91,2.0109082126316625e-82,2.688122848695424e-85,5.6720457812307285e-86,4.715027199297722e-85,3.5898479974029734e-85,0.08411602016974715,9.119692995783666e-82,1.0789977630912158e-87,6.805020421834406e-86,8.53968413347247e-86,5.786614659150966e-85,9.853391881705919e-88,1.7645736757049956e-96,6.837082676982229e-85,1.898383856586903e-81,3.455491044691059e-85,1.8963608722544803e-81,1.6120325058132442e-82,8.758523722626028e-86,1.681605689740488e-85,2.5208332431683234e-82,2.847190281328454e-85,1.4581484784867057e-85,6.982906723965125e-86,0.0,0.0,0.0,0.0,0.0,0.0,0.0,0.0,0.0,0.0,0.0,0.0,0.0,0.0,0.0,0.0,0.0,0.0,0.0,0.0,0.0,0.0,0.0,0.0,0.0,0.0,0.0,0.0,0.0,0.0,0.0,0.0,0.0,0.0,0.0,0.0,0.0,0.0,0.0,0.0,0.0,0.0,0.0,0.0,0.0,0.0,0.0,0.0,0.0,0.0,0.0,0.0,0.0,0.0,0.0,0.0,0.0,0.0,
