pso001,pso002,pso003,pso004,pso005,pga001,pga002,pga003,pga004,pga005,pga023,pga024,pga025,pga026,pga027,pga028,pga029,psa001,psa002,psa003,psa004,psa005,psa006,psa007,psa008,psa009,psa010,psa011,psa012,pmd001,pmd002,pmd003,pmd004,pmd005,pmd006,pmd007,pmd008,pmd009,pmd010,pmd011,pmd012,pmd013,pmd014,pmd015,pmd016,pmd017,pmd018,pmd019,pmd020,pmd021,pmd022,pmd035,psz001,psz002,psz009,psz010,psz011,psz012,psz013,psz014,pad001,pad002,pad004,pad005,pad006,pad007,pad008,pad009,pad010,pad011,pad022,pad023,pad024,pad025,pad027,pad028,pad029,pad031,pad032,pad033,pad044,pcd001,pcd002,pcd003,pcd004,pcd007,pcd008,pcd009,pcd012,pcd013,pcd014,pcd015,pcd019,pcd020,pcd021,pcd022,pcd023,pcd025,pcd027,pcd028,pcd029,pcd039,pod001,pod002,pod003,pod004,pod005,pod006,pod007,pod008,pod009,pod010,pod011,pod012,pal001,pmj001,psu001,psu002,psu003,psu004,psu005,psu006,psu007,psu008,psu009,psu010,psu011,pni001,pni002
,4.480845495138988e-156,2.2747644286437486e-156,2.4150225996752374e-156,1.6932724735716073e-154,2.8547428524396858e-11,3.5797341855328236e-81,4.0528306095099428e-81,6.630255120975881e-81,4.621790541651205e-81,3.923193491153629e-83,6.106079578555549e-81,7.913511758406283e-81,8.080036026795544e-81,1.3259337576392802e-81,5.077992306283486e-81,4.765021813561838e-85,4.720085399077032e-154,3.9961864259863384e-11,4.784017474295274e-156,8.846788982514145e-154,1.306201263536619e-157,5.610995189456448e-159,4.4362086945091853e-159,1.0197135210461731e-159,4.3585076399899785e-159,4.6228522523228385e-156,2.4617554858238886e-156,1.0267015585863776e-157,6.967222466778141e-83,3.779237424914943e-84,2.3594765835719283e-84,7.94486169151077e-81,5.624472116003092e-81,2.5128454533388267e-81,3.2653559309847586e-83,7.191380630550035e-83,5.915586988526308e-83,5.815058519161376e-81,6.114746883176605e-81,8.018257184076171e-83,3.729110368296044e-83,2.0938818696933032e-81,5.935570303670568e-81,6.5394080861915265e-81,3.5371903972970223e-81,1.27467093898484e-81,7.478109338571514e-81,5.534660890276e-81,7.714831471868313e-81,7.42058176863262e-81,0.014878975538589445,7.417312425956449e-81,3.068211821007236e-81,8.039401462736211e-81,2.3830174769548827e-82,4.938212641440674e-81,4.987097395762443e-81,7.103468447358475e-81,5.389854666495038e-81,7.168775153548126e-83,6.199026205796214e-81,2.6615001905061683e-81,7.331036000162467e-81,4.620383481618045e-81,6.734262100057158e-81,8.048744879669388e-81,7.891708205493993e-81,4.480997535966456e-81,5.580460876522562e-81,0.0003335433742242154,0.000340230115938833,0.00021400170660518895,0.0003615471214604044,0.000344920992393781,0.0003021922378867053,8.082351567850076e-05,0.0001817548663408667,0.00016334523392684064,0.00020024965024984588,0.00033000492781191167,8.683978425387454e-05,0.00026694005803783524,0.00017962471924900904,0.00038625423788252427,0.00040200938957082074,0.00039882626095279737,0.00039882626095279737,0.00035738072275305713,0.00027935988299159517,0.00017632480609213038,0.00013300898650022466,0.0003708987044861916,0.00020006494762245827,0.0002061777409461736,0.00024307152956331706,0.0002596664702996571,0.00035558613310759485,0.00012280882484885423,0.00027434718801018856,4.938324865241282e-05,0.00027186325409686156,0.0001856575395017773,0.00018442218594864765,2.767037641765787e-05,0.000289085326459922,0.00011823676799977867,0.0003374152119028756,4.1607119035164e-05,0.00023924721352406675,7.814098210678714e-05,0.00036553645479793425,0.0003967781939408193,0.0002533933706492422,4.0278312641176145e-06,0.00016773832880584232,0.00040200938957082074,0.00040200938957082074,0.00037393797327563085,6.164485606695718e-05,6.164485606695718e-05,6.164485606695718e-05,0.0004084239397007585,6.164485606695718e-05,0.00040520860900716685,0.0004084239397007585,0.00039882626095279737,5.562027236367201e-06,0.0013586834843721037
4.480845495138988e-156,,2.0828169682558223e-156,1.6226772090540753e-156,2.261140947359616e-154,1.2789607963951467e-10,5.832983138956923e-76,2.7231532620222266e-76,4.861467099911502e-76,4.0207745265679395e-76,9.368311046232659e-78,1.0471271338122765e-76,3.473411385825152e-76,5.85148742679228e-76,5.854395125992728e-76,2.159696992619785e-76,1.5832752043084834e-77,2.213589453537573e-154,1.150930778056105e-11,1.9814208067647214e-156,1.3309984045369878e-154,4.764636526268604e-156,4.843228187979331e-156,6.526613726728904e-154,4.300447029649289e-154,6.80305896789153e-154,4.956976391366582e-156,4.576936803461841e-156,2.3362271976560137e-156,5.693340617478638e-78,2.4295033827290255e-77,2.0851154513861967e-77,5.71869136204719e-76,5.0574261710181985e-76,1.8669966629643784e-75,2.1258408242837007e-77,1.0985969472381878e-77,8.671843246183532e-78,1.5690074284582232e-76,3.2798486740941916e-76,1.7552181927991944e-79,9.390205595173826e-78,5.760600081111249e-76,5.519557717261976e-76,5.4170324524262866e-76,1.1135526720665753e-75,9.427486364028707e-77,1.5305369227173816e-76,4.326284603750232e-76,5.859715342692488e-76,6.934336591151473e-77,0.012107322977979533,1.448032503239081e-75,5.83328987627781e-76,5.1868884203814944e-77,5.316699181735938e-76,5.813629250369342e-76,2.4109377367290584e-77,5.859723931544065e-76,2.3010911536332457e-76,6.8496293163559365e-78,5.0519073800750154e-77,4.2973130318517285e-76,4.473890720753302e-76,8.24894637185571e-77,5.760997782857206e-76,1.2013817141864344e-76,5.385814228764047e-76,3.882559973597914e-76,1.8016630768786816e-76,0.6956079551480603,0.5039295208276122,0.6913248916481166,0.6972974911548837,0.5969274509737894,0.7038795902027055,0.4421970861350697,0.9322363418186579,0.688220048151051,0.7071945035081386,0.7402112736384248,0.3821333797968207,0.3508515758996326,0.7258549759860597,0.6327134024952623,0.42921119587506873,0.7449949389449197,0.7449949389449197,0.6652484671198022,0.4017604705990949,0.9527432537887505,0.7095407152151274,0.20435948224709163,0.6754152529088064,0.7236742892895691,0.7047810592515629,0.7011621615513757,0.3696814728972343,0.6486434094827866,0.715463372235451,0.8059532298788857,0.1024287430184336,0.42883397062584816,0.46333205879399053,0.5988260309355486,0.6315315565376318,0.6493010781982964,0.666655018108449,0.6803462366745421,0.6111637026727252,0.49229082914856903,0.4219519278345303,0.5062542363499318,0.630957738567177,0.2553569747892836,0.6056167547176785,0.7369206182131656,0.7369206182131656,0.7073920582460955,0.4808036850629085,0.4808036850629085,0.4808036850629085,0.39748461871756663,0.4808036850629085,0.671174256607382,0.6973574543558692,0.7449949389449197,0.12767905265574614,0.7954344856329679
2.2747644286437486e-156,2.0828169682558223e-156,,1.1446398035105592e-167,1.4352370965252153e-162,8.08556886313368e-14,9.61515213189064e-78,4.345819043222965e-78,3.240477819225633e-76,1.3548562696093392e-79,2.9650833708749392e-81,6.807029137520394e-83,3.2657309721352688e-83,1.1356951684465748e-81,2.0514162377442048e-77,1.0862699439838458e-79,2.697152804859819e-78,2.949966132237735e-157,1.372466003735314e-17,1.694492234143855e-156,2.102170510265456e-155,1.3776948377046917e-158,4.743498336125607e-156,1.6889944373750964e-156,2.8133079995844664e-155,1.349946160582033e-154,4.118502831912033e-158,1.4659462302173106e-156,4.731231078582948e-156,7.506125058602558e-86,5.6596883742193965e-87,3.9307237589631135e-86,3.9483470218254934e-78,2.467015226501437e-77,4.534351217604347e-77,9.109423436412074e-80,1.6676182193017412e-78,1.4367100667557568e-77,2.1951227869382043e-82,1.0400512533655092e-77,6.084699803995943e-82,3.9080149138065714e-83,1.112248097969075e-79,3.6277648610601824e-79,1.2742012597738014e-84,2.8222956824079196e-80,1.256130880610211e-76,4.447747309736388e-82,5.546508203033638e-80,6.078763957800678e-81,4.244574150541707e-77,8.645036115789372e-10,6.756052618388513e-76,5.076671351232386e-77,7.986114154263134e-81,2.213066942892304e-81,3.1656357037262674e-76,6.209205280216066e-78,1.0728656286805908e-75,4.583376896080762e-76,4.2584609076883e-80,9.141226967781815e-79,1.1067131774654632e-77,5.380361715701979e-78,1.3607456244635763e-78,3.289940853715429e-77,1.39829532511749e-76,2.7888162827131357e-80,6.557171383890882e-79,6.672358277919543e-78,0.16721036626478472,0.22952046908511803,0.9646800857910686,0.973646833085824,0.9240813122489799,0.5067575011789978,0.10520193982791219,0.908180136716098,0.7087951400463399,0.9844139338661564,0.9921629447175602,0.7482804624911046,0.984255239333921,0.951824141683055,0.9494245718557992,0.9933123587939896,0.7155583312283091,0.7155583312283091,0.8833777177108898,0.991546196975061,0.9547989589134346,0.36643831400774146,0.9591242736108353,0.9587272950171649,0.9687057117035418,0.9737571471226394,0.9674951516185777,0.7756647975719437,0.9795589510368111,0.99078808970406,0.780341726417072,0.9798866460410243,0.01782402135430694,0.32331717651805253,0.5818853154541088,0.295609090595492,0.13991714199754507,0.48622992926667785,0.0004386661697608872,0.009004739934923227,0.038803224468849776,0.8506412006266808,0.33288303035372996,0.08434806940950135,0.9237187242407641,0.9854614651102042,0.9051539081060095,0.9051539081060095,0.9752689938683785,0.9455341361097211,0.9455341361097211,0.9455341361097211,0.9732330949523761,0.9455341361097211,0.9867802642665928,0.9732330949523761,0.7155583312283091,0.8120828525012244,0.9117277104288806
2.4150225996752374e-156,1.6226772090540753e-156,1.1446398035105592e-167,,1.911013632138123e-161,2.7040688593814333e-14,8.018058804312386e-78,3.651012883045145e-77,9.107796717881405e-76,1.3777986793431775e-79,1.179915241469683e-84,1.6758654630166864e-80,6.065899168378844e-85,4.224386208251021e-80,1.742985004895621e-77,9.291193677686771e-78,4.043709180452322e-79,1.564293370893731e-155,3.609249830918731e-13,1.0351095651980618e-158,4.963025768162679e-157,9.508938688025472e-158,4.420465523747536e-156,2.233855768487515e-154,1.422916296341617e-159,1.2202464809460386e-156,2.265711050512416e-161,4.387355924580381e-156,1.8089274763826254e-157,1.0858578418276004e-81,1.8809429434181754e-84,3.619019422183463e-85,2.759523938426658e-77,4.915163192779221e-79,1.4547893337386433e-76,2.0321433199544496e-78,4.0920086554088817e-81,1.6124709301419783e-80,6.084483510356126e-81,3.5983983600329327e-78,3.1217512636636097e-83,6.365661668079627e-85,5.736190401185816e-82,4.341440646713645e-81,3.236804067146904e-86,9.686808679673828e-79,4.026280366521108e-77,8.360181143845479e-82,8.157796547633434e-82,1.3443310690312056e-80,8.535449017682447e-79,2.2812785497288929e-10,7.226924722912608e-77,6.781355185568931e-77,1.2643340937138857e-79,1.5159011020524033e-83,3.3997107385846072e-78,7.267767198729411e-78,5.4425883937053807e-76,3.245548065606244e-76,5.1573626517289896e-79,1.950655745574545e-76,2.240784321166193e-78,2.0205331145741836e-77,1.5414254043519534e-78,2.3243969393966037e-76,3.2911624662172753e-76,2.204503141685268e-79,5.753808852778479e-77,7.108082084117596e-78,0.26854319329897236,0.1641473966181133,0.1660442742265396,0.0069233898575234145,0.2584519831131199,0.19337869535181473,0.02311527445165756,0.022798714342196585,0.021011919260241072,0.07325664157586732,0.29707565582815953,0.08554457458284753,0.17859753012788904,0.25806119807419714,0.21584460324552582,0.2316622963355626,0.21167789143996538,0.29848668651765425,0.09453116880129846,0.06856449889108415,0.035171677536617575,0.006320631024434468,0.29844161799525526,0.03226253152958195,0.08899437653709788,0.2783351095422533,0.044556119445706574,0.2640769223862533,0.17956672694616518,0.2393989692498835,0.12004792681879087,0.2494814161013206,0.02280061977163887,0.009792472825912649,0.02311527445165756,0.1743369109253178,0.11835157761659064,0.08047092550937067,0.0003271805857003243,0.02521089046648504,0.00578052604025646,0.2841000331203669,0.06979736298308607,0.27860071990292573,0.16690226273825626,0.09218978893071701,0.2819096989152362,0.09998709053475714,0.2801642470539338,0.12443895932886694,0.12443895932886694,0.12443895932886694,0.27603411552499924,0.12443895932886694,0.2531008155646266,0.27603411552499924,0.29848668651765425,0.2105220680335114,0.41133520348779146
1.6932724735716073e-154,2.261140947359616e-154,1.4352370965252153e-162,1.911013632138123e-161,,7.913092122990119e-165,4.154544249144049e-229,6.820880605554203e-230,2.706702101174639e-229,2.30001206868543e-230,5.0965959233062e-81,3.5761658144038706e-231,3.356525471754715e-245,5.000910105165638e-235,6.726471183913672e-230,3.0183816988772725e-229,3.3131204799832834e-77,6.5284735246001e-309,3.8766394341633876e-166,5.08270579413528e-154,1.5990469357931051e-307,6.6054116888908055e-155,1.6986505753671074e-154,3.3098633735935455e-231,8.849478434812584e-230,2.40782221507249e-231,2.839349800666844e-155,8.560574414366592e-154,4.165391345661072e-154,6.2325103245804445e-77,4.529386420041328e-78,9.327590504890918e-78,4.452329047217283e-73,1.4374995669084853e-229,1.5313033297798563e-73,1.863764667148182e-76,7.135295672648574e-77,1.0123342270835299e-75,7.027510769263462e-231,3.651816193401679e-229,1.1570327481218626e-76,2.2619534583249637e-81,2.1053609115699905e-232,3.056026084493555e-230,1.6170991784415278e-233,1.7558714041804205e-151,5.797006380852424e-232,2.262780950267944e-232,5.997075900211818e-233,7.317133686563733e-230,1.0129065023004568e-229,0.0008434075114847889,1.1518595607466779e-150,2.9541582918067032e-230,2.218524006872633e-230,2.4856633389936184e-233,4.878440938599451e-229,1.8250986618264075e-229,5.3968416111358905e-229,5.3034925448092336e-229,4.0112637304684196e-81,1.5172514217933738e-229,8.491163649049337e-231,5.422910710412055e-230,1.2457250520644413e-230,4.139820147656853e-229,5.994174001253325e-230,1.8784393984680545e-230,6.659322602265578e-230,1.6353799279000707e-232,8.787459146349254e-151,8.137715183001937e-152,6.61480305623073e-151,1.0035389863060746e-150,8.491199851867239e-151,8.907471701587878e-151,2.5837990455993016e-151,5.85915434870995e-73,2.254521069545047e-151,8.059235194333139e-151,1.044834201461268e-150,3.1897739998944364e-151,1.470360724663098e-151,4.430334539971046e-151,5.394827935694899e-151,1.7835008629588944e-151,1.0517143417402597e-150,7.619057272199095e-151,7.244624115171264e-151,1.0361014378919332e-150,6.371358011658555e-73,4.537158353501636e-151,8.833194845230023e-151,9.862949683126407e-151,5.645825296492894e-151,6.196489946116909e-151,6.174829108416209e-151,3.7795601942121986e-152,6.746992979716014e-151,1.0024082877983858e-150,0.9905078405768669,9.105131931776536e-151,1.0278970496804376e-151,2.696450562322382e-153,4.8262121882699715e-151,7.150550385493153e-152,4.142736651716273e-152,4.306233022327028e-151,0.011016837430756323,1.7743982372553595e-153,5.8600572122824e-152,1.7448965899526123e-151,1.0725011381364967e-152,4.077791446732699e-151,3.11869452980208e-151,1.225908163911093e-151,8.164904222919995e-151,9.78266927754231e-151,3.558943974419141e-151,8.957911130407353e-154,8.957911130407353e-154,8.957911130407353e-154,5.9055188035185e-151,8.957911130407353e-154,1.0618026416106494e-150,7.072091088404356e-151,7.619057272199095e-151,7.421927020134002e-151,0.026527679867733904
2.8547428524396858e-11,1.2789607963951467e-10,8.08556886313368e-14,2.7040688593814333e-14,7.913092122990119e-165,,6.602171963848369e-180,1.4836081218454512e-181,6.91858529262132e-179,2.4646601344645333e-177,5.171254612704231e-25,5.974590256292023e-179,1.5717937401732745e-179,2.2534587442832232e-181,3.5828519130817265e-176,1.3923944795283903e-176,2.19495957304219e-22,5.624472184556157e-163,1.8701006976007045e-299,1.949478217750611e-10,5.423932894559191e-163,2.0168981941420026e-10,8.118002401778494e-12,4.934286395791298e-93,4.919051563407334e-91,1.3802329685211215e-92,1.1965967604526474e-10,2.998989395119091e-10,1.3544216573359562e-10,1.2341734005312967e-25,9.972366083116025e-24,1.4623976497218223e-24,1.3491370404152328e-20,3.983879309964011e-177,1.1958637269168762e-21,3.786122105780459e-22,4.973118658265114e-25,1.1312281876905377e-23,4.8991297596800735e-175,6.416361284605887e-175,4.377174898641416e-25,9.116984459118833e-23,1.403919557049557e-174,7.0853090276764855e-177,2.613040629182291e-180,7.647797420465318e-99,9.203093940703397e-178,3.7643630172235335e-180,6.923797481391614e-176,8.766954900336982e-176,1.922094986417402e-174,0.004532692620505445,1.768215263003955e-96,1.6810627425845135e-175,1.5022052753803318e-176,4.304259926606379e-175,1.4580527491287837e-174,1.0256574332764984e-175,1.8768498423719492e-175,1.2247691003228722e-174,2.4380025646114308e-24,7.615224334253512e-175,1.1799713107463076e-175,2.3547447079933928e-175,6.173436212017769e-175,3.902787253283661e-175,4.5358645011054047e-175,5.925701493650232e-177,7.443207831331168e-176,3.592123634117247e-175,4.029508218855121e-175,6.177526128622436e-175,8.617667662409469e-175,6.182618955829163e-175,2.945510730802185e-175,5.229884959024317e-175,1.787488458175317e-176,2.653893335480539e-97,4.811170412752739e-175,5.783448896593771e-175,7.217212490197062e-175,2.6780132635379807e-175,1.5907316980102949e-174,1.8661700950845596e-174,1.9266276858049334e-174,2.797662982449198e-175,2.0013514181890984e-174,2.0013514181890984e-174,5.322243612659148e-175,1.2469172407854476e-175,1.777393494727262e-96,5.823731006147997e-175,7.721564028260564e-175,1.764092801540841e-174,1.4008584420422893e-174,5.667976651582064e-175,1.4284028325352797e-174,1.138163124837651e-174,5.229272687274771e-175,1.28896428196586e-175,2.4732226253112804e-22,8.802488350793133e-175,4.930288047074258e-175,1.0314145035685482e-174,2.343414383430195e-175,6.590166927531267e-175,7.343814849422931e-175,1.7406796941514435e-174,4.817147180757039e-26,2.8958668800894737e-177,2.3033065831718755e-176,2.044647808425292e-174,1.3012242202243583e-174,1.3997508318863936e-174,1.3602512581293647e-174,1.6490229973242194e-174,1.4831041087644687e-174,1.9771182326600582e-174,1.8020617264348296e-176,1.4469821149691938e-177,1.4469821149691938e-177,1.4469821149691938e-177,1.448703312383216e-174,1.4469821149691938e-177,2.0688837955427595e-174,1.448703312383216e-174,1.5893983212464292e-174,1.1925436767561445e-174,5.429682389988851e-22
3.5797341855328236e-81,5.832983138956923e-76,9.61515213189064e-78,8.018058804312386e-78,4.154544249144049e-229,6.602171963848369e-180,,0.0,1.1804267066618885e-308,9.215191821819e-311,3.1012741542256787e-155,0.0,1.60455282793707e-310,7.79749374903e-312,1.6382485255822297e-307,4.129691942067306e-308,9.210389628849826e-156,1.4703176975288867e-229,3.0484753156571956e-162,2.7236221049953445e-77,2.6442368529081833e-229,4.6955982019978956e-77,2.0231981962171646e-76,3.622350365805455e-193,8.238004791872956e-191,1.231586176831252e-190,6.413091212022775e-79,1.0912777138153264e-75,4.023379080602229e-76,1.274427827677611e-155,1.5854211635370895e-154,7.92656851587298e-155,5.12653938650864e-152,3.14955519696887e-310,1.1567846859779706e-151,5.122180148264092e-154,7.1302694793304585e-155,9.293651448944549e-155,4.46056727274749e-309,4.0272239874277e-310,7.10743704845286e-157,4.266811391039453e-154,2.2577856654947156e-308,1.90818672183735e-310,1.5363856699427203e-308,6.2935082313548084e-232,1.35554597034239e-309,1.417478368328414e-309,2.389329937692145e-308,6.575062662664382e-308,1.453691642810136e-307,2.2294082109362133e-05,4.493323834746307e-230,1.844939450947359e-308,2.51572841825371e-309,1.709300651522326e-309,1.4851153195348996e-308,2.008508139606875e-309,1.0526645220279931e-307,1.1535002193563046e-307,1.1965456977833936e-155,2.951185912017677e-308,1.513353149065315e-308,1.3318153461413134e-307,1.1522162300006658e-307,0.0,1.102497223273042e-307,0.0,4.9667696220638e-310,1.016463587006155e-308,1.184383615348912e-191,2.1359574273793703e-190,3.5987830890421583e-191,1.3488771642814792e-191,3.80538507664422e-190,1.0231573654369293e-191,3.4956885266503313e-191,2.1570780264329556e-112,3.9934190014476937e-191,6.977091581824956e-193,8.700929018406248e-190,9.259426716465653e-192,7.632206257630072e-190,1.511183948784149e-191,7.653486992808026e-190,1.1238745294732161e-189,5.421524218221688e-190,6.720360672869307e-190,2.4439420212385963e-190,5.753213940562869e-190,1.286402886833901e-111,5.1648858228787834e-191,9.809133413170169e-190,7.806715250515559e-190,1.6678357551274217e-190,1.0652458058830461e-192,8.415869945996455e-190,3.995637729760089e-190,2.284702501846368e-190,1.3513632554633439e-190,2.1255362562945604e-36,1.6600205994882881e-190,3.373915602974177e-191,1.615773599427752e-191,1.2057218683089817e-191,8.005822373648193e-191,2.0752397121173747e-190,2.0061012482863447e-190,2.360500815014627e-38,1.627066767097253e-191,2.49170954267279e-190,1.0038023553261338e-189,1.9502327137971375e-190,2.0017710324442696e-190,5.181960764388892e-190,8.125428435768182e-190,7.820407831506871e-190,1.1238745294732161e-189,1.062375711725599e-189,7.367337656776579e-193,7.367337656776579e-193,7.367337656776579e-193,1.0576845710156559e-189,7.367337656776579e-193,8.17292582135018e-190,1.0576845710156559e-189,5.421524218221688e-190,2.7553636143337415e-190,4.579112190859272e-37
4.0528306095099428e-81,2.7231532620222266e-76,4.345819043222965e-78,3.651012883045145e-77,6.820880605554203e-230,1.4836081218454512e-181,0.0,,4.87142803772489e-309,0.0,1.776316876724711e-160,0.0,0.0,6.2157915567206e-311,5.96424945410347e-310,0.0,1.7191608406764896e-159,3.818634328485957e-231,1.1834534463445897e-165,2.4173516318649517e-78,4.680055983434685e-230,1.3214668550961773e-78,2.086393995363898e-76,3.247128647452404e-194,4.1076512704350386e-191,1.3634927625059267e-195,1.0423173651519874e-79,1.0960214141792984e-76,3.531125238757274e-76,2.4941657299860035e-156,3.947424087735677e-157,2.436670700640079e-156,3.7648226047676123e-152,2.856154016332756e-309,1.5918168717623956e-153,1.5917633132346265e-155,2.7414682756118333e-157,2.691279700496595e-155,2.9422909204836e-310,2.17064486969893e-309,1.0085646228675589e-157,1.4866728266421783e-155,3.2236134147554e-310,0.0,0.0,1.8406529507174995e-232,1.68927732500654e-310,1.5233584570156e-311,3.43098927189294e-310,5.84118345846636e-309,5.530889312705667e-308,9.480170620945862e-08,1.407542715759381e-229,5.21317245931416e-309,2.488743158665734e-308,2.04594559967564e-309,0.0,1.0417716771486106e-308,1.6572458577843502e-307,7.471576096062014e-308,1.4057914102814178e-155,1.025168250550654e-309,2.2880896145680066e-308,2.3116293118713153e-308,4.687289182093703e-308,1.200653269809385e-309,2.157267368617976e-309,0.0,2.059961849394e-311,1.38774610502718e-309,1.9636321415049518e-190,2.0908169913956185e-190,5.192759850528822e-190,3.167444606913534e-191,9.562730863202607e-190,9.98715866458621e-190,5.006938655418164e-191,8.155863203157549e-113,1.1770757028625525e-190,2.4154520114041425e-190,9.693651084021992e-190,6.748164618470306e-190,2.0657043128150712e-190,1.0870885577646136e-189,1.3492028317101146e-190,7.086620253549363e-190,1.0257038577518264e-189,3.919857532091903e-190,7.406095056872443e-190,1.1045010847589362e-189,6.047376267548223e-112,5.130674623973422e-190,6.377479052939689e-190,5.348352937149122e-190,9.514087751038832e-190,1.0496051890077534e-189,1.0210234542178553e-189,9.665420067408672e-190,8.76349672180558e-190,1.1056832336447266e-189,1.0647001681104162e-36,9.809524306377834e-190,2.5127783399031837e-191,1.8986554493144176e-190,2.641198877266679e-190,8.772668174705833e-190,4.971510160249649e-190,3.3591881501485464e-190,4.748022591844792e-39,6.44002280711931e-191,7.939230400751535e-192,9.768862372499404e-190,3.384636120916937e-190,9.325551685388032e-190,3.264828242678563e-190,8.96592760501542e-190,4.2081758027047835e-190,1.0972859611803294e-189,1.0155741146981594e-189,6.743300838144043e-193,6.743300838144043e-193,6.743300838144043e-193,8.115537489517659e-190,6.743300838144043e-193,1.0745713891691408e-189,8.115537489517659e-190,9.409390262406992e-190,5.741755376513652e-190,1.035331129188229e-36
6.630255120975881e-81,4.861467099911502e-76,3.240477819225633e-76,9.107796717881405e-76,2.706702101174639e-229,6.91858529262132e-179,1.1804267066618885e-308,4.87142803772489e-309,,2.5075952984918757e-308,5.117348669579588e-156,2.9670104376223e-310,1.743456320093835e-309,1.949092746317031e-308,1.3818824030303636e-307,1.5714403158423966e-307,9.784908493769147e-155,1.7523788011815328e-229,1.1753922194436064e-158,1.9503106365016794e-75,1.4729216378451976e-229,2.3654720659357258e-76,1.9008214216260903e-76,3.4138889501838004e-191,5.715292361240155e-190,7.309812748898427e-190,2.0432102825068034e-75,2.2668351720060968e-75,7.103332884756389e-76,3.395401283650781e-154,2.5963160782975072e-154,5.2154517088804435e-154,2.9741287695132413e-152,6.567447904811048e-308,2.9688187952427353e-151,6.718003608343683e-154,4.9119288774167237e-154,4.001962829203477e-154,1.5646862951718537e-307,2.772713266572292e-308,3.130807839432892e-154,4.918436718405027e-154,1.2173331167749814e-307,2.3354080950529893e-308,1.731224262260626e-308,2.48888992569831e-229,1.349889123556379e-307,8.663874890319695e-309,1.6174823275809209e-307,4.971359153279865e-308,8.940251943011312e-308,4.114242643866632e-05,5.354319597230671e-229,1.6463384677595662e-307,7.31656417082767e-308,1.114292220294411e-307,1.219135792597676e-307,9.183967905064837e-308,1.6424319897206979e-307,1.414563287529127e-307,5.847909030310531e-154,1.4990500512319032e-307,1.6385303731887641e-307,1.0209069147260737e-307,7.890305643918988e-308,1.037550906483233e-307,9.618996491487684e-308,1.5698080674293104e-307,1.1763603919081065e-307,1.3026262010091027e-307,6.487761400684415e-190,4.658020241102207e-190,6.188620960467446e-190,8.271635371033471e-190,4.674869193009221e-190,8.689605501427745e-190,6.23989031578188e-190,2.0985588099485378e-113,3.067254189637963e-190,7.778748926348018e-190,5.03185782507914e-190,7.857771852192685e-190,4.610697162170648e-190,9.104949713409061e-190,2.2032307030629472e-190,7.289688509666652e-190,7.084068605106527e-190,7.084068605106527e-190,8.495989323143323e-190,5.204997937589912e-190,1.3646880456759638e-111,8.956547198091317e-190,8.715507384849838e-190,5.08883902995998e-190,8.381187423400394e-190,9.017861190660308e-190,3.774545532541307e-190,6.966502276041972e-190,6.411734575473158e-190,7.216006768469614e-190,6.959256223134386e-37,4.798488286872771e-190,5.634438392970192e-190,2.6931994475903936e-190,5.527771787841545e-190,7.627032676553178e-190,8.105502520436983e-190,7.173331234467795e-190,6.609701171404949e-37,7.748024140594479e-190,9.282504830691722e-191,9.373850197770913e-190,9.436165247141304e-190,8.531519433786569e-190,7.416007659898839e-190,8.59150306812984e-190,1.534926364334787e-190,7.289688509666652e-190,9.087627730460219e-190,5.838712647093154e-193,5.838712647093154e-193,5.838712647093154e-193,6.500556541227275e-190,5.838712647093154e-193,2.847510864775597e-190,5.273488648321329e-190,7.084068605106527e-190,7.926955928341059e-190,1.6254333149550564e-36
4.621790541651205e-81,4.0207745265679395e-76,1.3548562696093392e-79,1.3777986793431775e-79,2.30001206868543e-230,2.4646601344645333e-177,9.215191821819e-311,0.0,2.5075952984918757e-308,,3.4850271745756735e-158,0.0,2.0926928070237e-311,3.590247572825416e-309,0.0,2.5518089886584e-311,1.7912925401139132e-168,1.9507745174309307e-230,1.1355061468256843e-167,8.317356665898776e-76,1.7570791539483157e-230,4.4359077124946964e-82,6.4080736507500925e-77,2.9031183389153514e-194,8.134968055241782e-194,1.6653021106532156e-196,2.9010772570966376e-81,2.0389383606713795e-75,8.320951299704266e-76,4.602576915391531e-158,2.0005673439054235e-160,5.226706977893651e-158,2.7423996317811974e-153,0.0,7.020357366692576e-154,3.9595898304464107e-156,2.7524344061100636e-157,1.2970278350293471e-155,0.0,9.0770542756173e-311,1.7946864143450715e-157,1.5723908899031904e-159,8.88856487002e-312,0.0,0.0,6.792908251016115e-231,3.781350131561e-311,5.157621977398e-311,5.6635448757096e-311,5.58857230512914e-309,1.0486891890404213e-308,5.508234631939582e-11,1.4908248876844934e-229,7.708685226997e-312,0.0,6.5686422358845e-311,0.0,0.0,1.3277563852893823e-307,1.821937055870092e-308,2.2865260084586288e-156,5.163927530642993e-308,9.765802039358e-311,6.69739105472484e-309,1.90801633422787e-309,2.42254624152692e-309,7.261047668943831e-308,9.795499736906905e-309,9.450326408118e-310,7.85673124797827e-310,1.3251036206909018e-190,6.016737134838841e-193,4.0109504121364686e-191,4.375637144767081e-192,7.904885528904709e-190,9.565979335521212e-190,4.927182311814347e-190,6.7415656178094725e-112,2.382875808971541e-192,1.3556984072822123e-193,7.214350601354379e-190,3.718466209036429e-190,6.107663658546718e-190,2.0298464573281036e-190,6.485361987967696e-190,5.785725842550302e-190,4.559304344925457e-190,8.753793453195082e-190,1.0130722768638157e-189,1.0671644696753424e-189,1.6437385462666564e-112,3.851558186877044e-190,1.0366003654291434e-189,1.1060375475745886e-189,6.804389545908118e-190,7.497943965906658e-190,1.0154853443808288e-189,8.638964510300392e-191,7.042049864658241e-190,1.136055051612785e-189,2.0160917437145673e-36,4.627402585844873e-190,6.016480742402819e-191,4.746725417836358e-192,2.2883939837516756e-191,4.777818506759507e-190,3.735797723630406e-190,3.8234018373311805e-191,1.321442269467736e-38,4.3831373714121515e-192,1.889036834477801e-193,1.350180552580776e-190,4.3859120013692736e-190,3.08103629919474e-191,2.2127566453734318e-190,9.634705866042444e-190,5.785725842550302e-190,5.160288872172003e-190,6.037144935808791e-190,7.056988385448087e-193,7.056988385448087e-193,7.056988385448087e-193,9.298578139603654e-190,7.056988385448087e-193,7.337195772176464e-190,9.298578139603654e-190,4.559304344925457e-190,2.3603418507280997e-190,8.203503554567224e-37
3.923193491153629e-83,9.368311046232659e-78,2.9650833708749392e-81,1.179915241469683e-84,5.0965959233062e-81,5.171254612704231e-25,3.1012741542256787e-155,1.776316876724711e-160,5.117348669579588e-156,3.4850271745756735e-158,,4.582314640395399e-163,1.0665055615145505e-157,6.205106135861995e-156,4.005926412088326e-159,9.357634608976388e-161,1.8189469136733538e-159,3.71748920223116e-79,1.912348128381173e-08,1.4119765302284557e-80,2.2288823641633146e-82,9.216217097272355e-84,4.587847643555854e-78,4.253895768076173e-116,1.1185600594383527e-120,2.103182894819078e-116,2.9591437299496387e-85,2.6371537306876334e-77,1.9393431499495663e-77,1.9959752613423893e-165,2.531947191682854e-168,1.4894681019753264e-164,1.5702873083968623e-156,4.851057040200762e-156,1.7942189669556685e-155,1.0738748590712163e-157,2.1770764775948848e-161,5.305129122691342e-158,2.3478120508512284e-162,6.390825263370167e-156,4.581747822047716e-161,5.301382520778239e-165,2.762087438662312e-158,9.684886174818562e-161,1.0137953853194771e-163,9.707645743813798e-158,4.1852057508096675e-157,1.5481184928405329e-158,5.702051934714838e-160,2.622761074086492e-156,1.0924679674887558e-156,3.5640446004584215e-15,2.2238057984919258e-155,2.5327384853470028e-155,1.7160457665225722e-157,5.945516980243942e-157,7.089182354890091e-156,7.009805984495961e-158,3.900269863908598e-155,1.7624351455246133e-155,1.831915799877132e-158,4.684979151156794e-156,1.3202249579701507e-156,1.1845133389807655e-154,1.7823405993126059e-155,8.137731107106372e-157,1.0280395188296268e-155,1.556070509937562e-158,1.4097690120170885e-159,8.785646711494642e-157,2.431314912211622e-37,9.43846791386878e-41,2.2620854630304515e-37,4.752975172790793e-38,1.9749935387316072e-37,2.8851564623669973e-39,1.0078499656896108e-37,7.005633401217445e-38,2.563930404587198e-38,5.21229017643343e-37,3.154271704871754e-37,1.435568065929108e-37,1.6591594790327272e-37,2.0230380899964093e-37,6.066086224925751e-37,2.627280789959261e-37,4.641429979106306e-37,4.641429979106306e-37,8.060644527095597e-38,6.6358591879022005e-37,7.035772554730037e-37,1.2874928661176379e-37,3.010667676586657e-37,3.212955710101259e-37,5.2423465783104955e-37,5.157844949450361e-37,3.386712582880254e-37,1.5358076308647012e-37,4.584868958079872e-37,2.2151653001950686e-37,8.91928434620158e-39,6.097916430801039e-37,1.26004722095438e-38,7.988051392612092e-39,2.9290993595230723e-37,2.776344082912761e-38,2.2445585898195338e-38,1.1612720806787993e-37,3.0234761272492717e-42,5.503539091843267e-41,2.890157735955844e-37,2.675525198280715e-38,8.549382988534856e-39,2.766422054724392e-38,5.239293031858042e-37,4.565521585156546e-37,3.5860696339395787e-37,6.702360669728101e-37,4.574580502277404e-37,1.4594004753895911e-38,1.4594004753895911e-38,1.4594004753895911e-38,5.476320303654652e-37,1.4594004753895911e-38,6.82648992167935e-38,2.1521526580661067e-37,1.010485701828159e-37,5.585655910011348e-37,1.6117299505314598e-35
6.106079578555549e-81,1.0471271338122765e-76,6.807029137520394e-83,1.6758654630166864e-80,3.5761658144038706e-231,5.974590256292023e-179,0.0,0.0,2.9670104376223e-310,0.0,4.582314640395399e-163,,0.0,0.0,2.63750228034506e-310,6.687114957254e-311,1.197127808635207e-157,4.5159603096429005e-231,3.3678458559384147e-164,2.9045796385485737e-76,3.3090004703766246e-231,1.4184834478597929e-77,1.205038460662404e-77,8.87115714020655e-193,8.899449651670204e-193,7.01063746744607e-193,8.817587258615626e-78,2.2485069917513036e-75,3.270626412297005e-76,1.1853059669456092e-171,6.769736381583503e-162,1.6251025486798071e-158,2.8393538995769473e-152,1.556461474271e-311,1.5649112920081103e-153,2.436590049216219e-156,1.0342471880220394e-160,6.353974064399222e-158,0.0,2.213822477554e-311,8.728281892599514e-161,2.3058962971877608e-156,2.28201220961611e-309,0.0,0.0,2.524924356497822e-238,0.0,0.0,0.0,2.7154637148007e-311,5.3602473389757e-311,3.9832417524410114e-16,2.5498704674316442e-231,6.453865655902e-311,0.0,1.947079985691e-311,9.547349622194996e-309,1.82110354044283e-310,2.775374575537483e-308,9.060969275970124e-309,9.318673708615776e-161,1.494325304879526e-309,8.14789337781e-312,6.374475559736e-310,2.268725837545e-310,1.31892844148284e-309,6.23360948032913e-310,0.0,0.0,0.0,2.051481309319105e-190,4.7911954175049305e-192,1.837111998854345e-192,4.907293039588512e-194,1.586622587913776e-191,1.5675599442375875e-191,1.692976798801436e-191,2.262932513675014e-115,1.3626586011300354e-191,1.3613419509176122e-191,8.244346105813011e-190,3.579621138070148e-191,5.406991551595571e-190,4.3105798828166693e-191,7.813850791336668e-190,8.660983991837693e-190,6.103001642533587e-190,6.486883310945431e-190,2.6868354316052187e-194,1.7901908935466153e-191,1.9259051284350966e-113,4.5297708758111594e-191,6.948374307815565e-190,4.881451369611556e-190,7.232427490347779e-191,2.80695187421162e-191,6.066238332064026e-191,1.6248291695533904e-190,4.20430559975003e-191,7.970124193549398e-190,4.529703222291503e-37,6.835470079027307e-191,4.600053362165516e-195,6.288217191450692e-193,7.160251423324209e-193,7.981180990947294e-192,5.237045119083354e-191,1.451702958455516e-190,5.279111474150874e-46,4.650937675716853e-196,1.1772328645968548e-196,2.8248526455497406e-191,1.641984373128401e-190,4.748436235178634e-192,6.134491132784266e-191,1.0711916103789684e-190,8.660983991837693e-190,2.2119915975597487e-190,8.47291550078421e-190,6.232314784632277e-193,6.232314784632277e-193,6.232314784632277e-193,6.218722688403601e-190,6.232314784632277e-193,3.7115405304089675e-190,6.218722688403601e-190,1.0385388921681795e-189,2.3979078655694637e-191,5.275656449108843e-37
7.913511758406283e-81,3.473411385825152e-76,3.2657309721352688e-83,6.065899168378844e-85,3.356525471754715e-245,1.5717937401732745e-179,1.60455282793707e-310,0.0,1.743456320093835e-309,2.0926928070237e-311,1.0665055615145505e-157,0.0,,0.0,7.58024435261894e-310,2.350696555388753e-309,3.528332331406231e-156,2.2968267644282793e-231,9.04641608887197e-161,8.129378580820654e-77,5.4981529128613784e-229,6.164698267058383e-78,1.4293262924128068e-76,1.129265615109493e-191,8.217491935279368e-194,1.247892407604278e-191,1.7905297742562418e-77,2.3164191674729504e-75,6.521926157365406e-76,6.342497455243083e-157,1.3420208370746623e-160,7.534779902467745e-159,7.158404895540623e-152,5.578863479632705e-309,4.847396924713839e-153,1.1813601477151626e-154,1.854490138371569e-156,2.8576601034018867e-155,3.763403100773494e-309,2.012567805641405e-309,7.797331848572679e-156,1.3972406377334387e-159,1.298998324185e-311,2.679976216926e-311,0.0,1.5784229792597478e-230,2.6604380326362165e-308,0.0,6.16619455822e-311,1.08979102616034e-310,5.249353006913576e-308,2.860162479031095e-08,1.6772537932138467e-229,4.382134891133956e-309,4.73840744897473e-310,0.0,3.527081095295792e-308,2.853495563697496e-308,1.506430332804372e-308,1.406340164653555e-307,1.835791335810529e-158,1.57439122735079e-308,4.2247279883770534e-308,0.0,0.0,3.864352910831e-310,9.603776675781e-311,0.0,5.411285248567256e-309,2.154075436177e-311,1.059621683924326e-189,5.994812337025953e-191,1.0517234043799306e-189,1.0135420444561868e-189,8.81116616294244e-190,1.0833475839790409e-189,4.799728286197691e-191,1.9537192846785866e-112,2.7188411646923465e-193,4.960083790229549e-190,1.047252463077935e-189,1.5802233943235174e-190,5.106851765334935e-190,8.352680821566186e-190,2.5763443886618774e-190,5.453946610437687e-190,1.0910194476355884e-189,4.225505726234114e-190,1.0207357811057596e-189,6.169560361628516e-190,1.0353720940635404e-112,1.7983744306748705e-190,1.0842984651577868e-189,1.0801720871351225e-189,1.1314102777791167e-189,8.344353180830362e-190,1.14338115301646e-189,8.907532332526357e-190,1.0620771571592361e-189,7.033647320159845e-190,1.5494333504671966e-36,6.232248158666348e-190,2.1400074491721887e-190,1.0506104185572738e-190,2.333599414441455e-192,1.865953135490337e-190,3.1959758753264315e-191,7.479847149862435e-191,1.1728962856983578e-39,1.4174094845645217e-191,9.994064110933067e-191,5.25172002313425e-190,4.104801907631043e-191,2.9409798664895433e-190,5.660354796440402e-191,2.1323176240875753e-190,1.1665243894440136e-189,5.591006223270028e-190,2.0372609257027682e-190,6.997718919266611e-193,6.997718919266611e-193,6.997718919266611e-193,9.066800209951988e-190,6.997718919266611e-193,1.0346398859389139e-189,9.066800209951988e-190,1.0910194476355884e-189,8.788886407051629e-190,6.774665390565035e-37
8.080036026795544e-81,5.85148742679228e-76,1.1356951684465748e-81,4.224386208251021e-80,5.000910105165638e-235,2.2534587442832232e-181,7.79749374903e-312,6.2157915567206e-311,1.949092746317031e-308,3.590247572825416e-309,6.205106135861995e-156,0.0,0.0,,9.50391226452389e-309,1.1201512775549653e-307,3.907837122377065e-155,1.1079110092369655e-230,2.0729252951618634e-161,6.586896678178401e-76,2.0601842849151514e-229,6.644853073932464e-78,2.0599127697940202e-76,5.528993828479214e-191,1.765813756547428e-191,1.16877488439269e-196,5.059403777262674e-78,2.2804467766894865e-75,8.311326859304841e-76,4.8771860763343737e-160,2.132447110306998e-158,2.4385970775645804e-157,2.087218294203073e-151,1.028307850905168e-308,1.7719587462103366e-152,5.307277123527743e-155,1.2929437687783294e-156,2.9017329179023266e-154,0.0,6.29194727731215e-309,1.2331890053092916e-155,2.3957494197576797e-157,0.0,9.313458004847e-312,0.0,1.0225242594266118e-233,3.2675884611415e-311,0.0,1.05219059805086e-310,3.0450772575087e-311,6.99079161530761e-309,1.3031937190815108e-09,1.2086762475218354e-229,1.92868597274336e-309,1.74018819868977e-310,0.0,9.893149543111616e-308,8.690181392701346e-308,7.713678599448428e-308,3.95079780404888e-309,2.8917338260957496e-157,2.71330587414154e-310,6.50243602948262e-309,8.62686349118655e-310,0.0,4.39627900348e-311,3.07907987148485e-309,0.0,3.9561718717906e-310,7.784432116197e-312,6.430400410051569e-190,1.7804316432282838e-191,7.073065690884852e-190,1.423432602115969e-190,3.276073883871337e-191,1.5540314163102236e-192,1.9729999990507498e-192,1.2498762762145632e-111,1.3052303855409332e-190,1.0119376305158413e-189,1.1193281586485912e-189,7.19218277886919e-191,8.469691825950482e-191,5.922685216263977e-190,4.072037567609675e-190,1.1198491545696329e-189,1.00517937846802e-189,9.825263889021336e-190,1.0661135422324111e-189,1.1043664741933131e-189,7.729567620926607e-112,3.0297428270076126e-190,5.6209056544199e-190,1.056706609784997e-189,6.236682582367322e-190,5.053400366207375e-190,4.800187406127729e-190,1.5324921383024113e-190,9.917423658307187e-190,8.782210843995108e-190,8.800211589313195e-37,8.622653466927871e-190,6.465168421984529e-192,1.0242216737557748e-190,4.725555054649735e-190,1.2596523148441002e-190,2.3001232667461475e-190,1.3433606947542474e-192,7.243726917995442e-41,8.970662989322923e-193,2.1909660194755373e-193,6.578575622585397e-190,3.5602568141300683e-190,5.723592089148289e-190,4.56084797263912e-190,4.0915167845935e-190,1.1198491545696329e-189,6.736825848239419e-190,1.069340077129749e-189,6.812088402183252e-193,6.812088402183252e-193,6.812088402183252e-193,5.039810285106192e-190,6.812088402183252e-193,1.0692047666823648e-189,5.039810285106192e-190,1.00517937846802e-189,9.111401219091316e-190,1.099044922338682e-36
1.3259337576392802e-81,5.854395125992728e-76,2.0514162377442048e-77,1.742985004895621e-77,6.726471183913672e-230,3.5828519130817265e-176,1.6382485255822297e-307,5.96424945410347e-310,1.3818824030303636e-307,0.0,4.005926412088326e-159,2.63750228034506e-310,7.58024435261894e-310,9.50391226452389e-309,,8.4187896866855e-311,9.728279035278402e-158,6.643529743582999e-231,3.9284497344894885e-163,8.794522190625173e-78,2.3723233258132428e-231,3.1084650847000416e-77,1.9246801703908998e-77,3.9747715849382604e-190,4.574521473976407e-190,6.850681732111193e-190,7.285948644814374e-77,1.5536361597762443e-75,7.362751265754544e-76,2.709511031021335e-159,6.190918944521318e-157,7.003361746494691e-157,5.960143088615285e-152,2.37673704601995e-309,1.0133581460755389e-155,5.673168532814668e-156,3.722115994486073e-158,1.0824917344958852e-154,0.0,5.7210153287523e-309,3.1287598852309984e-156,5.323819445450367e-158,0.0,2.8112252082504e-311,7.330085522476e-311,1.5978717486764552e-230,4.634237946384373e-308,7.86419073517396e-309,0.0,1.534018347731143e-309,2.03302326833455e-309,1.989884591418099e-14,5.50263393593278e-231,1.44024324207188e-309,2.2922053811267256e-308,5.68227807364718e-308,1.1779052283461338e-307,1.277356041025095e-308,1.5753314609424202e-307,6.7913263931910535e-308,1.1867173787490952e-154,6.136925957562196e-308,1.787047516518621e-308,1.3200276298940402e-307,8.640553044122841e-308,9.046458715585914e-308,4.891496804187264e-308,5.147407315556664e-308,1.3473437797510969e-307,1.4608047456395193e-307,6.834919443335113e-191,7.469179211274463e-191,7.964801681252512e-190,7.038216942899427e-190,3.0411705375924e-190,1.1360226110924218e-189,9.832762215180813e-190,1.2731694771242542e-111,4.869307461102853e-190,9.649640679625771e-190,1.0218616659757282e-189,1.620001851153282e-190,3.009953182511278e-190,1.1831450042965356e-189,1.216542241274007e-189,7.788391197460601e-190,6.684959159194146e-190,6.684959159194146e-190,3.2350707781804637e-190,1.0803700543599972e-189,8.870618125041803e-112,1.1656604970377973e-189,5.000874261734733e-190,1.1044442317260481e-190,4.1510191119049206e-190,5.240420219212565e-190,3.785636223506395e-190,4.198601598190121e-190,1.4650735564621057e-190,1.907940641459403e-191,3.5253204218488954e-37,8.515779784206898e-190,2.4655962496800625e-190,1.7108290315446774e-190,5.085400177652811e-190,1.0002647463632678e-189,1.091453161412817e-189,1.1010535853160384e-189,7.089568013391526e-38,2.090080271166719e-191,3.5083239521594863e-191,1.0223823194675796e-189,1.020679385328444e-189,8.865557256877307e-190,9.637981718539032e-190,2.601999165826439e-190,1.1262974016547754e-189,2.5061978971724684e-190,1.0558848102888979e-189,7.363022342388301e-193,7.363022342388301e-193,7.363022342388301e-193,1.0558315208960507e-189,7.363022342388301e-193,8.216151521864614e-190,1.0558315208960507e-189,1.22256640071117e-189,8.572522389587058e-190,2.054223846339833e-36
5.077992306283486e-81,2.159696992619785e-76,1.0862699439838458e-79,9.291193677686771e-78,3.0183816988772725e-229,1.3923944795283903e-176,4.129691942067306e-308,0.0,1.5714403158423966e-307,2.5518089886584e-311,9.357634608976388e-161,6.687114957254e-311,2.350696555388753e-309,1.1201512775549653e-307,8.4187896866855e-311,,1.419482372161362e-156,4.6401299084750406e-234,3.083598482594624e-169,1.6238551329208081e-80,6.162634678378377e-234,6.74010593497685e-78,7.10967762402068e-77,3.007498429806399e-191,7.026126646179977e-193,3.0281533563846757e-193,4.622888048976958e-80,1.8293822982844332e-75,5.781560238417952e-76,4.725570251067827e-157,7.296635910941679e-158,1.6520866269838722e-158,1.6017017595573476e-151,1.1760665190961e-310,1.2848938431719648e-152,5.622275142329201e-155,2.2220807462558415e-159,8.125435583292643e-155,1.1001604620074e-311,6.965325911722467e-309,7.122693423619089e-158,2.2225350436858002e-158,6.95464258702147e-310,1.6141985820397e-311,0.0,1.7364060825965603e-232,5.9134902303505e-311,3.6963458308647e-311,2.318328648817027e-309,9.34274657829557e-310,1.0399847911778e-310,5.163863859708933e-09,4.0756887648643493e-231,0.0,1.13237465737625e-308,6.84011203000957e-308,8.810600126059259e-308,2.5319282640548723e-308,1.6362243440498363e-307,1.5160564445144642e-307,2.867163919288941e-156,4.841228154220151e-308,1.6277219420002352e-307,1.87353104388941e-309,3.1333656789726e-310,0.0,1.83351084459116e-310,9.338672412154e-311,7.19719440546057e-310,1.1767357907246413e-308,9.954678843410591e-190,5.191888071587318e-190,1.5989289930485767e-190,1.1835873306399912e-189,1.0184663790473458e-189,1.1562853700242213e-189,6.998245758508336e-190,2.7830746567507787e-112,2.5136920834008067e-190,1.0125983315244027e-189,1.100707627338647e-189,6.438844992359516e-190,1.196476965511773e-189,4.2976427866546383e-190,4.683114081390161e-190,8.916981160835142e-190,7.957264039466142e-190,1.1798921495585509e-189,1.0097617661464431e-189,7.715726983904917e-190,1.993659993479218e-111,7.190752165551462e-190,1.1980098007976455e-189,1.1690508264879435e-189,1.2082113824777727e-189,2.6870071856403335e-190,4.387770140906378e-190,1.2130952597210931e-189,9.985867559536431e-190,1.1691909541391066e-189,2.15174304605181e-36,9.2317907169264e-190,7.992278231450352e-191,1.0326801859933302e-190,9.919492343457946e-191,5.201028896489109e-190,1.0524483443359242e-189,1.478363307545835e-190,7.794625765861189e-39,6.261431876160953e-191,5.191609853754812e-190,1.139287909080517e-189,1.060378216642348e-189,1.118660498369813e-189,8.408321519408421e-190,1.204380663644069e-189,1.0007307143250997e-189,1.0007307143250997e-189,8.273098878382833e-190,7.506711663666415e-193,7.506711663666415e-193,7.506711663666415e-193,1.1187043168807302e-189,7.506711663666415e-193,9.98929505143767e-190,1.1187043168807302e-189,1.1798921495585509e-189,1.8942479266140225e-190,2.028579694173552e-36
4.765021813561838e-85,1.5832752043084834e-77,2.697152804859819e-78,4.043709180452322e-79,3.3131204799832834e-77,2.19495957304219e-22,9.210389628849826e-156,1.7191608406764896e-159,9.784908493769147e-155,1.7912925401139132e-168,1.8189469136733538e-159,1.197127808635207e-157,3.528332331406231e-156,3.907837122377065e-155,9.728279035278402e-158,1.419482372161362e-156,,2.6596581630662355e-79,1.3099577431852796e-08,3.974474493478107e-78,5.919610041610678e-79,3.101140467770153e-79,5.262611808392172e-78,1.5243092010268225e-115,7.939752495317604e-116,7.238644585319788e-119,3.9299153266090246e-79,1.5674253777123346e-77,1.9414389044576966e-77,1.2826453692563584e-156,2.4515788136482383e-160,1.7189745081815003e-159,2.4628111048096e-156,5.34755883362522e-158,2.987470872770504e-157,2.4322000654150714e-157,5.947584025567875e-161,9.454686132809494e-158,3.768199080680929e-158,1.0220239904562216e-155,1.6022971017856554e-157,1.4782123039209967e-161,2.969896231198373e-160,6.919660233185889e-157,8.281194007481149e-158,2.1496245873247898e-155,4.057484263118142e-157,3.4511423232906733e-155,3.431476178675882e-156,6.870078295403145e-156,4.650932505241628e-157,1.0742983279008875e-06,1.333519105665092e-156,9.175189397512972e-157,3.3465541593787247e-156,1.010635132867142e-156,1.6686755692644136e-155,5.693517023665273e-160,6.8161126614844726e-155,9.620927531778285e-158,5.066045125031662e-159,3.952854770968507e-157,1.5847523135281103e-158,4.0834620157621816e-156,2.8238224649122777e-157,1.7363887104045848e-155,3.4069247495360617e-157,1.4598779515717101e-155,1.3054586376037752e-156,3.54745930055201e-156,5.301509741160886e-39,5.221242198529067e-38,6.235290672490174e-38,1.2757541396175034e-39,1.034134738654841e-38,5.110869598752621e-38,5.30334866826321e-40,9.849035714534044e-41,3.0633913954214457e-38,6.70259155635607e-39,2.1458926134331947e-37,9.531641348638335e-39,2.3775564835850047e-37,3.695375115860884e-38,2.21288384128275e-37,1.9981209323259163e-37,2.3543156663558496e-37,2.3543156663558496e-37,8.744417181768736e-38,1.4712307919333914e-37,3.7407776206576303e-38,2.011257249983199e-37,2.404225733059319e-37,4.18641200723524e-38,6.555443221855148e-39,5.146117669213416e-38,2.4506646745822436e-37,7.043959413922916e-38,1.720471487985752e-38,2.1996200292056287e-37,3.1807262300343774e-38,7.566213052983166e-38,3.1536132023912933e-38,6.521578320063472e-38,1.0991863689369686e-38,3.954763060994356e-38,9.798680288652461e-38,6.536512731480118e-38,3.8019091784988844e-39,5.015998906446419e-38,1.3142627252017024e-38,2.4662285641439e-39,1.0952367544152398e-37,2.7897905403039427e-39,1.9093388316985815e-37,2.3353841062479696e-37,1.9981209323259163e-37,1.799582014076766e-37,2.0784990235390715e-37,5.344146818213823e-39,5.344146818213823e-39,5.344146818213823e-39,2.2430518380740847e-37,5.344146818213823e-39,3.096230329766584e-39,2.2430518380740847e-37,2.3543156663558496e-37,1.480597711345794e-38,4.042050937767338e-35
4.720085399077032e-154,2.213589453537573e-154,2.949966132237735e-157,1.564293370893731e-155,6.5284735246001e-309,5.624472184556157e-163,1.4703176975288867e-229,3.818634328485957e-231,1.7523788011815328e-229,1.9507745174309307e-230,3.71748920223116e-79,4.5159603096429005e-231,2.2968267644282793e-231,1.1079110092369655e-230,6.643529743582999e-231,4.6401299084750406e-234,2.6596581630662355e-79,,1.000325953653787e-167,2.0268898992489258e-156,0.0,2.1745411540337665e-157,1.0691402708198886e-154,5.1239370307181625e-232,3.9961962431540675e-233,2.009408940868442e-231,5.632360263024158e-159,8.296568572063279e-154,1.3075763488616083e-155,1.4300734226471818e-78,4.2124232196052565e-82,7.695188560597842e-78,1.3831427279020788e-78,1.6649103732486464e-233,8.139851134047735e-74,3.8984129690675644e-76,1.6481554986685122e-77,5.471238603499531e-78,2.3629963977783786e-230,1.740959612798105e-231,4.585981051213269e-77,2.2006735257595392e-79,1.723125131759913e-231,6.991923887762414e-233,2.3716322388742986e-233,6.5042244889212725e-152,1.7021647520741955e-230,1.924591013566486e-232,2.333487098675377e-233,8.2102266207143735e-230,2.258784200487648e-230,9.386367686415637e-10,4.658515833030683e-151,1.0315284762971613e-229,1.0096832210300069e-229,4.263811105511621e-235,7.527597991501461e-230,2.3228930775831608e-231,1.8630956198925866e-229,4.632166191959982e-230,1.3709199796185271e-78,1.904852060517307e-230,4.5129915615641875e-230,3.3474822632086483e-231,7.943378814920577e-232,1.043781386097994e-230,3.878817465267932e-230,3.270457956904775e-232,1.6848330818408252e-230,8.270761607345218e-231,1.2766022491946249e-151,1.4635186496010836e-151,1.3355758900911304e-151,1.6346777506219816e-151,1.4546012287305157e-151,9.425076684680705e-152,1.5636234252284292e-151,5.458979153145834e-74,2.2714769664910083e-151,2.0384762842091266e-151,3.8993730033927155e-151,4.422406505341554e-151,4.8973492268765005e-151,4.433694857920175e-151,4.272171628539959e-151,3.874869147606449e-151,3.375709834706721e-151,4.674504186784021e-151,4.2121397594521265e-151,4.4713882248764605e-151,3.5705130698431856e-73,4.6057961915371736e-151,3.353029953773535e-151,3.2018412706424335e-151,3.411478201899626e-151,4.1685950404501673e-151,3.43778170880936e-151,4.522359375108139e-151,4.15428309769732e-151,4.911489149184933e-151,0.771881510714887,9.858439765469936e-152,1.5055625636822366e-151,1.5009337629648953e-151,2.0998970034672124e-152,2.524600749209932e-151,1.6052999395097094e-151,3.766927316151037e-151,0.31200398415649133,2.5394992859233476e-152,1.9592988664108193e-151,2.941393671660989e-151,1.5009554355165687e-151,2.7025964404613003e-151,1.4953201277975375e-151,2.605546998498829e-151,3.745923390304361e-151,3.745923390304361e-151,3.900520423050285e-151,4.2569124282837296e-154,4.2569124282837296e-154,4.2569124282837296e-154,4.6086213694778e-151,4.2569124282837296e-154,4.236892052290083e-153,4.6086213694778e-151,4.674504186784021e-151,3.5118230814609666e-151,0.03690583106015384
3.9961864259863384e-11,1.150930778056105e-11,1.372466003735314e-17,3.609249830918731e-13,3.8766394341633876e-166,1.8701006976007045e-299,3.0484753156571956e-162,1.1834534463445897e-165,1.1753922194436064e-158,1.1355061468256843e-167,1.912348128381173e-08,3.3678458559384147e-164,9.04641608887197e-161,2.0729252951618634e-161,3.9284497344894885e-163,3.083598482594624e-169,1.3099577431852796e-08,1.000325953653787e-167,,4.772670726424481e-15,4.613092918523322e-165,5.31040176037206e-16,1.545405730499997e-12,2.549196712918813e-90,1.0091538951126223e-87,7.641647598420546e-88,6.199944137806616e-17,2.1867025756124114e-11,1.3739510054471935e-11,5.149341064671763e-10,1.1725162012586866e-09,1.1963359388294186e-11,9.496986051403025e-06,7.63466231969489e-161,1.1334825590799624e-06,2.405924408856964e-07,3.490068645399538e-09,5.612076092058252e-07,5.774489205692072e-162,1.5093530430248696e-161,1.1571896363487703e-13,2.417433402392043e-09,3.2467444687499466e-164,1.5834094124851778e-161,2.0947790925323142e-169,1.8926138163843732e-84,4.912780197437227e-160,5.946412450717552e-163,1.620120103558228e-162,5.869481160637201e-159,4.507785554153453e-158,1.9783216532453645e-06,1.6417572361839997e-81,3.261474229445366e-161,4.496532762678983e-158,1.6533377359468456e-163,2.260037052414999e-158,8.192924214017206e-162,1.3556621413114882e-157,1.494279800354949e-158,2.1442659466812403e-07,2.8841049419315755e-160,1.4596418193883037e-158,6.428050966902979e-160,2.317241968488977e-158,1.1855572993572392e-161,3.718121662144719e-161,4.2879954777374094e-162,1.4477735018640997e-160,1.1874212392016388e-159,1.200001808584814e-157,8.130796396132128e-158,2.1545478213005087e-158,2.2313131882100155e-157,8.92516456449946e-158,1.7613035020671857e-158,2.257046944214119e-158,9.159002858121026e-83,3.914818956164229e-157,2.3923180850559805e-158,2.6472985032710774e-157,2.135407428338259e-157,1.71380441592852e-157,5.3531928414317366e-157,2.6230785748048005e-157,1.7827006263065303e-157,1.2199150213118469e-157,4.1994727107191926e-157,2.958274796438322e-158,2.4069035336503138e-157,4.1019744050675495e-79,7.82656360594855e-158,3.5179625533143195e-157,3.589587319577995e-157,3.989683491171356e-157,1.3353552558515264e-157,2.3962757464940978e-157,5.042547801481689e-158,4.344409650820519e-157,3.038333498167495e-157,3.4114242747049166e-05,1.5092981714217624e-157,1.040332040845968e-157,3.3516986305178294e-158,4.207184448165729e-158,1.2189381015354268e-157,4.8640537867755624e-157,6.694979395643419e-158,1.864965633738821e-07,3.3563357890798784e-163,2.9126488609272235e-162,4.2421717123368476e-157,3.574646313346719e-157,2.3275964027620158e-157,4.108091590586071e-157,3.713663955509487e-157,3.728784257611851e-157,3.728784257611851e-157,6.107895552828973e-158,4.3552774164572e-160,4.3552774164572e-160,4.3552774164572e-160,3.7949345424161096e-157,4.3552774164572e-160,5.3153338718443674e-157,3.7949345424161096e-157,5.1095330682269514e-157,5.2795358112142663e-157,5.2845689734979434e-08
4.784017474295274e-156,1.9814208067647214e-156,1.694492234143855e-156,1.0351095651980618e-158,5.08270579413528e-154,1.949478217750611e-10,2.7236221049953445e-77,2.4173516318649517e-78,1.9503106365016794e-75,8.317356665898776e-76,1.4119765302284557e-80,2.9045796385485737e-76,8.129378580820654e-77,6.586896678178401e-76,8.794522190625173e-78,1.6238551329208081e-80,3.974474493478107e-78,2.0268898992489258e-156,4.772670726424481e-15,,3.092130610603559e-156,1.8224782951788322e-162,4.762190408104164e-156,7.391445621283233e-155,6.3811221039161945e-155,9.671896035276788e-157,7.376675660366669e-165,6.248529360505307e-159,6.433507240890001e-157,2.2645286347097e-77,8.984901079564732e-79,7.148701637943529e-79,2.020087513104462e-75,5.151887474390575e-77,1.1615586342026955e-75,2.172408892351827e-77,5.182641066967871e-78,2.1687052549282e-77,2.9224548845990697e-77,1.174647166043765e-75,3.841892910505043e-78,2.3634918501148018e-78,2.4948854664214696e-78,8.596637065652213e-77,1.3587311267114364e-76,1.2300835366014863e-76,7.194277550613784e-76,1.107649793836351e-75,2.937942808242466e-76,1.9859217280763928e-75,1.7257862846693877e-75,0.001566846223967279,1.8749939925637733e-75,5.968262986419401e-76,1.6065064737185206e-75,6.740400546497266e-76,1.1080635930153146e-76,1.0406950606257552e-75,1.5317262182830235e-75,1.90400552673765e-75,2.3342533981223903e-77,3.723610987002634e-76,2.1966971271334544e-75,1.5281626002523563e-75,1.7552083369835942e-75,2.523747669223171e-78,2.3870555485585853e-75,5.3599770352871236e-76,7.9475915799527e-76,3.8920571352190025e-76,0.4880261414383392,0.9587414593739345,0.44073500087312034,0.7637504838236453,0.9967875326941797,0.28005826324265704,0.9953628608685218,0.6097049882574839,0.9932889834351398,0.9976032195614017,0.9988563407044161,0.9915753391708256,0.9523976646237783,0.9905294706244765,0.987554114550728,0.9991394617874438,0.9986584480838503,0.7939357412494199,0.9331071072645836,0.9992743300387747,0.9715248095078791,0.8259643504570447,0.9994093421635756,0.9990904123057744,0.9985795925986646,0.9916055541694759,0.3738784433782019,0.9883497637189828,0.994554354954976,0.9994856726852894,0.9824034228584867,0.9873418128505077,0.7235949709938718,0.7151565606433303,0.9907377354038346,0.9628404257632358,0.9953351515315857,0.9469765985269405,0.8050855537917787,0.9241514748431128,0.7178755546401874,0.9982771505064647,0.9974750484573228,0.9965569289659718,0.27722495650322604,0.9990239534465319,0.9991394617874438,0.9991394617874438,0.7953451902385206,0.9961832130720771,0.9961832130720771,0.9961832130720771,0.9997354701061095,0.9961832130720771,0.2523013772116985,0.9997354701061095,0.016809951524398348,0.5675600155113103,0.99807376262099
8.846788982514145e-154,1.3309984045369878e-154,2.102170510265456e-155,4.963025768162679e-157,1.5990469357931051e-307,5.423932894559191e-163,2.6442368529081833e-229,4.680055983434685e-230,1.4729216378451976e-229,1.7570791539483157e-230,2.2288823641633146e-82,3.3090004703766246e-231,5.4981529128613784e-229,2.0601842849151514e-229,2.3723233258132428e-231,6.162634678378377e-234,5.919610041610678e-79,0.0,4.613092918523322e-165,3.092130610603559e-156,,1.224283911361347e-161,8.869546999920448e-156,9.539015843881837e-230,1.3285422524174428e-231,2.1238612472304784e-233,3.9323380773788186e-158,4.1332495006686465e-154,4.072812255468817e-154,3.88748397260382e-79,8.796195273011444e-82,4.835882647838428e-79,2.5223984440713686e-75,5.135909116402649e-231,5.101110127704901e-76,4.346512390287368e-77,1.4926582988562217e-81,3.9808675695467953e-78,1.8142790781440756e-233,4.236728607531872e-232,8.273741752608704e-78,7.7877669016736185e-81,6.255830306970861e-232,3.6549246588917655e-234,3.714019749235223e-231,3.984622577555128e-153,1.6482018199826216e-232,2.952693071580367e-230,2.7165313389363284e-233,5.778542865799302e-231,1.5783556758884315e-232,4.589042979022075e-08,6.352614718675151e-152,4.292607942323036e-230,1.4642568805065278e-231,7.901662776208312e-231,4.0814765810196176e-231,9.080040491186256e-232,5.879091762976639e-229,2.538821030608974e-229,1.3476575481670712e-77,1.7140872813328214e-229,1.336798286820206e-229,6.082295190692028e-230,5.242752958855256e-230,7.572496668564117e-230,4.507579051471213e-230,8.354786929517983e-231,3.6601907399279445e-230,1.923933479544551e-230,6.634642067319036e-151,3.94549663824714e-151,2.4731062822069972e-151,9.61451993988456e-153,1.2918247780055358e-151,7.377353974502865e-153,1.2520171665455267e-151,1.5359008721700283e-73,9.077995484374595e-153,1.7156381925414877e-152,2.326456353304032e-152,6.339096726909797e-152,6.299794166854986e-151,5.989836486809562e-151,1.580823745257811e-151,1.63680254175424e-151,3.572833357089517e-151,7.952517772826012e-151,3.51880025452747e-153,5.8669260710967225e-152,5.684442008946773e-73,5.29766310226522e-151,1.14034846110543e-151,2.86623609306068e-152,1.133091231892677e-151,4.375464616895227e-151,7.559990978619474e-151,6.252644721793262e-151,2.8477208681320423e-152,9.203412364699156e-152,0.3999137891069252,2.103626378704466e-151,1.6254389000215042e-155,9.63891105973989e-152,2.4207091350626487e-152,1.845412295830798e-151,2.5135156908299035e-152,2.6964675950459148e-151,0.06571177865997646,6.044295709243961e-152,2.6385285208441023e-155,7.027000962597478e-152,6.792507176817898e-152,5.430086104778876e-151,4.336116873402673e-151,2.0643850725161098e-151,1.63680254175424e-151,7.33024868307353e-151,5.608973114106837e-151,6.679348183343597e-154,6.679348183343597e-154,6.679348183343597e-154,1.5420695175460963e-151,6.679348183343597e-154,2.9578360499473173e-152,6.877431454078117e-151,3.572833357089517e-151,4.9589165715235834e-151,0.06493652507790927
1.306201263536619e-157,4.764636526268604e-156,1.3776948377046917e-158,9.508938688025472e-158,6.6054116888908055e-155,2.0168981941420026e-10,4.6955982019978956e-77,1.3214668550961773e-78,2.3654720659357258e-76,4.4359077124946964e-82,9.216217097272355e-84,1.4184834478597929e-77,6.164698267058383e-78,6.644853073932464e-78,3.1084650847000416e-77,6.74010593497685e-78,3.101140467770153e-79,2.1745411540337665e-157,5.31040176037206e-16,1.8224782951788322e-162,1.224283911361347e-161,,4.589963100911101e-156,8.52868692114698e-158,5.920908360954921e-163,3.659680451543466e-164,3.175818956953316e-179,1.3708656679084957e-157,2.723233851333731e-156,3.304101398044028e-81,1.1872379214338778e-82,1.6039681838331254e-81,1.004599547646099e-76,1.7087422374881276e-77,2.7543234157087956e-79,3.147701411403825e-80,9.959008296147363e-81,6.44946641685874e-79,3.208291552316755e-79,5.0519825386328687e-76,9.810910993969566e-79,3.621610120068309e-82,1.5570579370929838e-79,7.369065609091767e-81,1.7687982272284916e-79,3.7373127710335125e-80,2.702498537760803e-78,2.719655585536418e-79,3.87856636464659e-78,1.4201755805235916e-76,3.96690273397921e-77,1.136557988846433e-06,2.742532537470788e-76,1.2933168655778307e-76,2.551382616252268e-77,3.4232890710790404e-79,2.9360769080281587e-78,4.5414083993001426e-77,7.351459948261225e-76,2.2588697837678162e-77,3.619336612712374e-79,3.0307713663654426e-76,2.3583741707805102e-76,9.142600978198054e-77,1.0601315247557765e-76,3.60408907022811e-79,3.6984038301128544e-76,2.1587805429282673e-76,9.937567966028057e-80,2.9495630362900374e-77,0.8720593455164881,0.9223725506100507,0.9099312886045403,0.6679121821102184,0.92653336128975,0.8708901606927155,0.7266007768477396,0.9152569934598256,0.8666698531293578,0.9057530382025303,0.23663046416980546,0.9425901802098146,0.8000043714178727,0.6513390774414056,0.966672398302621,0.9110895812161548,0.8838603357785297,0.9694505715986794,0.9221720847066939,0.9650968118397464,0.7308897658499389,0.9451817239802152,0.9688699848529285,0.9384572900034135,0.9555061776403709,0.9336805022212153,0.33557724912094783,0.9384572900034135,0.9461346517959839,0.929498740184305,0.8929985588195116,0.9549195315095557,0.6005296214630877,0.7339089562997032,0.470934876120812,0.904818510917912,0.36579684159613435,0.36506880187774154,0.206901630531142,0.7692436449898064,0.16804734430240936,0.6309273252613881,0.304691245727491,0.6905385390852472,0.604046917404438,0.9300031879897581,0.5289943654585374,0.9540740974397899,0.8715452609316128,0.8626558809983425,0.8626558809983425,0.8626558809983425,0.9555439119331846,0.8626558809983425,0.8876578693562248,0.9555439119331846,0.7624150143885672,0.817728798871112,0.6870298514278543
5.610995189456448e-159,4.843228187979331e-156,4.743498336125607e-156,4.420465523747536e-156,1.6986505753671074e-154,8.118002401778494e-12,2.0231981962171646e-76,2.086393995363898e-76,1.9008214216260903e-76,6.4080736507500925e-77,4.587847643555854e-78,1.205038460662404e-77,1.4293262924128068e-76,2.0599127697940202e-76,1.9246801703908998e-77,7.10967762402068e-77,5.262611808392172e-78,1.0691402708198886e-154,1.545405730499997e-12,4.762190408104164e-156,8.869546999920448e-156,4.589963100911101e-156,,9.973312144951214e-156,5.534460558170077e-156,3.2032170286831216e-155,4.627117791062656e-156,4.989159287936921e-157,5.0013712269547743e-172,1.821638632424654e-80,1.0274717928435464e-77,4.026743758435055e-79,1.4014364968654419e-77,7.967574993383618e-77,1.3254924944254248e-77,1.0375483761534294e-79,8.858086839315247e-79,5.518285023262606e-79,4.2948808601873316e-77,2.8461589739532873e-77,4.100552176714271e-80,3.300429660197089e-78,1.2027400584319199e-76,2.6351139804833993e-78,1.2335653124682613e-76,1.783202436543595e-76,6.832346244034641e-78,5.111435404081037e-77,8.678295673773247e-79,2.827264778983525e-78,8.698092558332777e-79,0.001687929117753444,1.5071916389560802e-76,7.279544658352649e-77,4.5610285881680315e-77,1.8849731047373262e-76,4.1833249417020317e-78,1.728283417844844e-76,1.416328867171234e-76,1.9635372349502784e-76,7.59200968806243e-78,2.05733232357702e-77,1.7995400799017625e-77,1.6926852283054308e-76,1.833325081386645e-76,2.801029141875369e-77,6.068734004324371e-77,2.065464209851688e-76,1.0628350743158166e-76,3.958471083740313e-77,0.02485961579427891,0.03770948963109621,0.010270366084056837,0.10720317556419072,0.012164880769525543,0.06548169559825988,0.07219514136463863,0.00042736537727831604,0.10498895883855855,0.0004129226000539995,0.08608979679355423,5.7179027617604644e-05,0.004225334265007937,0.00954649961458944,0.12229916980961034,0.09116332503659166,0.08213937384965962,0.08213937384965962,5.6065964942735686e-05,0.003355201150330334,0.0020565615742229554,0.001447844674054405,0.03049878111185806,0.024189520145640832,0.01973251395198475,0.025281947645142973,0.07816185804259161,0.024189520145640832,1.3265124114399033e-06,0.0025848751538648123,0.06960900995150436,0.005417412863345189,0.003972446699041604,6.514375661241544e-06,0.0015116311433371063,2.409085589728753e-05,0.01336724184286299,0.003240581657931266,0.008330079820354663,0.0019653871726336984,0.0003051720498445705,0.009121627994166933,0.017525932421153117,0.008000978765429611,5.0449428510574283e-11,0.0005463987354636915,0.09116332503659166,0.09116332503659166,0.034197422294485316,0.04003359376752156,0.04003359376752156,0.04003359376752156,0.111862396923399,0.04003359376752156,0.10104991559582775,0.03733917050364889,0.08213937384965962,1.718769408130164e-09,0.4143558568733558
4.4362086945091853e-159,6.526613726728904e-154,1.6889944373750964e-156,2.233855768487515e-154,3.3098633735935455e-231,4.934286395791298e-93,3.622350365805455e-193,3.247128647452404e-194,3.4138889501838004e-191,2.9031183389153514e-194,4.253895768076173e-116,8.87115714020655e-193,1.129265615109493e-191,5.528993828479214e-191,3.9747715849382604e-190,3.007498429806399e-191,1.5243092010268225e-115,5.1239370307181625e-232,2.549196712918813e-90,7.391445621283233e-155,9.539015843881837e-230,8.52868692114698e-158,9.973312144951214e-156,,0.0,1.1670958262524e-310,1.4380445105927724e-160,5.5861700648205295e-154,1.2282756151604625e-154,7.695499664743114e-116,9.039817423300638e-116,2.888868621746656e-116,2.5113631434358016e-113,2.2108561305262894e-191,6.914965901182779e-112,2.720440985636489e-115,2.5634733260108693e-115,5.399064122871403e-116,4.437942760860119e-190,1.6592121258240305e-190,1.4077499475028525e-116,1.271795514027011e-114,3.005750610245925e-191,5.776624047841668e-193,1.4962260686927818e-190,3.759686019919731e-154,7.563116797556869e-191,3.4701053472024034e-191,1.032102245748073e-191,4.95082178395015e-190,7.877475543770929e-190,0.0011368224355746618,2.2280440089387276e-151,4.0511154583029895e-192,1.8427663996466337e-190,1.3161851133007326e-191,1.9475037655213174e-191,4.0426641468770506e-192,8.054212724863529e-190,3.024229137288658e-191,2.801742525712896e-115,7.980054614534689e-193,3.3259590274937083e-193,1.2582655056043555e-191,1.251844745275446e-190,3.865710923026355e-191,5.568332989549536e-190,2.405160776969329e-191,7.254103603420814e-192,5.951772121112199e-191,1.0578303231319618e-112,2.1471313273049994e-113,7.80407153183858e-113,1.365108847062236e-112,2.574172192403542e-112,2.9029713191850147e-112,2.997773277999026e-113,7.003540984197432e-74,1.333049340457059e-113,4.733466558942697e-115,6.252869401332599e-112,4.522720406350467e-112,8.752979211420254e-112,2.0354373573540076e-112,1.2056801584286845e-112,4.284239820877296e-112,3.3293534527962927e-112,3.3293534527962927e-112,3.229314012872389e-112,8.626198923777641e-112,4.818316547618176e-73,5.986715426711825e-113,1.2744777663463621e-112,1.789059344369185e-112,3.7208920539843947e-112,3.4535881600250137e-113,2.77783950931989e-112,1.8804540511278925e-113,1.8163009392234046e-112,5.504817639379759e-112,1.0894757959312663e-36,1.19410432269727e-112,1.1935556029133622e-113,3.42482223570251e-113,9.431448452556127e-113,1.7003514347845585e-112,9.576653447805942e-113,8.674651454911523e-113,2.5706458529607634e-37,2.583314568454196e-112,1.0712918939634742e-112,7.74311797760107e-112,2.9238137430492896e-112,6.266521711770442e-113,4.467230016453437e-112,8.270139113734075e-112,9.071726112929283e-112,4.337524869212773e-112,4.190675313771471e-112,1.1664425698496943e-114,1.1664425698496943e-114,1.1664425698496943e-114,3.3917473093510844e-112,1.1664425698496943e-114,5.509129382776429e-112,7.079274718692359e-112,8.502113207444273e-112,8.150070781291017e-113,5.010966703023829e-35
1.0197135210461731e-159,4.300447029649289e-154,2.8133079995844664e-155,1.422916296341617e-159,8.849478434812584e-230,4.919051563407334e-91,8.238004791872956e-191,4.1076512704350386e-191,5.715292361240155e-190,8.134968055241782e-194,1.1185600594383527e-120,8.899449651670204e-193,8.217491935279368e-194,1.765813756547428e-191,4.574521473976407e-190,7.026126646179977e-193,7.939752495317604e-116,3.9961962431540675e-233,1.0091538951126223e-87,6.3811221039161945e-155,1.3285422524174428e-231,5.920908360954921e-163,5.534460558170077e-156,0.0,,0.0,2.8973710128891273e-165,1.7568570109384403e-154,1.4737095807940828e-154,1.7150446946535468e-119,2.7218117908497403e-118,2.4489681024351256e-118,1.629579474936471e-113,9.129290056328182e-192,5.65387741808467e-113,1.9032096765506353e-115,4.642621364643515e-116,2.2281553564501107e-115,3.527084200438032e-192,5.19581447650307e-191,2.0727207142221852e-116,3.8300284776515674e-117,6.602349591963094e-195,2.0381261054496008e-194,7.3427811560236e-195,1.3292547530481152e-152,6.359437343354333e-190,1.3028760184582794e-193,2.944328220927214e-193,9.429082980278705e-191,1.2321504125702516e-192,1.3182720129359755e-07,6.283525285354106e-151,6.743695127585131e-190,3.0399382431655734e-190,1.4366493982417314e-193,2.0614305218909727e-192,7.764660104344238e-190,6.008681555701723e-190,4.3182259434314304e-190,9.095398479606414e-116,4.4223098086883343e-190,2.7052338635822665e-191,1.102892311535311e-190,1.829272097547076e-191,1.5573430954422824e-192,3.6192653405255593e-190,1.4069524895517824e-191,3.558570495055932e-190,4.960198944667482e-190,1.1256064932279516e-111,7.773200087106312e-112,2.890719985917076e-112,4.592969637087563e-112,9.744295123635283e-112,4.692581694413901e-112,6.991318979003419e-113,2.3830940813450724e-73,5.112089623023096e-112,1.9362486962704228e-112,1.3793227593139529e-112,1.5537883483021434e-112,1.1992683172477788e-111,6.914787516637992e-112,1.3617435676170967e-111,8.326424908233577e-112,7.04756204588982e-112,1.365561552900613e-111,9.94624369642092e-113,8.87683284245042e-112,7.767206966988625e-75,1.1910443194544967e-112,4.798348260381657e-112,5.433045735755156e-112,7.909963520690062e-112,1.1235952460942724e-111,4.37007907668236e-112,2.2973256600418594e-112,6.5622563638847e-112,1.5140596679687067e-112,2.048798551131045e-36,3.4633564681299585e-112,8.034907142267702e-113,1.219157248649893e-112,1.0326591516829893e-111,8.67407743456862e-112,2.8372557106785713e-112,1.3345592641760184e-112,2.7877357894950593e-37,1.0202273626663158e-112,1.6325441375474473e-112,1.9915031266211405e-114,1.141476350552966e-114,7.904763207659879e-115,4.528893796230052e-112,8.440327544615172e-112,3.387995161488513e-112,8.326424908233577e-112,1.0905729243991566e-111,1.7610534005756885e-114,1.7610534005756885e-114,1.7610534005756885e-114,3.0572811494374413e-112,1.7610534005756885e-114,9.778644256442662e-112,1.1606337041660056e-111,6.969934631344232e-112,3.033926320497618e-114,5.261472197863632e-35
4.3585076399899785e-159,6.80305896789153e-154,1.349946160582033e-154,1.2202464809460386e-156,2.40782221507249e-231,1.3802329685211215e-92,1.231586176831252e-190,1.3634927625059267e-195,7.309812748898427e-190,1.6653021106532156e-196,2.103182894819078e-116,7.01063746744607e-193,1.247892407604278e-191,1.16877488439269e-196,6.850681732111193e-190,3.0281533563846757e-193,7.238644585319788e-119,2.009408940868442e-231,7.641647598420546e-88,9.671896035276788e-157,2.1238612472304784e-233,3.659680451543466e-164,3.2032170286831216e-155,1.1670958262524e-310,0.0,,1.1760406657372238e-163,3.407140856846654e-154,3.2181181078958786e-155,6.2530922153985456e-117,2.425116980827868e-118,3.3793644555558155e-116,8.186310040024522e-113,3.089213564955085e-191,1.7602137355383255e-112,1.5033671880041343e-115,7.834536966849963e-119,2.0757772055669274e-115,3.361244609364343e-193,1.9992572968929656e-191,4.416244570357106e-116,4.923703795892478e-117,6.765995943190178e-194,2.208441590754844e-192,6.921984097305385e-194,8.045618901745739e-155,1.8637701139686703e-190,6.058375702524747e-192,7.592059002749551e-195,7.812372984825345e-191,6.185426566680725e-190,1.5476794460214007e-06,8.810464531668725e-151,1.140663906107533e-190,7.686328435871653e-193,1.6411109851401609e-192,1.110629383039926e-192,5.48272508716153e-190,1.1610665016564146e-190,6.056259994716451e-190,3.531238812845051e-116,5.714402692109877e-191,5.583073821888476e-190,2.1076978366780855e-191,2.032771306114622e-190,9.768817027262382e-193,1.0494181728725273e-190,5.79028334859389e-191,1.904200998082217e-191,8.149690170651019e-192,8.983318479836808e-112,3.513752363545045e-112,9.248105283695828e-112,1.2659523553486363e-113,6.189976236155646e-112,2.605783866223368e-112,5.828806861908312e-113,1.7889052975761595e-74,1.6796143216701462e-112,1.1095085384703682e-111,2.8514000959895143e-112,2.0624383593979033e-112,1.2849160712606591e-111,1.4811872865178612e-112,1.4254652987006324e-112,1.1783577062549018e-111,1.3495595874524242e-111,1.3495595874524242e-111,1.2292736439235027e-111,1.2259507923575646e-111,7.427570059026053e-73,1.2025786777661964e-111,1.2727728201401197e-111,1.3120320812430067e-111,7.6979532620198e-112,1.2053658690005479e-111,1.337936892401665e-111,9.202052909676954e-112,1.1124344580188205e-111,1.3202785295549546e-111,1.981238812639369e-36,1.2141192722684224e-111,1.3309503007995808e-112,8.723929203516944e-113,2.0477843200414768e-113,9.169755757515631e-112,5.989453168352365e-113,5.5845213502314015e-114,1.7905267677822162e-37,1.7764442376685138e-113,4.933319179218468e-113,1.0275492786609934e-112,3.7270046627900757e-112,4.51884288569792e-112,2.4074018552875283e-112,2.7175713531300032e-112,1.1783577062549018e-111,9.618114395196265e-112,1.2566207857104808e-111,1.797783549426738e-114,1.797783549426738e-114,1.797783549426738e-114,1.2344289030158492e-111,1.797783549426738e-114,1.089816113172925e-111,1.8944447536465325e-112,1.3495595874524242e-111,3.018822196099929e-112,9.700293038127149e-36
4.6228522523228385e-156,4.956976391366582e-156,4.118502831912033e-158,2.265711050512416e-161,2.839349800666844e-155,1.1965967604526474e-10,6.413091212022775e-79,1.0423173651519874e-79,2.0432102825068034e-75,2.9010772570966376e-81,2.9591437299496387e-85,8.817587258615626e-78,1.7905297742562418e-77,5.059403777262674e-78,7.285948644814374e-77,4.622888048976958e-80,3.9299153266090246e-79,5.632360263024158e-159,6.199944137806616e-17,7.376675660366669e-165,3.9323380773788186e-158,3.175818956953316e-179,4.627117791062656e-156,1.4380445105927724e-160,2.8973710128891273e-165,1.1760406657372238e-163,,3.410960715377159e-156,1.4095984382123785e-156,1.4973681271120908e-82,2.626268807156974e-83,2.7572375704628214e-79,7.119058554337923e-78,4.480784913631447e-77,5.708849309642026e-78,2.4683163215831223e-79,5.315917465121476e-80,2.4639864316756666e-77,3.553042183827593e-80,2.0321490947699817e-77,4.1346534003838807e-79,4.519055120640451e-83,4.617602465300617e-82,4.013620921265572e-84,1.991931275675915e-79,1.8098821181108229e-81,1.9243318572477112e-76,8.455547007138923e-79,4.120866991515052e-83,6.806302396016356e-76,3.3218936563653136e-76,1.1596321234393386e-09,9.402428590241803e-76,1.4624452489011006e-79,4.0352936076737523e-78,4.0099799771142853e-78,1.3642624048084842e-81,1.3164022263163116e-75,1.5765229250309124e-76,9.685369494240416e-78,1.0116310843906402e-78,5.154506955318907e-76,1.0479029754978192e-75,7.748494462138184e-76,2.981487214968041e-76,3.1280576459466466e-78,2.1143428458554734e-75,2.982929675940487e-76,2.2712830017614735e-77,1.5352281627506532e-77,0.9845094636173659,0.8730168352755281,0.7816766297598058,0.298059509343571,0.7940841203719086,0.7697225507283844,0.5563493336818368,0.870156250796107,0.89234843666127,0.6771946607426147,0.9822439237773442,0.9689895438863072,0.622100103512792,0.9926678445843714,0.37171139884426685,0.9787461808495792,0.7375363033175597,0.9919912130161648,0.9441469103533429,0.9733085652729044,0.9779379363059498,0.9201635382894502,0.9941095302093548,0.5402424229936535,0.7518067586428244,0.6936960269288592,0.7504886002174161,0.6973709350743797,0.9778343629993238,0.8561622517962586,0.45454984335937976,0.8803932903749038,0.4855459748876708,0.6577539297068586,0.7509668213398308,0.9406341959252068,0.2287398204120859,0.7486268266402678,0.8446303647209337,0.7801006037039216,0.8447046961290106,0.9604287104526888,0.5034399274310217,0.8582017024975815,0.8884745956494104,0.9671358613567458,0.9787461808495792,0.9787461808495792,0.9808889358472452,0.957367670801949,0.957367670801949,0.957367670801949,0.9901359260707963,0.957367670801949,0.9821382999327031,0.9901359260707963,0.7375363033175597,0.8970758729826076,0.6760366118128733
2.4617554858238886e-156,4.576936803461841e-156,1.4659462302173106e-156,4.387355924580381e-156,8.560574414366592e-154,2.998989395119091e-10,1.0912777138153264e-75,1.0960214141792984e-76,2.2668351720060968e-75,2.0389383606713795e-75,2.6371537306876334e-77,2.2485069917513036e-75,2.3164191674729504e-75,2.2804467766894865e-75,1.5536361597762443e-75,1.8293822982844332e-75,1.5674253777123346e-77,8.296568572063279e-154,2.1867025756124114e-11,6.248529360505307e-159,4.1332495006686465e-154,1.3708656679084957e-157,4.989159287936921e-157,5.5861700648205295e-154,1.7568570109384403e-154,3.407140856846654e-154,3.410960715377159e-156,,4.703063449264642e-158,2.4909545086497838e-77,2.2701112671387906e-77,2.2214510988448327e-77,1.4071235845633012e-75,1.0827750569484496e-75,2.0836402635513038e-75,4.683890405298105e-78,2.6684321474049674e-77,1.2809043859984932e-77,1.4000348629946813e-75,2.220584400825395e-75,3.615417045676825e-78,2.2341295163996632e-77,5.660036942542576e-76,2.023553504417814e-75,1.9642228474068338e-75,1.5184598335232084e-75,2.2202071900814994e-75,2.1675243102279426e-75,2.276117943614247e-75,1.45801358360855e-75,8.66185538244139e-76,0.012131280285826457,2.1855450965946735e-75,1.2819219768939805e-75,1.408244369843081e-75,1.37389907588537e-75,2.1251869721934035e-75,2.302663874398565e-75,2.2068931658298007e-75,2.316697713883696e-75,2.3191185886659214e-77,2.251514624653514e-75,8.425067887990798e-76,1.3799169180923555e-75,2.305831813687399e-75,2.261974966258709e-75,3.6928709170178537e-76,2.0160958342978e-75,2.1858959712933434e-75,1.7316362728499078e-75,0.7369350417423199,0.5824141646244136,0.735968890370345,0.998220891073814,0.9935275614426006,0.9963925096723366,0.8705126656022038,0.8909434553365363,0.9950947650630966,0.6468812513000282,0.9986254742220001,0.503502402118887,0.9094476662816899,0.3167077234111803,0.9985473381726194,0.9963321433237038,0.9943664340885181,0.9943664340885181,0.6470154735705804,0.996690963179644,0.4890524593424057,0.7800408915302992,0.9501365915659573,0.9984837031499074,0.5622988787653842,0.8661841716223947,0.9755052964724795,0.9943132081145913,0.17303149064307638,0.9336783548545723,0.9903028234692086,0.926074077805721,0.8745857751778534,0.14659361009519625,0.9348478163975751,0.2096871871458689,0.8168355203823017,0.5687369538471501,0.2301418837152044,0.6477776430659126,0.6818121866964617,0.667824473606486,0.9989288973058157,0.7782830162021354,0.17169182511221673,0.8613297950066753,0.9963321433237038,0.9963321433237038,0.9993710332481616,0.9897632899751173,0.9897632899751173,0.9897632899751173,0.9988383346720173,0.9897632899751173,0.997805480744549,0.9988383346720173,0.9943664340885181,0.5369069930865242,0.9578088522184223
1.0267015585863776e-157,2.3362271976560137e-156,4.731231078582948e-156,1.8089274763826254e-157,4.165391345661072e-154,1.3544216573359562e-10,4.023379080602229e-76,3.531125238757274e-76,7.103332884756389e-76,8.320951299704266e-76,1.9393431499495663e-77,3.270626412297005e-76,6.521926157365406e-76,8.311326859304841e-76,7.362751265754544e-76,5.781560238417952e-76,1.9414389044576966e-77,1.3075763488616083e-155,1.3739510054471935e-11,6.433507240890001e-157,4.072812255468817e-154,2.723233851333731e-156,5.0013712269547743e-172,1.2282756151604625e-154,1.4737095807940828e-154,3.2181181078958786e-155,1.4095984382123785e-156,4.703063449264642e-158,,1.6843731650232168e-77,9.265390824773568e-80,1.5025130297024104e-77,4.6655169183311135e-76,8.687246480458684e-76,5.2735161655122253e-76,8.330808357251403e-78,1.9362536714323297e-77,1.7989285573380097e-77,7.164267794743005e-76,7.637781054453036e-76,6.751417868831786e-78,1.7824852256463895e-77,7.612976891825117e-76,6.175148939979775e-76,8.873075502676299e-76,1.7879430039676907e-76,2.4939583352528944e-76,8.721890697814938e-76,8.435027688043671e-76,2.5110970303552412e-76,6.1363642189925945e-77,0.018484884173545064,3.4165319152686985e-76,3.726195889006478e-77,3.696420512444776e-76,7.608651998984528e-76,6.70768931464464e-76,6.567390328703384e-76,4.3209918357269054e-76,8.874386695557925e-76,1.8157615948694417e-77,8.046919229200959e-76,8.315232004315127e-76,5.997859071691635e-76,8.162843569144259e-76,2.131249096790921e-76,8.569198769079492e-76,7.511742225790559e-76,7.341219166285155e-76,8.934712672022919e-76,0.24068917115892047,0.4574141475526493,0.16173330336491404,0.1981501538129721,0.07951355725706141,0.6063115962709682,0.45979563888036623,0.6275519790940383,0.5376438326972537,0.015135208381712057,0.4321877226072811,0.07209540595652994,0.25779279099809155,0.021621916656485916,0.6263000740447624,0.38814055988255697,0.31612282184851725,0.5930675910751639,0.14806399863384906,0.2402781097340972,0.03474761108928722,0.26947197850003446,0.5648081723837035,0.6314941334190021,0.6399645852879219,0.5813862192641319,0.4245389696076912,0.63314227584008,0.17922767801035455,0.06583887425850773,0.2569045345790759,0.23394530660369658,0.04529695001637614,0.004599073903008249,0.528868353021611,0.00440226712110509,0.5785345308481464,0.6123388459081429,0.3776574532114004,0.12047232124078665,0.044308059799176916,0.6085382520481575,0.4920607981531453,0.039940560932263315,1.9588208204535775e-05,0.07776376512692983,0.5557900978836943,0.38814055988255697,0.1328514116196475,0.38679597906054397,0.38679597906054397,0.38679597906054397,0.5608199308366639,0.38679597906054397,0.47017688014893955,0.4773912128996244,0.31612282184851725,0.00029816146717580793,0.8850648878069863
6.967222466778141e-83,5.693340617478638e-78,7.506125058602558e-86,1.0858578418276004e-81,6.2325103245804445e-77,1.2341734005312967e-25,1.274427827677611e-155,2.4941657299860035e-156,3.395401283650781e-154,4.602576915391531e-158,1.9959752613423893e-165,1.1853059669456092e-171,6.342497455243083e-157,4.8771860763343737e-160,2.709511031021335e-159,4.725570251067827e-157,1.2826453692563584e-156,1.4300734226471818e-78,5.149341064671763e-10,2.2645286347097e-77,3.88748397260382e-79,3.304101398044028e-81,1.821638632424654e-80,7.695499664743114e-116,1.7150446946535468e-119,6.2530922153985456e-117,1.4973681271120908e-82,2.4909545086497838e-77,1.6843731650232168e-77,,3.3933173433407635e-165,2.5000746232779085e-170,2.6259448469635526e-158,8.190037920588161e-160,2.5260675491693017e-160,1.2763795515992146e-163,2.45847158945741e-162,3.575067451224459e-158,9.597952893706363e-166,2.3895539062327874e-159,9.192773692899105e-169,2.7579544723053256e-165,3.183667692693459e-159,1.420588562972735e-174,3.692940701050634e-166,3.400460441457069e-161,5.272023838765729e-163,2.9393681814423547e-164,8.63773589629408e-168,4.396127816052688e-165,2.6715186034686667e-163,1.1206936797733949e-36,1.6527172007879823e-154,4.0060434404667384e-157,7.113887146667085e-159,8.207287752644164e-157,2.994643369614263e-159,8.050345856292237e-155,3.246603078838022e-154,2.337465098243695e-156,2.473498193757e-162,9.224964551199707e-157,1.7765942653666478e-156,7.464557186421551e-157,1.4936003500688297e-159,4.842175987917951e-158,4.497611639510391e-155,3.1767808730590437e-158,8.672159788775381e-156,6.7211681253429e-157,1.4120673416800298e-37,2.305647374821455e-39,3.9301125471775753e-38,2.3079445670449973e-38,6.932933550769433e-39,5.94433568820476e-40,6.260289001409412e-39,1.3422011679730062e-36,1.1317872490982937e-37,2.4189926493136075e-38,6.5904615322561604e-37,3.053971172888475e-40,1.4942715301086082e-37,7.789789879554955e-37,3.394993943897352e-38,3.1058631448176038e-37,7.850768421312175e-37,1.999961132743389e-37,2.0083819867945704e-38,6.454653490721134e-39,2.584723553655441e-38,1.3047199877036024e-38,2.0337290621988696e-38,4.053344624003993e-37,6.029529249257046e-37,8.250735087831668e-37,3.4917956682712623e-38,1.1646520949935572e-37,9.601088780681706e-37,4.527024285751341e-37,1.7012545536228947e-38,3.3370575142334333e-38,1.4154335771234271e-40,3.025329600486741e-40,3.881497559004626e-38,3.973206760759676e-39,1.0703274695839984e-37,5.86775854287877e-37,1.04126424753208e-43,2.3912436711789463e-39,7.455994157841836e-40,1.7520295316834317e-37,1.1508185231527692e-37,3.5527599909780706e-38,2.410852461314557e-39,1.6307422983220208e-37,3.1058631448176038e-37,3.1058631448176038e-37,7.327053915947815e-37,2.5065977907929573e-38,2.5065977907929573e-38,2.5065977907929573e-38,7.4620355711505446e-37,2.5065977907929573e-38,4.81718706420354e-37,6.636292336307404e-37,1.999961132743389e-37,3.294047556779734e-41,2.9331332966634642e-36
3.779237424914943e-84,2.4295033827290255e-77,5.6596883742193965e-87,1.8809429434181754e-84,4.529386420041328e-78,9.972366083116025e-24,1.5854211635370895e-154,3.947424087735677e-157,2.5963160782975072e-154,2.0005673439054235e-160,2.531947191682854e-168,6.769736381583503e-162,1.3420208370746623e-160,2.132447110306998e-158,6.190918944521318e-157,7.296635910941679e-158,2.4515788136482383e-160,4.2124232196052565e-82,1.1725162012586866e-09,8.984901079564732e-79,8.796195273011444e-82,1.1872379214338778e-82,1.0274717928435464e-77,9.039817423300638e-116,2.7218117908497403e-118,2.425116980827868e-118,2.626268807156974e-83,2.2701112671387906e-77,9.265390824773568e-80,3.3933173433407635e-165,,2.7226804915015436e-172,3.894124538587252e-161,5.801538974022913e-163,2.6091777015397784e-159,3.164167010160716e-159,5.503512713114738e-166,5.431834212345261e-161,3.4221930825918993e-168,1.828346706554302e-158,4.098536088667402e-164,6.715579570204686e-174,1.1050216880793686e-162,9.190875232447671e-170,8.724152596515211e-171,7.311682322746989e-156,5.242783809204279e-158,1.4594246260787927e-163,3.351193342225118e-166,5.328588663743954e-160,1.830459381378443e-160,8.17005903417168e-27,2.640820043639197e-156,9.554335244575194e-157,2.4413632833012843e-157,2.5043462137575527e-160,2.122791459879506e-155,1.8895721768821288e-159,3.1152635618433693e-155,2.3390993829954227e-158,3.8540616296495265e-164,7.837644241446798e-156,1.0596781163497048e-155,3.097652432008031e-157,2.2451005748718288e-157,3.550781031404428e-155,5.306125285312025e-156,4.1522587346389616e-156,1.6539249701613893e-158,1.032666263068701e-158,5.1997261073868075e-37,4.466734910580696e-38,4.11704353832904e-37,4.8956485934130085e-37,2.6838590195708538e-37,5.071076455833244e-38,1.7573233035395335e-37,1.4344858688187263e-36,3.883267838617197e-37,2.9715754728290477e-38,6.4124659380732565e-37,2.2902864937865494e-37,5.085935147040372e-37,2.1678258678727445e-37,7.687397489350458e-38,2.373806275763457e-37,4.2823454814216864e-37,4.2823454814216864e-37,2.7209105748332367e-38,2.013878938668891e-37,6.605370288328503e-38,3.997658593151907e-37,2.6134709733824813e-37,3.3576516276284236e-37,6.235440007696058e-38,4.109998452161313e-37,2.707354058011616e-37,5.2297612780746695e-37,2.1043453585253737e-37,3.9674227472186065e-37,2.8710701517841467e-39,3.1290756796199382e-37,6.698896590894225e-39,4.6541379323982684e-39,2.038049231626378e-38,8.236041199504676e-38,2.9234787585463017e-39,4.747486623721143e-37,3.7764764168821635e-49,1.203042793409856e-39,1.4751776831823475e-38,3.422336340033519e-39,4.95189379210152e-39,8.957143353234008e-38,3.928595805256411e-37,8.658235905227323e-38,2.373806275763457e-37,2.373806275763457e-37,4.112965396228169e-37,1.3985528266441532e-38,1.3985528266441532e-38,1.3985528266441532e-38,1.9698467923007223e-37,1.3985528266441532e-38,5.964078706073376e-38,1.9698467923007223e-37,4.2823454814216864e-37,3.6547199638450903e-37,3.785978058793149e-35
2.3594765835719283e-84,2.0851154513861967e-77,3.9307237589631135e-86,3.619019422183463e-85,9.327590504890918e-78,1.4623976497218223e-24,7.92656851587298e-155,2.436670700640079e-156,5.2154517088804435e-154,5.226706977893651e-158,1.4894681019753264e-164,1.6251025486798071e-158,7.534779902467745e-159,2.4385970775645804e-157,7.003361746494691e-157,1.6520866269838722e-158,1.7189745081815003e-159,7.695188560597842e-78,1.1963359388294186e-11,7.148701637943529e-79,4.835882647838428e-79,1.6039681838331254e-81,4.026743758435055e-79,2.888868621746656e-116,2.4489681024351256e-118,3.3793644555558155e-116,2.7572375704628214e-79,2.2214510988448327e-77,1.5025130297024104e-77,2.5000746232779085e-170,2.7226804915015436e-172,,2.1466405609520996e-157,5.1264220849692564e-160,1.3927463362096992e-163,2.6247875677859736e-160,3.4599731449298454e-159,2.2997499670861477e-160,1.7830581571232722e-162,3.294833947540033e-157,9.039054688684719e-171,3.3887242741495976e-164,5.688231929338435e-161,5.674330259064397e-162,1.896820432915269e-168,1.7425797274259345e-158,2.5619522155997874e-160,5.988164616913775e-161,6.11638120525857e-159,2.135467016202093e-157,8.88472549691302e-158,7.2166805073418e-15,4.64280618329741e-155,3.013262863260059e-155,2.657723567311293e-156,7.813005512620122e-161,1.618447791771578e-154,8.209160326717789e-156,7.760150592973913e-155,1.9491773787570792e-154,2.578857912481005e-159,8.677840691891323e-157,6.24113991688298e-157,3.2362031336313346e-157,2.911902014961606e-159,5.146441463907415e-158,1.9283734258811245e-155,1.9990628229433912e-157,8.106623402156804e-158,3.6840391364810644e-156,7.438247877254587e-37,1.7406934445702295e-37,1.4530027228377011e-38,6.255815774034509e-37,5.842061436326925e-38,1.3506293627309516e-38,6.267101267761218e-39,1.8323774642948215e-38,2.435207612287452e-38,2.536046203172107e-38,5.306120468916171e-37,1.3916502012315045e-38,2.311673449512711e-37,2.438748458054035e-37,2.1450384422145823e-37,1.1522294033995034e-36,1.245431855220847e-36,8.960405526621632e-37,6.189484740123112e-39,8.095606032238714e-37,5.5849876221608015e-39,1.0256657227178853e-38,6.98169040104072e-37,3.0886653386487547e-37,2.4944067016108334e-38,1.090264643060066e-36,1.1028109823289868e-36,1.1084567810371263e-38,1.5471252130246123e-37,2.5729898363306237e-37,2.1303945427651742e-38,1.1369190045884983e-37,4.873503743534966e-43,2.501920699652361e-46,1.8415704835669723e-40,2.4391216601379602e-42,8.378497553617777e-41,4.0541261643684954e-38,4.49086900808927e-65,3.528370902156562e-45,2.0446477496748506e-44,1.150390246545171e-38,1.1997815157739616e-38,3.7289639601078315e-39,5.28158775182383e-37,1.3686778645067965e-38,1.1522294033995034e-36,1.1522294033995034e-36,1.2067368965216492e-36,2.749219082223629e-38,2.749219082223629e-38,2.749219082223629e-38,8.350468514175877e-37,2.749219082223629e-38,5.506094918978355e-37,7.065833313863375e-37,8.960405526621632e-37,2.374741643878864e-37,2.0583580459659692e-35
7.94486169151077e-81,5.71869136204719e-76,3.9483470218254934e-78,2.759523938426658e-77,4.452329047217283e-73,1.3491370404152328e-20,5.12653938650864e-152,3.7648226047676123e-152,2.9741287695132413e-152,2.7423996317811974e-153,1.5702873083968623e-156,2.8393538995769473e-152,7.158404895540623e-152,2.087218294203073e-151,5.960143088615285e-152,1.6017017595573476e-151,2.4628111048096e-156,1.3831427279020788e-78,9.496986051403025e-06,2.020087513104462e-75,2.5223984440713686e-75,1.004599547646099e-76,1.4014364968654419e-77,2.5113631434358016e-113,1.629579474936471e-113,8.186310040024522e-113,7.119058554337923e-78,1.4071235845633012e-75,4.6655169183311135e-76,2.6259448469635526e-158,3.894124538587252e-161,2.1466405609520996e-157,,3.6442233169986106e-167,4.6301861842686505e-161,1.059301141075699e-157,2.6361633419192266e-156,1.223889586801352e-158,8.259429571563753e-155,3.8850121598406454e-158,9.59823088003691e-160,6.934763532761729e-157,5.069933665757827e-154,1.6365932146724954e-155,7.32145248135873e-153,1.6947509413754928e-152,1.0576893986926926e-151,5.7892966380793054e-152,8.260740373351058e-155,6.576755481867675e-153,2.3292979138332212e-154,1.0948552592210705e-09,2.4031529081944856e-153,5.673730469222362e-152,8.368302968227878e-154,1.1014945200534858e-151,1.276790853552349e-153,6.986514728811429e-152,4.943937829448167e-161,1.2558767153773772e-151,1.7763905803293348e-155,2.42751677524631e-151,3.531044096932882e-151,3.0529029945190853e-151,4.3218214119641366e-152,3.108671734167961e-152,3.0608563311982303e-152,2.1091558955343332e-151,3.536680284178476e-151,2.9032139120412937e-151,6.949191748071657e-37,1.2734372505437364e-36,1.2609220180982683e-35,1.286413516654955e-37,2.910658814997028e-35,7.527534481585055e-36,7.64089607054969e-36,4.692110909173473e-36,5.888525177475998e-36,3.998822607010578e-37,7.954393525845033e-36,6.113153617000108e-35,1.551797378480371e-34,1.4701036235590084e-34,3.758056702246149e-35,1.7043021394594396e-34,1.3316586245778692e-34,1.6043686925547697e-34,4.3751747906831184e-37,8.122945244164647e-35,2.2639422472009553e-35,1.362030333604306e-35,1.0436870758497222e-34,2.4359304323225374e-37,1.1941218238208416e-35,1.4561202291987943e-35,1.6119912762678113e-34,1.3694813574290327e-34,2.931434836787752e-36,3.054163726596753e-36,1.1840514597180778e-36,9.53757816277111e-36,3.9897685675334187e-35,4.234022794246596e-36,2.287376981332258e-35,2.327403800878347e-35,1.264789425919454e-35,1.3368909719564575e-35,5.356240321818086e-39,7.711930634229156e-38,5.8676033954017276e-36,4.7597317851110295e-35,2.045233360128305e-35,5.471982077471036e-37,1.2936738085798006e-35,5.339569003911474e-36,9.173453460941279e-36,8.195371783300374e-35,1.4101168036103484e-34,1.1238358551827111e-36,1.1238358551827111e-36,1.1238358551827111e-36,1.3424575835388437e-34,1.1238358551827111e-36,1.5093144047787868e-34,1.3424575835388437e-34,1.3316586245778692e-34,9.1201562921815e-36,1.727431069787297e-33
5.624472116003092e-81,5.0574261710181985e-76,2.467015226501437e-77,4.915163192779221e-79,1.4374995669084853e-229,3.983879309964011e-177,3.14955519696887e-310,2.856154016332756e-309,6.567447904811048e-308,0.0,4.851057040200762e-156,1.556461474271e-311,5.578863479632705e-309,1.028307850905168e-308,2.37673704601995e-309,1.1760665190961e-310,5.34755883362522e-158,1.6649103732486464e-233,7.63466231969489e-161,5.151887474390575e-77,5.135909116402649e-231,1.7087422374881276e-77,7.967574993383618e-77,2.2108561305262894e-191,9.129290056328182e-192,3.089213564955085e-191,4.480784913631447e-77,1.0827750569484496e-75,8.687246480458684e-76,8.190037920588161e-160,5.801538974022913e-163,5.1264220849692564e-160,3.6442233169986106e-167,,4.8014823872825804e-158,2.0007557054655974e-160,5.219707545858425e-160,2.926679718458381e-160,0.0,0.0,5.301204728141873e-169,2.0983757932706288e-160,0.0,0.0,0.0,1.3349490059839783e-230,0.0,0.0,0.0,0.0,0.0,2.80597648200609e-16,7.909349842781483e-232,0.0,0.0,4.762629589914665e-309,3.70675709034827e-309,1.11513767358e-311,5.213740895259027e-309,4.54293488927729e-309,4.401548430698111e-160,1.835910550619128e-308,2.674282076772904e-309,1.0128533312323867e-307,3.60519914122687e-310,4.354488220582246e-309,1.9437145277323e-310,6.80431592439323e-309,6.696160057015837e-309,1.031365922267647e-307,1.8755278325339768e-190,4.731132685325979e-191,5.312524712255269e-191,1.6251932714949278e-190,8.943435584647892e-191,1.1701708611938461e-191,1.165112890535726e-190,1.9361296443749594e-113,1.2338705509924734e-190,5.662877320131486e-191,4.495055547223406e-190,4.051676539408354e-191,2.1354316565098135e-190,1.518815643140085e-190,8.127002267032268e-190,8.257373521648304e-190,7.618768833217876e-190,7.618768833217876e-190,5.106484083452607e-193,6.2277115104399e-191,1.4408235561777816e-113,1.3920244035647031e-190,2.794257707205798e-190,9.872316800647551e-192,8.2876235271747e-192,1.5987983412683096e-191,2.324711772486289e-190,4.598602644185364e-192,3.4971759588526366e-191,1.0606445948434406e-191,6.319671264604274e-38,2.2560366836498224e-192,2.5352770558179654e-191,2.2696047299961958e-194,1.0216748368103138e-191,1.407687390118712e-193,1.4604352044556467e-191,6.698595682420061e-191,1.1799133646440238e-41,2.1873872334816743e-194,3.1558489793649195e-193,1.0174387274200428e-191,6.50183342429887e-190,8.292200622368755e-191,1.098559246194241e-191,1.590638046945225e-193,4.177972198176931e-190,4.177972198176931e-190,8.205485816271121e-190,4.95257854842918e-193,4.95257854842918e-193,4.95257854842918e-193,3.2221837376962675e-190,4.95257854842918e-193,1.2514688282775192e-190,3.2221837376962675e-190,6.695018377939943e-190,1.0427440278509616e-192,7.320306420982685e-37
2.5128454533388267e-81,1.8669966629643784e-75,4.534351217604347e-77,1.4547893337386433e-76,1.5313033297798563e-73,1.1958637269168762e-21,1.1567846859779706e-151,1.5918168717623956e-153,2.9688187952427353e-151,7.020357366692576e-154,1.7942189669556685e-155,1.5649112920081103e-153,4.847396924713839e-153,1.7719587462103366e-152,1.0133581460755389e-155,1.2848938431719648e-152,2.987470872770504e-157,8.139851134047735e-74,1.1334825590799624e-06,1.1615586342026955e-75,5.101110127704901e-76,2.7543234157087956e-79,1.3254924944254248e-77,6.914965901182779e-112,5.65387741808467e-113,1.7602137355383255e-112,5.708849309642026e-78,2.0836402635513038e-75,5.2735161655122253e-76,2.5260675491693017e-160,2.6091777015397784e-159,1.3927463362096992e-163,4.6301861842686505e-161,4.8014823872825804e-158,,5.950164778892234e-165,9.308956621511004e-159,1.0045998827938083e-159,5.349072032479456e-154,3.0365375741113715e-154,2.377441979980122e-159,1.2814121575955857e-159,3.7692394643158385e-158,4.438173693393085e-158,2.9435359279030853e-159,8.97011290050406e-152,9.862851713570687e-155,1.484745442693087e-155,1.7473672667154933e-155,1.8595526894975755e-157,1.430001454492957e-162,1.963040153852815e-11,2.1421970672644545e-152,3.2929167668161575e-152,4.944512405826687e-152,3.3028888814680035e-154,2.19621810706956e-152,5.8166328440826995e-151,4.5483711730027406e-151,6.238404676252018e-152,1.5198866033831987e-156,1.0681361112660636e-151,5.283195321505185e-152,8.001303221840921e-152,1.4719456001137206e-152,3.459360228762759e-152,3.311932879100711e-153,7.799548267826545e-153,5.111611227507077e-152,6.52255152258289e-152,2.2447790278638349e-35,2.696323154809298e-35,9.569270356627061e-36,5.474516611281246e-35,9.603928776406917e-36,6.875222186180949e-36,8.13498933522186e-36,5.284741795311839e-36,2.2908177891070884e-35,3.2492938529873926e-36,9.848691786700564e-40,2.605096688953241e-35,1.7517697063701129e-34,4.0929868966413076e-36,2.665058182977742e-34,1.578987373008863e-34,2.6853469618539753e-34,1.31817570428657e-34,1.1607729451178505e-34,2.515761651926e-34,1.1132683678664064e-35,2.1291976098910344e-34,8.050609675331978e-35,2.4640922352771694e-34,2.138402498143738e-34,3.125947714310038e-35,6.352283160869547e-37,9.659993989698627e-35,6.528202631704762e-35,2.4034490465918422e-34,1.41560093206903e-36,2.3851256634807437e-34,2.3436577256199823e-36,1.3732322605111545e-37,1.864473077153302e-35,4.1990967951258595e-36,1.997440912942365e-35,2.8398139089100745e-36,3.4519512363250497e-43,3.1380943143658015e-38,4.721499607559274e-37,1.1271334092383188e-34,2.9017921685205627e-37,4.752012880627679e-37,4.012045819396727e-35,1.6332785974037806e-34,5.092413918897353e-36,8.330867099474205e-35,9.518551090412151e-35,1.7925835670454754e-36,1.7925835670454754e-36,1.7925835670454754e-36,2.2621423850794854e-34,1.7925835670454754e-36,1.8904298193940772e-34,2.2621423850794854e-34,1.31817570428657e-34,1.7896181214920565e-35,1.5950128509562415e-32
3.2653559309847586e-83,2.1258408242837007e-77,9.109423436412074e-80,2.0321433199544496e-78,1.863764667148182e-76,3.786122105780459e-22,5.122180148264092e-154,1.5917633132346265e-155,6.718003608343683e-154,3.9595898304464107e-156,1.0738748590712163e-157,2.436590049216219e-156,1.1813601477151626e-154,5.307277123527743e-155,5.673168532814668e-156,5.622275142329201e-155,2.4322000654150714e-157,3.8984129690675644e-76,2.405924408856964e-07,2.172408892351827e-77,4.346512390287368e-77,3.147701411403825e-80,1.0375483761534294e-79,2.720440985636489e-115,1.9032096765506353e-115,1.5033671880041343e-115,2.4683163215831223e-79,4.683890405298105e-78,8.330808357251403e-78,1.2763795515992146e-163,3.164167010160716e-159,2.6247875677859736e-160,1.059301141075699e-157,2.0007557054655974e-160,5.950164778892234e-165,,5.668259160256971e-162,3.992850314274504e-162,1.086797676093571e-158,2.0290988284453157e-158,2.2952350550046227e-165,5.0525506019179876e-164,3.296342324060127e-160,2.4005534401158046e-166,1.5142789340434665e-162,8.371736085892909e-160,2.3762993596197633e-160,5.65147794592155e-160,2.147168799783713e-159,2.9536200381451925e-158,1.0480719634167725e-156,2.449222861268687e-11,4.101672997303109e-155,1.5317970928754914e-157,2.154759264808561e-157,6.073640947173398e-157,4.24805031812085e-155,1.156725361381462e-154,5.397816479395709e-154,1.549781947502049e-154,1.1012798925573947e-158,2.5029676951523056e-155,2.7281275176209665e-158,1.0080493960762521e-156,9.740116426121807e-156,2.0839560600033034e-155,4.216793574211256e-160,3.041059839751005e-157,1.9956419381546014e-155,6.322082566840386e-158,3.2682570032144816e-39,4.379477799072985e-39,2.2703039887997063e-38,2.6589936111739233e-39,4.528718698684412e-39,1.5421232106316743e-38,1.058207501677186e-38,1.2171148079089118e-37,3.306632721709833e-38,1.314204290779617e-39,1.525862600554615e-36,8.309270156826482e-37,4.945515603754716e-37,3.800681109978463e-37,6.374663107787222e-37,8.310008983150649e-37,1.3042299347010551e-36,1.3042299347010551e-36,8.632870769208277e-39,7.559466712029566e-38,6.78728369534978e-42,3.7214339838336258e-37,2.197800551591513e-37,1.8221186572704666e-37,2.313664423617306e-39,5.679481524278071e-37,1.925441506012119e-37,1.8221186572704666e-37,1.791573244443695e-37,2.9794755211244915e-38,4.1918810111315786e-38,1.847689328667666e-37,2.035838820290553e-38,3.068714406313752e-41,6.216762589642148e-39,6.381027044184345e-39,4.47739299263869e-39,8.831672240441916e-38,2.10567881407909e-40,4.6812008781805356e-40,2.724775042259674e-39,1.598730244783037e-38,2.1982803448862524e-37,3.975972768539397e-39,8.558979507025311e-40,5.474966036903019e-38,1.570291900890361e-36,1.570291900890361e-36,8.878131648648277e-37,3.4331352962819867e-38,3.4331352962819867e-38,3.4331352962819867e-38,1.2049348499167532e-36,3.4331352962819867e-38,1.4339417504922296e-36,6.3875062962409995e-37,4.0149294030803555e-37,1.3350403081398394e-41,1.9826320992268925e-35
7.191380630550035e-83,1.0985969472381878e-77,1.6676182193017412e-78,4.0920086554088817e-81,7.135295672648574e-77,4.973118658265114e-25,7.1302694793304585e-155,2.7414682756118333e-157,4.9119288774167237e-154,2.7524344061100636e-157,2.1770764775948848e-161,1.0342471880220394e-160,1.854490138371569e-156,1.2929437687783294e-156,3.722115994486073e-158,2.2220807462558415e-159,5.947584025567875e-161,1.6481554986685122e-77,3.490068645399538e-09,5.182641066967871e-78,1.4926582988562217e-81,9.959008296147363e-81,8.858086839315247e-79,2.5634733260108693e-115,4.642621364643515e-116,7.834536966849963e-119,5.315917465121476e-80,2.6684321474049674e-77,1.9362536714323297e-77,2.45847158945741e-162,5.503512713114738e-166,3.4599731449298454e-159,2.6361633419192266e-156,5.219707545858425e-160,9.308956621511004e-159,5.668259160256971e-162,,3.394235345078838e-163,5.880262504402666e-164,2.5684168975358714e-160,2.8627206731127657e-173,5.764886655190555e-162,1.177855603326171e-159,5.5428838637295283e-163,3.067946855727783e-163,2.985072943278735e-162,6.653347690598744e-166,6.367037891538825e-162,1.5895382962734857e-161,5.891998385690196e-159,3.3319803175996126e-160,2.1479957028782444e-19,4.507766639517942e-157,1.2246729946900731e-160,1.4966556262648729e-158,4.875669810268506e-155,3.4691940865742555e-155,2.5658027549462016e-157,5.033403512817859e-154,1.226335535383158e-155,5.794034159547707e-164,8.732424707862626e-155,8.762593346059028e-156,7.808040164905549e-157,1.1506619598274082e-157,2.238444112079113e-155,9.472859717103585e-159,1.8653872196704976e-160,8.342829272783252e-158,9.856761877255303e-159,8.027278591731524e-37,3.399001636479246e-41,9.506776138392393e-37,4.251509322908459e-37,5.969953446649972e-37,2.448048330744666e-37,2.051701270382923e-37,3.4032302576925765e-37,4.539945467997791e-38,1.351058054804595e-37,8.836102794963518e-37,3.479849717470449e-37,6.311626233789882e-37,5.960084876502307e-38,2.811071235737694e-37,1.900971337761653e-37,5.516180308472999e-37,5.516180308472999e-37,1.1963506052290934e-37,1.054806258035074e-36,2.515618510819662e-38,8.510532416896871e-38,9.126938161724389e-37,3.045608484749779e-37,8.147374132065971e-39,1.4889510695669157e-37,2.3875747756120326e-37,2.0518998169803025e-37,3.774156857464664e-37,7.303095750132992e-37,5.610263620006893e-39,4.515921231700718e-37,1.108468939428574e-38,1.6859615870825052e-42,4.22474351648589e-37,1.0603053568198602e-37,1.9146230299123007e-37,8.335901513012765e-37,3.0321352781751344e-42,3.037732142070402e-40,3.9634614983770265e-40,1.6601064481378298e-37,1.1011316459227985e-37,6.48033835844162e-39,2.6944799947628097e-37,6.605873638771843e-38,1.900971337761653e-37,8.33636847710842e-37,1.030537717719165e-36,2.3306936809556725e-38,2.3306936809556725e-38,2.3306936809556725e-38,6.041373706425775e-37,2.3306936809556725e-38,3.391726141238402e-37,6.041373706425775e-37,1.0636465178663705e-37,5.911197372991893e-38,7.617023088661662e-36
5.915586988526308e-83,8.671843246183532e-78,1.4367100667557568e-77,1.6124709301419783e-80,1.0123342270835299e-75,1.1312281876905377e-23,9.293651448944549e-155,2.691279700496595e-155,4.001962829203477e-154,1.2970278350293471e-155,5.305129122691342e-158,6.353974064399222e-158,2.8576601034018867e-155,2.9017329179023266e-154,1.0824917344958852e-154,8.125435583292643e-155,9.454686132809494e-158,5.471238603499531e-78,5.612076092058252e-07,2.1687052549282e-77,3.9808675695467953e-78,6.44946641685874e-79,5.518285023262606e-79,5.399064122871403e-116,2.2281553564501107e-115,2.0757772055669274e-115,2.4639864316756666e-77,1.2809043859984932e-77,1.7989285573380097e-77,3.575067451224459e-158,5.431834212345261e-161,2.2997499670861477e-160,1.223889586801352e-158,2.926679718458381e-160,1.0045998827938083e-159,3.992850314274504e-162,3.394235345078838e-163,,1.0482597548646093e-156,1.7277211913509262e-158,1.1554121200767562e-167,3.303709083117964e-160,8.030305462562325e-159,2.9045031968689157e-159,4.2944524095161586e-157,6.106805346553724e-162,2.2046998774904037e-160,4.1853105783925425e-159,2.1727511443882464e-156,3.435429217082472e-156,7.141232074852112e-156,8.745731634257525e-10,8.290138984097653e-155,2.145769419360444e-155,9.71744006158225e-157,1.156407864265104e-157,2.227784760144466e-154,3.3930560988090357e-157,1.0140276861406624e-154,5.298497654352567e-156,7.714240278475198e-161,3.2965535865369564e-155,2.196232552068105e-155,4.436560084802022e-156,2.1338602913266315e-159,1.3904267438810654e-157,1.2496564898384915e-157,2.3958548543019225e-156,2.6334718479167134e-157,4.532568436125041e-156,6.5595341752746795e-37,1.0500789804982136e-37,1.320801739157472e-40,1.3320358336673352e-38,1.9082286466886945e-38,2.6383065691990613e-37,1.075604352296853e-37,2.0093275940258982e-39,9.4910437042615e-38,2.2242391294353636e-40,1.14427678052526e-36,3.54368161834822e-39,2.096414707582789e-37,2.8249134072743062e-37,2.098659760490178e-37,1.5842471269149594e-37,1.1204673886774998e-36,1.1204673886774998e-36,1.8585045424893081e-38,6.596600612470675e-37,8.500285144786748e-39,2.353341188874487e-40,4.4457741016000165e-37,1.441206153987356e-37,1.9425509543152685e-38,4.266501095390592e-37,4.099404025074743e-37,9.422296572741148e-37,5.376893999045911e-39,8.571161194254504e-38,2.1111658872264132e-40,3.526481547323341e-37,7.345024039342671e-38,3.786941875201826e-38,7.547841730851176e-38,5.208157033829857e-39,1.7834826821302343e-38,5.3021208427275375e-39,9.792932431888362e-41,1.3838228114985946e-39,3.5597253249328876e-40,9.187071255953268e-39,1.0166886635894542e-36,2.368395881051496e-37,1.8664531042279088e-38,8.7141547151148e-40,8.233896677813507e-37,1.5842471269149594e-37,2.784732361988703e-37,2.5509990824926997e-38,2.5509990824926997e-38,2.5509990824926997e-38,8.172643624380927e-37,2.5509990824926997e-38,3.095313083746804e-37,8.172643624380927e-37,4.989379727350358e-37,1.6604392573136078e-40,2.4411193026064376e-35
5.815058519161376e-81,1.5690074284582232e-76,2.1951227869382043e-82,6.084483510356126e-81,7.027510769263462e-231,4.8991297596800735e-175,4.46056727274749e-309,2.9422909204836e-310,1.5646862951718537e-307,0.0,2.3478120508512284e-162,0.0,3.763403100773494e-309,0.0,0.0,1.1001604620074e-311,3.768199080680929e-158,2.3629963977783786e-230,5.774489205692072e-162,2.9224548845990697e-77,1.8142790781440756e-233,3.208291552316755e-79,4.2948808601873316e-77,4.437942760860119e-190,3.527084200438032e-192,3.361244609364343e-193,3.553042183827593e-80,1.4000348629946813e-75,7.164267794743005e-76,9.597952893706363e-166,3.4221930825918993e-168,1.7830581571232722e-162,8.259429571563753e-155,0.0,5.349072032479456e-154,1.086797676093571e-158,5.880262504402666e-164,1.0482597548646093e-156,,0.0,1.0650305436607846e-170,1.285895150201054e-165,0.0,0.0,0.0,2.488948668881117e-238,0.0,0.0,0.0,0.0,0.0,1.7175948093371328e-18,1.0855064004275561e-232,0.0,0.0,2.88119354967846e-310,1.3167471836526934e-308,3.908851898946e-311,3.3379369039571276e-308,5.03101958236543e-309,1.9166368330008432e-157,4.7313302895725e-309,7.489080187483116e-309,1.5547833265308355e-308,9.251834931672e-311,2.9499159762462e-310,3.506679854881556e-309,2.8064512779823e-310,1.444353525341434e-309,1.1091369896594e-310,2.1630265277183493e-191,3.299117528948694e-191,5.103444694639157e-190,1.6063377429511667e-191,2.2253176231789078e-190,1.3235116239718325e-190,2.669105642673292e-191,1.8701183022075683e-111,3.000998334489648e-190,1.1349159163125177e-190,1.0259378152653956e-189,5.3365491020722357e-191,9.123999332828556e-190,2.7191650107636883e-190,6.566817530251751e-190,1.0865574215789978e-189,1.2165970802717124e-189,1.2165970802717124e-189,5.254031267252107e-190,5.99779284269461e-190,2.604999206382049e-112,1.08649541985347e-189,8.660046231242646e-190,6.714912140874929e-190,1.182399954693007e-189,1.1397461384594923e-189,5.85818997401238e-190,4.725894096163949e-190,1.1178427894857185e-189,9.868105458462127e-190,1.6674116722490223e-36,1.6208147397380737e-190,8.141144690734654e-191,2.844237700814987e-190,1.649769215245778e-190,1.097105664948465e-190,5.423649483068057e-190,1.115165623674814e-189,5.101265828571643e-41,2.0403805401438485e-192,1.3791227799916763e-192,6.210588780835031e-191,3.663494152685074e-191,7.53416485709452e-190,9.825345807358643e-190,8.450581021343801e-190,1.0865574215789978e-189,1.9557928500381193e-190,1.1407435325233583e-189,7.422278747409021e-193,7.422278747409021e-193,7.422278747409021e-193,1.955885173025232e-190,7.422278747409021e-193,7.570509872747813e-190,1.081466577631023e-189,4.615272821165626e-190,3.890182620772817e-190,2.34648838064957e-36
6.114746883176605e-81,3.2798486740941916e-76,1.0400512533655092e-77,3.5983983600329327e-78,3.651816193401679e-229,6.416361284605887e-175,4.0272239874277e-310,2.17064486969893e-309,2.772713266572292e-308,9.0770542756173e-311,6.390825263370167e-156,2.213822477554e-311,2.012567805641405e-309,6.29194727731215e-309,5.7210153287523e-309,6.965325911722467e-309,1.0220239904562216e-155,1.740959612798105e-231,1.5093530430248696e-161,1.174647166043765e-75,4.236728607531872e-232,5.0519825386328687e-76,2.8461589739532873e-77,1.6592121258240305e-190,5.19581447650307e-191,1.9992572968929656e-191,2.0321490947699817e-77,2.220584400825395e-75,7.637781054453036e-76,2.3895539062327874e-159,1.828346706554302e-158,3.294833947540033e-157,3.8850121598406454e-158,0.0,3.0365375741113715e-154,2.0290988284453157e-158,2.5684168975358714e-160,1.7277211913509262e-158,0.0,,6.215644318564663e-162,1.0217659113003453e-157,0.0,0.0,0.0,1.5025663559823813e-236,0.0,0.0,0.0,1.0432204711121e-310,2.2219243743047e-311,6.334840899474664e-12,7.565604382095891e-231,4.616062166679e-310,1.24942138549465e-310,1.610341069139e-311,1.0014284102248e-310,1.6282369070374e-311,2.2164579390376496e-308,1.6347992624639416e-307,4.989046353176704e-157,0.0,4.10811951703503e-310,2.54423748121009e-309,6.398369006885e-311,7.2442647341938e-310,1.781059159927615e-309,0.0,1.0678356407659097e-308,1.4427538451099e-310,5.063054451745413e-202,2.8188747057417193e-206,1.6243823268164996e-195,7.420242844276636e-194,1.6544370511298726e-195,2.1769149434878322e-193,4.642679935580552e-192,2.5048554353057728e-115,2.8509493734012454e-191,2.258702651147281e-195,3.378719713777928e-190,3.0893965911384237e-190,5.952113356692017e-190,1.972830820960543e-190,4.248150420376526e-190,5.773106497854112e-190,6.147211356951488e-190,6.147211356951488e-190,1.1124438095607306e-191,5.48197314127463e-190,5.066656942853256e-115,3.2455364289235435e-192,1.1529842325293897e-190,2.579875458450769e-191,1.3531920600208804e-191,6.021450070737808e-192,3.982755346077848e-190,1.4393692145973624e-190,5.2352143082318746e-191,3.2126075746225256e-190,8.106471683698018e-37,3.556320340224744e-190,1.9734533011227265e-192,7.378423153387401e-193,1.7354619504679473e-193,1.1113066859730257e-192,3.061114589478217e-191,2.8874893169382437e-190,5.191094353966638e-41,2.9803884046173843e-192,9.285053727910895e-194,3.486549519982196e-191,3.7497876900608746e-190,1.0510576891785585e-192,1.0417954392066926e-190,1.268985917711608e-191,5.773106497854112e-190,5.773106497854112e-190,2.328242007116427e-190,3.6819102050050692e-193,3.6819102050050692e-193,3.6819102050050692e-193,1.3267519778918916e-190,3.6819102050050692e-193,4.3320936956909897e-190,5.23862975912984e-190,6.147211356951488e-190,2.7861199734567678e-191,1.4797314904665612e-36
8.018257184076171e-83,1.7552181927991944e-79,6.084699803995943e-82,3.1217512636636097e-83,1.1570327481218626e-76,4.377174898641416e-25,7.10743704845286e-157,1.0085646228675589e-157,3.130807839432892e-154,1.7946864143450715e-157,4.581747822047716e-161,8.728281892599514e-161,7.797331848572679e-156,1.2331890053092916e-155,3.1287598852309984e-156,7.122693423619089e-158,1.6022971017856554e-157,4.585981051213269e-77,1.1571896363487703e-13,3.841892910505043e-78,8.273741752608704e-78,9.810910993969566e-79,4.100552176714271e-80,1.4077499475028525e-116,2.0727207142221852e-116,4.416244570357106e-116,4.1346534003838807e-79,3.615417045676825e-78,6.751417868831786e-78,9.192773692899105e-169,4.098536088667402e-164,9.039054688684719e-171,9.59823088003691e-160,5.301204728141873e-169,2.377441979980122e-159,2.2952350550046227e-165,2.8627206731127657e-173,1.1554121200767562e-167,1.0650305436607846e-170,6.215644318564663e-162,,5.2901329309370145e-171,1.9699488501950112e-165,1.6464203854866336e-167,3.30649374072389e-168,5.544068826993386e-171,2.4239445093404572e-160,1.944403662464331e-165,3.46541028763509e-160,1.9261917688811585e-159,1.8051338138075183e-157,3.119560058595784e-22,1.1069111933535771e-156,1.2027542851248462e-158,2.29662884246556e-163,1.700665650536864e-158,4.1503370190516693e-157,1.148138128795824e-161,7.303762530709307e-155,3.7362061919651334e-156,3.1460368056742457e-160,1.9770116303974066e-156,2.268856389527652e-159,5.963233249031933e-155,2.500770637233798e-159,4.546079056872467e-159,4.563176997493985e-157,4.341571553295018e-160,8.16873365994072e-158,1.575984191199e-155,6.932131277592988e-38,1.50709421825279e-40,2.362409742669647e-38,9.054099826513207e-39,2.4710484253940345e-37,2.424096867170292e-37,8.97501406777925e-39,5.626660760279512e-40,6.152008075528569e-39,5.905318396288435e-40,5.142151539870539e-37,2.1284595004349318e-38,2.4540247777954003e-37,1.309647936898402e-38,7.84382414842002e-37,6.042192128507967e-37,6.783274868219026e-37,8.241811706303517e-37,1.2308321950912696e-38,3.269372432329342e-37,5.19912359634163e-43,7.400206767304646e-40,1.2576823636212762e-37,1.8155260078206144e-38,8.17010141401792e-38,1.0713874800126838e-38,2.9441997926012745e-38,1.8155260078206144e-38,3.407390671703763e-39,2.896765133276289e-38,2.656917704503955e-38,3.21891438480629e-39,1.5302708378982247e-38,7.473918773294027e-40,7.10023780544208e-38,1.0591361299438824e-40,1.7180792061739e-37,1.842696090757503e-39,7.519302252029938e-49,2.6911313784392786e-45,3.049875974774307e-46,4.2601010956120704e-38,3.4155440113297565e-37,5.136690861913342e-38,6.348171366576645e-42,9.88439311632671e-41,1.1559511535603232e-37,6.042192128507967e-37,7.460900182516878e-37,1.8732801964981468e-38,1.8732801964981468e-38,1.8732801964981468e-38,4.432880783013496e-37,1.8732801964981468e-38,2.2658977579936727e-37,4.432880783013496e-37,3.649400388404323e-37,2.883824729743756e-42,9.691581627172412e-37
3.729110368296044e-83,9.390205595173826e-78,3.9080149138065714e-83,6.365661668079627e-85,2.2619534583249637e-81,9.116984459118833e-23,4.266811391039453e-154,1.4866728266421783e-155,4.918436718405027e-154,1.5723908899031904e-159,5.301382520778239e-165,2.3058962971877608e-156,1.3972406377334387e-159,2.3957494197576797e-157,5.323819445450367e-158,2.2225350436858002e-158,1.4782123039209967e-161,2.2006735257595392e-79,2.417433402392043e-09,2.3634918501148018e-78,7.7877669016736185e-81,3.621610120068309e-82,3.300429660197089e-78,1.271795514027011e-114,3.8300284776515674e-117,4.923703795892478e-117,4.519055120640451e-83,2.2341295163996632e-77,1.7824852256463895e-77,2.7579544723053256e-165,6.715579570204686e-174,3.3887242741495976e-164,6.934763532761729e-157,2.0983757932706288e-160,1.2814121575955857e-159,5.0525506019179876e-164,5.764886655190555e-162,3.303709083117964e-160,1.285895150201054e-165,1.0217659113003453e-157,5.2901329309370145e-171,,3.408953868091633e-174,8.643198849293144e-164,1.5791929624994275e-171,1.8711407043366697e-162,2.5185040653527952e-160,9.372868699240752e-163,3.537655082932796e-160,1.941152186449886e-159,1.5994816861902194e-156,4.825072425057485e-24,6.549142173085518e-154,1.7157026630167012e-157,2.5537982925245108e-158,1.6981691595424176e-158,1.4544495927765887e-154,3.6309486514006783e-156,2.3191208392128413e-154,3.188350463085118e-154,3.0348420628565496e-160,9.733068968649496e-156,2.7175208314424267e-156,4.4089336220936373e-156,9.952330026694731e-159,4.78195885380628e-156,1.3940571971038651e-155,3.3037264429054486e-157,9.804540721968052e-156,2.0687228390731532e-157,1.261442875060569e-36,8.641138640630735e-39,1.408295325709251e-36,1.087256792025342e-36,3.444310356418299e-38,6.281602046188297e-38,9.762880633823716e-37,5.13051819560883e-37,7.562105181204459e-37,6.305998571023358e-37,1.8499013345998857e-36,2.5558755468673658e-37,1.7111829372665778e-36,1.1637157189253492e-36,1.1929855853012294e-36,1.7280403705054035e-36,1.033484667083607e-36,1.873491374866028e-36,7.962561787870654e-37,1.4483661047279894e-37,2.5062740887945114e-37,9.220202731843671e-38,1.5237631161387936e-36,1.2394859094915196e-36,1.5677112560407654e-37,1.7712858035034117e-36,1.6429499044421155e-36,6.534622448531521e-37,1.695995729345712e-36,7.44963900464809e-37,1.7797683102615686e-38,8.411332855829408e-37,2.8888391795939414e-37,1.3425455928431952e-37,1.6089031848243979e-37,2.651484841443141e-38,2.5199139909676416e-37,9.007734944255277e-37,2.1224926704767613e-41,6.963396944488187e-39,1.0341691180708402e-39,2.2043905790096736e-38,3.2418847504914595e-37,1.417465327349018e-37,4.525645360102646e-37,7.447338149784156e-37,3.929705688593244e-37,1.7280403705054035e-36,1.6215418661188066e-36,4.109738572388184e-38,4.109738572388184e-38,4.109738572388184e-38,3.702391758342886e-37,4.109738572388184e-38,7.244174155526158e-38,1.6214615281114314e-36,8.500079401017518e-37,2.070296897437232e-38,3.1282011896899623e-36
2.0938818696933032e-81,5.760600081111249e-76,1.112248097969075e-79,5.736190401185816e-82,2.1053609115699905e-232,1.403919557049557e-174,2.2577856654947156e-308,3.2236134147554e-310,1.2173331167749814e-307,8.88856487002e-312,2.762087438662312e-158,2.28201220961611e-309,1.298998324185e-311,0.0,0.0,6.95464258702147e-310,2.969896231198373e-160,1.723125131759913e-231,3.2467444687499466e-164,2.4948854664214696e-78,6.255830306970861e-232,1.5570579370929838e-79,1.2027400584319199e-76,3.005750610245925e-191,6.602349591963094e-195,6.765995943190178e-194,4.617602465300617e-82,5.660036942542576e-76,7.612976891825117e-76,3.183667692693459e-159,1.1050216880793686e-162,5.688231929338435e-161,5.069933665757827e-154,0.0,3.7692394643158385e-158,3.296342324060127e-160,1.177855603326171e-159,8.030305462562325e-159,0.0,0.0,1.9699488501950112e-165,3.408953868091633e-174,,0.0,0.0,1.719213525333614e-237,4.510104067199e-311,0.0,0.0,0.0,0.0,3.17803571415796e-15,2.0288610074501235e-229,7.7044886449e-312,6.22665015175184e-310,0.0,2.07377104900618e-309,4.351341659543e-309,6.805981868973503e-308,7.055786753314427e-308,1.4627612794355178e-160,1.1730209507859e-310,6.0908173629986e-311,1.9734628969434446e-308,0.0,1.208950755139636e-309,2.68729266020427e-309,6.066306339006447e-309,5.59104700045087e-309,6.86330002686163e-310,4.861134923874201e-193,9.939875844936342e-191,1.701749362197231e-190,1.030432002454943e-190,5.4667307705593056e-191,8.286811960245173e-193,1.2141554166027433e-190,3.1981600734100075e-112,3.158594894643707e-190,8.272080031830077e-191,3.2012273841608993e-190,1.099629977669401e-190,6.965136006404643e-190,5.588366504443685e-190,5.590691628712665e-190,1.045841531419889e-189,7.587093712706857e-190,7.587093712706857e-190,4.786704829027251e-190,9.40794932787252e-190,6.280323233497446e-113,3.1669949394066453e-190,2.902189880135288e-190,8.191677357648986e-190,8.96512522641849e-190,1.1491926881058357e-189,9.903037575763115e-191,2.5314651863060483e-190,1.068794404618343e-189,1.4597666472127637e-190,7.849393245617231e-37,3.100846483607579e-191,2.9782786102954326e-191,2.331543467654961e-191,7.811614966541028e-191,2.0702365782568688e-190,8.120826076592995e-191,9.852212520507357e-190,2.7290960139714845e-37,3.039200525793489e-193,1.907129095731667e-191,1.1565979712554767e-189,4.2359373555260045e-192,4.506722557570173e-192,9.65434974689531e-190,3.7171847649091185e-190,1.045841531419889e-189,1.045841531419889e-189,1.195397708123594e-189,7.467147850654601e-193,7.467147850654601e-193,7.467147850654601e-193,1.101150833562615e-189,7.467147850654601e-193,2.154009461857209e-191,1.101150833562615e-189,3.920882187419613e-190,8.561969772627885e-190,3.3652752990458093e-37
5.935570303670568e-81,5.519557717261976e-76,3.6277648610601824e-79,4.341440646713645e-81,3.056026084493555e-230,7.0853090276764855e-177,1.90818672183735e-310,0.0,2.3354080950529893e-308,0.0,9.684886174818562e-161,0.0,2.679976216926e-311,9.313458004847e-312,2.8112252082504e-311,1.6141985820397e-311,6.919660233185889e-157,6.991923887762414e-233,1.5834094124851778e-161,8.596637065652213e-77,3.6549246588917655e-234,7.369065609091767e-81,2.6351139804833993e-78,5.776624047841668e-193,2.0381261054496008e-194,2.208441590754844e-192,4.013620921265572e-84,2.023553504417814e-75,6.175148939979775e-76,1.420588562972735e-174,9.190875232447671e-170,5.674330259064397e-162,1.6365932146724954e-155,0.0,4.438173693393085e-158,2.4005534401158046e-166,5.5428838637295283e-163,2.9045031968689157e-159,0.0,0.0,1.6464203854866336e-167,8.643198849293144e-164,0.0,,0.0,8.839342304234342e-236,0.0,0.0,0.0,0.0,0.0,1.040589381981603e-28,7.83165133120917e-233,0.0,0.0,0.0,0.0,2.0259394835184e-310,4.4299861015431e-308,1.78806931200157e-310,3.722962112788571e-157,1.93464627046598e-309,2.690490070595415e-308,3.5268574113051e-310,3.313699715947e-311,9.162643625619885e-309,1.22868148734023e-310,0.0,7.0381871749273e-311,0.0,4.778468400919561e-190,6.523183956380846e-192,2.15267941337275e-191,6.754513126012093e-192,4.240516098719968e-191,3.596233374223873e-191,2.842410124754208e-192,1.090978206702464e-115,6.462267393915563e-191,1.3082239968121338e-195,8.511963214127154e-190,4.8094979209062404e-191,5.829622911306517e-190,8.9309801660609e-191,7.22627185135712e-190,6.110744908510593e-191,2.532782551129854e-190,9.194945199197726e-190,1.9230053805115067e-194,6.138726570619e-190,1.5490843738900801e-115,1.9232831340847525e-192,1.1885391177516645e-190,1.6669479479625723e-191,2.8265299821736862e-192,3.002149365362966e-192,1.6078787012932814e-191,1.440801836278625e-192,7.665252702009038e-194,8.78322409895011e-194,5.3327251682598644e-39,5.474098241396686e-192,1.0539898069376785e-196,1.2916645222194535e-195,2.4576517709906986e-194,1.0748078698758633e-191,7.503919811243231e-195,1.5128958514753198e-193,4.372223043918021e-46,9.565678707527212e-199,1.0147787111413748e-197,6.174718812465571e-193,7.500155070951343e-195,2.0625500240881806e-192,4.8822081385731834e-191,4.847732177548917e-191,6.110744908510593e-191,6.110744908510593e-191,9.797339467921437e-190,6.992221500422735e-193,6.992221500422735e-193,6.992221500422735e-193,4.3776186264537734e-190,6.992221500422735e-193,1.036171490647796e-189,4.3776186264537734e-190,9.194945199197726e-190,2.8549782658167594e-193,8.809606261700336e-37
6.5394080861915265e-81,5.4170324524262866e-76,1.2742012597738014e-84,3.236804067146904e-86,1.6170991784415278e-233,2.613040629182291e-180,1.5363856699427203e-308,0.0,1.731224262260626e-308,0.0,1.0137953853194771e-163,0.0,0.0,0.0,7.330085522476e-311,0.0,8.281194007481149e-158,2.3716322388742986e-233,2.0947790925323142e-169,1.3587311267114364e-76,3.714019749235223e-231,1.7687982272284916e-79,1.2335653124682613e-76,1.4962260686927818e-190,7.3427811560236e-195,6.921984097305385e-194,1.991931275675915e-79,1.9642228474068338e-75,8.873075502676299e-76,3.692940701050634e-166,8.724152596515211e-171,1.896820432915269e-168,7.32145248135873e-153,0.0,2.9435359279030853e-159,1.5142789340434665e-162,3.067946855727783e-163,4.2944524095161586e-157,0.0,0.0,3.30649374072389e-168,1.5791929624994275e-171,0.0,0.0,,3.337255138749308e-242,0.0,0.0,0.0,0.0,0.0,9.813250049682695e-31,5.1314238142370065e-231,2.29047327509143e-310,0.0,0.0,9.89434789446925e-310,6.31570926209307e-310,1.615126713733608e-307,9.509981759721255e-309,6.397905270447253e-160,0.0,0.0,0.0,0.0,1.1022480203665e-311,5.875386596632e-311,0.0,0.0,1.8740516523696e-311,1.5487158765829266e-190,2.9279313745900925e-191,4.2560637523666297e-190,3.389384898449456e-192,2.499876047758937e-190,1.3060446375380266e-191,1.9800211987114233e-192,3.9373882986502366e-112,4.9205018484192e-190,3.537267278460317e-190,8.028903223263449e-190,1.3935466452991712e-191,6.18037098767376e-191,8.58852191866664e-191,8.592634786094651e-190,1.1308338084867867e-189,9.918039173592001e-190,9.918039173592001e-190,5.119897022530327e-191,9.42375316665651e-190,1.8568075225549602e-113,9.222301162722742e-191,1.012115672722993e-189,3.9954227374039864e-190,2.491007545730498e-190,7.422299455012851e-190,3.7806663643464815e-191,2.739246747353731e-190,8.245460323239267e-190,9.525536645808265e-190,1.2562616732981115e-36,1.0918549162619789e-189,2.0475928419977355e-192,2.1732089442254232e-192,4.00292633816168e-191,2.226693230940668e-191,9.775473284221807e-192,9.614399524581374e-191,3.15450084607424e-44,1.8670848502373158e-198,1.2673985132412664e-194,2.778341519366483e-190,9.488550602637294e-191,1.6615340223068116e-191,8.436741853005373e-190,2.628109497586132e-190,1.1308338084867867e-189,4.689873299616098e-190,1.0945872869376148e-189,6.848487522946701e-193,6.848487522946701e-193,6.848487522946701e-193,4.920366113814387e-190,6.848487522946701e-193,1.0649191415629452e-189,8.500326071913351e-190,3.350029165218264e-190,3.753261076991583e-190,4.9943601300457e-37
3.5371903972970223e-81,1.1135526720665753e-75,2.8222956824079196e-80,9.686808679673828e-79,1.7558714041804205e-151,7.647797420465318e-99,6.2935082313548084e-232,1.8406529507174995e-232,2.48888992569831e-229,6.792908251016115e-231,9.707645743813798e-158,2.524924356497822e-238,1.5784229792597478e-230,1.0225242594266118e-233,1.5978717486764552e-230,1.7364060825965603e-232,2.1496245873247898e-155,6.5042244889212725e-152,1.8926138163843732e-84,1.2300835366014863e-76,3.984622577555128e-153,3.7373127710335125e-80,1.783202436543595e-76,3.759686019919731e-154,1.3292547530481152e-152,8.045618901745739e-155,1.8098821181108229e-81,1.5184598335232084e-75,1.7879430039676907e-76,3.400460441457069e-161,7.311682322746989e-156,1.7425797274259345e-158,1.6947509413754928e-152,1.3349490059839783e-230,8.97011290050406e-152,8.371736085892909e-160,2.985072943278735e-162,6.106805346553724e-162,2.488948668881117e-238,1.5025663559823813e-236,5.544068826993386e-171,1.8711407043366697e-162,1.719213525333614e-237,8.839342304234342e-236,3.337255138749308e-242,,1.351295790342949e-240,1.0558258945216246e-238,1.364556273635677e-232,5.136172064792353e-234,8.79820735235054e-230,4.3286241526066376e-13,6.9333293151102355e-192,1.355376660615412e-232,1.2884610424286221e-234,2.6647220466018815e-232,1.6678107110081265e-231,6.410288124051304e-234,3.298720069991235e-229,8.525824281211148e-231,1.0257428340805668e-160,8.435737936168087e-232,3.060695835020772e-233,5.737782600870446e-230,1.78674181573471e-233,2.7726028195680204e-232,5.240961645883798e-233,1.8860989253083165e-235,1.5553404367010314e-233,2.5064746594489575e-233,9.06643937640479e-113,5.994686112634317e-115,9.357441927639801e-113,1.2188859816050665e-114,2.7946309734124675e-115,1.850670279980063e-114,2.0732178221600977e-115,8.52068581102009e-76,9.482542064099332e-113,2.6873737765099455e-113,9.189393205430141e-112,4.980284504617802e-112,1.3864623081248073e-111,8.074079234389421e-112,5.232238458512947e-113,6.452616026563816e-113,1.095034126387647e-111,1.095034126387647e-111,2.0498773121601441e-112,2.0040016803541645e-112,2.6156055825590542e-73,2.8192722434676227e-113,2.4856147744301328e-113,2.528781638536008e-113,3.267859212627268e-113,3.816363721321705e-115,5.592117975561158e-112,8.239166907466797e-114,4.776333960597785e-112,1.039163467560587e-111,2.0725430577361163e-37,1.1236251223807263e-111,1.426726023305371e-114,3.79968710867967e-113,2.3853759340252368e-112,5.803769694135938e-113,2.829080869677991e-113,1.111460532560243e-111,6.750730300613482e-40,1.412096453447877e-115,3.083176890828775e-116,4.435918467718019e-112,1.2613243249820545e-111,5.21332284668146e-115,2.248343559734511e-112,2.0415440985395866e-112,1.4512794518334217e-111,1.4512794518334217e-111,1.13902019353773e-111,1.8720146552308274e-114,1.8720146552308274e-114,1.8720146552308274e-114,1.146184188198764e-111,1.8720146552308274e-114,1.8283677377320142e-112,5.165565016778594e-112,1.095034126387647e-111,7.817693284589973e-112,3.151517361384676e-41
1.27467093898484e-81,9.427486364028707e-77,1.256130880610211e-76,4.026280366521108e-77,5.797006380852424e-232,9.203093940703397e-178,1.35554597034239e-309,1.68927732500654e-310,1.349889123556379e-307,3.781350131561e-311,4.1852057508096675e-157,0.0,2.6604380326362165e-308,3.2675884611415e-311,4.634237946384373e-308,5.9134902303505e-311,4.057484263118142e-157,1.7021647520741955e-230,4.912780197437227e-160,7.194277550613784e-76,1.6482018199826216e-232,2.702498537760803e-78,6.832346244034641e-78,7.563116797556869e-191,6.359437343354333e-190,1.8637701139686703e-190,1.9243318572477112e-76,2.2202071900814994e-75,2.4939583352528944e-76,5.272023838765729e-163,5.242783809204279e-158,2.5619522155997874e-160,1.0576893986926926e-151,0.0,9.862851713570687e-155,2.3762993596197633e-160,6.653347690598744e-166,2.2046998774904037e-160,0.0,0.0,2.4239445093404572e-160,2.5185040653527952e-160,4.510104067199e-311,0.0,0.0,1.351295790342949e-240,,3.18491870523225e-310,7.43039840079033e-310,2.82023106692e-311,1.5127296597741e-310,5.979371956763668e-11,2.101988596430973e-230,1.99663658226375e-310,8.1345927980032e-310,4.6881925666957e-311,6.9344716865839e-310,1.37076234599073e-310,1.165904259117594e-308,5.973738215167915e-308,2.619387612778932e-170,0.0,0.0,0.0,0.0,1.1499949583446e-311,0.0,0.0,0.0,0.0,6.031852926673029e-193,6.334826123422549e-199,2.6606812873179985e-194,5.0740507527600374e-194,6.549547256877994e-193,4.021338238954946e-195,2.3055594984378076e-194,1.8692334275936927e-113,2.1478519615955394e-193,3.010071873994143e-194,6.68231028075201e-190,2.187114537689985e-192,5.809922579272785e-191,1.9844776184237646e-190,3.926482045131748e-190,8.857767539966275e-190,1.0360397407559344e-189,6.400375131038933e-190,2.523051893594017e-193,6.212686714089238e-191,3.71473722793013e-114,3.4605018364114838e-193,1.6334564242687274e-190,4.050097847705143e-192,1.0503924322764433e-191,7.909221664849698e-192,2.7346769043003424e-190,3.2941985995065274e-191,7.512583920952528e-191,6.966933858360499e-191,4.4237568046321136e-38,1.0203251672448906e-190,4.79996677236347e-192,5.999095948426215e-198,6.582168096825222e-193,1.5986035458569404e-195,4.3052844170396106e-194,2.656139891293973e-190,5.755500294269281e-44,5.65045346141377e-196,6.389052075986446e-195,7.83228034240093e-192,3.605347885204996e-190,2.5018501139144707e-194,9.932533481676642e-193,2.4910187764965847e-191,8.687748428165478e-190,8.687748428165478e-190,8.895290451608898e-190,6.215545083926819e-193,6.215545083926819e-193,6.215545083926819e-193,6.359023162020875e-190,6.215545083926819e-193,3.8916088631211414e-190,6.237299534844646e-190,1.451523796136379e-190,1.466974329584269e-191,1.405061788270564e-37
7.478109338571514e-81,1.5305369227173816e-76,4.447747309736388e-82,8.360181143845479e-82,2.262780950267944e-232,3.7643630172235335e-180,1.417478368328414e-309,1.5233584570156e-311,8.663874890319695e-309,5.157621977398e-311,1.5481184928405329e-158,0.0,0.0,0.0,7.86419073517396e-309,3.6963458308647e-311,3.4511423232906733e-155,1.924591013566486e-232,5.946412450717552e-163,1.107649793836351e-75,2.952693071580367e-230,2.719655585536418e-79,5.111435404081037e-77,3.4701053472024034e-191,1.3028760184582794e-193,6.058375702524747e-192,8.455547007138923e-79,2.1675243102279426e-75,8.721890697814938e-76,2.9393681814423547e-164,1.4594246260787927e-163,5.988164616913775e-161,5.7892966380793054e-152,0.0,1.484745442693087e-155,5.65147794592155e-160,6.367037891538825e-162,4.1853105783925425e-159,0.0,0.0,1.944403662464331e-165,9.372868699240752e-163,0.0,0.0,0.0,1.0558258945216246e-238,3.18491870523225e-310,,1.434246808169e-311,9.683664505173e-311,0.0,2.2592626907357115e-20,3.2729147350839525e-232,8.20681768284056e-310,0.0,0.0,3.9432735105095e-310,3.75203185908144e-309,5.02869188172984e-308,4.769180348536657e-308,7.39560193992077e-160,3.393673257722e-311,0.0,0.0,0.0,3.19550959647117e-310,2.5521517115004e-311,0.0,0.0,0.0,1.482344447215058e-191,2.762736114457466e-192,4.2955491787185614e-190,5.875959657444056e-192,8.638439922583317e-191,6.242094240054488e-191,3.1436262083616685e-194,2.497172642601473e-114,1.5162957932741425e-191,7.40714371215223e-192,9.103064768976712e-190,3.693799208848608e-191,8.8478626066279655e-190,3.4587810042408614e-191,1.2582463447341516e-190,8.893532908830407e-190,2.3456455754119193e-190,7.514875300260883e-190,4.03395709133428e-191,2.281478388521522e-190,1.9649401717189702e-113,2.950437619110646e-191,9.046128156919725e-190,1.3078154419162186e-190,2.6549835238983103e-190,6.181158085260045e-191,5.448589549654753e-192,2.03217918970742e-190,3.079719771170056e-190,8.947621573786006e-190,6.02437421002963e-37,7.724439878694339e-190,3.7720997205981704e-196,5.185896269520471e-193,4.5954222819917946e-191,9.580931267078763e-194,7.98710343133876e-193,6.9501562784327916e-192,5.943042445453611e-43,5.716018918096323e-197,9.471794001941932e-197,9.082596629214582e-191,8.399165947117958e-192,1.182833771614047e-192,3.159392823020202e-193,3.964482547140175e-191,8.893532908830407e-190,1.0164124371446407e-190,8.036155926097261e-190,5.504911654571834e-193,5.504911654571834e-193,5.504911654571834e-193,4.421607120232898e-190,5.504911654571834e-193,2.1221165956263167e-190,4.421607120232898e-190,8.521440263038232e-190,3.306649908081578e-192,1.8031981110172764e-36
5.534660890276e-81,4.326284603750232e-76,5.546508203033638e-80,8.157796547633434e-82,5.997075900211818e-233,6.923797481391614e-176,2.389329937692145e-308,3.43098927189294e-310,1.6174823275809209e-307,5.6635448757096e-311,5.702051934714838e-160,0.0,6.16619455822e-311,1.05219059805086e-310,0.0,2.318328648817027e-309,3.431476178675882e-156,2.333487098675377e-233,1.620120103558228e-162,2.937942808242466e-76,2.7165313389363284e-233,3.87856636464659e-78,8.678295673773247e-79,1.032102245748073e-191,2.944328220927214e-193,7.592059002749551e-195,4.120866991515052e-83,2.276117943614247e-75,8.435027688043671e-76,8.63773589629408e-168,3.351193342225118e-166,6.11638120525857e-159,8.260740373351058e-155,0.0,1.7473672667154933e-155,2.147168799783713e-159,1.5895382962734857e-161,2.1727511443882464e-156,0.0,0.0,3.46541028763509e-160,3.537655082932796e-160,0.0,0.0,0.0,1.364556273635677e-232,7.43039840079033e-310,1.434246808169e-311,,0.0,0.0,1.5986102609570393e-26,2.1519436557371963e-233,1.032707155842e-311,0.0,1.2015628621997e-311,7.1375457130179e-310,6.758226075484121e-308,5.603178270721783e-309,4.963140623624487e-309,2.0171699912367976e-158,2.83158049826821e-309,1.8258935942228e-310,2.20970956317914e-310,0.0,7.188720709423e-311,3.0703204292727e-310,0.0,6.398758604741e-311,0.0,1.542422800761749e-191,4.110749338376778e-194,1.3508313514266487e-190,9.21211811049491e-193,5.045955736314821e-190,1.846452308580817e-190,1.048058153053204e-190,9.911557587971771e-114,4.706923696472218e-191,4.081862889422141e-198,2.7816668511367034e-190,3.14302513047365e-191,1.598749346926336e-191,7.085865621932328e-193,2.1407942543277633e-190,5.045707889982638e-191,1.971928946142789e-191,2.0073818856636276e-190,2.8302386376355536e-192,1.3372948411625848e-190,1.08940797973992e-113,1.5982469397561938e-190,1.0498470200588471e-190,1.1868173110296601e-191,1.9843664086806593e-192,3.3699417423184064e-191,1.5290849762718472e-190,4.0348111753205895e-190,6.712958245399671e-192,2.885074073921309e-191,3.801802158307443e-37,4.028062168662422e-191,2.5906862344504115e-194,5.742993414005881e-196,6.634663565725939e-194,1.6917335210377895e-191,3.4848400681930195e-193,1.1650491291022309e-191,1.0495643412931521e-39,4.4039568189788823e-194,3.975810861810615e-193,2.7238592110023918e-192,1.121941561408515e-191,2.4583511055129976e-192,5.541404902010848e-191,2.1280029176415008e-191,4.2618841196614094e-190,4.2618841196614094e-190,5.534178575657628e-191,4.980962273935708e-193,4.980962273935708e-193,4.980962273935708e-193,3.2777685063317833e-190,4.980962273935708e-193,1.2877044724015407e-190,3.2777685063317833e-190,1.971928946142789e-191,7.907569400506556e-192,6.930146627956589e-37
7.714831471868313e-81,5.859715342692488e-76,6.078763957800678e-81,1.3443310690312056e-80,7.317133686563733e-230,8.766954900336982e-176,6.575062662664382e-308,5.84118345846636e-309,4.971359153279865e-308,5.58857230512914e-309,2.622761074086492e-156,2.7154637148007e-311,1.08979102616034e-310,3.0450772575087e-311,1.534018347731143e-309,9.34274657829557e-310,6.870078295403145e-156,8.2102266207143735e-230,5.869481160637201e-159,1.9859217280763928e-75,5.778542865799302e-231,1.4201755805235916e-76,2.827264778983525e-78,4.95082178395015e-190,9.429082980278705e-191,7.812372984825345e-191,6.806302396016356e-76,1.45801358360855e-75,2.5110970303552412e-76,4.396127816052688e-165,5.328588663743954e-160,2.135467016202093e-157,6.576755481867675e-153,0.0,1.8595526894975755e-157,2.9536200381451925e-158,5.891998385690196e-159,3.435429217082472e-156,0.0,1.0432204711121e-310,1.9261917688811585e-159,1.941152186449886e-159,0.0,0.0,0.0,5.136172064792353e-234,2.82023106692e-311,9.683664505173e-311,0.0,,0.0,1.4998973248616422e-36,1.567580714085006e-233,0.0,0.0,2.029507480794241e-308,4.51600661588215e-310,1.29212687421162e-307,1.8527979862199207e-308,7.0238630861595e-309,2.1097055455322044e-159,1.425510493530339e-308,1.001487117897083e-308,4.542953789378508e-308,0.0,6.371125062661623e-309,1.13152760971163e-310,0.0,4.6488817021647e-310,1.167480878633336e-309,1.4696117508512968e-190,7.482887248526436e-191,1.0241420906173823e-190,2.311317763738938e-191,7.865117961695252e-191,9.439477875476927e-191,2.0042948797972806e-190,6.915169891679327e-112,2.984413610594454e-190,2.7842538365632338e-193,4.697759923741119e-190,1.328745765291662e-196,5.502651959316525e-190,4.442090204620844e-190,5.071977336773356e-190,7.668900280398082e-192,8.100862481712888e-190,8.100862481712888e-190,3.558307542284931e-192,4.204507032559745e-191,4.446752265415627e-113,1.0569877246582489e-189,4.0726887774375473e-190,1.2053128748001354e-190,3.8461645815760914e-190,8.092662506381619e-190,5.521343328101022e-191,1.0311184915512626e-189,4.516261433377496e-191,1.11625438625352e-189,7.264251039894495e-37,1.1013912531130465e-189,4.94706958043519e-194,8.593386931057309e-193,1.5507589837176644e-193,4.705732572587095e-191,5.5739749674304904e-192,4.731841466371786e-190,4.499310001446977e-40,4.116109475669306e-192,1.1778331975849717e-190,3.583320354372712e-191,1.5783793928357684e-192,4.669979466745901e-192,1.3234518851839314e-191,1.434508009728813e-190,5.48474952193555e-190,5.48474952193555e-190,4.063983448931407e-191,7.715533652684238e-193,7.715533652684238e-193,7.715533652684238e-193,1.2144470343104528e-189,7.715533652684238e-193,2.374302282830379e-190,1.2144470343104528e-189,8.100862481712888e-190,1.4246307402680376e-190,2.631714879945528e-36
7.42058176863262e-81,6.934336591151473e-77,4.244574150541707e-77,8.535449017682447e-79,1.0129065023004568e-229,1.922094986417402e-174,1.453691642810136e-307,5.530889312705667e-308,8.940251943011312e-308,1.0486891890404213e-308,1.0924679674887558e-156,5.3602473389757e-311,5.249353006913576e-308,6.99079161530761e-309,2.03302326833455e-309,1.0399847911778e-310,4.650932505241628e-157,2.258784200487648e-230,4.507785554153453e-158,1.7257862846693877e-75,1.5783556758884315e-232,3.96690273397921e-77,8.698092558332777e-79,7.877475543770929e-190,1.2321504125702516e-192,6.185426566680725e-190,3.3218936563653136e-76,8.66185538244139e-76,6.1363642189925945e-77,2.6715186034686667e-163,1.830459381378443e-160,8.88472549691302e-158,2.3292979138332212e-154,0.0,1.430001454492957e-162,1.0480719634167725e-156,3.3319803175996126e-160,7.141232074852112e-156,0.0,2.2219243743047e-311,1.8051338138075183e-157,1.5994816861902194e-156,0.0,0.0,0.0,8.79820735235054e-230,1.5127296597741e-310,0.0,0.0,0.0,,3.2181791736380372e-21,1.6356295942418887e-232,6.6689597110505e-311,0.0,1.35124317556385e-310,7.621835510321833e-308,4.92312341136084e-309,1.6154313138250016e-307,0.0,5.151650178316186e-156,5.202807768691127e-308,5.425614300991391e-308,8.011975219415939e-308,6.604275452092e-311,7.016343643002925e-308,4.40741248890977e-309,6.1264149364976e-310,2.26394634186603e-309,1.183005519534764e-309,3.1936824213102444e-191,6.905957030901628e-191,1.4899857326805084e-190,2.9823091262916595e-191,1.0411558302077329e-190,1.058040628684861e-190,6.407665410169246e-191,1.4744490154401187e-112,3.2539697572972666e-190,1.112577375173601e-196,1.2679747403746728e-189,2.4825609086746605e-194,2.124376594115249e-190,1.2058229975126477e-190,7.579651450537966e-190,1.4183069582267526e-191,6.842702156873304e-191,6.842702156873304e-191,1.3793442933252608e-192,7.352559811070885e-192,7.0695860641543305e-118,7.043651087537653e-190,5.328619256283308e-190,2.020165947109387e-192,1.2947391042354822e-191,5.146773443691801e-190,1.306663814053437e-190,4.88090764431716e-190,1.2791148018424065e-192,4.644703857979003e-191,9.856822133144153e-38,3.7048627201198627e-190,1.6132429580785698e-197,2.862696263409086e-193,1.456951842335278e-192,8.48341184614041e-191,2.439021185993339e-190,8.492652976054746e-190,9.656378982778871e-44,1.0996595176359776e-192,5.69542922316238e-191,6.582702688233277e-190,6.94576061503274e-192,1.2883250429485532e-191,2.3510021322615137e-192,1.0029635168592878e-193,1.4183069582267526e-191,6.323867670701974e-190,4.273761590866972e-190,7.688658271589543e-193,7.688658271589543e-193,7.688658271589543e-193,1.2018304779259563e-189,7.688658271589543e-193,5.722057688396488e-193,1.2018304779259563e-189,4.443209823849785e-193,2.52833709921888e-192,2.031652152405692e-36
0.014878975538589445,0.012107322977979533,8.645036115789372e-10,2.2812785497288929e-10,0.0008434075114847889,0.004532692620505445,2.2294082109362133e-05,9.480170620945862e-08,4.114242643866632e-05,5.508234631939582e-11,3.5640446004584215e-15,3.9832417524410114e-16,2.860162479031095e-08,1.3031937190815108e-09,1.989884591418099e-14,5.163863859708933e-09,1.0742983279008875e-06,9.386367686415637e-10,1.9783216532453645e-06,0.001566846223967279,4.589042979022075e-08,1.136557988846433e-06,0.001687929117753444,0.0011368224355746618,1.3182720129359755e-07,1.5476794460214007e-06,1.1596321234393386e-09,0.012131280285826457,0.018484884173545064,1.1206936797733949e-36,8.17005903417168e-27,7.2166805073418e-15,1.0948552592210705e-09,2.80597648200609e-16,1.963040153852815e-11,2.449222861268687e-11,2.1479957028782444e-19,8.745731634257525e-10,1.7175948093371328e-18,6.334840899474664e-12,3.119560058595784e-22,4.825072425057485e-24,3.17803571415796e-15,1.040589381981603e-28,9.813250049682695e-31,4.3286241526066376e-13,5.979371956763668e-11,2.2592626907357115e-20,1.5986102609570393e-26,1.4998973248616422e-36,3.2181791736380372e-21,,1.5719021295733114e-06,3.487935980092657e-09,1.820688673408678e-12,2.2041277863878755e-11,4.5788715424401826e-09,8.304687050251651e-07,0.00010342799539479339,1.183889609204233e-09,7.875001422003036e-11,2.4595107849674697e-07,6.158982089946269e-08,2.021581611330256e-06,2.694338458373385e-10,3.876602349770324e-06,2.4632429811452095e-09,1.4079073208972492e-10,3.9335057749447813e-07,4.631773875059157e-09,0.06605001655462937,0.00010459909481225026,0.018004113858810487,0.00014105343541550647,0.005975983532539032,0.00038617002413371653,0.017924266952881306,0.06203745241359123,0.15361513047056158,0.0008026427181374126,0.09616800931242182,0.0007195448368434881,0.17478584036375155,0.02151330094430921,0.06397583206469677,0.06417745415402194,0.18516952703967038,0.18516952703967038,0.002070343112394618,0.07006757169754692,0.00479695181928945,0.07014900847718494,0.1062703073842952,0.03931870871458727,0.12902438144964756,0.20524584240519816,0.001578192311034547,0.15824756398156326,0.07114110524209066,0.0682201575059206,0.10305103103405416,0.0515367402490225,4.641401991461447e-06,6.499554994236339e-05,0.0006163727854440147,0.011351215445664635,0.00039394041412123677,0.01474859695159463,9.318154109744084e-08,1.516850374441344e-07,4.2327917199640446e-05,0.06333135670908892,0.0030067408983853383,0.012713101018387253,0.01191743628426271,0.002498173281111532,0.004345504755534523,0.1817076036261082,0.15513393963779923,0.07614686040921452,0.07614686040921452,0.07614686040921452,0.0027292767441648652,0.07614686040921452,0.02022125389000467,0.17975366739554235,0.09306696919121514,0.0023021513360698756,0.03850882927852707
7.417312425956449e-81,1.448032503239081e-75,6.756052618388513e-76,7.226924722912608e-77,1.1518595607466779e-150,1.768215263003955e-96,4.493323834746307e-230,1.407542715759381e-229,5.354319597230671e-229,1.4908248876844934e-229,2.2238057984919258e-155,2.5498704674316442e-231,1.6772537932138467e-229,1.2086762475218354e-229,5.50263393593278e-231,4.0756887648643493e-231,1.333519105665092e-156,4.658515833030683e-151,1.6417572361839997e-81,1.8749939925637733e-75,6.352614718675151e-152,2.742532537470788e-76,1.5071916389560802e-76,2.2280440089387276e-151,6.283525285354106e-151,8.810464531668725e-151,9.402428590241803e-76,2.1855450965946735e-75,3.4165319152686985e-76,1.6527172007879823e-154,2.640820043639197e-156,4.64280618329741e-155,2.4031529081944856e-153,7.909349842781483e-232,2.1421970672644545e-152,4.101672997303109e-155,4.507766639517942e-157,8.290138984097653e-155,1.0855064004275561e-232,7.565604382095891e-231,1.1069111933535771e-156,6.549142173085518e-154,2.0288610074501235e-229,7.83165133120917e-233,5.1314238142370065e-231,6.9333293151102355e-192,2.101988596430973e-230,3.2729147350839525e-232,2.1519436557371963e-233,1.567580714085006e-233,1.6356295942418887e-232,1.5719021295733114e-06,,4.589382871717069e-239,1.1130480993586653e-234,2.484358579842179e-230,8.269077901168141e-233,1.938966634734806e-234,4.022761090425226e-229,6.635995646054897e-234,3.049267534898639e-157,1.6649871388009833e-229,6.158165987240648e-230,5.279495392669939e-229,5.674039918595978e-229,9.64924065698893e-230,1.900681711546939e-230,1.7083590879917772e-231,1.5482446159998772e-230,1.9308332655242485e-231,2.7372624571546077e-112,6.791042491011152e-112,4.567492697915406e-112,2.4876628355648858e-116,6.378145344608351e-112,1.4026266516846783e-112,9.301385308714548e-113,1.561526927059148e-75,1.6365596436590353e-111,3.683157902938604e-112,5.348862632925031e-112,1.1423792940490073e-111,2.052760429225291e-111,9.363994211715603e-112,2.342192495009102e-111,1.2052300050677858e-111,1.6807921139352208e-111,1.8026025401810927e-111,6.865328738471017e-112,1.726434398614201e-111,2.466913392667794e-73,9.946207843953927e-112,2.104635164743929e-111,1.480158562619936e-111,9.104799157544486e-113,1.3249937502750465e-112,1.0754334910183945e-112,5.889808251495516e-112,7.109966328377835e-112,1.8758157380748773e-111,1.1545457826950922e-37,1.942058682217965e-111,9.987198280276907e-113,8.99831713836097e-114,9.301385308714548e-113,5.91020558864072e-112,1.9273374560659307e-112,2.0834660811625995e-113,1.6321360069573642e-38,2.72341220804693e-115,3.514606151476618e-113,8.550587836936581e-112,8.43895344452843e-112,7.76194331263828e-113,1.071323681601671e-112,1.5500273538252223e-111,1.2052300050677858e-111,3.060417293369172e-113,8.427642420644668e-112,3.0444113388133166e-114,3.0444113388133166e-114,3.0444113388133166e-114,2.206956731699695e-111,3.0444113388133166e-114,2.0633700615553198e-111,2.206956731699695e-111,1.6807921139352208e-111,3.7651350856977534e-112,3.418341232697048e-34
3.068211821007236e-81,5.83328987627781e-76,5.076671351232386e-77,6.781355185568931e-77,2.9541582918067032e-230,1.6810627425845135e-175,1.844939450947359e-308,5.21317245931416e-309,1.6463384677595662e-307,7.708685226997e-312,2.5327384853470028e-155,6.453865655902e-311,4.382134891133956e-309,1.92868597274336e-309,1.44024324207188e-309,0.0,9.175189397512972e-157,1.0315284762971613e-229,3.261474229445366e-161,5.968262986419401e-76,4.292607942323036e-230,1.2933168655778307e-76,7.279544658352649e-77,4.0511154583029895e-192,6.743695127585131e-190,1.140663906107533e-190,1.4624452489011006e-79,1.2819219768939805e-75,3.726195889006478e-77,4.0060434404667384e-157,9.554335244575194e-157,3.013262863260059e-155,5.673730469222362e-152,0.0,3.2929167668161575e-152,1.5317970928754914e-157,1.2246729946900731e-160,2.145769419360444e-155,0.0,4.616062166679e-310,1.2027542851248462e-158,1.7157026630167012e-157,7.7044886449e-312,0.0,2.29047327509143e-310,1.355376660615412e-232,1.99663658226375e-310,8.20681768284056e-310,1.032707155842e-311,0.0,6.6689597110505e-311,3.487935980092657e-09,4.589382871717069e-239,,0.0,2.08122886298057e-309,1.218811064947733e-309,9.575755123100383e-309,1.85433904417854e-309,8.623538202097056e-308,1.041045607472773e-157,5.05478238608313e-310,3.7973640522622256e-308,1.347111984975257e-308,1.0527358249061871e-307,5.29451170402655e-309,2.29047327509143e-310,1.560377272273e-311,8.28481875032803e-310,4.049729938585555e-309,5.750484444469777e-190,3.596481696005209e-194,6.90447920964246e-190,9.836901481690783e-191,3.758637622803519e-190,3.2323583130123847e-190,8.144910013915558e-190,4.016150300123264e-114,2.2307160107336026e-192,1.9452409880545014e-192,5.330881621275293e-190,1.0479947191718326e-189,1.146510221762767e-189,7.121546662519921e-190,8.20738024144805e-190,7.789958778375021e-190,1.023592582141859e-189,1.356756006608173e-190,4.117084098236402e-192,1.2411710103864786e-189,1.7420795980590907e-113,9.354846192894545e-192,7.750568535558605e-190,1.591176754426382e-190,6.37251187172429e-192,4.458472029017651e-193,3.130393965494535e-191,1.1722038546841943e-191,1.9985128046346398e-190,1.9750812979011038e-190,3.0869656205619956e-37,1.0722510095104822e-189,1.1284706231660097e-190,6.167600735051922e-191,5.823543750480883e-191,1.5493546679422632e-191,2.7823630799281984e-191,5.616466461198348e-190,5.94380800212064e-38,9.216460095031464e-193,3.803654334505036e-191,1.0774126766005196e-191,5.256060673515327e-194,4.564010430036522e-190,6.097554579867813e-190,1.2042199163722995e-189,7.789958778375021e-190,7.789958778375021e-190,1.2116633941760773e-189,7.633142196997142e-193,7.633142196997142e-193,7.633142196997142e-193,1.1760456071752878e-189,7.633142196997142e-193,1.085833164213735e-189,1.1760456071752878e-189,1.356756006608173e-190,5.885894717930372e-190,1.0659006134377111e-37
8.039401462736211e-81,5.1868884203814944e-77,7.986114154263134e-81,1.2643340937138857e-79,2.218524006872633e-230,1.5022052753803318e-176,2.51572841825371e-309,2.488743158665734e-308,7.31656417082767e-308,0.0,1.7160457665225722e-157,0.0,4.73840744897473e-310,1.74018819868977e-310,2.2922053811267256e-308,1.13237465737625e-308,3.3465541593787247e-156,1.0096832210300069e-229,4.496532762678983e-158,1.6065064737185206e-75,1.4642568805065278e-231,2.551382616252268e-77,4.5610285881680315e-77,1.8427663996466337e-190,3.0399382431655734e-190,7.686328435871653e-193,4.0352936076737523e-78,1.408244369843081e-75,3.696420512444776e-76,7.113887146667085e-159,2.4413632833012843e-157,2.657723567311293e-156,8.368302968227878e-154,0.0,4.944512405826687e-152,2.154759264808561e-157,1.4966556262648729e-158,9.71744006158225e-157,0.0,1.24942138549465e-310,2.29662884246556e-163,2.5537982925245108e-158,6.22665015175184e-310,0.0,0.0,1.2884610424286221e-234,8.1345927980032e-310,0.0,0.0,0.0,0.0,1.820688673408678e-12,1.1130480993586653e-234,0.0,,0.0,0.0,0.0,2.3997155707728e-310,0.0,1.1567027620748499e-154,9.74234828617127e-310,3.269330831223248e-308,6.275644678032016e-308,1.5734754722786e-310,2.50803797827806e-309,0.0,3.23367030565746e-310,8.781085444672586e-309,5.1111703628496e-311,4.107437327337446e-190,8.695437033780465e-192,3.899468885433328e-190,1.267853957802273e-190,2.4924803999848835e-191,5.907012677588111e-192,7.100538096648931e-192,2.040701026906542e-113,1.2233448814878541e-190,4.328894479611449e-192,4.637513912050804e-190,1.1334414632426116e-191,6.110642562534997e-191,3.0585194431877955e-190,1.061056728749609e-191,4.803194768262229e-190,5.338821261067605e-190,2.1126910698605733e-190,1.3468235319505218e-191,4.596148608467496e-191,5.419259890610294e-116,1.4297648276061315e-192,1.8228138296987064e-190,9.893448126568102e-191,7.505581823220071e-192,1.5794560929859356e-191,5.3193737920469704e-191,6.4425212556769324e-192,4.6752019766899216e-191,1.3586510291704953e-190,1.0729545296805642e-37,1.5777772218008004e-190,1.0224621647155004e-192,4.7523006187698214e-192,3.225486253006574e-191,1.108162653702318e-190,1.3633312926547604e-192,3.6568015798038454e-190,1.1915801904341389e-39,3.5539171837093366e-193,1.4006292981868161e-196,1.8353317801463303e-191,1.615320797469027e-190,3.1447105778265314e-191,9.785468674149782e-191,4.702587061012479e-190,9.14299141012097e-191,9.14299141012097e-191,3.332985306824278e-190,3.2361825810808874e-193,3.2361825810808874e-193,3.2361825810808874e-193,4.715358321757487e-190,3.2361825810808874e-193,4.104977803637738e-190,9.017072062823815e-191,2.1126910698605733e-190,5.494503295594821e-192,5.507472439218584e-37
2.3830174769548827e-82,5.316699181735938e-76,2.213066942892304e-81,1.5159011020524033e-83,2.4856633389936184e-233,4.304259926606379e-175,1.709300651522326e-309,2.04594559967564e-309,1.114292220294411e-307,6.5686422358845e-311,5.945516980243942e-157,1.947079985691e-311,0.0,0.0,5.68227807364718e-308,6.84011203000957e-308,1.010635132867142e-156,4.263811105511621e-235,1.6533377359468456e-163,6.740400546497266e-76,7.901662776208312e-231,3.4232890710790404e-79,1.8849731047373262e-76,1.3161851133007326e-191,1.4366493982417314e-193,1.6411109851401609e-192,4.0099799771142853e-78,1.37389907588537e-75,7.608651998984528e-76,8.207287752644164e-157,2.5043462137575527e-160,7.813005512620122e-161,1.1014945200534858e-151,4.762629589914665e-309,3.3028888814680035e-154,6.073640947173398e-157,4.875669810268506e-155,1.156407864265104e-157,2.88119354967846e-310,1.610341069139e-311,1.700665650536864e-158,1.6981691595424176e-158,0.0,0.0,0.0,2.6647220466018815e-232,4.6881925666957e-311,0.0,1.2015628621997e-311,2.029507480794241e-308,1.35124317556385e-310,2.2041277863878755e-11,2.484358579842179e-230,2.08122886298057e-309,0.0,,0.0,0.0,3.70877113852697e-309,2.5438069050018965e-308,1.6942431584410256e-155,0.0,0.0,1.445619873115e-311,0.0,0.0,0.0,0.0,8.9874795373506e-311,0.0,6.890250907213067e-190,7.783650473680278e-192,1.5566329728325783e-191,3.2786686700932107e-190,1.2102337196361002e-192,9.309316092388308e-194,9.344524412236844e-197,7.644275976130206e-116,7.485406365144273e-191,2.357758061224541e-193,5.652948359796371e-190,5.036804103120556e-190,7.540036766873666e-190,8.785044476706738e-191,1.7209490068966777e-190,8.047305125751888e-190,7.556820104125301e-190,7.556820104125301e-190,4.1583760926444546e-192,5.473156584625642e-190,3.5769872479482165e-113,8.849043366428467e-193,5.871040311578201e-190,7.566976175379483e-190,9.97399617645533e-191,1.1439928320792366e-190,2.095493883767651e-191,6.275082852660797e-191,6.079976192334761e-191,1.3103080659391266e-190,1.1982929147714474e-36,4.589105534427337e-190,1.4058109787984166e-191,1.922803410860497e-192,1.0857476584180419e-192,2.228107328208914e-192,2.7156235451644885e-193,1.5484512151366326e-191,7.982408385938326e-43,1.9766381805135484e-197,2.954066904854673e-199,1.751813879597283e-191,2.494583685317353e-191,5.465672781724541e-191,6.314093927918918e-190,3.3160795659208176e-190,8.047305125751888e-190,3.8035750761580314e-190,6.635560496387045e-190,4.821201159917473e-193,4.821201159917473e-193,4.821201159917473e-193,6.277179781499154e-190,4.821201159917473e-193,7.106145608208498e-190,6.277179781499154e-190,1.6846636179456905e-190,4.463553169461224e-190,1.0613268739809119e-37
4.938212641440674e-81,5.813629250369342e-76,3.1656357037262674e-76,3.3997107385846072e-78,4.878440938599451e-229,1.4580527491287837e-174,1.4851153195348996e-308,0.0,1.219135792597676e-307,0.0,7.089182354890091e-156,9.547349622194996e-309,3.527081095295792e-308,9.893149543111616e-308,1.1779052283461338e-307,8.810600126059259e-308,1.6686755692644136e-155,7.527597991501461e-230,2.260037052414999e-158,1.1080635930153146e-76,4.0814765810196176e-231,2.9360769080281587e-78,4.1833249417020317e-78,1.9475037655213174e-191,2.0614305218909727e-192,1.110629383039926e-192,1.3642624048084842e-81,2.1251869721934035e-75,6.70768931464464e-76,2.994643369614263e-159,2.122791459879506e-155,1.618447791771578e-154,1.276790853552349e-153,3.70675709034827e-309,2.19621810706956e-152,4.24805031812085e-155,3.4691940865742555e-155,2.227784760144466e-154,1.3167471836526934e-308,1.0014284102248e-310,4.1503370190516693e-157,1.4544495927765887e-154,2.07377104900618e-309,0.0,9.89434789446925e-310,1.6678107110081265e-231,6.9344716865839e-310,3.9432735105095e-310,7.1375457130179e-310,4.51600661588215e-310,7.621835510321833e-308,4.5788715424401826e-09,8.269077901168141e-233,1.218811064947733e-309,0.0,0.0,,1.188838619537e-311,2.8993054876697116e-308,0.0,6.607019857016487e-154,3.23118362757574e-310,1.1215934291761145e-307,1.569868621351126e-307,8.778658736607605e-308,1.267450336709953e-309,5.84180822499176e-308,2.2800768585017e-311,7.578066239686736e-308,7.017425355731963e-309,4.853432088776169e-190,3.0542245197752183e-190,8.78755710434902e-191,6.238096058368682e-193,2.0118243251623907e-191,1.8544552691918468e-191,1.3594889398615558e-190,1.9000387749540156e-115,3.921709177529229e-191,1.5051956022529214e-193,6.183777578293273e-194,2.0071145087911156e-190,7.740874691344425e-190,3.1683346764489733e-191,6.685435757403232e-192,1.148945034071622e-189,1.1027845260267185e-189,1.1027845260267185e-189,3.7760514839620833e-190,8.47211677833386e-190,1.092177274888218e-111,8.211422121617915e-191,7.102781584710662e-190,8.590698097674372e-190,2.067667330152853e-190,4.670137869817206e-190,7.434050381083148e-192,5.253935959212828e-190,1.814153619569285e-191,5.5251703050869754e-191,2.0883882598361025e-38,2.187468330054887e-190,1.9114729536484398e-190,1.374561709465641e-192,1.8674078057951574e-192,4.426903537347597e-190,5.293183066510492e-191,2.7793895827597423e-191,1.5453221546021624e-37,3.056240533289275e-190,2.4283322518268427e-192,1.2163147513097087e-189,4.519447548480952e-190,4.1318832097264603e-190,4.079770156086995e-191,1.2003681794608015e-189,3.028544509005407e-190,6.359666508934909e-193,6.137571405717882e-190,7.783442897605192e-193,7.783442897605192e-193,7.783442897605192e-193,1.246719072813307e-189,7.783442897605192e-193,1.1969017375397567e-189,1.246719072813307e-189,5.312603291640254e-190,3.782220647604051e-190,3.229272556061924e-36
4.987097395762443e-81,2.4109377367290584e-77,6.209205280216066e-78,7.267767198729411e-78,1.8250986618264075e-229,1.0256574332764984e-175,2.008508139606875e-309,1.0417716771486106e-308,9.183967905064837e-308,0.0,7.009805984495961e-158,1.82110354044283e-310,2.853495563697496e-308,8.690181392701346e-308,1.277356041025095e-308,2.5319282640548723e-308,5.693517023665273e-160,2.3228930775831608e-231,8.192924214017206e-162,1.0406950606257552e-75,9.080040491186256e-232,4.5414083993001426e-77,1.728283417844844e-76,4.0426641468770506e-192,7.764660104344238e-190,5.48272508716153e-190,1.3164022263163116e-75,2.302663874398565e-75,6.567390328703384e-76,8.050345856292237e-155,1.8895721768821288e-159,8.209160326717789e-156,6.986514728811429e-152,1.11513767358e-311,5.8166328440826995e-151,1.156725361381462e-154,2.5658027549462016e-157,3.3930560988090357e-157,3.908851898946e-311,1.6282369070374e-311,1.148138128795824e-161,3.6309486514006783e-156,4.351341659543e-309,2.0259394835184e-310,6.31570926209307e-310,6.410288124051304e-234,1.37076234599073e-310,3.75203185908144e-309,6.758226075484121e-308,1.29212687421162e-307,4.92312341136084e-309,8.304687050251651e-07,1.938966634734806e-234,9.575755123100383e-309,0.0,0.0,1.188838619537e-311,,2.432618498439415e-309,0.0,5.465591407349709e-156,1.721128610137e-311,4.678186642351238e-308,7.271661111766465e-309,7.203171863957e-310,1.1235178642812728e-308,3.806606773711305e-309,1.86003225912086e-310,1.197881692500241e-308,1.8898144295785757e-308,1.605914451788093e-191,5.677927739308714e-197,4.067969131106038e-193,3.8856627703018566e-193,1.2490635294340785e-192,4.675950593229103e-193,7.09167166308398e-192,3.0305897729126985e-117,3.829997532645325e-194,4.903559349455923e-194,4.04701968550111e-191,4.188337713955801e-191,4.1796248883169595e-191,3.229354171826944e-191,4.72937247885486e-191,1.2350677610171967e-191,4.805403779993797e-191,4.805403779993797e-191,4.743378689182051e-191,5.080808713726852e-191,5.784138728096988e-113,1.2439233986638585e-191,4.802037319258891e-192,5.416056098877071e-191,1.6180255836589445e-191,8.655831274207533e-192,4.5756267136293225e-191,1.9424511130363797e-191,4.978955471889758e-191,3.720017971371162e-191,2.727687961315679e-38,3.879583464452711e-191,1.4441413479914457e-192,2.924178798104091e-193,3.697860287642781e-192,3.498366658990137e-191,6.160804806485509e-192,9.295502620749057e-192,1.5947547815064679e-40,7.961660334865013e-194,1.0914646273030345e-192,2.5159432844490148e-191,5.4804890839531533e-191,5.2055000839017524e-191,3.064106013748605e-191,3.875965606190621e-191,4.9950587803981293e-191,4.9950587803981293e-191,2.4977052824789126e-191,3.3259589901925654e-194,3.3259589901925654e-194,3.3259589901925654e-194,5.395385712383783e-191,3.3259589901925654e-194,1.7318822959774626e-196,9.943993000256975e-194,2.1942972348243185e-191,6.386668123668617e-192,1.0548322289367624e-37
7.103468447358475e-81,5.859723931544065e-76,1.0728656286805908e-75,5.4425883937053807e-76,5.3968416111358905e-229,1.8768498423719492e-175,1.0526645220279931e-307,1.6572458577843502e-307,1.6424319897206979e-307,1.3277563852893823e-307,3.900269863908598e-155,2.775374575537483e-308,1.506430332804372e-308,7.713678599448428e-308,1.5753314609424202e-307,1.6362243440498363e-307,6.8161126614844726e-155,1.8630956198925866e-229,1.3556621413114882e-157,1.5317262182830235e-75,5.879091762976639e-229,7.351459948261225e-76,1.416328867171234e-76,8.054212724863529e-190,6.008681555701723e-190,1.1610665016564146e-190,1.5765229250309124e-76,2.2068931658298007e-75,4.3209918357269054e-76,3.246603078838022e-154,3.1152635618433693e-155,7.760150592973913e-155,4.943937829448167e-161,5.213740895259027e-309,4.5483711730027406e-151,5.397816479395709e-154,5.033403512817859e-154,1.0140276861406624e-154,3.3379369039571276e-308,2.2164579390376496e-308,7.303762530709307e-155,2.3191208392128413e-154,6.805981868973503e-308,4.4299861015431e-308,1.615126713733608e-307,3.298720069991235e-229,1.165904259117594e-308,5.02869188172984e-308,5.603178270721783e-309,1.8527979862199207e-308,1.6154313138250016e-307,0.00010342799539479339,4.022761090425226e-229,1.85433904417854e-309,2.3997155707728e-310,3.70877113852697e-309,2.8993054876697116e-308,2.432618498439415e-309,,1.2249549119511587e-307,1.496734790281645e-154,1.0583231573490869e-307,9.920847038769599e-308,1.639831825873892e-307,8.638762777476018e-308,1.6286696310778903e-307,1.2329254465972864e-307,7.435268105878649e-308,1.5739018349237799e-307,6.693776011497285e-308,7.971506998116205e-195,2.809967716603549e-195,7.715603434282923e-195,8.441438355991536e-195,3.2897314260397796e-196,8.134181832426386e-195,7.127010190159908e-197,5.775327658606228e-118,5.633836764905878e-195,4.196486687572739e-195,7.877472491303737e-195,1.4572365674777077e-195,5.691102537431852e-195,4.6243447825101855e-195,1.0714073021361348e-195,9.583114142229493e-195,9.491091150352528e-195,9.491091150352528e-195,9.933933574090061e-196,4.808529399256089e-195,9.865982407969688e-117,9.17741019213861e-195,8.69102538881619e-195,1.2699524745379381e-195,8.794019278826678e-195,7.491589761222522e-196,1.4793471453278863e-195,1.2699524745379381e-195,4.809614032576332e-196,5.171193869759295e-195,1.566023597409255e-41,1.0089118399903789e-195,6.280410689528511e-195,1.715934365937168e-195,1.2271078075773295e-195,3.959900589765633e-196,1.792935871729788e-195,9.219548429678448e-195,6.020987366635545e-43,1.6418358217241782e-195,7.079933412436259e-196,1.630334010249748e-195,1.9095883317993833e-196,3.0699402861488275e-197,5.188625089514277e-195,7.50843352331946e-195,9.583114142229493e-195,9.583114142229493e-195,8.777447216208944e-195,5.687992631060542e-198,5.687992631060542e-198,5.687992631060542e-198,9.769063133222649e-195,5.687992631060542e-198,9.67577072575634e-195,9.769063133222649e-195,9.491091150352528e-195,2.2449740038646336e-195,1.556122750907503e-41
5.389854666495038e-81,2.3010911536332457e-76,4.583376896080762e-76,3.245548065606244e-76,5.3034925448092336e-229,1.2247691003228722e-174,1.1535002193563046e-307,7.471576096062014e-308,1.414563287529127e-307,1.821937055870092e-308,1.7624351455246133e-155,9.060969275970124e-309,1.406340164653555e-307,3.95079780404888e-309,6.7913263931910535e-308,1.5160564445144642e-307,9.620927531778285e-158,4.632166191959982e-230,1.494279800354949e-158,1.90400552673765e-75,2.538821030608974e-229,2.2588697837678162e-77,1.9635372349502784e-76,3.024229137288658e-191,4.3182259434314304e-190,6.056259994716451e-190,9.685369494240416e-78,2.316697713883696e-75,8.874386695557925e-76,2.337465098243695e-156,2.3390993829954227e-158,1.9491773787570792e-154,1.2558767153773772e-151,4.54293488927729e-309,6.238404676252018e-152,1.549781947502049e-154,1.226335535383158e-155,5.298497654352567e-156,5.03101958236543e-309,1.6347992624639416e-307,3.7362061919651334e-156,3.188350463085118e-154,7.055786753314427e-308,1.78806931200157e-310,9.509981759721255e-309,8.525824281211148e-231,5.973738215167915e-308,4.769180348536657e-308,4.963140623624487e-309,7.0238630861595e-309,0.0,1.183889609204233e-09,6.635995646054897e-234,8.623538202097056e-308,0.0,2.5438069050018965e-308,0.0,0.0,1.2249549119511587e-307,,5.455100255984843e-155,7.5170796340019e-309,8.41956486038226e-309,1.2731139477935527e-307,1.1335455712554534e-307,1.537060747621617e-307,5.269227764000721e-308,2.24991918066407e-309,5.495453703084301e-308,1.503841088599101e-308,1.1316974273180165e-189,2.370529257670778e-190,6.61362988805143e-190,1.928008611035996e-191,1.902830700493899e-190,1.9400889172421834e-191,4.171201594453826e-191,3.637999351310748e-114,5.891952297761807e-190,1.4187823795354665e-190,5.781450942563384e-190,6.810841542881747e-190,1.228108725944314e-189,3.2308381240233954e-190,4.1999193997368305e-190,1.5541927843560206e-191,1.2285077735561672e-189,1.2285077735561672e-189,2.300946479316311e-190,5.31686724678113e-190,1.426156396979389e-112,1.2417217575853863e-189,5.368168716811929e-191,1.2230142072784716e-189,2.912874648746685e-190,8.225095756690655e-190,7.558912089591221e-190,8.069998096634264e-190,1.1367024562847552e-189,1.1906675375357035e-189,9.450584510122851e-37,1.9374771239192514e-191,3.843852969274191e-190,6.290255478994246e-191,2.8839656956281566e-190,1.0332575148019097e-189,5.709798189348574e-190,1.142756858581918e-189,6.578980625684137e-37,4.3108128037317983e-190,5.774665927576338e-190,1.2517352430198803e-189,1.2725432406349676e-189,9.434038421153894e-190,9.410293342397797e-190,1.088893878113055e-189,1.5541927843560206e-191,1.2494454760193275e-189,1.0719380057066494e-193,7.877221267432065e-193,7.877221267432065e-193,7.877221267432065e-193,1.2922162398046842e-189,7.877221267432065e-193,1.060964935353813e-192,1.2922162398046842e-189,1.2285077735561672e-189,3.1099727888772336e-191,3.908531965166397e-36
7.168775153548126e-83,6.8496293163559365e-78,4.2584609076883e-80,5.1573626517289896e-79,4.0112637304684196e-81,2.4380025646114308e-24,1.1965456977833936e-155,1.4057914102814178e-155,5.847909030310531e-154,2.2865260084586288e-156,1.831915799877132e-158,9.318673708615776e-161,1.835791335810529e-158,2.8917338260957496e-157,1.1867173787490952e-154,2.867163919288941e-156,5.066045125031662e-159,1.3709199796185271e-78,2.1442659466812403e-07,2.3342533981223903e-77,1.3476575481670712e-77,3.619336612712374e-79,7.59200968806243e-78,2.801742525712896e-115,9.095398479606414e-116,3.531238812845051e-116,1.0116310843906402e-78,2.3191185886659214e-77,1.8157615948694417e-77,2.473498193757e-162,3.8540616296495265e-164,2.578857912481005e-159,1.7763905803293348e-155,4.401548430698111e-160,1.5198866033831987e-156,1.1012798925573947e-158,5.794034159547707e-164,7.714240278475198e-161,1.9166368330008432e-157,4.989046353176704e-157,3.1460368056742457e-160,3.0348420628565496e-160,1.4627612794355178e-160,3.722962112788571e-157,6.397905270447253e-160,1.0257428340805668e-160,2.619387612778932e-170,7.39560193992077e-160,2.0171699912367976e-158,2.1097055455322044e-159,5.151650178316186e-156,7.875001422003036e-11,3.049267534898639e-157,1.041045607472773e-157,1.1567027620748499e-154,1.6942431584410256e-155,6.607019857016487e-154,5.465591407349709e-156,1.496734790281645e-154,5.455100255984843e-155,,9.235289089299705e-164,1.3786710751370147e-169,9.77880189953953e-164,1.2774669739660716e-166,1.4767135447550535e-162,7.351557045224724e-162,4.621058403627818e-161,2.1650146847825715e-163,3.4035330012518615e-173,1.4306390146326217e-40,8.797213665704078e-43,2.1824148510068807e-43,1.281134570408179e-41,1.250503219848379e-39,1.549858349800916e-43,1.0556477489080245e-45,8.443471483215227e-39,2.4969881915726552e-39,1.231364256505267e-39,3.522367698555947e-38,8.84531843286836e-39,1.0542056681916004e-37,2.464958715599245e-37,9.324297801178797e-37,7.106218456085294e-37,1.0447977392893409e-36,3.405090356275118e-37,3.449553654706571e-37,2.958050938763452e-37,5.917813942860962e-38,1.6224080524755084e-38,1.1639794036589328e-36,1.9757178274317402e-38,3.072840085345034e-38,8.439873822174433e-38,2.2971712639409202e-39,2.928181669334266e-37,1.60318760780946e-37,1.1333787917865438e-36,8.904006796395572e-39,3.434147806017426e-37,5.049321663500058e-40,2.283207573116263e-40,1.9838989874990682e-42,2.574669088050784e-40,5.0640456716420523e-42,1.4553536550359406e-38,4.1080682128367647e-44,1.4971613157435414e-43,8.858533764672997e-40,6.207721535555362e-41,4.4110107413685506e-38,7.204495609420697e-40,1.045131725840747e-37,2.74868633405332e-38,7.106218456085294e-37,1.0971867063055121e-37,8.310811054473166e-37,2.539048510335549e-38,2.539048510335549e-38,2.539048510335549e-38,8.600598544544563e-37,2.539048510335549e-38,2.4201051828585806e-37,8.600598544544563e-37,1.0042067785552403e-36,2.2268662316473723e-38,3.0014306859192903e-36
6.199026205796214e-81,5.0519073800750154e-77,9.141226967781815e-79,1.950655745574545e-76,1.5172514217933738e-229,7.615224334253512e-175,2.951185912017677e-308,1.025168250550654e-309,1.4990500512319032e-307,5.163927530642993e-308,4.684979151156794e-156,1.494325304879526e-309,1.57439122735079e-308,2.71330587414154e-310,6.136925957562196e-308,4.841228154220151e-308,3.952854770968507e-157,1.904852060517307e-230,2.8841049419315755e-160,3.723610987002634e-76,1.7140872813328214e-229,3.0307713663654426e-76,2.05733232357702e-77,7.980054614534689e-193,4.4223098086883343e-190,5.714402692109877e-191,5.154506955318907e-76,2.251514624653514e-75,8.046919229200959e-76,9.224964551199707e-157,7.837644241446798e-156,8.677840691891323e-157,2.42751677524631e-151,1.835910550619128e-308,1.0681361112660636e-151,2.5029676951523056e-155,8.732424707862626e-155,3.2965535865369564e-155,4.7313302895725e-309,0.0,1.9770116303974066e-156,9.733068968649496e-156,1.1730209507859e-310,1.93464627046598e-309,0.0,8.435737936168087e-232,0.0,3.393673257722e-311,2.83158049826821e-309,1.425510493530339e-308,5.202807768691127e-308,2.4595107849674697e-07,1.6649871388009833e-229,5.05478238608313e-310,9.74234828617127e-310,0.0,3.23118362757574e-310,1.721128610137e-311,1.0583231573490869e-307,7.5170796340019e-309,9.235289089299705e-164,,0.0,0.0,0.0,0.0,0.0,0.0,0.0,0.0,4.60889164585689e-193,1.1245343220626868e-197,2.4920007353410237e-198,9.118582737661167e-195,4.656833906162313e-194,1.422615570097034e-195,1.220277136980978e-196,5.597562014007596e-117,1.575130063689999e-195,2.9178537165039063e-196,7.681595387338105e-190,6.42495823272971e-190,8.411181331813185e-191,8.518278766825873e-191,5.051525313813161e-190,4.2598629815002244e-190,1.1757944365363488e-189,7.792514218442575e-190,7.04054727290459e-191,9.893765678294959e-191,3.492282496130318e-112,1.1607953019160531e-193,8.964948270588786e-190,6.190193342385926e-192,9.079730813607202e-193,2.0868169831515098e-191,7.583855098608147e-193,1.3851361045072745e-191,3.7034377161534955e-191,9.35061939252399e-190,3.954381741624909e-38,2.017643685523023e-190,2.698338385268568e-193,2.6146723574865057e-195,5.060393144526522e-195,1.738242119163496e-195,1.2867078568164535e-193,2.386516614989893e-191,2.8418033133624876e-43,1.2517560311247426e-194,8.395263562168601e-194,5.158002265962452e-192,9.33043652042641e-193,7.608759787331116e-195,6.721878751907953e-190,4.836063688634712e-191,1.179180809635438e-189,1.179180809635438e-189,3.2587483102425655e-190,7.169269143119482e-193,7.169269143119482e-193,7.169269143119482e-193,9.748412414592541e-190,7.169269143119482e-193,1.0389909129117666e-190,9.748412414592541e-190,7.792514218442575e-190,4.9096762598892525e-191,2.67156627502309e-36
2.6615001905061683e-81,4.2973130318517285e-76,1.1067131774654632e-77,2.240784321166193e-78,8.491163649049337e-231,1.1799713107463076e-175,1.513353149065315e-308,2.2880896145680066e-308,1.6385303731887641e-307,9.765802039358e-311,1.3202249579701507e-156,8.14789337781e-312,4.2247279883770534e-308,6.50243602948262e-309,1.787047516518621e-308,1.6277219420002352e-307,1.5847523135281103e-158,4.5129915615641875e-230,1.4596418193883037e-158,2.1966971271334544e-75,1.336798286820206e-229,2.3583741707805102e-76,1.7995400799017625e-77,3.3259590274937083e-193,2.7052338635822665e-191,5.583073821888476e-190,1.0479029754978192e-75,8.425067887990798e-76,8.315232004315127e-76,1.7765942653666478e-156,1.0596781163497048e-155,6.24113991688298e-157,3.531044096932882e-151,2.674282076772904e-309,5.283195321505185e-152,2.7281275176209665e-158,8.762593346059028e-156,2.196232552068105e-155,7.489080187483116e-309,4.10811951703503e-310,2.268856389527652e-159,2.7175208314424267e-156,6.0908173629986e-311,2.690490070595415e-308,0.0,3.060695835020772e-233,0.0,0.0,1.8258935942228e-310,1.001487117897083e-308,5.425614300991391e-308,6.158982089946269e-08,6.158165987240648e-230,3.7973640522622256e-308,3.269330831223248e-308,0.0,1.1215934291761145e-307,4.678186642351238e-308,9.920847038769599e-308,8.41956486038226e-309,1.3786710751370147e-169,0.0,,0.0,0.0,0.0,0.0,0.0,0.0,0.0,5.344276676924578e-192,3.0009789478839703e-194,7.837791922701572e-195,7.568613462396801e-191,3.9079207581936415e-191,4.1754489629763193e-193,6.901709675027412e-195,7.811343953458542e-113,8.75680341129519e-191,2.22982306379598e-192,6.502994777705147e-190,1.3664648404532908e-191,3.982615701297366e-190,9.01449823038523e-192,6.128557529151876e-190,8.893532908830407e-190,8.521440263038232e-190,3.4201013522455705e-190,8.380535274635244e-192,5.266992660829016e-192,5.209021665434404e-113,1.2351882174486619e-192,5.63378033369118e-190,7.946692377697734e-191,1.8969189554766738e-191,1.9824141963610815e-190,5.448589549654753e-192,1.1971568339839995e-192,1.1220282419929536e-191,1.251985974729153e-190,1.3414733523269965e-36,2.7309287402843623e-190,4.353212927514124e-192,3.981342545408535e-194,2.00087060389513e-191,1.335461717407657e-195,4.6264182595709255e-192,1.2046383862197478e-190,2.42421366810447e-41,2.3766107034892822e-197,5.1847964598527904e-194,2.935418755812169e-193,1.382787594041785e-190,1.3801211080941121e-191,1.0480076771964927e-190,1.1964271754079316e-191,6.003037724077078e-190,1.0164124371446407e-190,4.986540445688071e-190,5.504911654571834e-193,5.504911654571834e-193,5.504911654571834e-193,6.543529722103075e-190,5.504911654571834e-193,2.1221165956263167e-190,6.543529722103075e-190,8.521440263038232e-190,5.412230958285175e-192,6.901257587784696e-37
7.331036000162467e-81,4.473890720753302e-76,5.380361715701979e-78,2.0205331145741836e-77,5.422910710412055e-230,2.3547447079933928e-175,1.3318153461413134e-307,2.3116293118713153e-308,1.0209069147260737e-307,6.69739105472484e-309,1.1845133389807655e-154,6.374475559736e-310,0.0,8.62686349118655e-310,1.3200276298940402e-307,1.87353104388941e-309,4.0834620157621816e-156,3.3474822632086483e-231,6.428050966902979e-160,1.5281626002523563e-75,6.082295190692028e-230,9.142600978198054e-77,1.6926852283054308e-76,1.2582655056043555e-191,1.102892311535311e-190,2.1076978366780855e-191,7.748494462138184e-76,1.3799169180923555e-75,5.997859071691635e-76,7.464557186421551e-157,3.097652432008031e-157,3.2362031336313346e-157,3.0529029945190853e-151,1.0128533312323867e-307,8.001303221840921e-152,1.0080493960762521e-156,7.808040164905549e-157,4.436560084802022e-156,1.5547833265308355e-308,2.54423748121009e-309,5.963233249031933e-155,4.4089336220936373e-156,1.9734628969434446e-308,3.5268574113051e-310,0.0,5.737782600870446e-230,0.0,0.0,2.20970956317914e-310,4.542953789378508e-308,8.011975219415939e-308,2.021581611330256e-06,5.279495392669939e-229,1.347111984975257e-308,6.275644678032016e-308,1.445619873115e-311,1.569868621351126e-307,7.271661111766465e-309,1.639831825873892e-307,1.2731139477935527e-307,9.77880189953953e-164,0.0,0.0,,0.0,0.0,0.0,0.0,0.0,0.0,1.2049901781666822e-191,7.44438487476369e-194,2.0378582600711974e-195,1.4551723229640518e-194,4.3901383172339225e-191,3.909876757377676e-194,1.0680899582124909e-198,3.188840698062993e-116,9.394904065101399e-193,1.600531819362077e-194,7.615294452936956e-190,9.192921888525888e-191,7.095464836761566e-192,1.8317970693942806e-190,5.690946218495942e-190,8.089973564995342e-190,1.0573750517800437e-189,7.86173983128363e-190,1.0839198633810004e-191,7.728941923370717e-190,1.9812267420824635e-116,1.1393953847432136e-192,8.6655027831421e-190,9.305940668915916e-191,1.0303640909448175e-190,9.874470823749521e-192,1.311997132310267e-190,6.249440375162476e-190,3.944601055284009e-191,1.0517597099450324e-189,6.516746673511405e-37,2.2197848729279365e-190,3.15749275260697e-193,4.302375372103348e-196,7.66402344061218e-196,1.4946674593462775e-201,5.822209082086485e-194,2.9362377660772953e-194,4.753607274316913e-40,2.303796702296897e-196,1.6388227529346513e-194,1.7026695654763108e-192,6.371844316545504e-192,1.0515239783865142e-193,6.872099174480301e-191,6.11545153424253e-191,9.979460231568069e-190,9.979460231568069e-190,1.0086599476802182e-189,6.48306711170795e-193,6.48306711170795e-193,6.48306711170795e-193,7.213789860596826e-190,6.48306711170795e-193,1.0697423724603723e-189,5.851338246912041e-190,1.0573750517800437e-189,1.7639098588933696e-191,1.1572282026858965e-36
4.620383481618045e-81,8.24894637185571e-77,1.3607456244635763e-78,1.5414254043519534e-78,1.2457250520644413e-230,6.173436212017769e-175,1.1522162300006658e-307,4.687289182093703e-308,7.890305643918988e-308,1.90801633422787e-309,1.7823405993126059e-155,2.268725837545e-310,0.0,0.0,8.640553044122841e-308,3.1333656789726e-310,2.8238224649122777e-157,7.943378814920577e-232,2.317241968488977e-158,1.7552083369835942e-75,5.242752958855256e-230,1.0601315247557765e-76,1.833325081386645e-76,1.251844745275446e-190,1.829272097547076e-191,2.032771306114622e-190,2.981487214968041e-76,2.305831813687399e-75,8.162843569144259e-76,1.4936003500688297e-159,2.2451005748718288e-157,2.911902014961606e-159,4.3218214119641366e-152,3.60519914122687e-310,1.4719456001137206e-152,9.740116426121807e-156,1.1506619598274082e-157,2.1338602913266315e-159,9.251834931672e-311,6.398369006885e-311,2.500770637233798e-159,9.952330026694731e-159,0.0,3.313699715947e-311,0.0,1.78674181573471e-233,0.0,0.0,0.0,0.0,6.604275452092e-311,2.694338458373385e-10,5.674039918595978e-229,1.0527358249061871e-307,1.5734754722786e-310,0.0,8.778658736607605e-308,7.203171863957e-310,8.638762777476018e-308,1.1335455712554534e-307,1.2774669739660716e-166,0.0,0.0,0.0,,0.0,0.0,0.0,0.0,0.0,2.1919636866205922e-191,1.6514298833543148e-193,5.741380578054407e-194,1.2489828392927023e-193,5.846425056718478e-191,5.155573011999645e-193,3.882159590741461e-195,5.4961892199913325e-114,9.373356179714383e-193,8.759068153189688e-194,7.472904880850098e-190,3.6600607235450505e-190,9.690466695881633e-192,5.695974874650951e-190,3.5162274835406625e-190,8.592507070297843e-191,3.0123647908828503e-190,3.0123647908828503e-190,7.713571861157403e-190,2.547062348312345e-190,8.154315239497128e-115,1.8123426934520818e-190,4.854452702645243e-190,4.944923806336527e-190,3.4193178989039723e-190,1.2965126179137134e-190,1.4072584499886916e-191,3.726964097184479e-191,4.0685704401970835e-191,1.400360943588661e-190,4.577722952748621e-37,4.4111668817955266e-190,8.128068019408261e-195,1.5640749929569652e-195,1.5798479565884083e-193,5.08297807771312e-196,8.80132085335606e-195,2.7841487383373574e-191,3.243744658992623e-46,2.1302019955039672e-196,3.97007404888746e-191,1.1963036818955294e-191,4.1070006540011303e-191,2.0990037617426306e-193,1.2238820471017687e-191,2.811182146708311e-191,8.592507070297843e-191,5.535848222331453e-190,6.564798372502475e-190,5.374423582772241e-193,5.374423582772241e-193,5.374423582772241e-193,6.524205951308243e-190,5.374423582772241e-193,1.8824907090501225e-190,4.115276623326148e-190,3.0123647908828503e-190,1.4715183335023345e-194,7.967137036287924e-37
6.734262100057158e-81,5.760997782857206e-76,3.289940853715429e-77,2.3243969393966037e-76,4.139820147656853e-229,3.902787253283661e-175,0.0,1.200653269809385e-309,1.037550906483233e-307,2.42254624152692e-309,8.137731107106372e-157,1.31892844148284e-309,3.864352910831e-310,4.39627900348e-311,9.046458715585914e-308,0.0,1.7363887104045848e-155,1.043781386097994e-230,1.1855572993572392e-161,2.523747669223171e-78,7.572496668564117e-230,3.60408907022811e-79,2.801029141875369e-77,3.865710923026355e-191,1.5573430954422824e-192,9.768817027262382e-193,3.1280576459466466e-78,2.261974966258709e-75,2.131249096790921e-76,4.842175987917951e-158,3.550781031404428e-155,5.146441463907415e-158,3.108671734167961e-152,4.354488220582246e-309,3.459360228762759e-152,2.0839560600033034e-155,2.238444112079113e-155,1.3904267438810654e-157,2.9499159762462e-310,7.2442647341938e-310,4.546079056872467e-159,4.78195885380628e-156,1.208950755139636e-309,9.162643625619885e-309,1.1022480203665e-311,2.7726028195680204e-232,1.1499949583446e-311,3.19550959647117e-310,7.188720709423e-311,6.371125062661623e-309,7.016343643002925e-308,3.876602349770324e-06,9.64924065698893e-230,5.29451170402655e-309,2.50803797827806e-309,0.0,1.267450336709953e-309,1.1235178642812728e-308,1.6286696310778903e-307,1.537060747621617e-307,1.4767135447550535e-162,0.0,0.0,0.0,0.0,,0.0,0.0,0.0,0.0,3.2687324221022834e-193,5.418920835406549e-194,8.071473446359369e-204,1.0648334217853447e-197,2.361865399267075e-192,5.912065878816356e-197,1.0145850309451608e-198,6.761134081227774e-117,1.1827840084495e-194,8.318726149455187e-193,7.101814291793867e-191,1.0287255085250954e-192,1.9468015416788196e-191,2.205002654464464e-190,3.152215475780092e-191,1.1784630896466015e-189,1.1413941874474706e-189,1.951295275267941e-190,6.0320592453165e-190,7.886458916249802e-190,3.2097443099789634e-113,5.9738199769615396e-192,5.875563965544124e-190,2.6540795111139776e-191,4.86483929690274e-191,6.3172255355420105e-192,3.3957427408847817e-192,9.418428231456603e-191,3.7684624879855854e-190,3.075686821288952e-190,1.4675297422071958e-36,3.6834106227050875e-190,5.732081763949267e-194,2.8990967300848293e-193,6.776044809668951e-197,5.293883884687848e-195,3.46354224213182e-195,4.707881716804634e-194,6.748793319004992e-39,1.681848523926527e-193,7.710336421852946e-192,1.2536555040855453e-193,4.2099868558101675e-192,1.7762476280491077e-193,7.40583995458502e-190,3.566628938568978e-190,5.999152608144487e-190,4.878594670864506e-190,1.162498627775708e-189,7.093592925470201e-193,7.093592925470201e-193,7.093592925470201e-193,9.443675033572083e-190,7.093592925470201e-193,1.0017157397458397e-189,9.443675033572083e-190,1.951295275267941e-190,1.749832279824196e-190,1.3202949119276443e-36
8.048744879669388e-81,1.2013817141864344e-76,1.39829532511749e-76,3.2911624662172753e-76,5.994174001253325e-230,4.5358645011054047e-175,1.102497223273042e-307,2.157267368617976e-309,9.618996491487684e-308,7.261047668943831e-308,1.0280395188296268e-155,6.23360948032913e-310,9.603776675781e-311,3.07907987148485e-309,4.891496804187264e-308,1.83351084459116e-310,3.4069247495360617e-157,3.878817465267932e-230,3.718121662144719e-161,2.3870555485585853e-75,4.507579051471213e-230,3.6984038301128544e-76,6.068734004324371e-77,5.568332989549536e-190,3.6192653405255593e-190,1.0494181728725273e-190,2.1143428458554734e-75,3.6928709170178537e-76,8.569198769079492e-76,4.497611639510391e-155,5.306125285312025e-156,1.9283734258811245e-155,3.0608563311982303e-152,1.9437145277323e-310,3.311932879100711e-153,4.216793574211256e-160,9.472859717103585e-159,1.2496564898384915e-157,3.506679854881556e-309,1.781059159927615e-309,4.563176997493985e-157,1.3940571971038651e-155,2.68729266020427e-309,1.22868148734023e-310,5.875386596632e-311,5.240961645883798e-233,0.0,2.5521517115004e-311,3.0703204292727e-310,1.13152760971163e-310,4.40741248890977e-309,2.4632429811452095e-09,1.900681711546939e-230,2.29047327509143e-310,0.0,0.0,5.84180822499176e-308,3.806606773711305e-309,1.2329254465972864e-307,5.269227764000721e-308,7.351557045224724e-162,0.0,0.0,0.0,0.0,0.0,,0.0,0.0,0.0,4.070457321516976e-192,5.9445374513023385e-198,6.8197632717335655e-195,8.695681462342808e-195,4.4021314350686333e-194,1.0941803359235415e-194,1.9383207797013856e-198,9.737562847988851e-120,4.980265969769216e-194,2.1577783919127223e-191,5.529328726326148e-190,2.037970792904e-190,3.5997226204784753e-190,8.58852191866664e-191,8.592634786094651e-190,6.535866053092426e-190,1.0043948085462699e-189,9.918039173592001e-190,2.550714522712381e-190,5.320647694344331e-190,4.953389530084587e-114,1.2850861091820573e-192,5.204717582633586e-190,6.18371874234004e-191,9.362710201495557e-191,6.142205277949477e-190,2.522819906026817e-190,1.7041188471375627e-191,1.2541572756940676e-190,3.0467838518878362e-192,1.96077121134039e-36,3.8799465121185713e-190,3.508417126596149e-193,7.615848917599689e-200,5.846999334203333e-193,2.7337929069074568e-195,5.273762957069794e-195,2.3395961539916178e-191,2.0984539873281038e-42,1.802943573299637e-196,4.986073307312526e-196,8.164539887137084e-193,3.932788028259836e-192,1.3500537547868716e-192,3.883236203925438e-190,6.543911159545836e-190,1.1308338084867867e-189,1.1308338084867867e-189,3.560384989361117e-190,6.848487522946701e-193,6.848487522946701e-193,6.848487522946701e-193,8.500326071913351e-190,6.848487522946701e-193,2.1131914139706598e-190,4.920366113814387e-190,9.918039173592001e-190,9.624746074329746e-191,1.5899550611748847e-36
7.891708205493993e-81,5.385814228764047e-76,2.7888162827131357e-80,2.204503141685268e-79,1.8784393984680545e-230,5.925701493650232e-177,0.0,0.0,1.5698080674293104e-307,9.795499736906905e-309,1.556070509937562e-158,0.0,0.0,0.0,5.147407315556664e-308,9.338672412154e-311,1.4598779515717101e-155,3.270457956904775e-232,4.2879954777374094e-162,5.3599770352871236e-76,8.354786929517983e-231,2.1587805429282673e-76,2.065464209851688e-76,2.405160776969329e-191,1.4069524895517824e-191,5.79028334859389e-191,2.982929675940487e-76,2.0160958342978e-75,7.511742225790559e-76,3.1767808730590437e-158,4.1522587346389616e-156,1.9990628229433912e-157,2.1091558955343332e-151,6.80431592439323e-309,7.799548267826545e-153,3.041059839751005e-157,1.8653872196704976e-160,2.3958548543019225e-156,2.8064512779823e-310,0.0,4.341571553295018e-160,3.3037264429054486e-157,6.066306339006447e-309,0.0,0.0,1.8860989253083165e-235,0.0,0.0,0.0,0.0,6.1264149364976e-310,1.4079073208972492e-10,1.7083590879917772e-231,1.560377272273e-311,3.23367030565746e-310,0.0,2.2800768585017e-311,1.86003225912086e-310,7.435268105878649e-308,2.24991918066407e-309,4.621058403627818e-161,0.0,0.0,0.0,0.0,0.0,0.0,,0.0,0.0,1.8699009320752434e-192,5.5260571343117845e-196,2.310744520173735e-196,2.3016111132265114e-193,5.934547214481227e-193,3.921710028264853e-197,2.7408889921376995e-199,1.2125796157735102e-116,4.459909308641219e-194,3.153859686177723e-196,2.394319137218019e-190,1.1024532333741342e-189,1.8715352311562053e-190,2.749616019583463e-190,1.2092082853158278e-189,3.2923237567742313e-190,9.70506198799169e-191,9.70506198799169e-191,3.4168994096151027e-192,1.2608547892374385e-190,5.643620276992369e-116,1.9578890203861483e-193,1.112869556251023e-189,9.3625029975775e-193,1.0152080782901279e-193,2.7264138241577434e-193,4.1410274954208534e-191,6.093598075780192e-191,5.549675962907348e-193,9.635923176456787e-191,3.7371250297339976e-38,1.2218063478328552e-190,2.8559108031295157e-194,1.7724529073042432e-196,5.121885570659156e-194,2.7700769343250893e-195,7.913606914953367e-195,4.567075200587489e-194,1.8223147910338692e-44,3.6255318868076794e-199,1.7152454015369267e-194,2.3415069310490743e-193,1.9712019319975854e-193,3.597741340612559e-194,2.280539757527765e-190,1.9353926137615645e-190,1.1613533579334627e-189,3.2923237567742313e-190,1.2065289890281401e-189,7.278491579499768e-193,7.278491579499768e-193,7.278491579499768e-193,1.0199675430359821e-189,7.278491579499768e-193,6.904655224426463e-191,1.0199675430359821e-189,3.862860185038324e-192,9.795948647964823e-191,1.9387439084431073e-36
4.480997535966456e-81,3.882559973597914e-76,6.557171383890882e-79,5.753808852778479e-77,6.659322602265578e-230,7.443207831331168e-176,4.9667696220638e-310,2.059961849394e-311,1.1763603919081065e-307,9.450326408118e-310,1.4097690120170885e-159,0.0,5.411285248567256e-309,3.9561718717906e-310,1.3473437797510969e-307,7.19719440546057e-310,1.3054586376037752e-156,1.6848330818408252e-230,1.4477735018640997e-160,7.9475915799527e-76,3.6601907399279445e-230,9.937567966028057e-80,1.0628350743158166e-76,7.254103603420814e-192,3.558570495055932e-190,1.904200998082217e-191,2.2712830017614735e-77,2.1858959712933434e-75,7.341219166285155e-76,8.672159788775381e-156,1.6539249701613893e-158,8.106623402156804e-158,3.536680284178476e-151,6.696160057015837e-309,5.111611227507077e-152,1.9956419381546014e-155,8.342829272783252e-158,2.6334718479167134e-157,1.444353525341434e-309,1.0678356407659097e-308,8.16873365994072e-158,9.804540721968052e-156,5.59104700045087e-309,7.0381871749273e-311,0.0,1.5553404367010314e-233,0.0,0.0,6.398758604741e-311,4.6488817021647e-310,2.26394634186603e-309,3.9335057749447813e-07,1.5482446159998772e-230,8.28481875032803e-310,8.781085444672586e-309,8.9874795373506e-311,7.578066239686736e-308,1.197881692500241e-308,1.5739018349237799e-307,5.495453703084301e-308,2.1650146847825715e-163,0.0,0.0,0.0,0.0,0.0,0.0,0.0,,0.0,1.800164607451188e-190,1.361291262171933e-196,1.7109881832189549e-195,3.2414562691817356e-192,1.9300226928195478e-190,1.217188723515048e-190,2.4307154080919568e-201,9.403912969850065e-116,1.4271501479919e-192,2.2317079776477242e-192,1.1738954070599185e-190,3.7646917732301935e-190,1.0553661232756631e-190,4.463942363954507e-190,2.2009938148007496e-191,4.4264846475597956e-190,1.6385784056744912e-190,1.6385784056744912e-190,1.2591041522667301e-191,2.343495838755317e-190,1.5924674896186434e-114,1.1792657195837781e-191,4.984819597701983e-190,4.99154262246283e-190,2.2387044799476525e-190,4.2019580711311873e-190,5.388319173318272e-191,1.3573264000305509e-190,7.052563829566874e-190,9.872890170872147e-190,1.4607088817270585e-37,1.1565608627367114e-189,4.705543434914492e-194,3.5491108207054296e-196,3.5196856348429246e-193,1.882826761202211e-194,3.270635435632789e-193,4.020377954151633e-195,1.647260393972421e-42,1.1358613063538489e-195,2.913894295651558e-193,3.4452468873999524e-191,2.6196759429412674e-191,2.7196966045618725e-192,1.405069722244943e-190,2.883430307078015e-190,1.1798731570959399e-189,4.4264846475597956e-190,3.5241578872771947e-190,7.1494465856540395e-193,7.1494465856540395e-193,7.1494465856540395e-193,9.667966353614152e-190,7.1494465856540395e-193,1.1050399422646854e-190,3.6369316398116193e-190,1.009998588701838e-191,8.692635754526006e-190,7.78407123236013e-37
5.580460876522562e-81,1.8016630768786816e-76,6.672358277919543e-78,7.108082084117596e-78,1.6353799279000707e-232,3.592123634117247e-175,1.016463587006155e-308,1.38774610502718e-309,1.3026262010091027e-307,7.85673124797827e-310,8.785646711494642e-157,0.0,2.154075436177e-311,7.784432116197e-312,1.4608047456395193e-307,1.1767357907246413e-308,3.54745930055201e-156,8.270761607345218e-231,1.1874212392016388e-159,3.8920571352190025e-76,1.923933479544551e-230,2.9495630362900374e-77,3.958471083740313e-77,5.951772121112199e-191,4.960198944667482e-190,8.149690170651019e-192,1.5352281627506532e-77,1.7316362728499078e-75,8.934712672022919e-76,6.7211681253429e-157,1.032666263068701e-158,3.6840391364810644e-156,2.9032139120412937e-151,1.031365922267647e-307,6.52255152258289e-152,6.322082566840386e-158,9.856761877255303e-159,4.532568436125041e-156,1.1091369896594e-310,1.4427538451099e-310,1.575984191199e-155,2.0687228390731532e-157,6.86330002686163e-310,0.0,1.8740516523696e-311,2.5064746594489575e-233,0.0,0.0,0.0,1.167480878633336e-309,1.183005519534764e-309,4.631773875059157e-09,1.9308332655242485e-231,4.049729938585555e-309,5.1111703628496e-311,0.0,7.017425355731963e-309,1.8898144295785757e-308,6.693776011497285e-308,1.503841088599101e-308,3.4035330012518615e-173,0.0,0.0,0.0,0.0,0.0,0.0,0.0,0.0,,1.1864290405070651e-192,6.312030932898007e-199,5.00763341668288e-201,3.558983246976974e-194,2.6548138042662302e-195,4.726614145377321e-197,2.0588120537870002e-204,2.1857910065590966e-117,8.673918438770259e-194,1.5913082025414887e-197,4.4762672064172484e-191,9.24984013697975e-192,6.630429401055966e-191,2.294660523811484e-191,5.862437683169972e-190,7.784467906153636e-190,4.74823350770747e-190,1.0532986398406459e-189,9.958601425621095e-191,1.9641593025426203e-191,5.0724663840179914e-114,6.225063913844844e-194,4.339412925924972e-190,3.1524201729618626e-191,1.3238417542201622e-190,5.839142671707853e-191,4.2597674757761457e-190,3.1524201729618626e-191,5.376310460932448e-191,4.565543665836723e-190,4.6246893763442826e-38,5.327627464330926e-192,1.3306093344996662e-193,7.820208756866596e-197,1.0761334465417012e-199,5.755110802083264e-198,5.582009834208453e-196,1.585643286144543e-195,2.8510348128003835e-40,1.1192218202801142e-192,8.037695497249701e-193,5.492555460378713e-192,9.43867077407302e-193,1.3002898337824196e-193,1.4221392239037254e-190,1.0313724761667538e-190,1.5004710843224658e-190,1.5004710843224658e-190,2.7284588984113874e-190,6.576301840459822e-193,6.576301840459822e-193,6.576301840459822e-193,7.528748761526973e-190,6.576301840459822e-193,1.0753297497498811e-189,7.528748761526973e-190,1.0532986398406459e-189,1.2518588413564002e-192,7.41851654793641e-37
0.0003335433742242154,0.6956079551480603,0.16721036626478472,0.26854319329897236,8.787459146349254e-151,4.029508218855121e-175,1.184383615348912e-191,1.9636321415049518e-190,6.487761400684415e-190,1.3251036206909018e-190,2.431314912211622e-37,2.051481309319105e-190,1.059621683924326e-189,6.430400410051569e-190,6.834919443335113e-191,9.954678843410591e-190,5.301509741160886e-39,1.2766022491946249e-151,1.200001808584814e-157,0.4880261414383392,6.634642067319036e-151,0.8720593455164881,0.02485961579427891,1.0578303231319618e-112,1.1256064932279516e-111,8.983318479836808e-112,0.9845094636173659,0.7369350417423199,0.24068917115892047,1.4120673416800298e-37,5.1997261073868075e-37,7.438247877254587e-37,6.949191748071657e-37,1.8755278325339768e-190,2.2447790278638349e-35,3.2682570032144816e-39,8.027278591731524e-37,6.5595341752746795e-37,2.1630265277183493e-191,5.063054451745413e-202,6.932131277592988e-38,1.261442875060569e-36,4.861134923874201e-193,4.778468400919561e-190,1.5487158765829266e-190,9.06643937640479e-113,6.031852926673029e-193,1.482344447215058e-191,1.542422800761749e-191,1.4696117508512968e-190,3.1936824213102444e-191,0.06605001655462937,2.7372624571546077e-112,5.750484444469777e-190,4.107437327337446e-190,6.890250907213067e-190,4.853432088776169e-190,1.605914451788093e-191,7.971506998116205e-195,1.1316974273180165e-189,1.4306390146326217e-40,4.60889164585689e-193,5.344276676924578e-192,1.2049901781666822e-191,2.1919636866205922e-191,3.2687324221022834e-193,4.070457321516976e-192,1.8699009320752434e-192,1.800164607451188e-190,1.1864290405070651e-192,,0.0,0.0,0.0,0.0,0.0,0.0,8.647994912268779e-233,7.6034978566556e-311,0.0,4.680905772989443e-308,3.0429169053856e-309,5.31984779647891e-309,2.762743774581969e-308,1.6400602556336905e-307,5.141577921802144e-308,1.6681255222885944e-308,9.870229926699586e-308,5.856390918012952e-308,1.4744035633149165e-307,5.644164651907488e-231,1.04476963731857e-308,1.6017166594419276e-308,2.71077140848747e-309,1.981094209585731e-308,1.21458398980636e-310,8.54228357980237e-310,1.9259220924247547e-308,2.41646777700715e-309,4.376035326350058e-308,8.865977006564231e-154,2.82998766100063e-309,8.077480152456e-311,5.8823332761166e-310,2.5596931325762e-310,1.09397912167183e-310,3.8140641785896e-310,6.296884130214e-311,4.176328831577291e-155,5.238039820448114e-309,1.3130845566766417e-308,1.57675355934935e-310,4.079903342600624e-308,2.43256942382724e-310,1.014210890914731e-308,1.3460245477791157e-308,1.6141525917515727e-307,1.6141525917515727e-307,1.443614873348346e-309,4.9107207526276e-311,4.9107207526276e-311,4.9107207526276e-311,1.3738327346976869e-307,4.9107207526276e-311,1.157668246147141e-308,1.3738327346976869e-307,9.870229926699586e-308,2.929004716348431e-308,5.8937370859738e-152
0.000340230115938833,0.5039295208276122,0.22952046908511803,0.1641473966181133,8.137715183001937e-152,6.177526128622436e-175,2.1359574273793703e-190,2.0908169913956185e-190,4.658020241102207e-190,6.016737134838841e-193,9.43846791386878e-41,4.7911954175049305e-192,5.994812337025953e-191,1.7804316432282838e-191,7.469179211274463e-191,5.191888071587318e-190,5.221242198529067e-38,1.4635186496010836e-151,8.130796396132128e-158,0.9587414593739345,3.94549663824714e-151,0.9223725506100507,0.03770948963109621,2.1471313273049994e-113,7.773200087106312e-112,3.513752363545045e-112,0.8730168352755281,0.5824141646244136,0.4574141475526493,2.305647374821455e-39,4.466734910580696e-38,1.7406934445702295e-37,1.2734372505437364e-36,4.731132685325979e-191,2.696323154809298e-35,4.379477799072985e-39,3.399001636479246e-41,1.0500789804982136e-37,3.299117528948694e-191,2.8188747057417193e-206,1.50709421825279e-40,8.641138640630735e-39,9.939875844936342e-191,6.523183956380846e-192,2.9279313745900925e-191,5.994686112634317e-115,6.334826123422549e-199,2.762736114457466e-192,4.110749338376778e-194,7.482887248526436e-191,6.905957030901628e-191,0.00010459909481225026,6.791042491011152e-112,3.596481696005209e-194,8.695437033780465e-192,7.783650473680278e-192,3.0542245197752183e-190,5.677927739308714e-197,2.809967716603549e-195,2.370529257670778e-190,8.797213665704078e-43,1.1245343220626868e-197,3.0009789478839703e-194,7.44438487476369e-194,1.6514298833543148e-193,5.418920835406549e-194,5.9445374513023385e-198,5.5260571343117845e-196,1.361291262171933e-196,6.312030932898007e-199,0.0,,0.0,0.0,0.0,0.0,0.0,3.174862882165584e-238,0.0,0.0,2.951142701548063e-309,5.482751882290227e-308,1.2792907619148884e-307,1.5606395940198462e-307,8.244408535862032e-308,1.651065087116018e-307,1.171624900260834e-307,1.171624900260834e-307,5.380878432177743e-309,7.460545568627481e-308,1.9925988153133925e-230,1.3768182454932e-310,7.981054368015767e-308,2.6637018124887e-310,1.9467177594087244e-308,3.1028750873364e-311,3.794665397091e-311,2.6637018124887e-310,7.84113691135865e-309,2.1985572371639787e-308,6.127085099239933e-154,2.766883639866225e-308,3.385208825884e-311,0.0,1.299260359887e-311,0.0,0.0,1.44035190931239e-308,3.0836295546757623e-156,0.0,6.375026819523e-311,1.010328721707398e-308,6.87934108434242e-309,3.8045149270675e-310,8.323001797510264e-309,6.522173086690226e-309,1.651065087116018e-307,1.651065087116018e-307,1.1832117524795591e-307,4.9107207526276e-311,4.9107207526276e-311,4.9107207526276e-311,1.3274216637588473e-307,4.9107207526276e-311,1.745773690081795e-308,1.3274216637588473e-307,2.628713105860972e-308,2.9248502228578457e-308,9.730438349560582e-154
0.00021400170660518895,0.6913248916481166,0.9646800857910686,0.1660442742265396,6.61480305623073e-151,8.617667662409469e-175,3.5987830890421583e-191,5.192759850528822e-190,6.188620960467446e-190,4.0109504121364686e-191,2.2620854630304515e-37,1.837111998854345e-192,1.0517234043799306e-189,7.073065690884852e-190,7.964801681252512e-190,1.5989289930485767e-190,6.235290672490174e-38,1.3355758900911304e-151,2.1545478213005087e-158,0.44073500087312034,2.4731062822069972e-151,0.9099312886045403,0.010270366084056837,7.80407153183858e-113,2.890719985917076e-112,9.248105283695828e-112,0.7816766297598058,0.735968890370345,0.16173330336491404,3.9301125471775753e-38,4.11704353832904e-37,1.4530027228377011e-38,1.2609220180982683e-35,5.312524712255269e-191,9.569270356627061e-36,2.2703039887997063e-38,9.506776138392393e-37,1.320801739157472e-40,5.103444694639157e-190,1.6243823268164996e-195,2.362409742669647e-38,1.408295325709251e-36,1.701749362197231e-190,2.15267941337275e-191,4.2560637523666297e-190,9.357441927639801e-113,2.6606812873179985e-194,4.2955491787185614e-190,1.3508313514266487e-190,1.0241420906173823e-190,1.4899857326805084e-190,0.018004113858810487,4.567492697915406e-112,6.90447920964246e-190,3.899468885433328e-190,1.5566329728325783e-191,8.78755710434902e-191,4.067969131106038e-193,7.715603434282923e-195,6.61362988805143e-190,2.1824148510068807e-43,2.4920007353410237e-198,7.837791922701572e-195,2.0378582600711974e-195,5.741380578054407e-194,8.071473446359369e-204,6.8197632717335655e-195,2.310744520173735e-196,1.7109881832189549e-195,5.00763341668288e-201,0.0,0.0,,0.0,0.0,0.0,0.0,2.318013364736246e-244,0.0,0.0,6.497120482993155e-308,4.1344540691993244e-308,2.308290968511313e-308,3.434523376091528e-308,1.4395326789274677e-307,4.16572582568591e-309,1.2116361059099e-309,2.104076696478753e-308,1.0014130742600826e-308,8.6725759723369e-310,1.1458902637258675e-230,4.77709475041386e-310,2.2853390555224582e-308,1.693839200931e-311,1.4429907347274e-311,2.93354219645878e-309,2.9423264434645e-311,4.9867108690407e-311,0.0,2.2454488720320925e-308,2.790972719957707e-154,7.742243851081506e-308,0.0,0.0,0.0,0.0,0.0,0.0,1.123023347191445e-155,8.5547161872e-312,1.38386592666824e-309,0.0,3.8044883367447e-311,0.0,1.2212290305522313e-308,1.5959687025289e-310,5.881244170302506e-308,5.881244170302506e-308,4.4974361307281215e-308,4.9107207526276e-311,4.9107207526276e-311,4.9107207526276e-311,1.3519202412475029e-307,4.9107207526276e-311,1.3383771508215514e-307,1.3519202412475029e-307,1.078719573110136e-307,0.0,2.7738175322035833e-152
0.0003615471214604044,0.6972974911548837,0.973646833085824,0.0069233898575234145,1.0035389863060746e-150,6.182618955829163e-175,1.3488771642814792e-191,3.167444606913534e-191,8.271635371033471e-190,4.375637144767081e-192,4.752975172790793e-38,4.907293039588512e-194,1.0135420444561868e-189,1.423432602115969e-190,7.038216942899427e-190,1.1835873306399912e-189,1.2757541396175034e-39,1.6346777506219816e-151,2.2313131882100155e-157,0.7637504838236453,9.61451993988456e-153,0.6679121821102184,0.10720317556419072,1.365108847062236e-112,4.592969637087563e-112,1.2659523553486363e-113,0.298059509343571,0.998220891073814,0.1981501538129721,2.3079445670449973e-38,4.8956485934130085e-37,6.255815774034509e-37,1.286413516654955e-37,1.6251932714949278e-190,5.474516611281246e-35,2.6589936111739233e-39,4.251509322908459e-37,1.3320358336673352e-38,1.6063377429511667e-191,7.420242844276636e-194,9.054099826513207e-39,1.087256792025342e-36,1.030432002454943e-190,6.754513126012093e-192,3.389384898449456e-192,1.2188859816050665e-114,5.0740507527600374e-194,5.875959657444056e-192,9.21211811049491e-193,2.311317763738938e-191,2.9823091262916595e-191,0.00014105343541550647,2.4876628355648858e-116,9.836901481690783e-191,1.267853957802273e-190,3.2786686700932107e-190,6.238096058368682e-193,3.8856627703018566e-193,8.441438355991536e-195,1.928008611035996e-191,1.281134570408179e-41,9.118582737661167e-195,7.568613462396801e-191,1.4551723229640518e-194,1.2489828392927023e-193,1.0648334217853447e-197,8.695681462342808e-195,2.3016111132265114e-193,3.2414562691817356e-192,3.558983246976974e-194,0.0,0.0,0.0,,0.0,0.0,0.0,3.5806416424713916e-243,0.0,0.0,1.74209418766305e-309,9.80940300387311e-309,3.25216658780379e-309,2.38959751236388e-309,7.995663218880663e-308,8.160222525465929e-308,1.1539129881363542e-307,1.278538603801283e-307,6.91460689126948e-309,3.3924243011127687e-308,7.26959190316741e-231,5.22294327441346e-309,1.43517090397608e-309,0.0,1.29417981805926e-310,1.7346263631344e-310,0.0,9.1819618307096e-310,2.32114996215877e-309,5.9998161925373e-309,3.987625886453013e-154,1.3498047710661937e-307,0.0,3.32677305220213e-310,0.0,0.0,0.0,2.76915210555751e-309,6.68566687369041e-156,0.0,3.1309910746942664e-308,0.0,1.00822763717942e-308,0.0,8.63530973420082e-308,4.434082699185677e-308,1.3648523460305922e-307,1.3648523460305922e-307,9.376312703837277e-309,4.9107207526276e-311,4.9107207526276e-311,4.9107207526276e-311,1.5545111201785302e-307,4.9107207526276e-311,3.828155971395415e-308,1.5545111201785302e-307,1.1539129881363542e-307,8.720551596505258e-308,4.696000110430602e-152
0.000344920992393781,0.5969274509737894,0.9240813122489799,0.2584519831131199,8.491199851867239e-151,2.945510730802185e-175,3.80538507664422e-190,9.562730863202607e-190,4.674869193009221e-190,7.904885528904709e-190,1.9749935387316072e-37,1.586622587913776e-191,8.81116616294244e-190,3.276073883871337e-191,3.0411705375924e-190,1.0184663790473458e-189,1.034134738654841e-38,1.4546012287305157e-151,8.92516456449946e-158,0.9967875326941797,1.2918247780055358e-151,0.92653336128975,0.012164880769525543,2.574172192403542e-112,9.744295123635283e-112,6.189976236155646e-112,0.7940841203719086,0.9935275614426006,0.07951355725706141,6.932933550769433e-39,2.6838590195708538e-37,5.842061436326925e-38,2.910658814997028e-35,8.943435584647892e-191,9.603928776406917e-36,4.528718698684412e-39,5.969953446649972e-37,1.9082286466886945e-38,2.2253176231789078e-190,1.6544370511298726e-195,2.4710484253940345e-37,3.444310356418299e-38,5.4667307705593056e-191,4.240516098719968e-191,2.499876047758937e-190,2.7946309734124675e-115,6.549547256877994e-193,8.638439922583317e-191,5.045955736314821e-190,7.865117961695252e-191,1.0411558302077329e-190,0.005975983532539032,6.378145344608351e-112,3.758637622803519e-190,2.4924803999848835e-191,1.2102337196361002e-192,2.0118243251623907e-191,1.2490635294340785e-192,3.2897314260397796e-196,1.902830700493899e-190,1.250503219848379e-39,4.656833906162313e-194,3.9079207581936415e-191,4.3901383172339225e-191,5.846425056718478e-191,2.361865399267075e-192,4.4021314350686333e-194,5.934547214481227e-193,1.9300226928195478e-190,2.6548138042662302e-195,0.0,0.0,0.0,0.0,,0.0,0.0,1.9042784654903141e-236,2.3321579932077e-311,0.0,1.6581723992918352e-307,8.087070604831159e-308,1.616401049577721e-307,6.396930657093008e-308,1.0336066274402657e-308,2.34029253579843e-309,9.149248580960966e-308,1.656450178307236e-307,2.009587313503469e-308,1.6585517530826359e-307,3.438210316256029e-229,8.794600606378391e-308,2.2390317273367e-309,3.0543629261520693e-308,3.2173360419068555e-308,2.0003447523436526e-308,2.7242587114679517e-308,2.38318157110192e-309,7.79644266731319e-309,9.3091061173228e-310,5.354206091776161e-154,9.251877680100738e-308,4.0203733913925e-310,5.5817409825433e-310,2.7628754722846e-311,0.0,0.0,3.939837446172013e-308,8.858223879511315e-158,2.63824595174526e-309,1.117849540262904e-309,4.271196330338e-311,6.41537824491634e-309,1.89660120492904e-309,4.538951171733203e-309,4.710231631032169e-308,1.5922993484713047e-307,1.5922993484713047e-307,2.728872305865586e-308,4.9107207526276e-311,4.9107207526276e-311,4.9107207526276e-311,1.3898418475923924e-307,4.9107207526276e-311,1.2328665552000675e-307,1.3898418475923924e-307,1.656450178307236e-307,9.95431936230486e-309,7.954877011986674e-153
0.0003021922378867053,0.7038795902027055,0.5067575011789978,0.19337869535181473,8.907471701587878e-151,5.229884959024317e-175,1.0231573654369293e-191,9.98715866458621e-190,8.689605501427745e-190,9.565979335521212e-190,2.8851564623669973e-39,1.5675599442375875e-191,1.0833475839790409e-189,1.5540314163102236e-192,1.1360226110924218e-189,1.1562853700242213e-189,5.110869598752621e-38,9.425076684680705e-152,1.7613035020671857e-158,0.28005826324265704,7.377353974502865e-153,0.8708901606927155,0.06548169559825988,2.9029713191850147e-112,4.692581694413901e-112,2.605783866223368e-112,0.7697225507283844,0.9963925096723366,0.6063115962709682,5.94433568820476e-40,5.071076455833244e-38,1.3506293627309516e-38,7.527534481585055e-36,1.1701708611938461e-191,6.875222186180949e-36,1.5421232106316743e-38,2.448048330744666e-37,2.6383065691990613e-37,1.3235116239718325e-190,2.1769149434878322e-193,2.424096867170292e-37,6.281602046188297e-38,8.286811960245173e-193,3.596233374223873e-191,1.3060446375380266e-191,1.850670279980063e-114,4.021338238954946e-195,6.242094240054488e-191,1.846452308580817e-190,9.439477875476927e-191,1.058040628684861e-190,0.00038617002413371653,1.4026266516846783e-112,3.2323583130123847e-190,5.907012677588111e-192,9.309316092388308e-194,1.8544552691918468e-191,4.675950593229103e-193,8.134181832426386e-195,1.9400889172421834e-191,1.549858349800916e-43,1.422615570097034e-195,4.1754489629763193e-193,3.909876757377676e-194,5.155573011999645e-193,5.912065878816356e-197,1.0941803359235415e-194,3.921710028264853e-197,1.217188723515048e-190,4.726614145377321e-197,0.0,0.0,0.0,0.0,0.0,,0.0,2.01004794719428e-234,0.0,0.0,1.3396387101170065e-308,4.175296880918172e-308,1.546959106179957e-308,1.0019542870414e-310,1.6423543412125557e-307,3.251136489591201e-308,7.20680403617964e-308,7.20680403617964e-308,1.2694885837704874e-308,1.0781096944200065e-308,3.125632492108396e-230,3.51223224938654e-310,2.2021332890785976e-308,1.016631046525478e-308,1.5416903544514e-311,2.74181593278327e-310,7.9865100243586e-311,0.0,4.8707940788923e-311,3.0391367834778e-310,6.091173264453648e-157,2.119819540382024e-308,0.0,4.5561654144055e-311,2.0677260994177e-310,2.56265968128516e-310,0.0,8.61596942793715e-310,2.8365657053869883e-156,1.972356480941696e-309,6.55902323854217e-310,0.0,0.0,0.0,1.8846848014347254e-308,1.4627537202248235e-308,1.5124456143690812e-307,1.5124456143690812e-307,1.3229957944826017e-308,4.9107207526276e-311,4.9107207526276e-311,4.9107207526276e-311,1.4291780093111893e-307,4.9107207526276e-311,1.094557010432509e-307,1.4291780093111893e-307,7.593830920306495e-309,8.575014697025116e-309,3.5283285602151895e-152
8.082351567850076e-05,0.4421970861350697,0.10520193982791219,0.02311527445165756,2.5837990455993016e-151,1.787488458175317e-176,3.4956885266503313e-191,5.006938655418164e-191,6.23989031578188e-190,4.927182311814347e-190,1.0078499656896108e-37,1.692976798801436e-191,4.799728286197691e-191,1.9729999990507498e-192,9.832762215180813e-190,6.998245758508336e-190,5.30334866826321e-40,1.5636234252284292e-151,2.257046944214119e-158,0.9953628608685218,1.2520171665455267e-151,0.7266007768477396,0.07219514136463863,2.997773277999026e-113,6.991318979003419e-113,5.828806861908312e-113,0.5563493336818368,0.8705126656022038,0.45979563888036623,6.260289001409412e-39,1.7573233035395335e-37,6.267101267761218e-39,7.64089607054969e-36,1.165112890535726e-190,8.13498933522186e-36,1.058207501677186e-38,2.051701270382923e-37,1.075604352296853e-37,2.669105642673292e-191,4.642679935580552e-192,8.97501406777925e-39,9.762880633823716e-37,1.2141554166027433e-190,2.842410124754208e-192,1.9800211987114233e-192,2.0732178221600977e-115,2.3055594984378076e-194,3.1436262083616685e-194,1.048058153053204e-190,2.0042948797972806e-190,6.407665410169246e-191,0.017924266952881306,9.301385308714548e-113,8.144910013915558e-190,7.100538096648931e-192,9.344524412236844e-197,1.3594889398615558e-190,7.09167166308398e-192,7.127010190159908e-197,4.171201594453826e-191,1.0556477489080245e-45,1.220277136980978e-196,6.901709675027412e-195,1.0680899582124909e-198,3.882159590741461e-195,1.0145850309451608e-198,1.9383207797013856e-198,2.7408889921376995e-199,2.4307154080919568e-201,2.0588120537870002e-204,0.0,0.0,0.0,0.0,0.0,0.0,,2.361889231959402e-245,0.0,0.0,1.2223716460907187e-308,1.608886576736851e-308,3.846125606877043e-309,4.398217413180144e-309,2.850187085208072e-308,6.5414090351601e-309,2.93182978539417e-308,1.218656522917743e-307,1.27155125345984e-309,1.869674288585203e-308,2.1764177696648617e-233,0.0,3.2926638239806e-310,0.0,5.0742310819933e-310,0.0,0.0,0.0,5.9215211791163e-310,7.54408004468617e-309,4.297057123959426e-155,1.0203830203399913e-308,0.0,0.0,0.0,0.0,0.0,0.0,1.4839031297239263e-159,0.0,2.805846951277e-311,0.0,0.0,0.0,4.0077891040885837e-308,4.597683890225399e-308,7.119150234416835e-308,8.229502481650438e-308,6.511329624916694e-308,4.9107207526276e-311,4.9107207526276e-311,4.9107207526276e-311,1.3138906080039375e-307,4.9107207526276e-311,1.9274847449734765e-308,1.3138906080039375e-307,2.93182978539417e-308,7.317241435949367e-309,1.3025141633461475e-152
0.0001817548663408667,0.9322363418186579,0.908180136716098,0.022798714342196585,5.85915434870995e-73,2.653893335480539e-97,2.1570780264329556e-112,8.155863203157549e-113,2.0985588099485378e-113,6.7415656178094725e-112,7.005633401217445e-38,2.262932513675014e-115,1.9537192846785866e-112,1.2498762762145632e-111,1.2731694771242542e-111,2.7830746567507787e-112,9.849035714534044e-41,5.458979153145834e-74,9.159002858121026e-83,0.6097049882574839,1.5359008721700283e-73,0.9152569934598256,0.00042736537727831604,7.003540984197432e-74,2.3830940813450724e-73,1.7889052975761595e-74,0.870156250796107,0.8909434553365363,0.6275519790940383,1.3422011679730062e-36,1.4344858688187263e-36,1.8323774642948215e-38,4.692110909173473e-36,1.9361296443749594e-113,5.284741795311839e-36,1.2171148079089118e-37,3.4032302576925765e-37,2.0093275940258982e-39,1.8701183022075683e-111,2.5048554353057728e-115,5.626660760279512e-40,5.13051819560883e-37,3.1981600734100075e-112,1.090978206702464e-115,3.9373882986502366e-112,8.52068581102009e-76,1.8692334275936927e-113,2.497172642601473e-114,9.911557587971771e-114,6.915169891679327e-112,1.4744490154401187e-112,0.06203745241359123,1.561526927059148e-75,4.016150300123264e-114,2.040701026906542e-113,7.644275976130206e-116,1.9000387749540156e-115,3.0305897729126985e-117,5.775327658606228e-118,3.637999351310748e-114,8.443471483215227e-39,5.597562014007596e-117,7.811343953458542e-113,3.188840698062993e-116,5.4961892199913325e-114,6.761134081227774e-117,9.737562847988851e-120,1.2125796157735102e-116,9.403912969850065e-116,2.1857910065590966e-117,8.647994912268779e-233,3.174862882165584e-238,2.318013364736246e-244,3.5806416424713916e-243,1.9042784654903141e-236,2.01004794719428e-234,2.361889231959402e-245,,9.674121172181865e-243,9.497441122176609e-239,9.936988909579548e-230,5.906046415245826e-230,2.8336915993192205e-229,1.1412595755624653e-230,6.165308773569883e-229,2.3849280881320947e-230,4.772915793858596e-229,1.0966329246593602e-229,6.022819752260613e-232,6.398938243219082e-229,1.90506544215508e-191,5.562111415014449e-233,1.3506708735130116e-229,7.149217205500839e-231,1.1786852030859612e-231,4.5964988611060615e-234,1.9468025930764786e-232,1.9903276257977434e-234,1.045051880746824e-233,4.902868351331101e-230,3.3824028576444264e-155,1.2129756522520263e-229,1.0377500532476259e-234,3.189495048368608e-235,5.083796070720238e-240,1.5527469244389595e-236,1.0489024241290902e-240,1.0473153205930858e-233,1.4753043308387716e-160,1.7606896500113104e-237,2.8997750624238252e-233,1.267629185154659e-231,2.3489588160756412e-231,4.869677887013485e-232,2.2378617548696356e-229,2.00684290071584e-229,2.7465797008445884e-229,3.3787552524896086e-229,2.4124401784178552e-229,3.043072868825582e-232,3.043072868825582e-232,3.043072868825582e-232,5.323358352116242e-229,3.043072868825582e-232,5.647277705223549e-229,2.205427879655347e-229,4.772915793858596e-229,5.098226209832376e-230,1.5565146955410342e-150
0.00016334523392684064,0.688220048151051,0.7087951400463399,0.021011919260241072,2.254521069545047e-151,4.811170412752739e-175,3.9934190014476937e-191,1.1770757028625525e-190,3.067254189637963e-190,2.382875808971541e-192,2.563930404587198e-38,1.3626586011300354e-191,2.7188411646923465e-193,1.3052303855409332e-190,4.869307461102853e-190,2.5136920834008067e-190,3.0633913954214457e-38,2.2714769664910083e-151,3.914818956164229e-157,0.9932889834351398,9.077995484374595e-153,0.8666698531293578,0.10498895883855855,1.333049340457059e-113,5.112089623023096e-112,1.6796143216701462e-112,0.89234843666127,0.9950947650630966,0.5376438326972537,1.1317872490982937e-37,3.883267838617197e-37,2.435207612287452e-38,5.888525177475998e-36,1.2338705509924734e-190,2.2908177891070884e-35,3.306632721709833e-38,4.539945467997791e-38,9.4910437042615e-38,3.000998334489648e-190,2.8509493734012454e-191,6.152008075528569e-39,7.562105181204459e-37,3.158594894643707e-190,6.462267393915563e-191,4.9205018484192e-190,9.482542064099332e-113,2.1478519615955394e-193,1.5162957932741425e-191,4.706923696472218e-191,2.984413610594454e-190,3.2539697572972666e-190,0.15361513047056158,1.6365596436590353e-111,2.2307160107336026e-192,1.2233448814878541e-190,7.485406365144273e-191,3.921709177529229e-191,3.829997532645325e-194,5.633836764905878e-195,5.891952297761807e-190,2.4969881915726552e-39,1.575130063689999e-195,8.75680341129519e-191,9.394904065101399e-193,9.373356179714383e-193,1.1827840084495e-194,4.980265969769216e-194,4.459909308641219e-194,1.4271501479919e-192,8.673918438770259e-194,7.6034978566556e-311,0.0,0.0,0.0,2.3321579932077e-311,0.0,0.0,9.674121172181865e-243,,0.0,8.729766349439466e-308,2.9608920903789e-310,0.0,4.636818213886337e-309,6.497323238056483e-309,3.764080288132155e-308,7.980783337053432e-308,7.980783337053432e-308,1.2119782501271e-310,8.285799501703935e-309,1.252205938194222e-233,0.0,1.0904088103063e-310,0.0,0.0,0.0,4.363233143248665e-308,0.0,0.0,6.1360565545905e-311,6.602498718242407e-156,1.114515026679756e-309,0.0,1.0812768947145e-310,0.0,4.605986057811e-311,0.0,0.0,6.364256703061223e-157,9.01537452376407e-310,1.138742082784e-311,0.0,0.0,0.0,9.43392310753259e-308,6.690379567712167e-308,1.548074913820756e-307,1.548074913820756e-307,1.2544737605824098e-307,4.9107207526276e-311,4.9107207526276e-311,4.9107207526276e-311,1.41404847786362e-307,4.9107207526276e-311,7.152091400735724e-309,3.451673352403279e-308,7.980783337053432e-308,8.82438361896184e-309,1.7177390678886528e-152
0.00020024965024984588,0.7071945035081386,0.9844139338661564,0.07325664157586732,8.059235194333139e-151,5.783448896593771e-175,6.977091581824956e-193,2.4154520114041425e-190,7.778748926348018e-190,1.3556984072822123e-193,5.21229017643343e-37,1.3613419509176122e-191,4.960083790229549e-190,1.0119376305158413e-189,9.649640679625771e-190,1.0125983315244027e-189,6.70259155635607e-39,2.0384762842091266e-151,2.3923180850559805e-158,0.9976032195614017,1.7156381925414877e-152,0.9057530382025303,0.0004129226000539995,4.733466558942697e-115,1.9362486962704228e-112,1.1095085384703682e-111,0.6771946607426147,0.6468812513000282,0.015135208381712057,2.4189926493136075e-38,2.9715754728290477e-38,2.536046203172107e-38,3.998822607010578e-37,5.662877320131486e-191,3.2492938529873926e-36,1.314204290779617e-39,1.351058054804595e-37,2.2242391294353636e-40,1.1349159163125177e-190,2.258702651147281e-195,5.905318396288435e-40,6.305998571023358e-37,8.272080031830077e-191,1.3082239968121338e-195,3.537267278460317e-190,2.6873737765099455e-113,3.010071873994143e-194,7.40714371215223e-192,4.081862889422141e-198,2.7842538365632338e-193,1.112577375173601e-196,0.0008026427181374126,3.683157902938604e-112,1.9452409880545014e-192,4.328894479611449e-192,2.357758061224541e-193,1.5051956022529214e-193,4.903559349455923e-194,4.196486687572739e-195,1.4187823795354665e-190,1.231364256505267e-39,2.9178537165039063e-196,2.22982306379598e-192,1.600531819362077e-194,8.759068153189688e-194,8.318726149455187e-193,2.1577783919127223e-191,3.153859686177723e-196,2.2317079776477242e-192,1.5913082025414887e-197,0.0,0.0,0.0,0.0,0.0,0.0,0.0,9.497441122176609e-239,0.0,,8.189172797864e-311,1.151742030286e-311,8.6424933299456e-311,0.0,1.6119409701531403e-307,6.91084680999773e-310,6.334631147699432e-308,1.6352131513714948e-307,0.0,3.5947983943537e-311,3.3912084298364116e-234,0.0,0.0,0.0,0.0,0.0,0.0,8.8069754960767e-311,0.0,0.0,2.183081493862826e-157,0.0,0.0,0.0,0.0,3.2362179004157e-311,0.0,3.01251976562845e-310,1.532677369283137e-156,0.0,0.0,0.0,0.0,0.0,1.361473242592e-311,0.0,2.7068588001222904e-308,2.7068588001222904e-308,1.0735100161793e-310,4.9107207526276e-311,4.9107207526276e-311,4.9107207526276e-311,1.4456065947659853e-307,4.9107207526276e-311,4.316567119989895e-309,1.4456065947659853e-307,6.334631147699432e-308,0.0,3.749285092669928e-152
0.00033000492781191167,0.7402112736384248,0.9921629447175602,0.29707565582815953,1.044834201461268e-150,7.217212490197062e-175,8.700929018406248e-190,9.693651084021992e-190,5.03185782507914e-190,7.214350601354379e-190,3.154271704871754e-37,8.244346105813011e-190,1.047252463077935e-189,1.1193281586485912e-189,1.0218616659757282e-189,1.100707627338647e-189,2.1458926134331947e-37,3.8993730033927155e-151,2.6472985032710774e-157,0.9988563407044161,2.326456353304032e-152,0.23663046416980546,0.08608979679355423,6.252869401332599e-112,1.3793227593139529e-112,2.8514000959895143e-112,0.9822439237773442,0.9986254742220001,0.4321877226072811,6.5904615322561604e-37,6.4124659380732565e-37,5.306120468916171e-37,7.954393525845033e-36,4.495055547223406e-190,9.848691786700564e-40,1.525862600554615e-36,8.836102794963518e-37,1.14427678052526e-36,1.0259378152653956e-189,3.378719713777928e-190,5.142151539870539e-37,1.8499013345998857e-36,3.2012273841608993e-190,8.511963214127154e-190,8.028903223263449e-190,9.189393205430141e-112,6.68231028075201e-190,9.103064768976712e-190,2.7816668511367034e-190,4.697759923741119e-190,1.2679747403746728e-189,0.09616800931242182,5.348862632925031e-112,5.330881621275293e-190,4.637513912050804e-190,5.652948359796371e-190,6.183777578293273e-194,4.04701968550111e-191,7.877472491303737e-195,5.781450942563384e-190,3.522367698555947e-38,7.681595387338105e-190,6.502994777705147e-190,7.615294452936956e-190,7.472904880850098e-190,7.101814291793867e-191,5.529328726326148e-190,2.394319137218019e-190,1.1738954070599185e-190,4.4762672064172484e-191,4.680905772989443e-308,2.951142701548063e-309,6.497120482993155e-308,1.74209418766305e-309,1.6581723992918352e-307,1.3396387101170065e-308,1.2223716460907187e-308,9.936988909579548e-230,8.729766349439466e-308,8.189172797864e-311,,6.95118743823518e-309,1.6538827125405575e-307,2.797800804632265e-308,1.4181808027130351e-307,1.5646166879675994e-307,1.5343347009846319e-307,1.5343347009846319e-307,3.2466005754755673e-308,1.405744895615827e-307,4.722328736606146e-229,1.1786992717139482e-307,1.3576785321088396e-308,2.9782350663629156e-308,2.454084928787979e-308,3.9179008409226e-310,7.680559034843e-312,2.9782350663629156e-308,2.195861119756179e-308,1.0526830757325016e-307,5.438270695628903e-156,7.726297472502076e-309,3.326269162190351e-308,5.640551216611844e-308,3.07207090283694e-310,8.855558695168519e-308,9.272236042785987e-308,4.11265932022231e-308,1.0585774122698033e-154,1.1093568504508008e-307,1.6498311608669196e-307,1.645535977771113e-307,1.8569779786912844e-308,1.6258378262774635e-307,8.208985993231272e-308,1.5458116906746378e-307,4.20689967280198e-309,0.0,1.3096611309749756e-307,4.9107207526276e-311,4.9107207526276e-311,4.9107207526276e-311,1.6267215412744001e-307,4.9107207526276e-311,1.5954099478114433e-307,1.6267215412744001e-307,1.3176004038787217e-308,1.6324611210809544e-307,3.3035378571232636e-152
8.683978425387454e-05,0.3821333797968207,0.7482804624911046,0.08554457458284753,3.1897739998944364e-151,2.6780132635379807e-175,9.259426716465653e-192,6.748164618470306e-190,7.857771852192685e-190,3.718466209036429e-190,1.435568065929108e-37,3.579621138070148e-191,1.5802233943235174e-190,7.19218277886919e-191,1.620001851153282e-190,6.438844992359516e-190,9.531641348638335e-39,4.422406505341554e-151,2.135407428338259e-157,0.9915753391708256,6.339096726909797e-152,0.9425901802098146,5.7179027617604644e-05,4.522720406350467e-112,1.5537883483021434e-112,2.0624383593979033e-112,0.9689895438863072,0.503502402118887,0.07209540595652994,3.053971172888475e-40,2.2902864937865494e-37,1.3916502012315045e-38,6.113153617000108e-35,4.051676539408354e-191,2.605096688953241e-35,8.309270156826482e-37,3.479849717470449e-37,3.54368161834822e-39,5.3365491020722357e-191,3.0893965911384237e-190,2.1284595004349318e-38,2.5558755468673658e-37,1.099629977669401e-190,4.8094979209062404e-191,1.3935466452991712e-191,4.980284504617802e-112,2.187114537689985e-192,3.693799208848608e-191,3.14302513047365e-191,1.328745765291662e-196,2.4825609086746605e-194,0.0007195448368434881,1.1423792940490073e-111,1.0479947191718326e-189,1.1334414632426116e-191,5.036804103120556e-190,2.0071145087911156e-190,4.188337713955801e-191,1.4572365674777077e-195,6.810841542881747e-190,8.84531843286836e-39,6.42495823272971e-190,1.3664648404532908e-191,9.192921888525888e-191,3.6600607235450505e-190,1.0287255085250954e-192,2.037970792904e-190,1.1024532333741342e-189,3.7646917732301935e-190,9.24984013697975e-192,3.0429169053856e-309,5.482751882290227e-308,4.1344540691993244e-308,9.80940300387311e-309,8.087070604831159e-308,4.175296880918172e-308,1.608886576736851e-308,5.906046415245826e-230,2.9608920903789e-310,1.151742030286e-311,6.95118743823518e-309,,6.6118021037124e-311,0.0,2.2623010522784026e-308,2.6018291766917647e-308,1.631106066938767e-307,1.631106066938767e-307,0.0,0.0,8.94803072946623e-239,0.0,1.879477318816e-311,5.29679055810797e-310,2.2599276567766e-311,1.5463961438306e-310,6.054895145611e-311,1.349153780476276e-309,0.0,3.6002707767011356e-308,6.109755744564694e-156,2.6167668885975e-311,4.5414073457667e-310,2.00145389779526e-309,6.4810936775473e-310,1.72625980142829e-308,4.3484976623343e-310,0.0,1.055379393192574e-154,3.171711484694276e-309,4.0838711190639283e-308,2.821810488572976e-308,1.886994278405753e-309,1.313543847577e-311,2.627100867062e-311,3.74438643904927e-310,2.6018291766917647e-308,2.6018291766917647e-308,3.6472804676615857e-308,4.9107207526276e-311,4.9107207526276e-311,4.9107207526276e-311,2.602782465546205e-308,4.9107207526276e-311,4.06356342715591e-309,1.4488451778586165e-307,6.159498032896781e-308,0.0,3.3420946173411854e-152
0.00026694005803783524,0.3508515758996326,0.984255239333921,0.17859753012788904,1.470360724663098e-151,1.5907316980102949e-174,7.632206257630072e-190,2.0657043128150712e-190,4.610697162170648e-190,6.107663658546718e-190,1.6591594790327272e-37,5.406991551595571e-190,5.106851765334935e-190,8.469691825950482e-191,3.009953182511278e-190,1.196476965511773e-189,2.3775564835850047e-37,4.8973492268765005e-151,1.71380441592852e-157,0.9523976646237783,6.299794166854986e-151,0.8000043714178727,0.004225334265007937,8.752979211420254e-112,1.1992683172477788e-111,1.2849160712606591e-111,0.622100103512792,0.9094476662816899,0.25779279099809155,1.4942715301086082e-37,5.085935147040372e-37,2.311673449512711e-37,1.551797378480371e-34,2.1354316565098135e-190,1.7517697063701129e-34,4.945515603754716e-37,6.311626233789882e-37,2.096414707582789e-37,9.123999332828556e-190,5.952113356692017e-190,2.4540247777954003e-37,1.7111829372665778e-36,6.965136006404643e-190,5.829622911306517e-190,6.18037098767376e-191,1.3864623081248073e-111,5.809922579272785e-191,8.8478626066279655e-190,1.598749346926336e-191,5.502651959316525e-190,2.124376594115249e-190,0.17478584036375155,2.052760429225291e-111,1.146510221762767e-189,6.110642562534997e-191,7.540036766873666e-190,7.740874691344425e-190,4.1796248883169595e-191,5.691102537431852e-195,1.228108725944314e-189,1.0542056681916004e-37,8.411181331813185e-191,3.982615701297366e-190,7.095464836761566e-192,9.690466695881633e-192,1.9468015416788196e-191,3.5997226204784753e-190,1.8715352311562053e-190,1.0553661232756631e-190,6.630429401055966e-191,5.31984779647891e-309,1.2792907619148884e-307,2.308290968511313e-308,3.25216658780379e-309,1.616401049577721e-307,1.546959106179957e-308,3.846125606877043e-309,2.8336915993192205e-229,0.0,8.6424933299456e-311,1.6538827125405575e-307,6.6118021037124e-311,,0.0,1.380176641220087e-307,4.685293516385e-311,6.165533703212633e-308,5.75594891655394e-310,1.6043851422427976e-308,0.0,1.8317238853648872e-237,0.0,7.75292342046e-312,0.0,5.954569371909e-311,2.0264978917603e-311,7.941225357620443e-308,2.3455236358169466e-308,2.234431642024e-311,7.67785327996316e-310,1.9277125945439414e-167,0.0,9.942030070154686e-309,3.655412348459723e-309,0.0,3.47414010034923e-310,1.115321436917147e-309,4.89820956705076e-310,4.9979364107760335e-155,1.01195074438321e-309,5.777222763207873e-309,1.295234683254497e-309,1.4405406373988094e-307,3.07086449863135e-309,0.0,0.0,1.479765804543905e-307,1.479765804543905e-307,0.0,4.9107207526276e-311,4.9107207526276e-311,4.9107207526276e-311,2.24996244934913e-310,4.9107207526276e-311,9.84786447495976e-309,1.596849152148022e-307,6.165533703212633e-308,0.0,6.014773217656299e-152
0.00017962471924900904,0.7258549759860597,0.951824141683055,0.25806119807419714,4.430334539971046e-151,1.8661700950845596e-174,1.511183948784149e-191,1.0870885577646136e-189,9.104949713409061e-190,2.0298464573281036e-190,2.0230380899964093e-37,4.3105798828166693e-191,8.352680821566186e-190,5.922685216263977e-190,1.1831450042965356e-189,4.2976427866546383e-190,3.695375115860884e-38,4.433694857920175e-151,5.3531928414317366e-157,0.9905294706244765,5.989836486809562e-151,0.6513390774414056,0.00954649961458944,2.0354373573540076e-112,6.914787516637992e-112,1.4811872865178612e-112,0.9926678445843714,0.3167077234111803,0.021621916656485916,7.789789879554955e-37,2.1678258678727445e-37,2.438748458054035e-37,1.4701036235590084e-34,1.518815643140085e-190,4.0929868966413076e-36,3.800681109978463e-37,5.960084876502307e-38,2.8249134072743062e-37,2.7191650107636883e-190,1.972830820960543e-190,1.309647936898402e-38,1.1637157189253492e-36,5.588366504443685e-190,8.9309801660609e-191,8.58852191866664e-191,8.074079234389421e-112,1.9844776184237646e-190,3.4587810042408614e-191,7.085865621932328e-193,4.442090204620844e-190,1.2058229975126477e-190,0.02151330094430921,9.363994211715603e-112,7.121546662519921e-190,3.0585194431877955e-190,8.785044476706738e-191,3.1683346764489733e-191,3.229354171826944e-191,4.6243447825101855e-195,3.2308381240233954e-190,2.464958715599245e-37,8.518278766825873e-191,9.01449823038523e-192,1.8317970693942806e-190,5.695974874650951e-190,2.205002654464464e-190,8.58852191866664e-191,2.749616019583463e-190,4.463942363954507e-190,2.294660523811484e-191,2.762743774581969e-308,1.5606395940198462e-307,3.434523376091528e-308,2.38959751236388e-309,6.396930657093008e-308,1.0019542870414e-310,4.398217413180144e-309,1.1412595755624653e-230,4.636818213886337e-309,0.0,2.797800804632265e-308,0.0,0.0,,1.6442747577241021e-307,1.453450654780953e-309,1.1140691040050995e-307,7.455468784188757e-309,0.0,0.0,3.8215783283128305e-236,0.0,4.150516701513e-311,2.967903339192e-311,0.0,0.0,1.2604345148218695e-308,0.0,0.0,3.1212163342437e-311,4.125846861662528e-161,4.5419181488065e-311,2.67653048637133e-310,3.087021956152323e-309,6.342750632868e-311,1.395594915602337e-309,0.0,6.3282075797935e-311,1.8497871032548378e-154,1.117090180672803e-309,1.0529969014936433e-308,0.0,0.0,0.0,3.476595142624391e-308,3.0199646596627e-309,1.3757046130128156e-307,1.3757046130128156e-307,1.3566415718163e-311,4.9107207526276e-311,4.9107207526276e-311,4.9107207526276e-311,2.95427955078859e-309,4.9107207526276e-311,3.5316069477719795e-308,2.95427955078859e-309,1.1140691040050995e-307,3.929338385860368e-308,4.942413224760823e-152
0.00038625423788252427,0.6327134024952623,0.9494245718557992,0.21584460324552582,5.394827935694899e-151,1.9266276858049334e-174,7.653486992808026e-190,1.3492028317101146e-190,2.2032307030629472e-190,6.485361987967696e-190,6.066086224925751e-37,7.813850791336668e-190,2.5763443886618774e-190,4.072037567609675e-190,1.216542241274007e-189,4.683114081390161e-190,2.21288384128275e-37,4.272171628539959e-151,2.6230785748048005e-157,0.987554114550728,1.580823745257811e-151,0.966672398302621,0.12229916980961034,1.2056801584286845e-112,1.3617435676170967e-111,1.4254652987006324e-112,0.37171139884426685,0.9985473381726194,0.6263000740447624,3.394993943897352e-38,7.687397489350458e-38,2.1450384422145823e-37,3.758056702246149e-35,8.127002267032268e-190,2.665058182977742e-34,6.374663107787222e-37,2.811071235737694e-37,2.098659760490178e-37,6.566817530251751e-190,4.248150420376526e-190,7.84382414842002e-37,1.1929855853012294e-36,5.590691628712665e-190,7.22627185135712e-190,8.592634786094651e-190,5.232238458512947e-113,3.926482045131748e-190,1.2582463447341516e-190,2.1407942543277633e-190,5.071977336773356e-190,7.579651450537966e-190,0.06397583206469677,2.342192495009102e-111,8.20738024144805e-190,1.061056728749609e-191,1.7209490068966777e-190,6.685435757403232e-192,4.72937247885486e-191,1.0714073021361348e-195,4.1999193997368305e-190,9.324297801178797e-37,5.051525313813161e-190,6.128557529151876e-190,5.690946218495942e-190,3.5162274835406625e-190,3.152215475780092e-191,8.592634786094651e-190,1.2092082853158278e-189,2.2009938148007496e-191,5.862437683169972e-190,1.6400602556336905e-307,8.244408535862032e-308,1.4395326789274677e-307,7.995663218880663e-308,1.0336066274402657e-308,1.6423543412125557e-307,2.850187085208072e-308,6.165308773569883e-229,6.497323238056483e-309,1.6119409701531403e-307,1.4181808027130351e-307,2.2623010522784026e-308,1.380176641220087e-307,1.6442747577241021e-307,,1.630898207710548e-307,1.6217304610827934e-307,1.6217304610827934e-307,7.427751052748544e-308,1.2831406845500845e-307,6.602427269052272e-229,1.3366143500501397e-307,1.199616965782859e-308,9.92215692753233e-309,1.6379003623926535e-307,1.493779588413794e-307,1.4291983173890622e-307,9.92215692753233e-309,1.353366370833322e-307,1.8313713680276797e-308,4.2269142495282695e-156,1.3437731112039229e-307,1.0809265543767213e-308,1.365373743494826e-307,5.083104455082746e-309,1.592931053527183e-307,6.216581712313307e-308,1.4112782634295153e-307,3.309131033950091e-154,1.6360761132845184e-307,1.4222596169347156e-307,8.53088872132785e-308,3.2344257146798427e-308,1.7185241076308696e-308,7.007868388302095e-308,1.6524232877082275e-307,1.630898207710548e-307,1.630898207710548e-307,8.988117883134305e-309,4.9107207526276e-311,4.9107207526276e-311,4.9107207526276e-311,1.6493123117183875e-307,4.9107207526276e-311,1.6400921690207092e-307,1.6493123117183875e-307,1.6217304610827934e-307,2.857769761257996e-308,5.811419423323446e-152
0.00040200938957082074,0.42921119587506873,0.9933123587939896,0.2316622963355626,1.7835008629588944e-151,2.797662982449198e-175,1.1238745294732161e-189,7.086620253549363e-190,7.289688509666652e-190,5.785725842550302e-190,2.627280789959261e-37,8.660983991837693e-190,5.453946610437687e-190,1.1198491545696329e-189,7.788391197460601e-190,8.916981160835142e-190,1.9981209323259163e-37,3.874869147606449e-151,1.7827006263065303e-157,0.9991394617874438,1.63680254175424e-151,0.9110895812161548,0.09116332503659166,4.284239820877296e-112,8.326424908233577e-112,1.1783577062549018e-111,0.9787461808495792,0.9963321433237038,0.38814055988255697,3.1058631448176038e-37,2.373806275763457e-37,1.1522294033995034e-36,1.7043021394594396e-34,8.257373521648304e-190,1.578987373008863e-34,8.310008983150649e-37,1.900971337761653e-37,1.5842471269149594e-37,1.0865574215789978e-189,5.773106497854112e-190,6.042192128507967e-37,1.7280403705054035e-36,1.045841531419889e-189,6.110744908510593e-191,1.1308338084867867e-189,6.452616026563816e-113,8.857767539966275e-190,8.893532908830407e-190,5.045707889982638e-191,7.668900280398082e-192,1.4183069582267526e-191,0.06417745415402194,1.2052300050677858e-111,7.789958778375021e-190,4.803194768262229e-190,8.047305125751888e-190,1.148945034071622e-189,1.2350677610171967e-191,9.583114142229493e-195,1.5541927843560206e-191,7.106218456085294e-37,4.2598629815002244e-190,8.893532908830407e-190,8.089973564995342e-190,8.592507070297843e-191,1.1784630896466015e-189,6.535866053092426e-190,3.2923237567742313e-190,4.4264846475597956e-190,7.784467906153636e-190,5.141577921802144e-308,1.651065087116018e-307,4.16572582568591e-309,8.160222525465929e-308,2.34029253579843e-309,3.251136489591201e-308,6.5414090351601e-309,2.3849280881320947e-230,3.764080288132155e-308,6.91084680999773e-310,1.5646166879675994e-307,2.6018291766917647e-308,4.685293516385e-311,1.453450654780953e-309,1.630898207710548e-307,,0.0,0.0,1.3920366643516077e-307,1.6709983324785e-311,1.3354255867341295e-229,1.0444227711188615e-308,0.0,7.890031652479496e-308,1.24517909220869e-309,1.1709371776805023e-307,1.4690755700049906e-307,7.890031652479496e-308,3.12686932092877e-309,0.0,2.550654023930486e-171,3.080369328493431e-308,1.0939496943335094e-308,7.244062135883427e-308,6.5414090351601e-309,1.2475824931675055e-307,3.39181367881813e-309,1.1228862591036771e-307,3.9457677410409807e-154,1.3160655078264391e-307,1.6576189567855673e-307,2.21350551760484e-309,4.3200776200735106e-308,1.4043403685687944e-307,4.1181605277054023e-308,1.1063470003647e-311,1.64820348651154e-307,1.64820348651154e-307,0.0,4.9107207526276e-311,4.9107207526276e-311,4.9107207526276e-311,1.655109246823724e-307,4.9107207526276e-311,0.0,1.655109246823724e-307,0.0,2.1468088438720153e-308,6.709436043519382e-152
0.00039882626095279737,0.7449949389449197,0.7155583312283091,0.21167789143996538,1.0517143417402597e-150,2.0013514181890984e-174,5.421524218221688e-190,1.0257038577518264e-189,7.084068605106527e-190,4.559304344925457e-190,4.641429979106306e-37,6.103001642533587e-190,1.0910194476355884e-189,1.00517937846802e-189,6.684959159194146e-190,7.957264039466142e-190,2.3543156663558496e-37,3.375709834706721e-151,1.2199150213118469e-157,0.9986584480838503,3.572833357089517e-151,0.8838603357785297,0.08213937384965962,3.3293534527962927e-112,7.04756204588982e-112,1.3495595874524242e-111,0.7375363033175597,0.9943664340885181,0.31612282184851725,7.850768421312175e-37,4.2823454814216864e-37,1.245431855220847e-36,1.3316586245778692e-34,7.618768833217876e-190,2.6853469618539753e-34,1.3042299347010551e-36,5.516180308472999e-37,1.1204673886774998e-36,1.2165970802717124e-189,6.147211356951488e-190,6.783274868219026e-37,1.033484667083607e-36,7.587093712706857e-190,2.532782551129854e-190,9.918039173592001e-190,1.095034126387647e-111,1.0360397407559344e-189,2.3456455754119193e-190,1.971928946142789e-191,8.100862481712888e-190,6.842702156873304e-191,0.18516952703967038,1.6807921139352208e-111,1.023592582141859e-189,5.338821261067605e-190,7.556820104125301e-190,1.1027845260267185e-189,4.805403779993797e-191,9.491091150352528e-195,1.2285077735561672e-189,1.0447977392893409e-36,1.1757944365363488e-189,8.521440263038232e-190,1.0573750517800437e-189,3.0123647908828503e-190,1.1413941874474706e-189,1.0043948085462699e-189,9.70506198799169e-191,1.6385784056744912e-190,4.74823350770747e-190,1.6681255222885944e-308,1.171624900260834e-307,1.2116361059099e-309,1.1539129881363542e-307,9.149248580960966e-308,7.20680403617964e-308,2.93182978539417e-308,4.772915793858596e-229,7.980783337053432e-308,6.334631147699432e-308,1.5343347009846319e-307,1.631106066938767e-307,6.165533703212633e-308,1.1140691040050995e-307,1.6217304610827934e-307,0.0,,0.0,1.6016258695380198e-307,0.0,2.940081656924388e-229,1.489802962552173e-307,3.5849445499799e-310,7.879044441079166e-309,6.646588681354524e-309,1.5762634087401604e-307,1.4105365075845435e-307,7.879044441079166e-309,8.26099121878095e-310,3.69443789036874e-310,3.3271492128005015e-159,5.753429306198462e-308,4.39772656338054e-309,5.487812993736827e-308,2.93182978539417e-308,1.6255959389795572e-307,1.808018686785456e-308,1.6191936207278592e-307,5.016436042577429e-154,1.6473414546988587e-307,1.5365272992707306e-307,1.0184595272996347e-308,1.213625141720404e-309,5.372544367015018e-308,2.5816998320835724e-308,0.0,1.6447470919794534e-307,1.6447470919794534e-307,0.0,4.9107207526276e-311,4.9107207526276e-311,4.9107207526276e-311,1.6539546799460567e-307,4.9107207526276e-311,1.649350837212478e-307,1.6539546799460567e-307,0.0,1.081850379632217e-308,6.5204057515670275e-152
0.00039882626095279737,0.7449949389449197,0.7155583312283091,0.29848668651765425,7.619057272199095e-151,2.0013514181890984e-174,6.720360672869307e-190,3.919857532091903e-190,7.084068605106527e-190,8.753793453195082e-190,4.641429979106306e-37,6.486883310945431e-190,4.225505726234114e-190,9.825263889021336e-190,6.684959159194146e-190,1.1798921495585509e-189,2.3543156663558496e-37,4.674504186784021e-151,4.1994727107191926e-157,0.7939357412494199,7.952517772826012e-151,0.9694505715986794,0.08213937384965962,3.3293534527962927e-112,1.365561552900613e-111,1.3495595874524242e-111,0.9919912130161648,0.9943664340885181,0.5930675910751639,1.999961132743389e-37,4.2823454814216864e-37,8.960405526621632e-37,1.6043686925547697e-34,7.618768833217876e-190,1.31817570428657e-34,1.3042299347010551e-36,5.516180308472999e-37,1.1204673886774998e-36,1.2165970802717124e-189,6.147211356951488e-190,8.241811706303517e-37,1.873491374866028e-36,7.587093712706857e-190,9.194945199197726e-190,9.918039173592001e-190,1.095034126387647e-111,6.400375131038933e-190,7.514875300260883e-190,2.0073818856636276e-190,8.100862481712888e-190,6.842702156873304e-191,0.18516952703967038,1.8026025401810927e-111,1.356756006608173e-190,2.1126910698605733e-190,7.556820104125301e-190,1.1027845260267185e-189,4.805403779993797e-191,9.491091150352528e-195,1.2285077735561672e-189,3.405090356275118e-37,7.792514218442575e-190,3.4201013522455705e-190,7.86173983128363e-190,3.0123647908828503e-190,1.951295275267941e-190,9.918039173592001e-190,9.70506198799169e-191,1.6385784056744912e-190,1.0532986398406459e-189,9.870229926699586e-308,1.171624900260834e-307,2.104076696478753e-308,1.278538603801283e-307,1.656450178307236e-307,7.20680403617964e-308,1.218656522917743e-307,1.0966329246593602e-229,7.980783337053432e-308,1.6352131513714948e-307,1.5343347009846319e-307,1.631106066938767e-307,5.75594891655394e-310,7.455468784188757e-309,1.6217304610827934e-307,0.0,0.0,,1.6016258695380198e-307,2.6615468280868e-310,2.940081656924388e-229,3.190494961910961e-308,3.5849445499799e-310,7.879044441079166e-309,2.9798268404185e-311,4.594681134616953e-308,1.4105365075845435e-307,7.879044441079166e-309,8.26099121878095e-310,5.545153585071892e-308,6.217484932983712e-155,5.753429306198462e-308,4.2663890436721223e-308,1.5056563580908968e-307,1.218656522917743e-307,1.197554041502943e-307,1.0181819950793154e-307,1.6191936207278592e-307,5.016436042577429e-154,1.1185266528327149e-307,1.3293569465601123e-307,1.0184595272996347e-308,1.213625141720404e-309,5.372544367015018e-308,2.5816998320835724e-308,1.6909727286780416e-308,1.6447470919794534e-307,1.6447470919794534e-307,2.00447650045824e-310,4.9107207526276e-311,4.9107207526276e-311,4.9107207526276e-311,1.6539546799460567e-307,4.9107207526276e-311,1.649350837212478e-307,1.6539546799460567e-307,0.0,6.918334309717351e-308,6.5204057515670275e-152
0.00035738072275305713,0.6652484671198022,0.8833777177108898,0.09453116880129846,7.244624115171264e-151,5.322243612659148e-175,2.4439420212385963e-190,7.406095056872443e-190,8.495989323143323e-190,1.0130722768638157e-189,8.060644527095597e-38,2.6868354316052187e-194,1.0207357811057596e-189,1.0661135422324111e-189,3.2350707781804637e-190,1.0097617661464431e-189,8.744417181768736e-38,4.2121397594521265e-151,2.958274796438322e-158,0.9331071072645836,3.51880025452747e-153,0.9221720847066939,5.6065964942735686e-05,3.229314012872389e-112,9.94624369642092e-113,1.2292736439235027e-111,0.9441469103533429,0.6470154735705804,0.14806399863384906,2.0083819867945704e-38,2.7209105748332367e-38,6.189484740123112e-39,4.3751747906831184e-37,5.106484083452607e-193,1.1607729451178505e-34,8.632870769208277e-39,1.1963506052290934e-37,1.8585045424893081e-38,5.254031267252107e-190,1.1124438095607306e-191,1.2308321950912696e-38,7.962561787870654e-37,4.786704829027251e-190,1.9230053805115067e-194,5.119897022530327e-191,2.0498773121601441e-112,2.523051893594017e-193,4.03395709133428e-191,2.8302386376355536e-192,3.558307542284931e-192,1.3793442933252608e-192,0.002070343112394618,6.865328738471017e-112,4.117084098236402e-192,1.3468235319505218e-191,4.1583760926444546e-192,3.7760514839620833e-190,4.743378689182051e-191,9.933933574090061e-196,2.300946479316311e-190,3.449553654706571e-37,7.04054727290459e-191,8.380535274635244e-192,1.0839198633810004e-191,7.713571861157403e-190,6.0320592453165e-190,2.550714522712381e-190,3.4168994096151027e-192,1.2591041522667301e-191,9.958601425621095e-191,5.856390918012952e-308,5.380878432177743e-309,1.0014130742600826e-308,6.91460689126948e-309,2.009587313503469e-308,1.2694885837704874e-308,1.27155125345984e-309,6.022819752260613e-232,1.2119782501271e-310,0.0,3.2466005754755673e-308,0.0,1.6043851422427976e-308,0.0,7.427751052748544e-308,1.3920366643516077e-307,1.6016258695380198e-307,1.6016258695380198e-307,,0.0,4.279340218231733e-245,0.0,0.0,0.0,0.0,0.0,1.319791660548154e-308,3.081669510514e-311,0.0,0.0,1.8382531478750613e-161,0.0,8.095404927272e-311,0.0,3.35764905592537e-310,4.4866660994915e-311,0.0,1.445614011701412e-308,1.9579935143348417e-156,1.9493309372719e-310,1.56237117246233e-310,1.4459660363314e-310,1.6272683266936e-310,0.0,0.0,0.0,2.0509512825598823e-308,3.6619729041535e-310,5.4068426330649e-310,4.9107207526276e-311,4.9107207526276e-311,4.9107207526276e-311,2.171967153788515e-308,4.9107207526276e-311,9.300457759722707e-308,2.171967153788515e-308,1.6016258695380198e-307,0.0,3.976563456941331e-152
0.00027935988299159517,0.4017604705990949,0.991546196975061,0.06856449889108415,1.0361014378919332e-150,1.2469172407854476e-175,5.753213940562869e-190,1.1045010847589362e-189,5.204997937589912e-190,1.0671644696753424e-189,6.6358591879022005e-37,1.7901908935466153e-191,6.169560361628516e-190,1.1043664741933131e-189,1.0803700543599972e-189,7.715726983904917e-190,1.4712307919333914e-37,4.4713882248764605e-151,2.4069035336503138e-157,0.9992743300387747,5.8669260710967225e-152,0.9650968118397464,0.003355201150330334,8.626198923777641e-112,8.87683284245042e-112,1.2259507923575646e-111,0.9733085652729044,0.996690963179644,0.2402781097340972,6.454653490721134e-39,2.013878938668891e-37,8.095606032238714e-37,8.122945244164647e-35,6.2277115104399e-191,2.515761651926e-34,7.559466712029566e-38,1.054806258035074e-36,6.596600612470675e-37,5.99779284269461e-190,5.48197314127463e-190,3.269372432329342e-37,1.4483661047279894e-37,9.40794932787252e-190,6.138726570619e-190,9.42375316665651e-190,2.0040016803541645e-112,6.212686714089238e-191,2.281478388521522e-190,1.3372948411625848e-190,4.204507032559745e-191,7.352559811070885e-192,0.07006757169754692,1.726434398614201e-111,1.2411710103864786e-189,4.596148608467496e-191,5.473156584625642e-190,8.47211677833386e-190,5.080808713726852e-191,4.808529399256089e-195,5.31686724678113e-190,2.958050938763452e-37,9.893765678294959e-191,5.266992660829016e-192,7.728941923370717e-190,2.547062348312345e-190,7.886458916249802e-190,5.320647694344331e-190,1.2608547892374385e-190,2.343495838755317e-190,1.9641593025426203e-191,1.4744035633149165e-307,7.460545568627481e-308,8.6725759723369e-310,3.3924243011127687e-308,1.6585517530826359e-307,1.0781096944200065e-308,1.869674288585203e-308,6.398938243219082e-229,8.285799501703935e-309,3.5947983943537e-311,1.405744895615827e-307,0.0,0.0,0.0,1.2831406845500845e-307,1.6709983324785e-311,0.0,2.6615468280868e-310,0.0,,2.985666378042327e-233,0.0,0.0,0.0,6.740219993035e-311,1.868111431120747e-308,1.6075977930643972e-307,1.060262844289542e-308,0.0,1.943688523959e-311,6.519219177435386e-164,0.0,1.42173332963e-311,4.938310446303583e-309,1.869674288585203e-308,6.637865819700403e-309,6.09775678672474e-308,1.6254376838545823e-307,1.8019348800134933e-154,9.884733384587068e-308,1.6103343360330994e-307,8.132962374502045e-308,6.711769883234981e-308,3.62890085854e-311,0.0,0.0,1.4975424658624913e-307,2.630203732299171e-308,0.0,4.9107207526276e-311,4.9107207526276e-311,4.9107207526276e-311,1.6032004605358378e-307,4.9107207526276e-311,6.703752230346284e-309,1.6032004605358378e-307,2.6615468280868e-310,0.0,6.247630659594338e-152
0.00017632480609213038,0.9527432537887505,0.9547989589134346,0.035171677536617575,6.371358011658555e-73,1.777393494727262e-96,1.286402886833901e-111,6.047376267548223e-112,1.3646880456759638e-111,1.6437385462666564e-112,7.035772554730037e-37,1.9259051284350966e-113,1.0353720940635404e-112,7.729567620926607e-112,8.870618125041803e-112,1.993659993479218e-111,3.7407776206576303e-38,3.5705130698431856e-73,4.1019744050675495e-79,0.9715248095078791,5.684442008946773e-73,0.7308897658499389,0.0020565615742229554,4.818316547618176e-73,7.767206966988625e-75,7.427570059026053e-73,0.9779379363059498,0.4890524593424057,0.03474761108928722,2.584723553655441e-38,6.605370288328503e-38,5.5849876221608015e-39,2.2639422472009553e-35,1.4408235561777816e-113,1.1132683678664064e-35,6.78728369534978e-42,2.515618510819662e-38,8.500285144786748e-39,2.604999206382049e-112,5.066656942853256e-115,5.19912359634163e-43,2.5062740887945114e-37,6.280323233497446e-113,1.5490843738900801e-115,1.8568075225549602e-113,2.6156055825590542e-73,3.71473722793013e-114,1.9649401717189702e-113,1.08940797973992e-113,4.446752265415627e-113,7.0695860641543305e-118,0.00479695181928945,2.466913392667794e-73,1.7420795980590907e-113,5.419259890610294e-116,3.5769872479482165e-113,1.092177274888218e-111,5.784138728096988e-113,9.865982407969688e-117,1.426156396979389e-112,5.917813942860962e-38,3.492282496130318e-112,5.209021665434404e-113,1.9812267420824635e-116,8.154315239497128e-115,3.2097443099789634e-113,4.953389530084587e-114,5.643620276992369e-116,1.5924674896186434e-114,5.0724663840179914e-114,5.644164651907488e-231,1.9925988153133925e-230,1.1458902637258675e-230,7.26959190316741e-231,3.438210316256029e-229,3.125632492108396e-230,2.1764177696648617e-233,1.90506544215508e-191,1.252205938194222e-233,3.3912084298364116e-234,4.722328736606146e-229,8.94803072946623e-239,1.8317238853648872e-237,3.8215783283128305e-236,6.602427269052272e-229,1.3354255867341295e-229,2.940081656924388e-229,2.940081656924388e-229,4.279340218231733e-245,2.985666378042327e-233,,6.683042546326882e-252,1.3745508208148835e-233,1.3007142464526189e-236,3.4686164579800236e-238,3.496580587574353e-236,3.9569157137277796e-231,1.3506746910726097e-234,5.958138006188726e-236,8.89435737775386e-233,9.875463045605025e-158,6.480700691448556e-234,5.028259867606022e-232,3.061148890231399e-236,2.2629018085560644e-236,7.697860544339282e-236,1.111033291293084e-235,8.57725504719884e-234,2.2043585129439022e-156,6.65888409584666e-235,2.240929989984236e-233,3.227639196106805e-234,1.6731732127523194e-235,9.84412790950834e-239,1.7435353648016734e-239,1.691434443920087e-235,6.1023200171605736e-229,1.3354255867342813e-229,9.853454847341375e-232,3.043072868825582e-232,3.043072868825582e-232,3.043072868825582e-232,1.2619357307350759e-229,3.043072868825582e-232,2.374462929971363e-230,1.2619357307350759e-229,3.166039599165272e-230,7.625190659277358e-241,9.419738504553779e-151
0.00013300898650022466,0.7095407152151274,0.36643831400774146,0.006320631024434468,4.537158353501636e-151,5.823731006147997e-175,5.1648858228787834e-191,5.130674623973422e-190,8.956547198091317e-190,3.851558186877044e-190,1.2874928661176379e-37,4.5297708758111594e-191,1.7983744306748705e-190,3.0297428270076126e-190,1.1656604970377973e-189,7.190752165551462e-190,2.011257249983199e-37,4.6057961915371736e-151,7.82656360594855e-158,0.8259643504570447,5.29766310226522e-151,0.9451817239802152,0.001447844674054405,5.986715426711825e-113,1.1910443194544967e-112,1.2025786777661964e-111,0.9201635382894502,0.7800408915302992,0.26947197850003446,1.3047199877036024e-38,3.997658593151907e-37,1.0256657227178853e-38,1.362030333604306e-35,1.3920244035647031e-190,2.1291976098910344e-34,3.7214339838336258e-37,8.510532416896871e-38,2.353341188874487e-40,1.08649541985347e-189,3.2455364289235435e-192,7.400206767304646e-40,9.220202731843671e-38,3.1669949394066453e-190,1.9232831340847525e-192,9.222301162722742e-191,2.8192722434676227e-113,3.4605018364114838e-193,2.950437619110646e-191,1.5982469397561938e-190,1.0569877246582489e-189,7.043651087537653e-190,0.07014900847718494,9.946207843953927e-112,9.354846192894545e-192,1.4297648276061315e-192,8.849043366428467e-193,8.211422121617915e-191,1.2439233986638585e-191,9.17741019213861e-195,1.2417217575853863e-189,1.6224080524755084e-38,1.1607953019160531e-193,1.2351882174486619e-192,1.1393953847432136e-192,1.8123426934520818e-190,5.9738199769615396e-192,1.2850861091820573e-192,1.9578890203861483e-193,1.1792657195837781e-191,6.225063913844844e-194,1.04476963731857e-308,1.3768182454932e-310,4.77709475041386e-310,5.22294327441346e-309,8.794600606378391e-308,3.51223224938654e-310,0.0,5.562111415014449e-233,0.0,0.0,1.1786992717139482e-307,0.0,0.0,0.0,1.3366143500501397e-307,1.0444227711188615e-308,1.489802962552173e-307,3.190494961910961e-308,0.0,0.0,6.683042546326882e-252,,1.9621594771137e-310,0.0,0.0,0.0,2.452137240963592e-308,0.0,0.0,4.1314838519784e-311,9.752980613558419e-160,2.8302838318505e-310,1.52971739504e-311,4.908974289715e-311,0.0,0.0,0.0,0.0,1.6739059614976654e-157,0.0,0.0,5.8805834953637e-311,0.0,0.0,0.0,0.0,1.2335328603285645e-307,1.2129599497417462e-307,1.11675493607831e-309,4.9107207526276e-311,4.9107207526276e-311,4.9107207526276e-311,1.503105203711386e-307,4.9107207526276e-311,1.01653825739148e-309,1.503105203711386e-307,3.190494961910961e-308,0.0,1.899482002833981e-152
0.0003708987044861916,0.20435948224709163,0.9591242736108353,0.29844161799525526,8.833194845230023e-151,7.721564028260564e-175,9.809133413170169e-190,6.377479052939689e-190,8.715507384849838e-190,1.0366003654291434e-189,3.010667676586657e-37,6.948374307815565e-190,1.0842984651577868e-189,5.6209056544199e-190,5.000874261734733e-190,1.1980098007976455e-189,2.404225733059319e-37,3.353029953773535e-151,3.5179625533143195e-157,0.9994093421635756,1.14034846110543e-151,0.9688699848529285,0.03049878111185806,1.2744777663463621e-112,4.798348260381657e-112,1.2727728201401197e-111,0.9941095302093548,0.9501365915659573,0.5648081723837035,2.0337290621988696e-38,2.6134709733824813e-37,6.98169040104072e-37,1.0436870758497222e-34,2.794257707205798e-190,8.050609675331978e-35,2.197800551591513e-37,9.126938161724389e-37,4.4457741016000165e-37,8.660046231242646e-190,1.1529842325293897e-190,1.2576823636212762e-37,1.5237631161387936e-36,2.902189880135288e-190,1.1885391177516645e-190,1.012115672722993e-189,2.4856147744301328e-113,1.6334564242687274e-190,9.046128156919725e-190,1.0498470200588471e-190,4.0726887774375473e-190,5.328619256283308e-190,0.1062703073842952,2.104635164743929e-111,7.750568535558605e-190,1.8228138296987064e-190,5.871040311578201e-190,7.102781584710662e-190,4.802037319258891e-192,8.69102538881619e-195,5.368168716811929e-191,1.1639794036589328e-36,8.964948270588786e-190,5.63378033369118e-190,8.6655027831421e-190,4.854452702645243e-190,5.875563965544124e-190,5.204717582633586e-190,1.112869556251023e-189,4.984819597701983e-190,4.339412925924972e-190,1.6017166594419276e-308,7.981054368015767e-308,2.2853390555224582e-308,1.43517090397608e-309,2.2390317273367e-309,2.2021332890785976e-308,3.2926638239806e-310,1.3506708735130116e-229,1.0904088103063e-310,0.0,1.3576785321088396e-308,1.879477318816e-311,7.75292342046e-312,4.150516701513e-311,1.199616965782859e-308,0.0,3.5849445499799e-310,3.5849445499799e-310,0.0,0.0,1.3745508208148835e-233,1.9621594771137e-310,,0.0,0.0,5.996051057511e-311,1.6572210839275e-311,1.172735235791407e-309,0.0,0.0,8.413580163113836e-169,0.0,1.6410235815274e-310,5.155030234508094e-308,3.29952860823e-311,2.5175449496499e-309,4.01725069229886e-309,1.0896105801665306e-307,2.7323529927286702e-154,9.53601352704894e-308,1.5745313286140186e-307,1.90735744624662e-309,9.91424305505819e-308,4.07644921733151e-308,3.1704556984965152e-308,3.095990851584633e-308,1.6135350726653276e-307,1.6135350726653276e-307,0.0,4.9107207526276e-311,4.9107207526276e-311,4.9107207526276e-311,1.6434545778136163e-307,4.9107207526276e-311,0.0,1.6434545778136163e-307,3.5849445499799e-310,6.5791289582829e-309,5.0234304887760405e-152
0.00020006494762245827,0.6754152529088064,0.9587272950171649,0.03226253152958195,9.862949683126407e-151,1.764092801540841e-174,7.806715250515559e-190,5.348352937149122e-190,5.08883902995998e-190,1.1060375475745886e-189,3.212955710101259e-37,4.881451369611556e-190,1.0801720871351225e-189,1.056706609784997e-189,1.1044442317260481e-190,1.1690508264879435e-189,4.18641200723524e-38,3.2018412706424335e-151,3.589587319577995e-157,0.9990904123057744,2.86623609306068e-152,0.9384572900034135,0.024189520145640832,1.789059344369185e-112,5.433045735755156e-112,1.3120320812430067e-111,0.5402424229936535,0.9984837031499074,0.6314941334190021,4.053344624003993e-37,3.3576516276284236e-37,3.0886653386487547e-37,2.4359304323225374e-37,9.872316800647551e-192,2.4640922352771694e-34,1.8221186572704666e-37,3.045608484749779e-37,1.441206153987356e-37,6.714912140874929e-190,2.579875458450769e-191,1.8155260078206144e-38,1.2394859094915196e-36,8.191677357648986e-190,1.6669479479625723e-191,3.9954227374039864e-190,2.528781638536008e-113,4.050097847705143e-192,1.3078154419162186e-190,1.1868173110296601e-191,1.2053128748001354e-190,2.020165947109387e-192,0.03931870871458727,1.480158562619936e-111,1.591176754426382e-190,9.893448126568102e-191,7.566976175379483e-190,8.590698097674372e-190,5.416056098877071e-191,1.2699524745379381e-195,1.2230142072784716e-189,1.9757178274317402e-38,6.190193342385926e-192,7.946692377697734e-191,9.305940668915916e-191,4.944923806336527e-190,2.6540795111139776e-191,6.18371874234004e-191,9.3625029975775e-193,4.99154262246283e-190,3.1524201729618626e-191,2.71077140848747e-309,2.6637018124887e-310,1.693839200931e-311,0.0,3.0543629261520693e-308,1.016631046525478e-308,0.0,7.149217205500839e-231,0.0,0.0,2.9782350663629156e-308,5.29679055810797e-310,0.0,2.967903339192e-311,9.92215692753233e-309,7.890031652479496e-308,7.879044441079166e-309,7.879044441079166e-309,0.0,0.0,1.3007142464526189e-236,0.0,0.0,,0.0,0.0,0.0,0.0,0.0,0.0,1.649726627769318e-166,0.0,0.0,0.0,0.0,0.0,0.0,8.69133350133167e-309,4.0543731269622746e-155,3.5488521039662e-310,1.567461561191197e-308,0.0,0.0,0.0,7.47495870969745e-310,0.0,7.890031652479496e-308,7.890031652479496e-308,5.54776690572695e-310,4.9107207526276e-311,4.9107207526276e-311,4.9107207526276e-311,3.12414142350432e-309,4.9107207526276e-311,5.8197828440957e-311,1.5572460644177187e-307,7.879044441079166e-309,0.0,1.652408091130377e-152
0.0002061777409461736,0.7236742892895691,0.9687057117035418,0.08899437653709788,5.645825296492894e-151,1.4008584420422893e-174,1.6678357551274217e-190,9.514087751038832e-190,8.381187423400394e-190,6.804389545908118e-190,5.2423465783104955e-37,7.232427490347779e-191,1.1314102777791167e-189,6.236682582367322e-190,4.1510191119049206e-190,1.2082113824777727e-189,6.555443221855148e-39,3.411478201899626e-151,3.989683491171356e-157,0.9985795925986646,1.133091231892677e-151,0.9555061776403709,0.01973251395198475,3.7208920539843947e-112,7.909963520690062e-112,7.6979532620198e-112,0.7518067586428244,0.5622988787653842,0.6399645852879219,6.029529249257046e-37,6.235440007696058e-38,2.4944067016108334e-38,1.1941218238208416e-35,8.2876235271747e-192,2.138402498143738e-34,2.313664423617306e-39,8.147374132065971e-39,1.9425509543152685e-38,1.182399954693007e-189,1.3531920600208804e-191,8.17010141401792e-38,1.5677112560407654e-37,8.96512522641849e-190,2.8265299821736862e-192,2.491007545730498e-190,3.267859212627268e-113,1.0503924322764433e-191,2.6549835238983103e-190,1.9843664086806593e-192,3.8461645815760914e-190,1.2947391042354822e-191,0.12902438144964756,9.104799157544486e-113,6.37251187172429e-192,7.505581823220071e-192,9.97399617645533e-191,2.067667330152853e-190,1.6180255836589445e-191,8.794019278826678e-195,2.912874648746685e-190,3.072840085345034e-38,9.079730813607202e-193,1.8969189554766738e-191,1.0303640909448175e-190,3.4193178989039723e-190,4.86483929690274e-191,9.362710201495557e-191,1.0152080782901279e-193,2.2387044799476525e-190,1.3238417542201622e-190,1.981094209585731e-308,1.9467177594087244e-308,1.4429907347274e-311,1.29417981805926e-310,3.2173360419068555e-308,1.5416903544514e-311,5.0742310819933e-310,1.1786852030859612e-231,0.0,0.0,2.454084928787979e-308,2.2599276567766e-311,5.954569371909e-311,0.0,1.6379003623926535e-307,1.24517909220869e-309,6.646588681354524e-309,2.9798268404185e-311,0.0,6.740219993035e-311,3.4686164579800236e-238,0.0,0.0,0.0,,0.0,0.0,0.0,0.0,0.0,1.9239397473702458e-158,4.00328821790775e-309,0.0,0.0,0.0,0.0,0.0,0.0,1.6448983997515627e-155,3.0944925508617e-311,8.16878844642619e-309,0.0,0.0,0.0,6.99544398280012e-309,2.094580230072015e-309,1.3829308376783056e-307,7.475285368017227e-308,6.573667441269466e-309,4.9107207526276e-311,4.9107207526276e-311,4.9107207526276e-311,1.5613256414488177e-307,4.9107207526276e-311,3.3350598174108245e-308,1.5613256414488177e-307,2.9798268404185e-311,9.5902533138957e-311,4.810250651785619e-152
0.00024307152956331706,0.7047810592515629,0.9737571471226394,0.2783351095422533,6.196489946116909e-151,5.667976651582064e-175,1.0652458058830461e-192,1.0496051890077534e-189,9.017861190660308e-190,7.497943965906658e-190,5.157844949450361e-37,2.80695187421162e-191,8.344353180830362e-190,5.053400366207375e-190,5.240420219212565e-190,2.6870071856403335e-190,5.146117669213416e-38,4.1685950404501673e-151,1.3353552558515264e-157,0.9916055541694759,4.375464616895227e-151,0.9336805022212153,0.025281947645142973,3.4535881600250137e-113,1.1235952460942724e-111,1.2053658690005479e-111,0.6936960269288592,0.8661841716223947,0.5813862192641319,8.250735087831668e-37,4.109998452161313e-37,1.090264643060066e-36,1.4561202291987943e-35,1.5987983412683096e-191,3.125947714310038e-35,5.679481524278071e-37,1.4889510695669157e-37,4.266501095390592e-37,1.1397461384594923e-189,6.021450070737808e-192,1.0713874800126838e-38,1.7712858035034117e-36,1.1491926881058357e-189,3.002149365362966e-192,7.422299455012851e-190,3.816363721321705e-115,7.909221664849698e-192,6.181158085260045e-191,3.3699417423184064e-191,8.092662506381619e-190,5.146773443691801e-190,0.20524584240519816,1.3249937502750465e-112,4.458472029017651e-193,1.5794560929859356e-191,1.1439928320792366e-190,4.670137869817206e-190,8.655831274207533e-192,7.491589761222522e-196,8.225095756690655e-190,8.439873822174433e-38,2.0868169831515098e-191,1.9824141963610815e-190,9.874470823749521e-192,1.2965126179137134e-190,6.3172255355420105e-192,6.142205277949477e-190,2.7264138241577434e-193,4.2019580711311873e-190,5.839142671707853e-191,1.21458398980636e-310,3.1028750873364e-311,2.93354219645878e-309,1.7346263631344e-310,2.0003447523436526e-308,2.74181593278327e-310,0.0,4.5964988611060615e-234,0.0,0.0,3.9179008409226e-310,1.5463961438306e-310,2.0264978917603e-311,0.0,1.493779588413794e-307,1.1709371776805023e-307,1.5762634087401604e-307,4.594681134616953e-308,0.0,1.868111431120747e-308,3.496580587574353e-236,0.0,5.996051057511e-311,0.0,0.0,,0.0,0.0,0.0,0.0,1.3963726208513818e-159,1.70647311297717e-310,1.8912180140812e-310,4.55728561351305e-310,4.6549811884163e-311,6.283106950783e-311,7.76088065883e-312,3.2448969044995e-310,8.043380448093688e-155,1.170665167647e-311,6.88503737935535e-309,0.0,5.8255324362884e-311,0.0,8.339264969216e-312,1.3148896323317e-310,1.3459622310521693e-307,1.3459622310521693e-307,1.6290931025721724e-307,4.9107207526276e-311,4.9107207526276e-311,4.9107207526276e-311,1.906452735504061e-308,4.9107207526276e-311,8.745120966863735e-308,1.906452735504061e-308,4.594681134616953e-308,3.2845602153484e-310,3.4140300732312956e-152
0.0002596664702996571,0.7011621615513757,0.9674951516185777,0.044556119445706574,6.174829108416209e-151,1.4284028325352797e-174,8.415869945996455e-190,1.0210234542178553e-189,3.774545532541307e-190,1.0154853443808288e-189,3.386712582880254e-37,6.066238332064026e-191,1.14338115301646e-189,4.800187406127729e-190,3.785636223506395e-190,4.387770140906378e-190,2.4506646745822436e-37,3.43778170880936e-151,2.3962757464940978e-157,0.3738784433782019,7.559990978619474e-151,0.33557724912094783,0.07816185804259161,2.77783950931989e-112,4.37007907668236e-112,1.337936892401665e-111,0.7504886002174161,0.9755052964724795,0.4245389696076912,3.4917956682712623e-38,2.707354058011616e-37,1.1028109823289868e-36,1.6119912762678113e-34,2.324711772486289e-190,6.352283160869547e-37,1.925441506012119e-37,2.3875747756120326e-37,4.099404025074743e-37,5.85818997401238e-190,3.982755346077848e-190,2.9441997926012745e-38,1.6429499044421155e-36,9.903037575763115e-191,1.6078787012932814e-191,3.7806663643464815e-191,5.592117975561158e-112,2.7346769043003424e-190,5.448589549654753e-192,1.5290849762718472e-190,5.521343328101022e-191,1.306663814053437e-190,0.001578192311034547,1.0754334910183945e-112,3.130393965494535e-191,5.3193737920469704e-191,2.095493883767651e-191,7.434050381083148e-192,4.5756267136293225e-191,1.4793471453278863e-195,7.558912089591221e-190,2.2971712639409202e-39,7.583855098608147e-193,5.448589549654753e-192,1.311997132310267e-190,1.4072584499886916e-191,3.3957427408847817e-192,2.522819906026817e-190,4.1410274954208534e-191,5.388319173318272e-191,4.2597674757761457e-190,8.54228357980237e-310,3.794665397091e-311,2.9423264434645e-311,0.0,2.7242587114679517e-308,7.9865100243586e-311,0.0,1.9468025930764786e-232,4.363233143248665e-308,0.0,7.680559034843e-312,6.054895145611e-311,7.941225357620443e-308,1.2604345148218695e-308,1.4291983173890622e-307,1.4690755700049906e-307,1.4105365075845435e-307,1.4105365075845435e-307,1.319791660548154e-308,1.6075977930643972e-307,3.9569157137277796e-231,2.452137240963592e-308,1.6572210839275e-311,0.0,0.0,0.0,,0.0,2.804999277447e-311,0.0,5.0037856800153257e-160,6.937414304743587e-308,1.37617814186493e-310,1.069872021585881e-307,1.896213818651887e-309,1.64740121334612e-309,1.0681159964077e-311,2.9226951955753e-311,7.0462618995204575e-155,2.93469065871415e-310,2.5454556258593127e-308,1.4511480069742e-310,4.217147038563e-311,1.5637049188773e-311,6.67551768776252e-309,1.042862067126156e-308,3.851668012955889e-308,7.9347966646446e-311,1.6473855279571623e-307,4.9107207526276e-311,4.9107207526276e-311,4.9107207526276e-311,1.5930051480112945e-307,4.9107207526276e-311,1.5298717261580544e-307,1.5930051480112945e-307,6.770626584996492e-308,2.542036927967526e-309,6.109464906271337e-152
0.00035558613310759485,0.3696814728972343,0.7756647975719437,0.2640769223862533,3.7795601942121986e-152,1.138163124837651e-174,3.995637729760089e-190,9.665420067408672e-190,6.966502276041972e-190,8.638964510300392e-191,1.5358076308647012e-37,1.6248291695533904e-190,8.907532332526357e-190,1.5324921383024113e-190,4.198601598190121e-190,1.2130952597210931e-189,7.043959413922916e-38,4.522359375108139e-151,5.042547801481689e-158,0.9883497637189828,6.252644721793262e-151,0.9384572900034135,0.024189520145640832,1.8804540511278925e-113,2.2973256600418594e-112,9.202052909676954e-112,0.6973709350743797,0.9943132081145913,0.63314227584008,1.1646520949935572e-37,5.2297612780746695e-37,1.1084567810371263e-38,1.3694813574290327e-34,4.598602644185364e-192,9.659993989698627e-35,1.8221186572704666e-37,2.0518998169803025e-37,9.422296572741148e-37,4.725894096163949e-190,1.4393692145973624e-190,1.8155260078206144e-38,6.534622448531521e-37,2.5314651863060483e-190,1.440801836278625e-192,2.739246747353731e-190,8.239166907466797e-114,3.2941985995065274e-191,2.03217918970742e-190,4.0348111753205895e-190,1.0311184915512626e-189,4.88090764431716e-190,0.15824756398156326,5.889808251495516e-112,1.1722038546841943e-191,6.4425212556769324e-192,6.275082852660797e-191,5.253935959212828e-190,1.9424511130363797e-191,1.2699524745379381e-195,8.069998096634264e-190,2.928181669334266e-37,1.3851361045072745e-191,1.1971568339839995e-192,6.249440375162476e-190,3.726964097184479e-191,9.418428231456603e-191,1.7041188471375627e-191,6.093598075780192e-191,1.3573264000305509e-190,3.1524201729618626e-191,1.9259220924247547e-308,2.6637018124887e-310,4.9867108690407e-311,9.1819618307096e-310,2.38318157110192e-309,0.0,0.0,1.9903276257977434e-234,0.0,8.8069754960767e-311,2.9782350663629156e-308,1.349153780476276e-309,2.3455236358169466e-308,0.0,9.92215692753233e-309,7.890031652479496e-308,7.879044441079166e-309,7.879044441079166e-309,3.081669510514e-311,1.060262844289542e-308,1.3506746910726097e-234,0.0,1.172735235791407e-309,0.0,0.0,0.0,0.0,,8.573134393684e-311,1.196244353125365e-309,3.715754599661416e-158,4.247053952338014e-308,6.2471599314677e-311,0.0,9.4542664938646e-311,0.0,0.0,7.626913467367e-312,3.1053933032433e-156,1.50803420662736e-310,2.0286990372886e-310,0.0,0.0,0.0,2.8781754653506714e-308,9.597995877534225e-308,1.3720889033924107e-307,1.3720889033924107e-307,1.3795507819160278e-307,4.9107207526276e-311,4.9107207526276e-311,4.9107207526276e-311,1.5572460644177187e-307,4.9107207526276e-311,1.4618668708200142e-307,1.5572460644177187e-307,7.879044441079166e-309,3.486946725018833e-309,5.001621197661043e-152
0.00012280882484885423,0.6486434094827866,0.9795589510368111,0.17956672694616518,6.746992979716014e-151,5.229272687274771e-175,2.284702501846368e-190,8.76349672180558e-190,6.411734575473158e-190,7.042049864658241e-190,4.584868958079872e-37,4.20430559975003e-191,1.0620771571592361e-189,9.917423658307187e-190,1.4650735564621057e-190,9.985867559536431e-190,1.720471487985752e-38,4.15428309769732e-151,4.344409650820519e-157,0.994554354954976,2.8477208681320423e-152,0.9461346517959839,1.3265124114399033e-06,1.8163009392234046e-112,6.5622563638847e-112,1.1124344580188205e-111,0.9778343629993238,0.17303149064307638,0.17922767801035455,9.601088780681706e-37,2.1043453585253737e-37,1.5471252130246123e-37,2.931434836787752e-36,3.4971759588526366e-191,6.528202631704762e-35,1.791573244443695e-37,3.774156857464664e-37,5.376893999045911e-39,1.1178427894857185e-189,5.2352143082318746e-191,3.407390671703763e-39,1.695995729345712e-36,1.068794404618343e-189,7.665252702009038e-194,8.245460323239267e-190,4.776333960597785e-112,7.512583920952528e-191,3.079719771170056e-190,6.712958245399671e-192,4.516261433377496e-191,1.2791148018424065e-192,0.07114110524209066,7.109966328377835e-112,1.9985128046346398e-190,4.6752019766899216e-191,6.079976192334761e-191,1.814153619569285e-191,4.978955471889758e-191,4.809614032576332e-196,1.1367024562847552e-189,1.60318760780946e-37,3.7034377161534955e-191,1.1220282419929536e-191,3.944601055284009e-191,4.0685704401970835e-191,3.7684624879855854e-190,1.2541572756940676e-190,5.549675962907348e-193,7.052563829566874e-190,5.376310460932448e-191,2.41646777700715e-309,7.84113691135865e-309,0.0,2.32114996215877e-309,7.79644266731319e-309,4.8707940788923e-311,5.9215211791163e-310,1.045051880746824e-233,0.0,0.0,2.195861119756179e-308,0.0,2.234431642024e-311,0.0,1.353366370833322e-307,3.12686932092877e-309,8.26099121878095e-310,8.26099121878095e-310,0.0,0.0,5.958138006188726e-236,0.0,0.0,0.0,0.0,0.0,2.804999277447e-311,8.573134393684e-311,,0.0,4.145494138824382e-166,0.0,0.0,7.982067598867e-312,0.0,7.84385180693e-311,0.0,7.66967448078964e-309,6.383265317340776e-157,1.131913538776e-311,4.829824356048555e-309,0.0,0.0,0.0,0.0,0.0,3.12686932092877e-309,3.12686932092877e-309,1.66145772529447e-310,4.9107207526276e-311,4.9107207526276e-311,4.9107207526276e-311,4.4304966464955053e-308,4.9107207526276e-311,1.1791822303931156e-308,1.3720317242092638e-307,8.26099121878095e-310,0.0,3.495765036287319e-154
0.00027434718801018856,0.715463372235451,0.99078808970406,0.2393989692498835,1.0024082877983858e-150,1.28896428196586e-175,1.3513632554633439e-190,1.1056832336447266e-189,7.216006768469614e-190,1.136055051612785e-189,2.2151653001950686e-37,7.970124193549398e-190,7.033647320159845e-190,8.782210843995108e-190,1.907940641459403e-191,1.1691909541391066e-189,2.1996200292056287e-37,4.911489149184933e-151,3.038333498167495e-157,0.9994856726852894,9.203412364699156e-152,0.929498740184305,0.0025848751538648123,5.504817639379759e-112,1.5140596679687067e-112,1.3202785295549546e-111,0.8561622517962586,0.9336783548545723,0.06583887425850773,4.527024285751341e-37,3.9674227472186065e-37,2.5729898363306237e-37,3.054163726596753e-36,1.0606445948434406e-191,2.4034490465918422e-34,2.9794755211244915e-38,7.303095750132992e-37,8.571161194254504e-38,9.868105458462127e-190,3.2126075746225256e-190,2.896765133276289e-38,7.44963900464809e-37,1.4597666472127637e-190,8.78322409895011e-194,9.525536645808265e-190,1.039163467560587e-111,6.966933858360499e-191,8.947621573786006e-190,2.885074073921309e-191,1.11625438625352e-189,4.644703857979003e-191,0.0682201575059206,1.8758157380748773e-111,1.9750812979011038e-190,1.3586510291704953e-190,1.3103080659391266e-190,5.5251703050869754e-191,3.720017971371162e-191,5.171193869759295e-195,1.1906675375357035e-189,1.1333787917865438e-36,9.35061939252399e-190,1.251985974729153e-190,1.0517597099450324e-189,1.400360943588661e-190,3.075686821288952e-190,3.0467838518878362e-192,9.635923176456787e-191,9.872890170872147e-190,4.565543665836723e-190,4.376035326350058e-308,2.1985572371639787e-308,2.2454488720320925e-308,5.9998161925373e-309,9.3091061173228e-310,3.0391367834778e-310,7.54408004468617e-309,4.902868351331101e-230,6.1360565545905e-311,0.0,1.0526830757325016e-307,3.6002707767011356e-308,7.67785327996316e-310,3.1212163342437e-311,1.8313713680276797e-308,0.0,3.69443789036874e-310,5.545153585071892e-308,0.0,1.943688523959e-311,8.89435737775386e-233,4.1314838519784e-311,0.0,0.0,0.0,0.0,0.0,1.196244353125365e-309,0.0,,7.596783183434168e-175,0.0,3.54395775399868e-309,1.4286602056955e-310,4.34175570098107e-310,6.98019676926882e-309,9.95158970914005e-310,1.2871943637909703e-308,2.667740660322636e-154,6.995767837624485e-308,2.009122907943867e-309,1.6610179091547e-311,0.0,0.0,0.0,0.0,1.4904379117372673e-307,2.928904017360673e-308,0.0,4.9107207526276e-311,4.9107207526276e-311,4.9107207526276e-311,1.6006681904313015e-307,4.9107207526276e-311,7.89453154366947e-309,1.6006681904313015e-307,3.69443789036874e-310,0.0,6.115106425869752e-152
4.938324865241282e-05,0.8059532298788857,0.780341726417072,0.12004792681879087,0.9905078405768669,2.4732226253112804e-22,2.1255362562945604e-36,1.0647001681104162e-36,6.959256223134386e-37,2.0160917437145673e-36,8.91928434620158e-39,4.529703222291503e-37,1.5494333504671966e-36,8.800211589313195e-37,3.5253204218488954e-37,2.15174304605181e-36,3.1807262300343774e-38,0.771881510714887,3.4114242747049166e-05,0.9824034228584867,0.3999137891069252,0.8929985588195116,0.06960900995150436,1.0894757959312663e-36,2.048798551131045e-36,1.981238812639369e-36,0.45454984335937976,0.9903028234692086,0.2569045345790759,1.7012545536228947e-38,2.8710701517841467e-39,2.1303945427651742e-38,1.1840514597180778e-36,6.319671264604274e-38,1.41560093206903e-36,4.1918810111315786e-38,5.610263620006893e-39,2.1111658872264132e-40,1.6674116722490223e-36,8.106471683698018e-37,2.656917704503955e-38,1.7797683102615686e-38,7.849393245617231e-37,5.3327251682598644e-39,1.2562616732981115e-36,2.0725430577361163e-37,4.4237568046321136e-38,6.02437421002963e-37,3.801802158307443e-37,7.264251039894495e-37,9.856822133144153e-38,0.10305103103405416,1.1545457826950922e-37,3.0869656205619956e-37,1.0729545296805642e-37,1.1982929147714474e-36,2.0883882598361025e-38,2.727687961315679e-38,1.566023597409255e-41,9.450584510122851e-37,8.904006796395572e-39,3.954381741624909e-38,1.3414733523269965e-36,6.516746673511405e-37,4.577722952748621e-37,1.4675297422071958e-36,1.96077121134039e-36,3.7371250297339976e-38,1.4607088817270585e-37,4.6246893763442826e-38,8.865977006564231e-154,6.127085099239933e-154,2.790972719957707e-154,3.987625886453013e-154,5.354206091776161e-154,6.091173264453648e-157,4.297057123959426e-155,3.3824028576444264e-155,6.602498718242407e-156,2.183081493862826e-157,5.438270695628903e-156,6.109755744564694e-156,1.9277125945439414e-167,4.125846861662528e-161,4.2269142495282695e-156,2.550654023930486e-171,3.3271492128005015e-159,6.217484932983712e-155,1.8382531478750613e-161,6.519219177435386e-164,9.875463045605025e-158,9.752980613558419e-160,8.413580163113836e-169,1.649726627769318e-166,1.9239397473702458e-158,1.3963726208513818e-159,5.0037856800153257e-160,3.715754599661416e-158,4.145494138824382e-166,7.596783183434168e-175,,1.7385309845001778e-165,1.1763641414536098e-156,9.411341763098812e-156,7.930765032445544e-157,3.6668400961982285e-155,9.80055769367444e-156,6.372513545601601e-154,6.949463460418494e-157,6.290278364506453e-155,1.0560447715184271e-154,9.005795047111924e-156,3.1140291339085816e-154,5.099750080690904e-155,2.7925235942935673e-156,2.7085101261493375e-165,8.393169715876714e-154,1.9019891283725035e-155,7.357967632804014e-165,4.870405659572658e-156,4.870405659572658e-156,4.870405659572658e-156,1.3131611113744486e-159,4.870405659572658e-156,1.749062622669691e-156,8.713043878126828e-154,3.3271492128005015e-159,4.958444462876597e-156,9.743559085108035e-152
0.00027186325409686156,0.1024287430184336,0.9798866460410243,0.2494814161013206,9.105131931776536e-151,8.802488350793133e-175,1.6600205994882881e-190,9.809524306377834e-190,4.798488286872771e-190,4.627402585844873e-190,6.097916430801039e-37,6.835470079027307e-191,6.232248158666348e-190,8.622653466927871e-190,8.515779784206898e-190,9.2317907169264e-190,7.566213052983166e-38,9.858439765469936e-152,1.5092981714217624e-157,0.9873418128505077,2.103626378704466e-151,0.9549195315095557,0.005417412863345189,1.19410432269727e-112,3.4633564681299585e-112,1.2141192722684224e-111,0.8803932903749038,0.926074077805721,0.23394530660369658,3.3370575142334333e-38,3.1290756796199382e-37,1.1369190045884983e-37,9.53757816277111e-36,2.2560366836498224e-192,2.3851256634807437e-34,1.847689328667666e-37,4.515921231700718e-37,3.526481547323341e-37,1.6208147397380737e-190,3.556320340224744e-190,3.21891438480629e-39,8.411332855829408e-37,3.100846483607579e-191,5.474098241396686e-192,1.0918549162619789e-189,1.1236251223807263e-111,1.0203251672448906e-190,7.724439878694339e-190,4.028062168662422e-191,1.1013912531130465e-189,3.7048627201198627e-190,0.0515367402490225,1.942058682217965e-111,1.0722510095104822e-189,1.5777772218008004e-190,4.589105534427337e-190,2.187468330054887e-190,3.879583464452711e-191,1.0089118399903789e-195,1.9374771239192514e-191,3.434147806017426e-37,2.017643685523023e-190,2.7309287402843623e-190,2.2197848729279365e-190,4.4111668817955266e-190,3.6834106227050875e-190,3.8799465121185713e-190,1.2218063478328552e-190,1.1565608627367114e-189,5.327627464330926e-192,2.82998766100063e-309,2.766883639866225e-308,7.742243851081506e-308,1.3498047710661937e-307,9.251877680100738e-308,2.119819540382024e-308,1.0203830203399913e-308,1.2129756522520263e-229,1.114515026679756e-309,0.0,7.726297472502076e-309,2.6167668885975e-311,0.0,4.5419181488065e-311,1.3437731112039229e-307,3.080369328493431e-308,5.753429306198462e-308,5.753429306198462e-308,0.0,0.0,6.480700691448556e-234,2.8302838318505e-310,0.0,0.0,4.00328821790775e-309,1.70647311297717e-310,6.937414304743587e-308,4.247053952338014e-308,0.0,0.0,1.7385309845001778e-165,,6.210477136009188e-308,2.44970451406672e-309,6.82498015886963e-310,1.5777019917802916e-307,1.8791302868280246e-308,9.389908459617938e-308,2.2299355364387044e-154,8.444835867687577e-308,8.74129850766217e-309,7.59602168789664e-310,1.3623287279860393e-307,1.70665406011626e-309,0.0,0.0,1.4868825710817472e-307,3.080369328493431e-308,1.8121796106291e-310,4.9107207526276e-311,4.9107207526276e-311,4.9107207526276e-311,1.68368093113666e-310,4.9107207526276e-311,8.52404099083287e-309,1.5993979372999013e-307,1.4334110063802192e-307,0.0,3.6952774728116275e-152
0.0001856575395017773,0.42883397062584816,0.01782402135430694,0.02280061977163887,1.0278970496804376e-151,4.930288047074258e-175,3.373915602974177e-191,2.5127783399031837e-191,5.634438392970192e-190,6.016480742402819e-191,1.26004722095438e-38,4.600053362165516e-195,2.1400074491721887e-190,6.465168421984529e-192,2.4655962496800625e-190,7.992278231450352e-191,3.1536132023912933e-38,1.5055625636822366e-151,1.040332040845968e-157,0.7235949709938718,1.6254389000215042e-155,0.6005296214630877,0.003972446699041604,1.1935556029133622e-113,8.034907142267702e-113,1.3309503007995808e-112,0.4855459748876708,0.8745857751778534,0.04529695001637614,1.4154335771234271e-40,6.698896590894225e-39,4.873503743534966e-43,3.9897685675334187e-35,2.5352770558179654e-191,2.3436577256199823e-36,2.035838820290553e-38,1.108468939428574e-38,7.345024039342671e-38,8.141144690734654e-191,1.9734533011227265e-192,1.5302708378982247e-38,2.8888391795939414e-37,2.9782786102954326e-191,1.0539898069376785e-196,2.0475928419977355e-192,1.426726023305371e-114,4.79996677236347e-192,3.7720997205981704e-196,2.5906862344504115e-194,4.94706958043519e-194,1.6132429580785698e-197,4.641401991461447e-06,9.987198280276907e-113,1.1284706231660097e-190,1.0224621647155004e-192,1.4058109787984166e-191,1.9114729536484398e-190,1.4441413479914457e-192,6.280410689528511e-195,3.843852969274191e-190,5.049321663500058e-40,2.698338385268568e-193,4.353212927514124e-192,3.15749275260697e-193,8.128068019408261e-195,5.732081763949267e-194,3.508417126596149e-193,2.8559108031295157e-194,4.705543434914492e-194,1.3306093344996662e-193,8.077480152456e-311,3.385208825884e-311,0.0,0.0,4.0203733913925e-310,0.0,0.0,1.0377500532476259e-234,0.0,0.0,3.326269162190351e-308,4.5414073457667e-310,9.942030070154686e-309,2.67653048637133e-310,1.0809265543767213e-308,1.0939496943335094e-308,4.39772656338054e-309,4.2663890436721223e-308,8.095404927272e-311,1.42173332963e-311,5.028259867606022e-232,1.52971739504e-311,1.6410235815274e-310,0.0,0.0,1.8912180140812e-310,1.37617814186493e-310,6.2471599314677e-311,0.0,3.54395775399868e-309,1.1763641414536098e-156,6.210477136009188e-308,,0.0,0.0,0.0,0.0,1.221608592305925e-308,2.015202244098661e-165,0.0,0.0,0.0,0.0,0.0,2.1554546662204244e-308,0.0,1.6528006882282205e-307,1.0939496943335094e-308,1.282536849198069e-308,4.9107207526276e-311,4.9107207526276e-311,4.9107207526276e-311,1.2572557063820876e-307,4.9107207526276e-311,2.714362142175307e-308,1.2572557063820876e-307,4.2663890436721223e-308,8.89780964455563e-310,2.382110836321819e-153
0.00018442218594864765,0.46333205879399053,0.32331717651805253,0.009792472825912649,2.696450562322382e-153,1.0314145035685482e-174,1.615773599427752e-191,1.8986554493144176e-190,2.6931994475903936e-190,4.746725417836358e-192,7.988051392612092e-39,6.288217191450692e-193,1.0506104185572738e-190,1.0242216737557748e-190,1.7108290315446774e-190,1.0326801859933302e-190,6.521578320063472e-38,1.5009337629648953e-151,3.3516986305178294e-158,0.7151565606433303,9.63891105973989e-152,0.7339089562997032,6.514375661241544e-06,3.42482223570251e-113,1.219157248649893e-112,8.723929203516944e-113,0.6577539297068586,0.14659361009519625,0.004599073903008249,3.025329600486741e-40,4.6541379323982684e-39,2.501920699652361e-46,4.234022794246596e-36,2.2696047299961958e-194,1.3732322605111545e-37,3.068714406313752e-41,1.6859615870825052e-42,3.786941875201826e-38,2.844237700814987e-190,7.378423153387401e-193,7.473918773294027e-40,1.3425455928431952e-37,2.331543467654961e-191,1.2916645222194535e-195,2.1732089442254232e-192,3.79968710867967e-113,5.999095948426215e-198,5.185896269520471e-193,5.742993414005881e-196,8.593386931057309e-193,2.862696263409086e-193,6.499554994236339e-05,8.99831713836097e-114,6.167600735051922e-191,4.7523006187698214e-192,1.922803410860497e-192,1.374561709465641e-192,2.924178798104091e-193,1.715934365937168e-195,6.290255478994246e-191,2.283207573116263e-40,2.6146723574865057e-195,3.981342545408535e-194,4.302375372103348e-196,1.5640749929569652e-195,2.8990967300848293e-193,7.615848917599689e-200,1.7724529073042432e-196,3.5491108207054296e-196,7.820208756866596e-197,5.8823332761166e-310,0.0,0.0,3.32677305220213e-310,5.5817409825433e-310,4.5561654144055e-311,0.0,3.189495048368608e-235,1.0812768947145e-310,0.0,5.640551216611844e-308,2.00145389779526e-309,3.655412348459723e-309,3.087021956152323e-309,1.365373743494826e-307,7.244062135883427e-308,5.487812993736827e-308,1.5056563580908968e-307,0.0,4.938310446303583e-309,3.061148890231399e-236,4.908974289715e-311,5.155030234508094e-308,0.0,0.0,4.55728561351305e-310,1.069872021585881e-307,0.0,7.982067598867e-312,1.4286602056955e-310,9.411341763098812e-156,2.44970451406672e-309,0.0,,0.0,0.0,0.0,0.0,4.103432618106616e-167,0.0,0.0,0.0,1.1457108836591e-310,0.0,3.51178519505e-311,2.70411033988153e-310,7.244062135883427e-308,7.244062135883427e-308,6.451579347022576e-308,4.9107207526276e-311,4.9107207526276e-311,4.9107207526276e-311,6.681460172642236e-308,4.9107207526276e-311,9.555002029255694e-308,1.2593502761724138e-307,5.487812993736827e-308,0.0,1.975661177867918e-152
2.767037641765787e-05,0.5988260309355486,0.5818853154541088,0.02311527445165756,4.8262121882699715e-151,2.343414383430195e-175,1.2057218683089817e-191,2.641198877266679e-190,5.527771787841545e-190,2.2883939837516756e-191,2.9290993595230723e-37,7.160251423324209e-193,2.333599414441455e-192,4.725555054649735e-190,5.085400177652811e-190,9.919492343457946e-191,1.0991863689369686e-38,2.0998970034672124e-152,4.207184448165729e-158,0.9907377354038346,2.4207091350626487e-152,0.470934876120812,0.0015116311433371063,9.431448452556127e-113,1.0326591516829893e-111,2.0477843200414768e-113,0.7509668213398308,0.9348478163975751,0.528868353021611,3.881497559004626e-38,2.038049231626378e-38,1.8415704835669723e-40,2.287376981332258e-35,1.0216748368103138e-191,1.864473077153302e-35,6.216762589642148e-39,4.22474351648589e-37,7.547841730851176e-38,1.649769215245778e-190,1.7354619504679473e-193,7.10023780544208e-38,1.6089031848243979e-37,7.811614966541028e-191,2.4576517709906986e-194,4.00292633816168e-191,2.3853759340252368e-112,6.582168096825222e-193,4.5954222819917946e-191,6.634663565725939e-194,1.5507589837176644e-193,1.456951842335278e-192,0.0006163727854440147,9.301385308714548e-113,5.823543750480883e-191,3.225486253006574e-191,1.0857476584180419e-192,1.8674078057951574e-192,3.697860287642781e-192,1.2271078075773295e-195,2.8839656956281566e-190,1.9838989874990682e-42,5.060393144526522e-195,2.00087060389513e-191,7.66402344061218e-196,1.5798479565884083e-193,6.776044809668951e-197,5.846999334203333e-193,5.121885570659156e-194,3.5196856348429246e-193,1.0761334465417012e-199,2.5596931325762e-310,1.299260359887e-311,0.0,0.0,2.7628754722846e-311,2.0677260994177e-310,0.0,5.083796070720238e-240,0.0,0.0,3.07207090283694e-310,6.4810936775473e-310,0.0,6.342750632868e-311,5.083104455082746e-309,6.5414090351601e-309,2.93182978539417e-308,1.218656522917743e-307,3.35764905592537e-310,1.869674288585203e-308,2.2629018085560644e-236,0.0,3.29952860823e-311,0.0,0.0,4.6549811884163e-311,1.896213818651887e-309,9.4542664938646e-311,0.0,4.34175570098107e-310,7.930765032445544e-157,6.82498015886963e-310,0.0,0.0,,0.0,0.0,0.0,3.0527011507644204e-158,0.0,7.54482218508963e-309,0.0,0.0,0.0,7.58375211622003e-309,1.75815683782344e-310,1.6557387955639247e-307,7.119150234416835e-308,5.394310462395516e-309,4.9107207526276e-311,4.9107207526276e-311,4.9107207526276e-311,1.3138906080039375e-307,4.9107207526276e-311,1.9274847449734765e-308,1.3138906080039375e-307,1.218656522917743e-307,8.84220089521e-312,4.036261286574062e-153
0.000289085326459922,0.6315315565376318,0.295609090595492,0.1743369109253178,7.150550385493153e-152,6.590166927531267e-175,8.005822373648193e-191,8.772668174705833e-190,7.627032676553178e-190,4.777818506759507e-190,2.776344082912761e-38,7.981180990947294e-192,1.865953135490337e-190,1.2596523148441002e-190,1.0002647463632678e-189,5.201028896489109e-190,3.954763060994356e-38,2.524600749209932e-151,1.2189381015354268e-157,0.9628404257632358,1.845412295830798e-151,0.904818510917912,2.409085589728753e-05,1.7003514347845585e-112,8.67407743456862e-112,9.169755757515631e-112,0.9406341959252068,0.2096871871458689,0.00440226712110509,3.973206760759676e-39,8.236041199504676e-38,2.4391216601379602e-42,2.327403800878347e-35,1.407687390118712e-193,4.1990967951258595e-36,6.381027044184345e-39,1.0603053568198602e-37,5.208157033829857e-39,1.097105664948465e-190,1.1113066859730257e-192,1.0591361299438824e-40,2.651484841443141e-38,2.0702365782568688e-190,1.0748078698758633e-191,2.226693230940668e-191,5.803769694135938e-113,1.5986035458569404e-195,9.580931267078763e-194,1.6917335210377895e-191,4.705732572587095e-191,8.48341184614041e-191,0.011351215445664635,5.91020558864072e-112,1.5493546679422632e-191,1.108162653702318e-190,2.228107328208914e-192,4.426903537347597e-190,3.498366658990137e-191,3.959900589765633e-196,1.0332575148019097e-189,2.574669088050784e-40,1.738242119163496e-195,1.335461717407657e-195,1.4946674593462775e-201,5.08297807771312e-196,5.293883884687848e-195,2.7337929069074568e-195,2.7700769343250893e-195,1.882826761202211e-194,5.755110802083264e-198,1.09397912167183e-310,0.0,0.0,0.0,0.0,2.56265968128516e-310,0.0,1.5527469244389595e-236,4.605986057811e-311,3.2362179004157e-311,8.855558695168519e-308,1.72625980142829e-308,3.47414010034923e-310,1.395594915602337e-309,1.592931053527183e-307,1.2475824931675055e-307,1.6255959389795572e-307,1.197554041502943e-307,4.4866660994915e-311,6.637865819700403e-309,7.697860544339282e-236,0.0,2.5175449496499e-309,0.0,0.0,6.283106950783e-311,1.64740121334612e-309,0.0,7.84385180693e-311,6.98019676926882e-309,3.6668400961982285e-155,1.5777019917802916e-307,0.0,0.0,0.0,,0.0,0.0,6.225610074496009e-164,0.0,0.0,0.0,2.73397779736568e-309,0.0,8.63684784581096e-310,3.20075003593846e-309,1.2475824931675055e-307,1.526209960518269e-307,1.5605665673544683e-307,4.9107207526276e-311,4.9107207526276e-311,4.9107207526276e-311,9.004073550317e-308,4.9107207526276e-311,4.879904052804528e-308,1.1008852777671228e-307,7.997633816787866e-308,8.479496591651e-311,3.3358431739108473e-153
0.00011823676799977867,0.6493010781982964,0.13991714199754507,0.11835157761659064,4.142736651716273e-152,7.343814849422931e-175,2.0752397121173747e-190,4.971510160249649e-190,8.105502520436983e-190,3.735797723630406e-190,2.2445585898195338e-38,5.237045119083354e-191,3.1959758753264315e-191,2.3001232667461475e-190,1.091453161412817e-189,1.0524483443359242e-189,9.798680288652461e-38,1.6052999395097094e-151,4.8640537867755624e-157,0.9953351515315857,2.5135156908299035e-152,0.36579684159613435,0.01336724184286299,9.576653447805942e-113,2.8372557106785713e-112,5.989453168352365e-113,0.2287398204120859,0.8168355203823017,0.5785345308481464,1.0703274695839984e-37,2.9234787585463017e-39,8.378497553617777e-41,1.264789425919454e-35,1.4604352044556467e-191,1.997440912942365e-35,4.47739299263869e-39,1.9146230299123007e-37,1.7834826821302343e-38,5.423649483068057e-190,3.061114589478217e-191,1.7180792061739e-37,2.5199139909676416e-37,8.120826076592995e-191,7.503919811243231e-195,9.775473284221807e-192,2.829080869677991e-113,4.3052844170396106e-194,7.98710343133876e-193,3.4848400681930195e-193,5.5739749674304904e-192,2.439021185993339e-190,0.00039394041412123677,1.9273374560659307e-112,2.7823630799281984e-191,1.3633312926547604e-192,2.7156235451644885e-193,5.293183066510492e-191,6.160804806485509e-192,1.792935871729788e-195,5.709798189348574e-190,5.0640456716420523e-42,1.2867078568164535e-193,4.6264182595709255e-192,5.822209082086485e-194,8.80132085335606e-195,3.46354224213182e-195,5.273762957069794e-195,7.913606914953367e-195,3.270635435632789e-193,5.582009834208453e-196,3.8140641785896e-310,0.0,0.0,0.0,0.0,0.0,0.0,1.0489024241290902e-240,0.0,0.0,9.272236042785987e-308,4.3484976623343e-310,1.115321436917147e-309,0.0,6.216581712313307e-308,3.39181367881813e-309,1.808018686785456e-308,1.0181819950793154e-307,0.0,6.09775678672474e-308,1.111033291293084e-235,0.0,4.01725069229886e-309,0.0,0.0,7.76088065883e-312,1.0681159964077e-311,0.0,0.0,9.95158970914005e-310,9.80055769367444e-156,1.8791302868280246e-308,0.0,0.0,0.0,0.0,,0.0,1.4858253332465401e-158,0.0,1.07108122806846e-309,0.0,0.0,0.0,3.055773559026789e-308,6.99984143145933e-310,3.39181367881813e-309,5.387252835017249e-308,1.744062041580314e-309,4.9107207526276e-311,4.9107207526276e-311,4.9107207526276e-311,1.366601634098122e-307,4.9107207526276e-311,1.3003842506467886e-307,1.366601634098122e-307,1.6446762659852936e-307,9.66676118425e-312,3.492898944473467e-155
0.0003374152119028756,0.666655018108449,0.48622992926667785,0.08047092550937067,4.306233022327028e-151,1.7406796941514435e-174,2.0061012482863447e-190,3.3591881501485464e-190,7.173331234467795e-190,3.8234018373311805e-191,1.1612720806787993e-37,1.451702958455516e-190,7.479847149862435e-191,1.3433606947542474e-192,1.1010535853160384e-189,1.478363307545835e-190,6.536512731480118e-38,3.766927316151037e-151,6.694979395643419e-158,0.9469765985269405,2.6964675950459148e-151,0.36506880187774154,0.003240581657931266,8.674651454911523e-113,1.3345592641760184e-112,5.5845213502314015e-114,0.7486268266402678,0.5687369538471501,0.6123388459081429,5.86775854287877e-37,4.747486623721143e-37,4.0541261643684954e-38,1.3368909719564575e-35,6.698595682420061e-191,2.8398139089100745e-36,8.831672240441916e-38,8.335901513012765e-37,5.3021208427275375e-39,1.115165623674814e-189,2.8874893169382437e-190,1.842696090757503e-39,9.007734944255277e-37,9.852212520507357e-190,1.5128958514753198e-193,9.614399524581374e-191,1.111460532560243e-111,2.656139891293973e-190,6.9501562784327916e-192,1.1650491291022309e-191,4.731841466371786e-190,8.492652976054746e-190,0.01474859695159463,2.0834660811625995e-113,5.616466461198348e-190,3.6568015798038454e-190,1.5484512151366326e-191,2.7793895827597423e-191,9.295502620749057e-192,9.219548429678448e-195,1.142756858581918e-189,1.4553536550359406e-38,2.386516614989893e-191,1.2046383862197478e-190,2.9362377660772953e-194,2.7841487383373574e-191,4.707881716804634e-194,2.3395961539916178e-191,4.567075200587489e-194,4.020377954151633e-195,1.585643286144543e-195,6.296884130214e-311,1.44035190931239e-308,0.0,2.76915210555751e-309,3.939837446172013e-308,8.61596942793715e-310,0.0,1.0473153205930858e-233,0.0,3.01251976562845e-310,4.11265932022231e-308,0.0,4.89820956705076e-310,6.3282075797935e-311,1.4112782634295153e-307,1.1228862591036771e-307,1.6191936207278592e-307,1.6191936207278592e-307,1.445614011701412e-308,1.6254376838545823e-307,8.57725504719884e-234,0.0,1.0896105801665306e-307,8.69133350133167e-309,0.0,3.2448969044995e-310,2.9226951955753e-311,7.626913467367e-312,7.66967448078964e-309,1.2871943637909703e-308,6.372513545601601e-154,9.389908459617938e-308,1.221608592305925e-308,0.0,0.0,0.0,0.0,,5.5552174458020364e-157,0.0,0.0,0.0,0.0,7.058743032026e-311,1.1561572052939382e-307,1.6177007350995965e-307,2.3455520485318103e-308,2.3455520485318103e-308,1.5419953469766891e-307,4.9107207526276e-311,4.9107207526276e-311,4.9107207526276e-311,1.4568741871156298e-307,4.9107207526276e-311,1.2792553651777017e-307,1.4568741871156298e-307,9.85273849928952e-308,9.68021765694024e-309,2.5953901236202304e-152
4.1607119035164e-05,0.6803462366745421,0.0004386661697608872,0.0003271805857003243,0.011016837430756323,4.817147180757039e-26,2.360500815014627e-38,4.748022591844792e-39,6.609701171404949e-37,1.321442269467736e-38,3.0234761272492717e-42,5.279111474150874e-46,1.1728962856983578e-39,7.243726917995442e-41,7.089568013391526e-38,7.794625765861189e-39,3.8019091784988844e-39,0.31200398415649133,1.864965633738821e-07,0.8050855537917787,0.06571177865997646,0.206901630531142,0.008330079820354663,2.5706458529607634e-37,2.7877357894950593e-37,1.7905267677822162e-37,0.8446303647209337,0.2301418837152044,0.3776574532114004,1.04126424753208e-43,3.7764764168821635e-49,4.49086900808927e-65,5.356240321818086e-39,1.1799133646440238e-41,3.4519512363250497e-43,2.10567881407909e-40,3.0321352781751344e-42,9.792932431888362e-41,5.101265828571643e-41,5.191094353966638e-41,7.519302252029938e-49,2.1224926704767613e-41,2.7290960139714845e-37,4.372223043918021e-46,3.15450084607424e-44,6.750730300613482e-40,5.755500294269281e-44,5.943042445453611e-43,1.0495643412931521e-39,4.499310001446977e-40,9.656378982778871e-44,9.318154109744084e-08,1.6321360069573642e-38,5.94380800212064e-38,1.1915801904341389e-39,7.982408385938326e-43,1.5453221546021624e-37,1.5947547815064679e-40,6.020987366635545e-43,6.578980625684137e-37,4.1080682128367647e-44,2.8418033133624876e-43,2.42421366810447e-41,4.753607274316913e-40,3.243744658992623e-46,6.748793319004992e-39,2.0984539873281038e-42,1.8223147910338692e-44,1.647260393972421e-42,2.8510348128003835e-40,4.176328831577291e-155,3.0836295546757623e-156,1.123023347191445e-155,6.68566687369041e-156,8.858223879511315e-158,2.8365657053869883e-156,1.4839031297239263e-159,1.4753043308387716e-160,6.364256703061223e-157,1.532677369283137e-156,1.0585774122698033e-154,1.055379393192574e-154,4.9979364107760335e-155,1.8497871032548378e-154,3.309131033950091e-154,3.9457677410409807e-154,5.016436042577429e-154,5.016436042577429e-154,1.9579935143348417e-156,1.8019348800134933e-154,2.2043585129439022e-156,1.6739059614976654e-157,2.7323529927286702e-154,4.0543731269622746e-155,1.6448983997515627e-155,8.043380448093688e-155,7.0462618995204575e-155,3.1053933032433e-156,6.383265317340776e-157,2.667740660322636e-154,6.949463460418494e-157,2.2299355364387044e-154,2.015202244098661e-165,4.103432618106616e-167,3.0527011507644204e-158,6.225610074496009e-164,1.4858253332465401e-158,5.5552174458020364e-157,,8.084308305466989e-183,1.0194757895546895e-166,7.86344677027961e-158,1.4372985741278903e-157,1.9808806109276829e-156,7.729218196594005e-155,6.150966528433992e-156,8.86958069595199e-155,3.9457677410409807e-154,4.816609592458659e-154,2.7790991009310687e-156,2.7790991009310687e-156,2.7790991009310687e-156,3.30033011828185e-154,2.7790991009310687e-156,1.588763349438868e-154,2.841272103709871e-154,5.016436042577429e-154,5.561727247251699e-156,1.2662524082949406e-152
0.00023924721352406675,0.6111637026727252,0.009004739934923227,0.02521089046648504,1.7743982372553595e-153,2.8958668800894737e-177,1.627066767097253e-191,6.44002280711931e-191,7.748024140594479e-190,4.3831373714121515e-192,5.503539091843267e-41,4.650937675716853e-196,1.4174094845645217e-191,8.970662989322923e-193,2.090080271166719e-191,6.261431876160953e-191,5.015998906446419e-38,2.5394992859233476e-152,3.3563357890798784e-163,0.9241514748431128,6.044295709243961e-152,0.7692436449898064,0.0019653871726336984,2.583314568454196e-112,1.0202273626663158e-112,1.7764442376685138e-113,0.7801006037039216,0.6477776430659126,0.12047232124078665,2.3912436711789463e-39,1.203042793409856e-39,3.528370902156562e-45,7.711930634229156e-38,2.1873872334816743e-194,3.1380943143658015e-38,4.6812008781805356e-40,3.037732142070402e-40,1.3838228114985946e-39,2.0403805401438485e-192,2.9803884046173843e-192,2.6911313784392786e-45,6.963396944488187e-39,3.039200525793489e-193,9.565678707527212e-199,1.8670848502373158e-198,1.412096453447877e-115,5.65045346141377e-196,5.716018918096323e-197,4.4039568189788823e-194,4.116109475669306e-192,1.0996595176359776e-192,1.516850374441344e-07,2.72341220804693e-115,9.216460095031464e-193,3.5539171837093366e-193,1.9766381805135484e-197,3.056240533289275e-190,7.961660334865013e-194,1.6418358217241782e-195,4.3108128037317983e-190,1.4971613157435414e-43,1.2517560311247426e-194,2.3766107034892822e-197,2.303796702296897e-196,2.1302019955039672e-196,1.681848523926527e-193,1.802943573299637e-196,3.6255318868076794e-199,1.1358613063538489e-195,1.1192218202801142e-192,5.238039820448114e-309,0.0,8.5547161872e-312,0.0,2.63824595174526e-309,1.972356480941696e-309,0.0,1.7606896500113104e-237,9.01537452376407e-310,0.0,1.1093568504508008e-307,3.171711484694276e-309,1.01195074438321e-309,1.117090180672803e-309,1.6360761132845184e-307,1.3160655078264391e-307,1.6473414546988587e-307,1.1185266528327149e-307,1.9493309372719e-310,9.884733384587068e-308,6.65888409584666e-235,0.0,9.53601352704894e-308,3.5488521039662e-310,3.0944925508617e-311,1.170665167647e-311,2.93469065871415e-310,1.50803420662736e-310,1.131913538776e-311,6.995767837624485e-308,6.290278364506453e-155,8.444835867687577e-308,0.0,0.0,0.0,0.0,0.0,0.0,8.084308305466989e-183,,0.0,0.0,2.2401582951614e-310,0.0,1.2986913993069e-309,4.36496833816444e-310,1.3160655078264391e-307,1.3160655078264391e-307,1.5429944532450376e-307,4.9107207526276e-311,4.9107207526276e-311,4.9107207526276e-311,9.455128178113135e-308,4.9107207526276e-311,5.381793470528336e-308,9.455128178113135e-308,1.6473414546988587e-307,1.5765824784994783e-308,2.9484039293004673e-152
7.814098210678714e-05,0.49229082914856903,0.038803224468849776,0.00578052604025646,5.8600572122824e-152,2.3033065831718755e-176,2.49170954267279e-190,7.939230400751535e-192,9.282504830691722e-191,1.889036834477801e-193,2.890157735955844e-37,1.1772328645968548e-196,9.994064110933067e-191,2.1909660194755373e-193,3.5083239521594863e-191,5.191609853754812e-190,1.3142627252017024e-38,1.9592988664108193e-151,2.9126488609272235e-162,0.7178755546401874,2.6385285208441023e-155,0.16804734430240936,0.0003051720498445705,1.0712918939634742e-112,1.6325441375474473e-112,4.933319179218468e-113,0.8447046961290106,0.6818121866964617,0.044308059799176916,7.455994157841836e-40,1.4751776831823475e-38,2.0446477496748506e-44,5.8676033954017276e-36,3.1558489793649195e-193,4.721499607559274e-37,2.724775042259674e-39,3.9634614983770265e-40,3.5597253249328876e-40,1.3791227799916763e-192,9.285053727910895e-194,3.049875974774307e-46,1.0341691180708402e-39,1.907129095731667e-191,1.0147787111413748e-197,1.2673985132412664e-194,3.083176890828775e-116,6.389052075986446e-195,9.471794001941932e-197,3.975810861810615e-193,1.1778331975849717e-190,5.69542922316238e-191,4.2327917199640446e-05,3.514606151476618e-113,3.803654334505036e-191,1.4006292981868161e-196,2.954066904854673e-199,2.4283322518268427e-192,1.0914646273030345e-192,7.079933412436259e-196,5.774665927576338e-190,8.858533764672997e-40,8.395263562168601e-194,5.1847964598527904e-194,1.6388227529346513e-194,3.97007404888746e-191,7.710336421852946e-192,4.986073307312526e-196,1.7152454015369267e-194,2.913894295651558e-193,8.037695497249701e-193,1.3130845566766417e-308,6.375026819523e-311,1.38386592666824e-309,3.1309910746942664e-308,1.117849540262904e-309,6.55902323854217e-310,2.805846951277e-311,2.8997750624238252e-233,1.138742082784e-311,0.0,1.6498311608669196e-307,4.0838711190639283e-308,5.777222763207873e-309,1.0529969014936433e-308,1.4222596169347156e-307,1.6576189567855673e-307,1.5365272992707306e-307,1.3293569465601123e-307,1.56237117246233e-310,1.6103343360330994e-307,2.240929989984236e-233,0.0,1.5745313286140186e-307,1.567461561191197e-308,8.16878844642619e-309,6.88503737935535e-309,2.5454556258593127e-308,2.0286990372886e-310,4.829824356048555e-309,2.009122907943867e-309,1.0560447715184271e-154,8.74129850766217e-309,0.0,0.0,7.54482218508963e-309,0.0,1.07108122806846e-309,0.0,1.0194757895546895e-166,0.0,,5.963687615945e-311,3.58945886181002e-309,8.14749070996996e-310,2.2223871079939967e-308,7.362958774934238e-308,7.570842088054145e-308,1.6576189567855673e-307,8.47664092231248e-308,4.9107207526276e-311,4.9107207526276e-311,4.9107207526276e-311,1.2779568501957593e-307,4.9107207526276e-311,1.4853175771993059e-307,1.2779568501957593e-307,1.5365272992707306e-307,3.4754855149198774e-308,2.8027896664972515e-152
0.00036553645479793425,0.4219519278345303,0.8506412006266808,0.2841000331203669,1.7448965899526123e-151,2.044647808425292e-174,1.0038023553261338e-189,9.768862372499404e-190,9.373850197770913e-190,1.350180552580776e-190,2.675525198280715e-38,2.8248526455497406e-191,5.25172002313425e-190,6.578575622585397e-190,1.0223823194675796e-189,1.139287909080517e-189,2.4662285641439e-39,2.941393671660989e-151,4.2421717123368476e-157,0.9982771505064647,7.027000962597478e-152,0.6309273252613881,0.009121627994166933,7.74311797760107e-112,1.9915031266211405e-114,1.0275492786609934e-112,0.9604287104526888,0.667824473606486,0.6085382520481575,1.7520295316834317e-37,3.422336340033519e-39,1.150390246545171e-38,4.7597317851110295e-35,1.0174387274200428e-191,1.1271334092383188e-34,1.598730244783037e-38,1.6601064481378298e-37,9.187071255953268e-39,6.210588780835031e-191,3.486549519982196e-191,4.2601010956120704e-38,2.2043905790096736e-38,1.1565979712554767e-189,6.174718812465571e-193,2.778341519366483e-190,4.435918467718019e-112,7.83228034240093e-192,9.082596629214582e-191,2.7238592110023918e-192,3.583320354372712e-191,6.582702688233277e-190,0.06333135670908892,8.550587836936581e-112,1.0774126766005196e-191,1.8353317801463303e-191,1.751813879597283e-191,1.2163147513097087e-189,2.5159432844490148e-191,1.630334010249748e-195,1.2517352430198803e-189,6.207721535555362e-41,5.158002265962452e-192,2.935418755812169e-193,1.7026695654763108e-192,1.1963036818955294e-191,1.2536555040855453e-193,8.164539887137084e-193,2.3415069310490743e-193,3.4452468873999524e-191,5.492555460378713e-192,1.57675355934935e-310,1.010328721707398e-308,0.0,0.0,4.271196330338e-311,0.0,0.0,1.267629185154659e-231,0.0,0.0,1.645535977771113e-307,2.821810488572976e-308,1.295234683254497e-309,0.0,8.53088872132785e-308,2.21350551760484e-309,1.0184595272996347e-308,1.0184595272996347e-308,1.4459660363314e-310,8.132962374502045e-308,3.227639196106805e-234,5.8805834953637e-311,1.90735744624662e-309,0.0,0.0,0.0,1.4511480069742e-310,0.0,0.0,1.6610179091547e-311,9.005795047111924e-156,7.59602168789664e-310,0.0,0.0,0.0,0.0,0.0,0.0,7.86344677027961e-158,0.0,5.963687615945e-311,,0.0,0.0,7.816349160953325e-308,1.699731922290061e-308,1.3539848370871658e-307,1.3539848370871658e-307,1.135813540899714e-308,4.9107207526276e-311,4.9107207526276e-311,4.9107207526276e-311,1.5503856698778316e-307,4.9107207526276e-311,1.4489971058181482e-307,1.5503856698778316e-307,1.1916940058369242e-307,5.5387213552011e-310,2.84402991038959e-153
0.0003967781939408193,0.5062542363499318,0.33288303035372996,0.06979736298308607,1.0725011381364967e-152,1.3012242202243583e-174,1.9502327137971375e-190,3.384636120916937e-190,9.436165247141304e-190,4.3859120013692736e-190,8.549382988534856e-39,1.641984373128401e-190,4.104801907631043e-191,3.5602568141300683e-190,1.020679385328444e-189,1.060378216642348e-189,1.0952367544152398e-37,1.5009554355165687e-151,3.574646313346719e-157,0.9974750484573228,6.792507176817898e-152,0.304691245727491,0.017525932421153117,2.9238137430492896e-112,1.141476350552966e-114,3.7270046627900757e-112,0.5034399274310217,0.9989288973058157,0.4920607981531453,1.1508185231527692e-37,4.95189379210152e-39,1.1997815157739616e-38,2.045233360128305e-35,6.50183342429887e-190,2.9017921685205627e-37,2.1982803448862524e-37,1.1011316459227985e-37,1.0166886635894542e-36,3.663494152685074e-191,3.7497876900608746e-190,3.4155440113297565e-37,3.2418847504914595e-37,4.2359373555260045e-192,7.500155070951343e-195,9.488550602637294e-191,1.2613243249820545e-111,3.605347885204996e-190,8.399165947117958e-192,1.121941561408515e-191,1.5783793928357684e-192,6.94576061503274e-192,0.0030067408983853383,8.43895344452843e-112,5.256060673515327e-194,1.615320797469027e-190,2.494583685317353e-191,4.519447548480952e-190,5.4804890839531533e-191,1.9095883317993833e-196,1.2725432406349676e-189,4.4110107413685506e-38,9.33043652042641e-193,1.382787594041785e-190,6.371844316545504e-192,4.1070006540011303e-191,4.2099868558101675e-192,3.932788028259836e-192,1.9712019319975854e-193,2.6196759429412674e-191,9.43867077407302e-193,4.079903342600624e-308,6.87934108434242e-309,3.8044883367447e-311,1.00822763717942e-308,6.41537824491634e-309,0.0,0.0,2.3489588160756412e-231,0.0,0.0,1.8569779786912844e-308,1.886994278405753e-309,1.4405406373988094e-307,0.0,3.2344257146798427e-308,4.3200776200735106e-308,1.213625141720404e-309,1.213625141720404e-309,1.6272683266936e-310,6.711769883234981e-308,1.6731732127523194e-235,0.0,9.91424305505819e-308,0.0,0.0,5.8255324362884e-311,4.217147038563e-311,0.0,0.0,0.0,3.1140291339085816e-154,1.3623287279860393e-307,0.0,1.1457108836591e-310,0.0,2.73397779736568e-309,0.0,0.0,1.4372985741278903e-157,2.2401582951614e-310,3.58945886181002e-309,0.0,,0.0,3.484498599523869e-308,3.728838346530207e-308,1.4583674436083288e-307,1.4583674436083288e-307,8.658126616668589e-308,4.9107207526276e-311,4.9107207526276e-311,4.9107207526276e-311,1.589135943682694e-307,4.9107207526276e-311,1.5224387709617572e-307,1.589135943682694e-307,7.357614071740655e-308,1.71847772827105e-309,8.943420561751664e-153
0.0002533933706492422,0.630957738567177,0.08434806940950135,0.27860071990292573,4.077791446732699e-151,1.3997508318863936e-174,2.0017710324442696e-190,9.325551685388032e-190,8.531519433786569e-190,3.08103629919474e-191,2.766422054724392e-38,4.748436235178634e-192,2.9409798664895433e-190,5.723592089148289e-190,8.865557256877307e-190,1.118660498369813e-189,2.7897905403039427e-39,2.7025964404613003e-151,2.3275964027620158e-157,0.9965569289659718,5.430086104778876e-151,0.6905385390852472,0.008000978765429611,6.266521711770442e-113,7.904763207659879e-115,4.51884288569792e-112,0.8582017024975815,0.7782830162021354,0.039940560932263315,3.5527599909780706e-38,8.957143353234008e-38,3.7289639601078315e-39,5.471982077471036e-37,8.292200622368755e-191,4.752012880627679e-37,3.975972768539397e-39,6.48033835844162e-39,2.368395881051496e-37,7.53416485709452e-190,1.0510576891785585e-192,5.136690861913342e-38,1.417465327349018e-37,4.506722557570173e-192,2.0625500240881806e-192,1.6615340223068116e-191,5.21332284668146e-115,2.5018501139144707e-194,1.182833771614047e-192,2.4583511055129976e-192,4.669979466745901e-192,1.2883250429485532e-191,0.012713101018387253,7.76194331263828e-113,4.564010430036522e-190,3.1447105778265314e-191,5.465672781724541e-191,4.1318832097264603e-190,5.2055000839017524e-191,3.0699402861488275e-197,9.434038421153894e-190,7.204495609420697e-40,7.608759787331116e-195,1.3801211080941121e-191,1.0515239783865142e-193,2.0990037617426306e-193,1.7762476280491077e-193,1.3500537547868716e-192,3.597741340612559e-194,2.7196966045618725e-192,1.3002898337824196e-193,2.43256942382724e-310,3.8045149270675e-310,0.0,0.0,1.89660120492904e-309,0.0,0.0,4.869677887013485e-232,0.0,0.0,1.6258378262774635e-307,1.313543847577e-311,3.07086449863135e-309,0.0,1.7185241076308696e-308,1.4043403685687944e-307,5.372544367015018e-308,5.372544367015018e-308,0.0,3.62890085854e-311,9.84412790950834e-239,0.0,4.07644921733151e-308,0.0,0.0,0.0,1.5637049188773e-311,0.0,0.0,0.0,5.099750080690904e-155,1.70665406011626e-309,0.0,0.0,0.0,0.0,0.0,7.058743032026e-311,1.9808806109276829e-156,0.0,8.14749070996996e-310,0.0,0.0,,0.0,0.0,1.1376852716533265e-307,1.1376852716533265e-307,8.453626293201456e-308,4.9107207526276e-311,4.9107207526276e-311,4.9107207526276e-311,2.2492007595375434e-308,4.9107207526276e-311,9.45439892678504e-308,1.4632288593137328e-307,5.372544367015018e-308,0.0,4.22231054524719e-152
4.0278312641176145e-06,0.2553569747892836,0.9237187242407641,0.16690226273825626,3.11869452980208e-151,1.3602512581293647e-174,5.181960764388892e-190,3.264828242678563e-190,7.416007659898839e-190,2.2127566453734318e-190,5.239293031858042e-37,6.134491132784266e-191,5.660354796440402e-191,4.56084797263912e-190,9.637981718539032e-190,8.408321519408421e-190,1.9093388316985815e-37,1.4953201277975375e-151,4.108091590586071e-157,0.27722495650322604,4.336116873402673e-151,0.604046917404438,5.0449428510574283e-11,4.467230016453437e-112,4.528893796230052e-112,2.4074018552875283e-112,0.8884745956494104,0.17169182511221673,1.9588208204535775e-05,2.410852461314557e-39,3.928595805256411e-37,5.28158775182383e-37,1.2936738085798006e-35,1.098559246194241e-191,4.012045819396727e-35,8.558979507025311e-40,2.6944799947628097e-37,1.8664531042279088e-38,9.825345807358643e-190,1.0417954392066926e-190,6.348171366576645e-42,4.525645360102646e-37,9.65434974689531e-190,4.8822081385731834e-191,8.436741853005373e-190,2.248343559734511e-112,9.932533481676642e-193,3.159392823020202e-193,5.541404902010848e-191,1.3234518851839314e-191,2.3510021322615137e-192,0.01191743628426271,1.071323681601671e-112,6.097554579867813e-190,9.785468674149782e-191,6.314093927918918e-190,4.079770156086995e-191,3.064106013748605e-191,5.188625089514277e-195,9.410293342397797e-190,1.045131725840747e-37,6.721878751907953e-190,1.0480076771964927e-190,6.872099174480301e-191,1.2238820471017687e-191,7.40583995458502e-190,3.883236203925438e-190,2.280539757527765e-190,1.405069722244943e-190,1.4221392239037254e-190,1.014210890914731e-308,8.323001797510264e-309,1.2212290305522313e-308,8.63530973420082e-308,4.538951171733203e-309,1.8846848014347254e-308,4.0077891040885837e-308,2.2378617548696356e-229,9.43392310753259e-308,1.361473242592e-311,8.208985993231272e-308,2.627100867062e-311,0.0,3.476595142624391e-308,7.007868388302095e-308,4.1181605277054023e-308,2.5816998320835724e-308,2.5816998320835724e-308,0.0,0.0,1.7435353648016734e-239,0.0,3.1704556984965152e-308,7.47495870969745e-310,6.99544398280012e-309,8.339264969216e-312,6.67551768776252e-309,2.8781754653506714e-308,0.0,0.0,2.7925235942935673e-156,0.0,2.1554546662204244e-308,3.51178519505e-311,7.58375211622003e-309,8.63684784581096e-310,3.055773559026789e-308,1.1561572052939382e-307,7.729218196594005e-155,1.2986913993069e-309,2.2223871079939967e-308,7.816349160953325e-308,3.484498599523869e-308,0.0,,0.0,1.455085245801916e-307,4.1181605277054023e-308,5.8748237666275e-310,4.9107207526276e-311,4.9107207526276e-311,4.9107207526276e-311,1.0437908369154985e-307,4.9107207526276e-311,6.560522122684387e-308,1.0437908369154985e-307,1.0806820519338949e-307,0.0,8.953612929264471e-153
0.00016773832880584232,0.6056167547176785,0.9854614651102042,0.09218978893071701,1.225908163911093e-151,1.6490229973242194e-174,8.125428435768182e-190,8.96592760501542e-190,8.59150306812984e-190,9.634705866042444e-190,4.565521585156546e-37,1.0711916103789684e-190,2.1323176240875753e-190,4.0915167845935e-190,2.601999165826439e-190,1.204380663644069e-189,2.3353841062479696e-37,2.605546998498829e-151,3.713663955509487e-157,0.9990239534465319,2.0643850725161098e-151,0.9300031879897581,0.0005463987354636915,8.270139113734075e-112,8.440327544615172e-112,2.7175713531300032e-112,0.9671358613567458,0.8613297950066753,0.07776376512692983,1.6307422983220208e-37,8.658235905227323e-38,1.3686778645067965e-38,5.339569003911474e-36,1.590638046945225e-193,1.6332785974037806e-34,5.474966036903019e-38,6.605873638771843e-38,8.7141547151148e-40,8.450581021343801e-190,1.268985917711608e-191,9.88439311632671e-41,7.447338149784156e-37,3.7171847649091185e-190,4.847732177548917e-191,2.628109497586132e-190,2.0415440985395866e-112,2.4910187764965847e-191,3.964482547140175e-191,2.1280029176415008e-191,1.434508009728813e-190,1.0029635168592878e-193,0.002498173281111532,1.5500273538252223e-111,1.2042199163722995e-189,4.702587061012479e-190,3.3160795659208176e-190,1.2003681794608015e-189,3.875965606190621e-191,7.50843352331946e-195,1.088893878113055e-189,2.74868633405332e-38,4.836063688634712e-191,1.1964271754079316e-191,6.11545153424253e-191,2.811182146708311e-191,3.566628938568978e-190,6.543911159545836e-190,1.9353926137615645e-190,2.883430307078015e-190,1.0313724761667538e-190,1.3460245477791157e-308,6.522173086690226e-309,1.5959687025289e-310,4.434082699185677e-308,4.710231631032169e-308,1.4627537202248235e-308,4.597683890225399e-308,2.00684290071584e-229,6.690379567712167e-308,0.0,1.5458116906746378e-307,3.74438643904927e-310,0.0,3.0199646596627e-309,1.6524232877082275e-307,1.1063470003647e-311,0.0,1.6909727286780416e-308,0.0,0.0,1.691434443920087e-235,0.0,3.095990851584633e-308,0.0,2.094580230072015e-309,1.3148896323317e-310,1.042862067126156e-308,9.597995877534225e-308,0.0,0.0,2.7085101261493375e-165,0.0,0.0,2.70411033988153e-310,1.75815683782344e-310,3.20075003593846e-309,6.99984143145933e-310,1.6177007350995965e-307,6.150966528433992e-156,4.36496833816444e-310,7.362958774934238e-308,1.699731922290061e-308,3.728838346530207e-308,0.0,0.0,,1.0018791713543108e-307,4.395485299981363e-309,0.0,4.9107207526276e-311,4.9107207526276e-311,4.9107207526276e-311,6.78678618289962e-309,4.9107207526276e-311,2.7524726301861e-310,1.5336024008539932e-307,2.52526486928453e-310,0.0,7.37841470822223e-154
0.00040200938957082074,0.7369206182131656,0.9051539081060095,0.2819096989152362,8.164904222919995e-151,1.4831041087644687e-174,7.820407831506871e-190,4.2081758027047835e-190,1.534926364334787e-190,5.785725842550302e-190,3.5860696339395787e-37,8.660983991837693e-190,1.1665243894440136e-189,1.1198491545696329e-189,1.1262974016547754e-189,1.0007307143250997e-189,1.9981209323259163e-37,3.745923390304361e-151,3.728784257611851e-157,0.9991394617874438,1.63680254175424e-151,0.5289943654585374,0.09116332503659166,9.071726112929283e-112,3.387995161488513e-112,1.1783577062549018e-111,0.9787461808495792,0.9963321433237038,0.5557900978836943,3.1058631448176038e-37,2.373806275763457e-37,1.1522294033995034e-36,9.173453460941279e-36,4.177972198176931e-190,5.092413918897353e-36,1.570291900890361e-36,1.900971337761653e-37,8.233896677813507e-37,1.0865574215789978e-189,5.773106497854112e-190,1.1559511535603232e-37,3.929705688593244e-37,1.045841531419889e-189,6.110744908510593e-191,1.1308338084867867e-189,1.4512794518334217e-111,8.687748428165478e-190,8.893532908830407e-190,4.2618841196614094e-190,5.48474952193555e-190,1.4183069582267526e-191,0.004345504755534523,1.2052300050677858e-111,7.789958778375021e-190,9.14299141012097e-191,8.047305125751888e-190,3.028544509005407e-190,4.9950587803981293e-191,9.583114142229493e-195,1.5541927843560206e-191,7.106218456085294e-37,1.179180809635438e-189,6.003037724077078e-190,9.979460231568069e-190,8.592507070297843e-191,5.999152608144487e-190,1.1308338084867867e-189,1.1613533579334627e-189,1.1798731570959399e-189,1.5004710843224658e-190,1.6141525917515727e-307,1.651065087116018e-307,5.881244170302506e-308,1.3648523460305922e-307,1.5922993484713047e-307,1.5124456143690812e-307,7.119150234416835e-308,2.7465797008445884e-229,1.548074913820756e-307,2.7068588001222904e-308,4.20689967280198e-309,2.6018291766917647e-308,1.479765804543905e-307,1.3757046130128156e-307,1.630898207710548e-307,1.64820348651154e-307,1.6447470919794534e-307,1.6447470919794534e-307,2.0509512825598823e-308,1.4975424658624913e-307,6.1023200171605736e-229,1.2335328603285645e-307,1.6135350726653276e-307,7.890031652479496e-308,1.3829308376783056e-307,1.3459622310521693e-307,3.851668012955889e-308,1.3720889033924107e-307,3.12686932092877e-309,1.4904379117372673e-307,8.393169715876714e-154,1.4868825710817472e-307,1.6528006882282205e-307,7.244062135883427e-308,1.6557387955639247e-307,1.2475824931675055e-307,3.39181367881813e-309,2.3455520485318103e-308,8.86958069595199e-155,1.3160655078264391e-307,7.570842088054145e-308,1.3539848370871658e-307,1.4583674436083288e-307,1.1376852716533265e-307,1.455085245801916e-307,1.0018791713543108e-307,,0.0,1.617012294706403e-307,4.9107207526276e-311,4.9107207526276e-311,4.9107207526276e-311,1.655109246823724e-307,4.9107207526276e-311,1.6516575398538595e-307,1.655109246823724e-307,1.6447470919794534e-307,2.1468088438720153e-308,6.709436043519382e-152
0.00040200938957082074,0.7369206182131656,0.9051539081060095,0.09998709053475714,9.78266927754231e-151,1.9771182326600582e-174,1.1238745294732161e-189,1.0972859611803294e-189,7.289688509666652e-190,5.160288872172003e-190,6.702360669728101e-37,2.2119915975597487e-190,5.591006223270028e-190,6.736825848239419e-190,2.5061978971724684e-190,1.0007307143250997e-189,1.799582014076766e-37,3.745923390304361e-151,3.728784257611851e-157,0.9991394617874438,7.33024868307353e-151,0.9540740974397899,0.09116332503659166,4.337524869212773e-112,8.326424908233577e-112,9.618114395196265e-112,0.9787461808495792,0.9963321433237038,0.38814055988255697,3.1058631448176038e-37,2.373806275763457e-37,1.1522294033995034e-36,8.195371783300374e-35,4.177972198176931e-190,8.330867099474205e-35,1.570291900890361e-36,8.33636847710842e-37,1.5842471269149594e-37,1.9557928500381193e-190,5.773106497854112e-190,6.042192128507967e-37,1.7280403705054035e-36,1.045841531419889e-189,6.110744908510593e-191,4.689873299616098e-190,1.4512794518334217e-111,8.687748428165478e-190,1.0164124371446407e-190,4.2618841196614094e-190,5.48474952193555e-190,6.323867670701974e-190,0.1817076036261082,3.060417293369172e-113,7.789958778375021e-190,9.14299141012097e-191,3.8035750761580314e-190,6.359666508934909e-193,4.9950587803981293e-191,9.583114142229493e-195,1.2494454760193275e-189,1.0971867063055121e-37,1.179180809635438e-189,1.0164124371446407e-190,9.979460231568069e-190,5.535848222331453e-190,4.878594670864506e-190,1.1308338084867867e-189,3.2923237567742313e-190,4.4264846475597956e-190,1.5004710843224658e-190,1.6141525917515727e-307,1.651065087116018e-307,5.881244170302506e-308,1.3648523460305922e-307,1.5922993484713047e-307,1.5124456143690812e-307,8.229502481650438e-308,3.3787552524896086e-229,1.548074913820756e-307,2.7068588001222904e-308,0.0,2.6018291766917647e-308,1.479765804543905e-307,1.3757046130128156e-307,1.630898207710548e-307,1.64820348651154e-307,1.6447470919794534e-307,1.6447470919794534e-307,3.6619729041535e-310,2.630203732299171e-308,1.3354255867342813e-229,1.2129599497417462e-307,1.6135350726653276e-307,7.890031652479496e-308,7.475285368017227e-308,1.3459622310521693e-307,7.9347966646446e-311,1.3720889033924107e-307,3.12686932092877e-309,2.928904017360673e-308,1.9019891283725035e-155,3.080369328493431e-308,1.0939496943335094e-308,7.244062135883427e-308,7.119150234416835e-308,1.526209960518269e-307,5.387252835017249e-308,2.3455520485318103e-308,3.9457677410409807e-154,1.3160655078264391e-307,1.6576189567855673e-307,1.3539848370871658e-307,1.4583674436083288e-307,1.1376852716533265e-307,4.1181605277054023e-308,4.395485299981363e-309,0.0,,1.617012294706403e-307,4.9107207526276e-311,4.9107207526276e-311,4.9107207526276e-311,1.655109246823724e-307,4.9107207526276e-311,1.6516575398538595e-307,1.655109246823724e-307,1.6447470919794534e-307,2.1468088438720153e-308,6.709436043519382e-152
0.00037393797327563085,0.7073920582460955,0.9752689938683785,0.2801642470539338,3.558943974419141e-151,1.8020617264348296e-176,1.062375711725599e-189,1.0155741146981594e-189,9.087627730460219e-190,6.037144935808791e-190,4.574580502277404e-37,8.47291550078421e-190,2.0372609257027682e-190,1.069340077129749e-189,1.0558848102888979e-189,8.273098878382833e-190,2.0784990235390715e-37,3.900520423050285e-151,6.107895552828973e-158,0.7953451902385206,5.608973114106837e-151,0.8715452609316128,0.034197422294485316,4.190675313771471e-112,1.0905729243991566e-111,1.2566207857104808e-111,0.9808889358472452,0.9993710332481616,0.1328514116196475,7.327053915947815e-37,4.112965396228169e-37,1.2067368965216492e-36,1.4101168036103484e-34,8.205485816271121e-190,9.518551090412151e-35,8.878131648648277e-37,1.030537717719165e-36,2.784732361988703e-37,1.1407435325233583e-189,2.328242007116427e-190,7.460900182516878e-37,1.6215418661188066e-36,1.195397708123594e-189,9.797339467921437e-190,1.0945872869376148e-189,1.13902019353773e-111,8.895290451608898e-190,8.036155926097261e-190,5.534178575657628e-191,4.063983448931407e-191,4.273761590866972e-190,0.15513393963779923,8.427642420644668e-112,1.2116633941760773e-189,3.332985306824278e-190,6.635560496387045e-190,6.137571405717882e-190,2.4977052824789126e-191,8.777447216208944e-195,1.0719380057066494e-193,8.310811054473166e-37,3.2587483102425655e-190,4.986540445688071e-190,1.0086599476802182e-189,6.564798372502475e-190,1.162498627775708e-189,3.560384989361117e-190,1.2065289890281401e-189,3.5241578872771947e-190,2.7284588984113874e-190,1.443614873348346e-309,1.1832117524795591e-307,4.4974361307281215e-308,9.376312703837277e-309,2.728872305865586e-308,1.3229957944826017e-308,6.511329624916694e-308,2.4124401784178552e-229,1.2544737605824098e-307,1.0735100161793e-310,1.3096611309749756e-307,3.6472804676615857e-308,0.0,1.3566415718163e-311,8.988117883134305e-309,0.0,0.0,2.00447650045824e-310,5.4068426330649e-310,0.0,9.853454847341375e-232,1.11675493607831e-309,0.0,5.54776690572695e-310,6.573667441269466e-309,1.6290931025721724e-307,1.6473855279571623e-307,1.3795507819160278e-307,1.66145772529447e-310,0.0,7.357967632804014e-165,1.8121796106291e-310,1.282536849198069e-308,6.451579347022576e-308,5.394310462395516e-309,1.5605665673544683e-307,1.744062041580314e-309,1.5419953469766891e-307,4.816609592458659e-154,1.5429944532450376e-307,8.47664092231248e-308,1.135813540899714e-308,8.658126616668589e-308,8.453626293201456e-308,5.8748237666275e-310,0.0,1.617012294706403e-307,1.617012294706403e-307,,4.9107207526276e-311,4.9107207526276e-311,4.9107207526276e-311,1.644631032591673e-307,4.9107207526276e-311,0.0,1.644631032591673e-307,2.00447650045824e-310,4.1976985114603e-311,5.172826262256131e-152
6.164485606695718e-05,0.4808036850629085,0.9455341361097211,0.12443895932886694,8.957911130407353e-154,1.4469821149691938e-177,7.367337656776579e-193,6.743300838144043e-193,5.838712647093154e-193,7.056988385448087e-193,1.4594004753895911e-38,6.232314784632277e-193,6.997718919266611e-193,6.812088402183252e-193,7.363022342388301e-193,7.506711663666415e-193,5.344146818213823e-39,4.2569124282837296e-154,4.3552774164572e-160,0.9961832130720771,6.679348183343597e-154,0.8626558809983425,0.04003359376752156,1.1664425698496943e-114,1.7610534005756885e-114,1.797783549426738e-114,0.957367670801949,0.9897632899751173,0.38679597906054397,2.5065977907929573e-38,1.3985528266441532e-38,2.749219082223629e-38,1.1238358551827111e-36,4.95257854842918e-193,1.7925835670454754e-36,3.4331352962819867e-38,2.3306936809556725e-38,2.5509990824926997e-38,7.422278747409021e-193,3.6819102050050692e-193,1.8732801964981468e-38,4.109738572388184e-38,7.467147850654601e-193,6.992221500422735e-193,6.848487522946701e-193,1.8720146552308274e-114,6.215545083926819e-193,5.504911654571834e-193,4.980962273935708e-193,7.715533652684238e-193,7.688658271589543e-193,0.07614686040921452,3.0444113388133166e-114,7.633142196997142e-193,3.2361825810808874e-193,4.821201159917473e-193,7.783442897605192e-193,3.3259589901925654e-194,5.687992631060542e-198,7.877221267432065e-193,2.539048510335549e-38,7.169269143119482e-193,5.504911654571834e-193,6.48306711170795e-193,5.374423582772241e-193,7.093592925470201e-193,6.848487522946701e-193,7.278491579499768e-193,7.1494465856540395e-193,6.576301840459822e-193,4.9107207526276e-311,4.9107207526276e-311,4.9107207526276e-311,4.9107207526276e-311,4.9107207526276e-311,4.9107207526276e-311,4.9107207526276e-311,3.043072868825582e-232,4.9107207526276e-311,4.9107207526276e-311,4.9107207526276e-311,4.9107207526276e-311,4.9107207526276e-311,4.9107207526276e-311,4.9107207526276e-311,4.9107207526276e-311,4.9107207526276e-311,4.9107207526276e-311,4.9107207526276e-311,4.9107207526276e-311,3.043072868825582e-232,4.9107207526276e-311,4.9107207526276e-311,4.9107207526276e-311,4.9107207526276e-311,4.9107207526276e-311,4.9107207526276e-311,4.9107207526276e-311,4.9107207526276e-311,4.9107207526276e-311,4.870405659572658e-156,4.9107207526276e-311,4.9107207526276e-311,4.9107207526276e-311,4.9107207526276e-311,4.9107207526276e-311,4.9107207526276e-311,4.9107207526276e-311,2.7790991009310687e-156,4.9107207526276e-311,4.9107207526276e-311,4.9107207526276e-311,4.9107207526276e-311,4.9107207526276e-311,4.9107207526276e-311,4.9107207526276e-311,4.9107207526276e-311,4.9107207526276e-311,4.9107207526276e-311,,0.0,0.0,4.9107207526276e-311,0.0,4.9107207526276e-311,4.9107207526276e-311,4.9107207526276e-311,4.9107207526276e-311,1.0455882093395833e-155
6.164485606695718e-05,0.4808036850629085,0.9455341361097211,0.12443895932886694,8.957911130407353e-154,1.4469821149691938e-177,7.367337656776579e-193,6.743300838144043e-193,5.838712647093154e-193,7.056988385448087e-193,1.4594004753895911e-38,6.232314784632277e-193,6.997718919266611e-193,6.812088402183252e-193,7.363022342388301e-193,7.506711663666415e-193,5.344146818213823e-39,4.2569124282837296e-154,4.3552774164572e-160,0.9961832130720771,6.679348183343597e-154,0.8626558809983425,0.04003359376752156,1.1664425698496943e-114,1.7610534005756885e-114,1.797783549426738e-114,0.957367670801949,0.9897632899751173,0.38679597906054397,2.5065977907929573e-38,1.3985528266441532e-38,2.749219082223629e-38,1.1238358551827111e-36,4.95257854842918e-193,1.7925835670454754e-36,3.4331352962819867e-38,2.3306936809556725e-38,2.5509990824926997e-38,7.422278747409021e-193,3.6819102050050692e-193,1.8732801964981468e-38,4.109738572388184e-38,7.467147850654601e-193,6.992221500422735e-193,6.848487522946701e-193,1.8720146552308274e-114,6.215545083926819e-193,5.504911654571834e-193,4.980962273935708e-193,7.715533652684238e-193,7.688658271589543e-193,0.07614686040921452,3.0444113388133166e-114,7.633142196997142e-193,3.2361825810808874e-193,4.821201159917473e-193,7.783442897605192e-193,3.3259589901925654e-194,5.687992631060542e-198,7.877221267432065e-193,2.539048510335549e-38,7.169269143119482e-193,5.504911654571834e-193,6.48306711170795e-193,5.374423582772241e-193,7.093592925470201e-193,6.848487522946701e-193,7.278491579499768e-193,7.1494465856540395e-193,6.576301840459822e-193,4.9107207526276e-311,4.9107207526276e-311,4.9107207526276e-311,4.9107207526276e-311,4.9107207526276e-311,4.9107207526276e-311,4.9107207526276e-311,3.043072868825582e-232,4.9107207526276e-311,4.9107207526276e-311,4.9107207526276e-311,4.9107207526276e-311,4.9107207526276e-311,4.9107207526276e-311,4.9107207526276e-311,4.9107207526276e-311,4.9107207526276e-311,4.9107207526276e-311,4.9107207526276e-311,4.9107207526276e-311,3.043072868825582e-232,4.9107207526276e-311,4.9107207526276e-311,4.9107207526276e-311,4.9107207526276e-311,4.9107207526276e-311,4.9107207526276e-311,4.9107207526276e-311,4.9107207526276e-311,4.9107207526276e-311,4.870405659572658e-156,4.9107207526276e-311,4.9107207526276e-311,4.9107207526276e-311,4.9107207526276e-311,4.9107207526276e-311,4.9107207526276e-311,4.9107207526276e-311,2.7790991009310687e-156,4.9107207526276e-311,4.9107207526276e-311,4.9107207526276e-311,4.9107207526276e-311,4.9107207526276e-311,4.9107207526276e-311,4.9107207526276e-311,4.9107207526276e-311,4.9107207526276e-311,4.9107207526276e-311,0.0,,0.0,4.9107207526276e-311,0.0,4.9107207526276e-311,4.9107207526276e-311,4.9107207526276e-311,4.9107207526276e-311,1.0455882093395833e-155
6.164485606695718e-05,0.4808036850629085,0.9455341361097211,0.12443895932886694,8.957911130407353e-154,1.4469821149691938e-177,7.367337656776579e-193,6.743300838144043e-193,5.838712647093154e-193,7.056988385448087e-193,1.4594004753895911e-38,6.232314784632277e-193,6.997718919266611e-193,6.812088402183252e-193,7.363022342388301e-193,7.506711663666415e-193,5.344146818213823e-39,4.2569124282837296e-154,4.3552774164572e-160,0.9961832130720771,6.679348183343597e-154,0.8626558809983425,0.04003359376752156,1.1664425698496943e-114,1.7610534005756885e-114,1.797783549426738e-114,0.957367670801949,0.9897632899751173,0.38679597906054397,2.5065977907929573e-38,1.3985528266441532e-38,2.749219082223629e-38,1.1238358551827111e-36,4.95257854842918e-193,1.7925835670454754e-36,3.4331352962819867e-38,2.3306936809556725e-38,2.5509990824926997e-38,7.422278747409021e-193,3.6819102050050692e-193,1.8732801964981468e-38,4.109738572388184e-38,7.467147850654601e-193,6.992221500422735e-193,6.848487522946701e-193,1.8720146552308274e-114,6.215545083926819e-193,5.504911654571834e-193,4.980962273935708e-193,7.715533652684238e-193,7.688658271589543e-193,0.07614686040921452,3.0444113388133166e-114,7.633142196997142e-193,3.2361825810808874e-193,4.821201159917473e-193,7.783442897605192e-193,3.3259589901925654e-194,5.687992631060542e-198,7.877221267432065e-193,2.539048510335549e-38,7.169269143119482e-193,5.504911654571834e-193,6.48306711170795e-193,5.374423582772241e-193,7.093592925470201e-193,6.848487522946701e-193,7.278491579499768e-193,7.1494465856540395e-193,6.576301840459822e-193,4.9107207526276e-311,4.9107207526276e-311,4.9107207526276e-311,4.9107207526276e-311,4.9107207526276e-311,4.9107207526276e-311,4.9107207526276e-311,3.043072868825582e-232,4.9107207526276e-311,4.9107207526276e-311,4.9107207526276e-311,4.9107207526276e-311,4.9107207526276e-311,4.9107207526276e-311,4.9107207526276e-311,4.9107207526276e-311,4.9107207526276e-311,4.9107207526276e-311,4.9107207526276e-311,4.9107207526276e-311,3.043072868825582e-232,4.9107207526276e-311,4.9107207526276e-311,4.9107207526276e-311,4.9107207526276e-311,4.9107207526276e-311,4.9107207526276e-311,4.9107207526276e-311,4.9107207526276e-311,4.9107207526276e-311,4.870405659572658e-156,4.9107207526276e-311,4.9107207526276e-311,4.9107207526276e-311,4.9107207526276e-311,4.9107207526276e-311,4.9107207526276e-311,4.9107207526276e-311,2.7790991009310687e-156,4.9107207526276e-311,4.9107207526276e-311,4.9107207526276e-311,4.9107207526276e-311,4.9107207526276e-311,4.9107207526276e-311,4.9107207526276e-311,4.9107207526276e-311,4.9107207526276e-311,4.9107207526276e-311,0.0,0.0,,4.9107207526276e-311,0.0,4.9107207526276e-311,4.9107207526276e-311,4.9107207526276e-311,4.9107207526276e-311,1.0455882093395833e-155
0.0004084239397007585,0.39748461871756663,0.9732330949523761,0.27603411552499924,5.9055188035185e-151,1.448703312383216e-174,1.0576845710156559e-189,8.115537489517659e-190,6.500556541227275e-190,9.298578139603654e-190,5.476320303654652e-37,6.218722688403601e-190,9.066800209951988e-190,5.039810285106192e-190,1.0558315208960507e-189,1.1187043168807302e-189,2.2430518380740847e-37,4.6086213694778e-151,3.7949345424161096e-157,0.9997354701061095,1.5420695175460963e-151,0.9555439119331846,0.111862396923399,3.3917473093510844e-112,3.0572811494374413e-112,1.2344289030158492e-111,0.9901359260707963,0.9988383346720173,0.5608199308366639,7.4620355711505446e-37,1.9698467923007223e-37,8.350468514175877e-37,1.3424575835388437e-34,3.2221837376962675e-190,2.2621423850794854e-34,1.2049348499167532e-36,6.041373706425775e-37,8.172643624380927e-37,1.955885173025232e-190,1.3267519778918916e-190,4.432880783013496e-37,3.702391758342886e-37,1.101150833562615e-189,4.3776186264537734e-190,4.920366113814387e-190,1.146184188198764e-111,6.359023162020875e-190,4.421607120232898e-190,3.2777685063317833e-190,1.2144470343104528e-189,1.2018304779259563e-189,0.0027292767441648652,2.206956731699695e-111,1.1760456071752878e-189,4.715358321757487e-190,6.277179781499154e-190,1.246719072813307e-189,5.395385712383783e-191,9.769063133222649e-195,1.2922162398046842e-189,8.600598544544563e-37,9.748412414592541e-190,6.543529722103075e-190,7.213789860596826e-190,6.524205951308243e-190,9.443675033572083e-190,8.500326071913351e-190,1.0199675430359821e-189,9.667966353614152e-190,7.528748761526973e-190,1.3738327346976869e-307,1.3274216637588473e-307,1.3519202412475029e-307,1.5545111201785302e-307,1.3898418475923924e-307,1.4291780093111893e-307,1.3138906080039375e-307,5.323358352116242e-229,1.41404847786362e-307,1.4456065947659853e-307,1.6267215412744001e-307,2.602782465546205e-308,2.24996244934913e-310,2.95427955078859e-309,1.6493123117183875e-307,1.655109246823724e-307,1.6539546799460567e-307,1.6539546799460567e-307,2.171967153788515e-308,1.6032004605358378e-307,1.2619357307350759e-229,1.503105203711386e-307,1.6434545778136163e-307,3.12414142350432e-309,1.5613256414488177e-307,1.906452735504061e-308,1.5930051480112945e-307,1.5572460644177187e-307,4.4304966464955053e-308,1.6006681904313015e-307,1.3131611113744486e-159,1.68368093113666e-310,1.2572557063820876e-307,6.681460172642236e-308,1.3138906080039375e-307,9.004073550317e-308,1.366601634098122e-307,1.4568741871156298e-307,3.30033011828185e-154,9.455128178113135e-308,1.2779568501957593e-307,1.5503856698778316e-307,1.589135943682694e-307,2.2492007595375434e-308,1.0437908369154985e-307,6.78678618289962e-309,1.655109246823724e-307,1.655109246823724e-307,1.644631032591673e-307,4.9107207526276e-311,4.9107207526276e-311,4.9107207526276e-311,,4.9107207526276e-311,1.6562614180659248e-307,1.6574112008425144e-307,1.6539546799460567e-307,8.405658954847555e-308,7.102410514611007e-152
6.164485606695718e-05,0.4808036850629085,0.9455341361097211,0.12443895932886694,8.957911130407353e-154,1.4469821149691938e-177,7.367337656776579e-193,6.743300838144043e-193,5.838712647093154e-193,7.056988385448087e-193,1.4594004753895911e-38,6.232314784632277e-193,6.997718919266611e-193,6.812088402183252e-193,7.363022342388301e-193,7.506711663666415e-193,5.344146818213823e-39,4.2569124282837296e-154,4.3552774164572e-160,0.9961832130720771,6.679348183343597e-154,0.8626558809983425,0.04003359376752156,1.1664425698496943e-114,1.7610534005756885e-114,1.797783549426738e-114,0.957367670801949,0.9897632899751173,0.38679597906054397,2.5065977907929573e-38,1.3985528266441532e-38,2.749219082223629e-38,1.1238358551827111e-36,4.95257854842918e-193,1.7925835670454754e-36,3.4331352962819867e-38,2.3306936809556725e-38,2.5509990824926997e-38,7.422278747409021e-193,3.6819102050050692e-193,1.8732801964981468e-38,4.109738572388184e-38,7.467147850654601e-193,6.992221500422735e-193,6.848487522946701e-193,1.8720146552308274e-114,6.215545083926819e-193,5.504911654571834e-193,4.980962273935708e-193,7.715533652684238e-193,7.688658271589543e-193,0.07614686040921452,3.0444113388133166e-114,7.633142196997142e-193,3.2361825810808874e-193,4.821201159917473e-193,7.783442897605192e-193,3.3259589901925654e-194,5.687992631060542e-198,7.877221267432065e-193,2.539048510335549e-38,7.169269143119482e-193,5.504911654571834e-193,6.48306711170795e-193,5.374423582772241e-193,7.093592925470201e-193,6.848487522946701e-193,7.278491579499768e-193,7.1494465856540395e-193,6.576301840459822e-193,4.9107207526276e-311,4.9107207526276e-311,4.9107207526276e-311,4.9107207526276e-311,4.9107207526276e-311,4.9107207526276e-311,4.9107207526276e-311,3.043072868825582e-232,4.9107207526276e-311,4.9107207526276e-311,4.9107207526276e-311,4.9107207526276e-311,4.9107207526276e-311,4.9107207526276e-311,4.9107207526276e-311,4.9107207526276e-311,4.9107207526276e-311,4.9107207526276e-311,4.9107207526276e-311,4.9107207526276e-311,3.043072868825582e-232,4.9107207526276e-311,4.9107207526276e-311,4.9107207526276e-311,4.9107207526276e-311,4.9107207526276e-311,4.9107207526276e-311,4.9107207526276e-311,4.9107207526276e-311,4.9107207526276e-311,4.870405659572658e-156,4.9107207526276e-311,4.9107207526276e-311,4.9107207526276e-311,4.9107207526276e-311,4.9107207526276e-311,4.9107207526276e-311,4.9107207526276e-311,2.7790991009310687e-156,4.9107207526276e-311,4.9107207526276e-311,4.9107207526276e-311,4.9107207526276e-311,4.9107207526276e-311,4.9107207526276e-311,4.9107207526276e-311,4.9107207526276e-311,4.9107207526276e-311,4.9107207526276e-311,0.0,0.0,0.0,4.9107207526276e-311,,4.9107207526276e-311,4.9107207526276e-311,4.9107207526276e-311,4.9107207526276e-311,1.0455882093395833e-155
0.00040520860900716685,0.671174256607382,0.9867802642665928,0.2531008155646266,1.0618026416106494e-150,2.0688837955427595e-174,8.17292582135018e-190,1.0745713891691408e-189,2.847510864775597e-190,7.337195772176464e-190,6.82648992167935e-38,3.7115405304089675e-190,1.0346398859389139e-189,1.0692047666823648e-189,8.216151521864614e-190,9.98929505143767e-190,3.096230329766584e-39,4.236892052290083e-153,5.3153338718443674e-157,0.2523013772116985,2.9578360499473173e-152,0.8876578693562248,0.10104991559582775,5.509129382776429e-112,9.778644256442662e-112,1.089816113172925e-111,0.9821382999327031,0.997805480744549,0.47017688014893955,4.81718706420354e-37,5.964078706073376e-38,5.506094918978355e-37,1.5093144047787868e-34,1.2514688282775192e-190,1.8904298193940772e-34,1.4339417504922296e-36,3.391726141238402e-37,3.095313083746804e-37,7.570509872747813e-190,4.3320936956909897e-190,2.2658977579936727e-37,7.244174155526158e-38,2.154009461857209e-191,1.036171490647796e-189,1.0649191415629452e-189,1.8283677377320142e-112,3.8916088631211414e-190,2.1221165956263167e-190,1.2877044724015407e-190,2.374302282830379e-190,5.722057688396488e-193,0.02022125389000467,2.0633700615553198e-111,1.085833164213735e-189,4.104977803637738e-190,7.106145608208498e-190,1.1969017375397567e-189,1.7318822959774626e-196,9.67577072575634e-195,1.060964935353813e-192,2.4201051828585806e-37,1.0389909129117666e-190,2.1221165956263167e-190,1.0697423724603723e-189,1.8824907090501225e-190,1.0017157397458397e-189,2.1131914139706598e-190,6.904655224426463e-191,1.1050399422646854e-190,1.0753297497498811e-189,1.157668246147141e-308,1.745773690081795e-308,1.3383771508215514e-307,3.828155971395415e-308,1.2328665552000675e-307,1.094557010432509e-307,1.9274847449734765e-308,5.647277705223549e-229,7.152091400735724e-309,4.316567119989895e-309,1.5954099478114433e-307,4.06356342715591e-309,9.84786447495976e-309,3.5316069477719795e-308,1.6400921690207092e-307,0.0,1.649350837212478e-307,1.649350837212478e-307,9.300457759722707e-308,6.703752230346284e-309,2.374462929971363e-230,1.01653825739148e-309,0.0,5.8197828440957e-311,3.3350598174108245e-308,8.745120966863735e-308,1.5298717261580544e-307,1.4618668708200142e-307,1.1791822303931156e-308,7.89453154366947e-309,1.749062622669691e-156,8.52404099083287e-309,2.714362142175307e-308,9.555002029255694e-308,1.9274847449734765e-308,4.879904052804528e-308,1.3003842506467886e-307,1.2792553651777017e-307,1.588763349438868e-154,5.381793470528336e-308,1.4853175771993059e-307,1.4489971058181482e-307,1.5224387709617572e-307,9.45439892678504e-308,6.560522122684387e-308,2.7524726301861e-310,1.6516575398538595e-307,1.6516575398538595e-307,0.0,4.9107207526276e-311,4.9107207526276e-311,4.9107207526276e-311,1.6562614180659248e-307,4.9107207526276e-311,,1.6562614180659248e-307,0.0,4.2520048739359253e-308,6.903399701386996e-152
0.0004084239397007585,0.6973574543558692,0.9732330949523761,0.27603411552499924,7.072091088404356e-151,1.448703312383216e-174,1.0576845710156559e-189,8.115537489517659e-190,5.273488648321329e-190,9.298578139603654e-190,2.1521526580661067e-37,6.218722688403601e-190,9.066800209951988e-190,5.039810285106192e-190,1.0558315208960507e-189,1.1187043168807302e-189,2.2430518380740847e-37,4.6086213694778e-151,3.7949345424161096e-157,0.9997354701061095,6.877431454078117e-151,0.9555439119331846,0.03733917050364889,7.079274718692359e-112,1.1606337041660056e-111,1.8944447536465325e-112,0.9901359260707963,0.9988383346720173,0.4773912128996244,6.636292336307404e-37,1.9698467923007223e-37,7.065833313863375e-37,1.3424575835388437e-34,3.2221837376962675e-190,2.2621423850794854e-34,6.3875062962409995e-37,6.041373706425775e-37,8.172643624380927e-37,1.081466577631023e-189,5.23862975912984e-190,4.432880783013496e-37,1.6214615281114314e-36,1.101150833562615e-189,4.3776186264537734e-190,8.500326071913351e-190,5.165565016778594e-112,6.237299534844646e-190,4.421607120232898e-190,3.2777685063317833e-190,1.2144470343104528e-189,1.2018304779259563e-189,0.17975366739554235,2.206956731699695e-111,1.1760456071752878e-189,9.017072062823815e-191,6.277179781499154e-190,1.246719072813307e-189,9.943993000256975e-194,9.769063133222649e-195,1.2922162398046842e-189,8.600598544544563e-37,9.748412414592541e-190,6.543529722103075e-190,5.851338246912041e-190,4.115276623326148e-190,9.443675033572083e-190,4.920366113814387e-190,1.0199675430359821e-189,3.6369316398116193e-190,7.528748761526973e-190,1.3738327346976869e-307,1.3274216637588473e-307,1.3519202412475029e-307,1.5545111201785302e-307,1.3898418475923924e-307,1.4291780093111893e-307,1.3138906080039375e-307,2.205427879655347e-229,3.451673352403279e-308,1.4456065947659853e-307,1.6267215412744001e-307,1.4488451778586165e-307,1.596849152148022e-307,2.95427955078859e-309,1.6493123117183875e-307,1.655109246823724e-307,1.6539546799460567e-307,1.6539546799460567e-307,2.171967153788515e-308,1.6032004605358378e-307,1.2619357307350759e-229,1.503105203711386e-307,1.6434545778136163e-307,1.5572460644177187e-307,1.5613256414488177e-307,1.906452735504061e-308,1.5930051480112945e-307,1.5572460644177187e-307,1.3720317242092638e-307,1.6006681904313015e-307,8.713043878126828e-154,1.5993979372999013e-307,1.2572557063820876e-307,1.2593502761724138e-307,1.3138906080039375e-307,1.1008852777671228e-307,1.366601634098122e-307,1.4568741871156298e-307,2.841272103709871e-154,9.455128178113135e-308,1.2779568501957593e-307,1.5503856698778316e-307,1.589135943682694e-307,1.4632288593137328e-307,1.0437908369154985e-307,1.5336024008539932e-307,1.655109246823724e-307,1.655109246823724e-307,1.644631032591673e-307,4.9107207526276e-311,4.9107207526276e-311,4.9107207526276e-311,1.6574112008425144e-307,4.9107207526276e-311,1.6562614180659248e-307,,1.6539546799460567e-307,1.1475002963038557e-307,7.102410514611007e-152
0.00039882626095279737,0.7449949389449197,0.7155583312283091,0.29848668651765425,7.619057272199095e-151,1.5893983212464292e-174,5.421524218221688e-190,9.409390262406992e-190,7.084068605106527e-190,4.559304344925457e-190,1.010485701828159e-37,1.0385388921681795e-189,1.0910194476355884e-189,1.00517937846802e-189,1.22256640071117e-189,1.1798921495585509e-189,2.3543156663558496e-37,4.674504186784021e-151,5.1095330682269514e-157,0.016809951524398348,3.572833357089517e-151,0.7624150143885672,0.08213937384965962,8.502113207444273e-112,6.969934631344232e-112,1.3495595874524242e-111,0.7375363033175597,0.9943664340885181,0.31612282184851725,1.999961132743389e-37,4.2823454814216864e-37,8.960405526621632e-37,1.3316586245778692e-34,6.695018377939943e-190,1.31817570428657e-34,4.0149294030803555e-37,1.0636465178663705e-37,4.989379727350358e-37,4.615272821165626e-190,6.147211356951488e-190,3.649400388404323e-37,8.500079401017518e-37,3.920882187419613e-190,9.194945199197726e-190,3.350029165218264e-190,1.095034126387647e-111,1.451523796136379e-190,8.521440263038232e-190,1.971928946142789e-191,8.100862481712888e-190,4.443209823849785e-193,0.09306696919121514,1.6807921139352208e-111,1.356756006608173e-190,2.1126910698605733e-190,1.6846636179456905e-190,5.312603291640254e-190,2.1942972348243185e-191,9.491091150352528e-195,1.2285077735561672e-189,1.0042067785552403e-36,7.792514218442575e-190,8.521440263038232e-190,1.0573750517800437e-189,3.0123647908828503e-190,1.951295275267941e-190,9.918039173592001e-190,3.862860185038324e-192,1.009998588701838e-191,1.0532986398406459e-189,9.870229926699586e-308,2.628713105860972e-308,1.078719573110136e-307,1.1539129881363542e-307,1.656450178307236e-307,7.593830920306495e-309,2.93182978539417e-308,4.772915793858596e-229,7.980783337053432e-308,6.334631147699432e-308,1.3176004038787217e-308,6.159498032896781e-308,6.165533703212633e-308,1.1140691040050995e-307,1.6217304610827934e-307,0.0,0.0,0.0,1.6016258695380198e-307,2.6615468280868e-310,3.166039599165272e-230,3.190494961910961e-308,3.5849445499799e-310,7.879044441079166e-309,2.9798268404185e-311,4.594681134616953e-308,6.770626584996492e-308,7.879044441079166e-309,8.26099121878095e-310,3.69443789036874e-310,3.3271492128005015e-159,1.4334110063802192e-307,4.2663890436721223e-308,5.487812993736827e-308,1.218656522917743e-307,7.997633816787866e-308,1.6446762659852936e-307,9.85273849928952e-308,5.016436042577429e-154,1.6473414546988587e-307,1.5365272992707306e-307,1.1916940058369242e-307,7.357614071740655e-308,5.372544367015018e-308,1.0806820519338949e-307,2.52526486928453e-310,1.6447470919794534e-307,1.6447470919794534e-307,2.00447650045824e-310,4.9107207526276e-311,4.9107207526276e-311,4.9107207526276e-311,1.6539546799460567e-307,4.9107207526276e-311,0.0,1.6539546799460567e-307,,6.918334309717351e-308,6.5204057515670275e-152
5.562027236367201e-06,0.12767905265574614,0.8120828525012244,0.2105220680335114,7.421927020134002e-151,1.1925436767561445e-174,2.7553636143337415e-190,5.741755376513652e-190,7.926955928341059e-190,2.3603418507280997e-190,5.585655910011348e-37,2.3979078655694637e-191,8.788886407051629e-190,9.111401219091316e-190,8.572522389587058e-190,1.8942479266140225e-190,1.480597711345794e-38,3.5118230814609666e-151,5.2795358112142663e-157,0.5675600155113103,4.9589165715235834e-151,0.817728798871112,1.718769408130164e-09,8.150070781291017e-113,3.033926320497618e-114,3.018822196099929e-112,0.8970758729826076,0.5369069930865242,0.00029816146717580793,3.294047556779734e-41,3.6547199638450903e-37,2.374741643878864e-37,9.1201562921815e-36,1.0427440278509616e-192,1.7896181214920565e-35,1.3350403081398394e-41,5.911197372991893e-38,1.6604392573136078e-40,3.890182620772817e-190,2.7861199734567678e-191,2.883824729743756e-42,2.070296897437232e-38,8.561969772627885e-190,2.8549782658167594e-193,3.753261076991583e-190,7.817693284589973e-112,1.466974329584269e-191,3.306649908081578e-192,7.907569400506556e-192,1.4246307402680376e-190,2.52833709921888e-192,0.0023021513360698756,3.7651350856977534e-112,5.885894717930372e-190,5.494503295594821e-192,4.463553169461224e-190,3.782220647604051e-190,6.386668123668617e-192,2.2449740038646336e-195,3.1099727888772336e-191,2.2268662316473723e-38,4.9096762598892525e-191,5.412230958285175e-192,1.7639098588933696e-191,1.4715183335023345e-194,1.749832279824196e-190,9.624746074329746e-191,9.795948647964823e-191,8.692635754526006e-190,1.2518588413564002e-192,2.929004716348431e-308,2.9248502228578457e-308,0.0,8.720551596505258e-308,9.95431936230486e-309,8.575014697025116e-309,7.317241435949367e-309,5.098226209832376e-230,8.82438361896184e-309,0.0,1.6324611210809544e-307,0.0,0.0,3.929338385860368e-308,2.857769761257996e-308,2.1468088438720153e-308,1.081850379632217e-308,6.918334309717351e-308,0.0,0.0,7.625190659277358e-241,0.0,6.5791289582829e-309,0.0,9.5902533138957e-311,3.2845602153484e-310,2.542036927967526e-309,3.486946725018833e-309,0.0,0.0,4.958444462876597e-156,0.0,8.89780964455563e-310,0.0,8.84220089521e-312,8.479496591651e-311,9.66676118425e-312,9.68021765694024e-309,5.561727247251699e-156,1.5765824784994783e-308,3.4754855149198774e-308,5.5387213552011e-310,1.71847772827105e-309,0.0,0.0,0.0,2.1468088438720153e-308,2.1468088438720153e-308,4.1976985114603e-311,4.9107207526276e-311,4.9107207526276e-311,4.9107207526276e-311,8.405658954847555e-308,4.9107207526276e-311,4.2520048739359253e-308,1.1475002963038557e-307,6.918334309717351e-308,,1.0550880008058692e-152
0.0013586834843721037,0.7954344856329679,0.9117277104288806,0.41133520348779146,0.026527679867733904,5.429682389988851e-22,4.579112190859272e-37,1.035331129188229e-36,1.6254333149550564e-36,8.203503554567224e-37,1.6117299505314598e-35,5.275656449108843e-37,6.774665390565035e-37,1.099044922338682e-36,2.054223846339833e-36,2.028579694173552e-36,4.042050937767338e-35,0.03690583106015384,5.2845689734979434e-08,0.99807376262099,0.06493652507790927,0.6870298514278543,0.4143558568733558,5.010966703023829e-35,5.261472197863632e-35,9.700293038127149e-36,0.6760366118128733,0.9578088522184223,0.8850648878069863,2.9331332966634642e-36,3.785978058793149e-35,2.0583580459659692e-35,1.727431069787297e-33,7.320306420982685e-37,1.5950128509562415e-32,1.9826320992268925e-35,7.617023088661662e-36,2.4411193026064376e-35,2.34648838064957e-36,1.4797314904665612e-36,9.691581627172412e-37,3.1282011896899623e-36,3.3652752990458093e-37,8.809606261700336e-37,4.9943601300457e-37,3.151517361384676e-41,1.405061788270564e-37,1.8031981110172764e-36,6.930146627956589e-37,2.631714879945528e-36,2.031652152405692e-36,0.03850882927852707,3.418341232697048e-34,1.0659006134377111e-37,5.507472439218584e-37,1.0613268739809119e-37,3.229272556061924e-36,1.0548322289367624e-37,1.556122750907503e-41,3.908531965166397e-36,3.0014306859192903e-36,2.67156627502309e-36,6.901257587784696e-37,1.1572282026858965e-36,7.967137036287924e-37,1.3202949119276443e-36,1.5899550611748847e-36,1.9387439084431073e-36,7.78407123236013e-37,7.41851654793641e-37,5.8937370859738e-152,9.730438349560582e-154,2.7738175322035833e-152,4.696000110430602e-152,7.954877011986674e-153,3.5283285602151895e-152,1.3025141633461475e-152,1.5565146955410342e-150,1.7177390678886528e-152,3.749285092669928e-152,3.3035378571232636e-152,3.3420946173411854e-152,6.014773217656299e-152,4.942413224760823e-152,5.811419423323446e-152,6.709436043519382e-152,6.5204057515670275e-152,6.5204057515670275e-152,3.976563456941331e-152,6.247630659594338e-152,9.419738504553779e-151,1.899482002833981e-152,5.0234304887760405e-152,1.652408091130377e-152,4.810250651785619e-152,3.4140300732312956e-152,6.109464906271337e-152,5.001621197661043e-152,3.495765036287319e-154,6.115106425869752e-152,9.743559085108035e-152,3.6952774728116275e-152,2.382110836321819e-153,1.975661177867918e-152,4.036261286574062e-153,3.3358431739108473e-153,3.492898944473467e-155,2.5953901236202304e-152,1.2662524082949406e-152,2.9484039293004673e-152,2.8027896664972515e-152,2.84402991038959e-153,8.943420561751664e-153,4.22231054524719e-152,8.953612929264471e-153,7.37841470822223e-154,6.709436043519382e-152,6.709436043519382e-152,5.172826262256131e-152,1.0455882093395833e-155,1.0455882093395833e-155,1.0455882093395833e-155,7.102410514611007e-152,1.0455882093395833e-155,6.903399701386996e-152,7.102410514611007e-152,6.5204057515670275e-152,1.0550880008058692e-152,
