pso001,pso002,pso003,pso004,pso005,pga001,pga002,pga003,pga004,pga005,pga023,pga024,pga025,pga026,pga027,pga028,pga029,psa001,psa002,psa003,psa004,psa005,psa006,psa007,psa008,psa009,psa010,psa011,psa012,pmd001,pmd002,pmd003,pmd004,pmd005,pmd006,pmd007,pmd008,pmd009,pmd010,pmd011,pmd012,pmd013,pmd014,pmd015,pmd016,pmd017,pmd018,pmd019,pmd020,pmd021,pmd022,pmd035,psz001,psz002,psz009,psz010,psz011,psz012,psz013,psz014,pad001,pad002,pad004,pad005,pad006,pad007,pad008,pad009,pad010,pad011,pad022,pad023,pad024,pad025,pad027,pad028,pad029,pad031,pad032,pad033,pad044,pcd001,pcd002,pcd003,pcd004,pcd007,pcd008,pcd009,pcd012,pcd013,pcd014,pcd015,pcd019,pcd020,pcd021,pcd022,pcd023,pcd025,pcd027,pcd028,pcd029,pcd039,pod001,pod002,pod003,pod004,pod005,pod006,pod007,pod008,pod009,pod010,pod011,pod012,pal001,pmj001,psu001,psu002,psu003,psu004,psu005,psu006,psu007,psu008,psu009,psu010,psu011,pni001,pni002
,0.7072180037637045,0.7114047124467393,0.7093053524386563,0.7110085143192585,0.15793237893522635,0.5060158452576079,0.5057633435648868,0.505760328034701,0.5059745304780409,0.5051856177607544,0.5038079273575605,0.5039665291992482,0.5037418131364939,0.5049433713131635,0.5038221913271294,0.5042510493663763,0.7106270384762994,0.14585524154312415,0.7071345779438215,0.7071658033277805,0.7104922472041044,0.710043269722338,0.7140171588395396,0.7122214712253463,0.7120506160271176,0.7082657477640849,0.7071163237592386,0.7096009770406145,0.5036426303781742,0.5051030710117065,0.5038135611191741,0.5036823469036505,0.5038623956279147,0.5042170517845606,0.5037972248098836,0.5038283368252665,0.5044650596844859,0.5037563034139922,0.5038044621657378,0.503790838909412,0.5037749233160583,0.5058218596773778,0.5073687681927193,0.5071515349525336,0.5065877399253497,0.5040324669271584,0.5073957461519283,0.5074078139779177,0.50717296693923,0.5071439145950905,0.08213733701897782,0.5058005031126536,0.5074299019495777,0.5076000867584146,0.5072930447763333,0.5074125291760454,0.5079059153253532,0.5072989933884682,0.5071088187338677,0.5112246575411734,0.5071274631978361,0.5049990381196969,0.5057940515335061,0.5071193537913465,0.5078370750814426,0.5084149827120041,0.5077114395819632,0.5073734517869265,0.5073413028266973,0.06202278405398247,0.06492092942863491,0.07813514587253084,0.0859877631580662,0.07630161345255512,0.07587399508693368,0.08880760149487685,0.07351474550351143,0.0763308051089684,0.07636499871017467,0.08420318056411859,0.07184820250919376,0.05976942186350929,0.05956774298243286,0.06027150398157961,0.05970951757329664,0.05970951757329664,0.05970951757329664,0.06404032097212346,0.06449586850643405,0.07122339602297291,0.07027928184753394,0.06083189503597866,0.06963861948211768,0.0615747858647422,0.06301334505114665,0.0646120924899577,0.059702500196343114,0.07609900522218016,0.06515654525119749,0.062170789001787054,0.06504653339711175,0.09010965664489909,0.07910747159568637,0.08580693200349629,0.08565942589833454,0.08648846173295326,0.08471188965324335,0.061099353525448846,0.06297544055121553,0.07823146867347544,0.08508555469457955,0.08636408586774727,0.08659358358390021,0.10142812772777872,0.07018221538289528,0.05959692175762822,0.05970951757329664,0.06060792497583408,0.059258725362485304,0.059258725362485304,0.059258725362485304,0.0593715263212493,0.059258725362485304,0.05948425822919073,0.0593715263212493,0.059822046338400055,0.08944070323527589,0.06032343671876461
0.7072180037637045,,0.7075102472200947,0.7080348192110258,0.70729314289193,0.1072138732291963,0.4999417930916325,0.5000944604881803,0.5000126641215367,0.49994935432544435,0.5007924649228928,0.5016219299638551,0.5002072827523562,0.5000176688072882,0.5001553918929071,0.5019236221711377,0.500282476044834,0.7078981572106311,0.10732986904562614,0.7077808240332011,0.7077359939542232,0.7072814974261693,0.7071068931099195,0.7074456636624931,0.7072397028702471,0.707135453119067,0.7073217173533503,0.7071307142092789,0.7075326883221839,0.5003989963210965,0.4999013498847907,0.5001021797739572,0.5009067317046692,0.5008944114112113,0.5000200666561548,0.4999353387249589,0.5008210191038348,0.5003466536519459,0.5016486328844648,0.5021520272380026,0.5024638357935253,0.5005644742095795,0.4999892639730672,0.5004030994332226,0.5010827600617661,0.5003027437820826,0.5017593472821008,0.5017621545400102,0.5001977834114197,0.5003338072210847,0.501615662479774,0.09316117333511742,0.500681978247034,0.5003393161107961,0.50224462313415,0.5010921686366899,0.5002888140812988,0.5038133095847026,0.5001352413826937,0.5018326195164906,0.50140628510248,0.500942960596682,0.5011081065389376,0.5001091325205325,0.5012591546932763,0.5001661115158179,0.5012288274383161,0.5002109837539637,0.5002487628825238,0.5014213987904117,0.037723443885908946,0.038954595798059835,0.03725247413143814,0.022881585225237644,0.02095466338297296,0.020286415967892414,0.03848293293617746,0.01953330927039034,0.030700938278207905,0.021470602037141885,0.0235086747137359,0.04167168650435533,0.05565096195759788,0.0412180466548005,0.034847034293759946,0.05479115935091408,0.03473638835957662,0.03473638835957662,0.04174820670499976,0.04900368662030947,0.037426171289581214,0.037410299676359914,0.05321976266413091,0.03768592435315145,0.02176871189021404,0.03567259095922356,0.03540071616921307,0.0381062390360583,0.03558362756911065,0.03547737749790318,0.024447179784032002,0.07024221991319678,0.0631890130115443,0.032823178846807514,0.03372318435656425,0.027990784067133293,0.039161424872237234,0.026243804084778596,0.02279116091091847,0.03919402925243989,0.026341215750568834,0.027763604571616588,0.02811457793580454,0.020966043221255254,0.06500286695754187,0.04343217131452553,0.0353359387104511,0.03676854355995734,0.03713648206272364,0.034719845203874514,0.034719845203874514,0.034719845203874514,0.04695642541376126,0.034719845203874514,0.03789568051054052,0.03617888498033423,0.0349694398359025,0.06777920268009659,0.039355035755333286
0.7114047124467393,0.7075102472200947,,0.740950915064851,0.7357591599668899,0.14993081563931876,0.5065842711435704,0.51378009407923,0.5061666103823427,0.5124772723593073,0.5233056389500538,0.514366812995387,0.523800282282238,0.5157658790640387,0.5076364632146407,0.5111701754313834,0.5036310455430557,0.7165382108279107,0.17249451320722312,0.7109839476433443,0.7119535405803483,0.7097006494795496,0.7075821370321298,0.71678328735294,0.7120075349585278,0.7114493432327299,0.714585147401942,0.7073154452796689,0.7071235342843235,0.5289835046784073,0.5262778324560304,0.5250858690493034,0.5087589417047803,0.5052687533478157,0.5078536258248962,0.5100432123649326,0.5059327754014016,0.5027759083813731,0.5172836090546462,0.5085681179327058,0.5118351948416362,0.5106116828305095,0.5096807261070402,0.51313815235312,0.522201200345979,0.5133634733948345,0.5064864701223712,0.5210208901687633,0.5172513459017104,0.5091726672993826,0.5029618751034721,0.17415964489146854,0.5036684415384433,0.5045625230037524,0.5115118414427384,0.5120319834639259,0.5020209330911312,0.5048321178745034,0.5004193407088945,0.5012357363840967,0.5055390986854443,0.5060092128777248,0.5066249579392921,0.5069202901646872,0.5058461198913301,0.5040479099633633,0.5021452362426803,0.5099117394020438,0.5072074211297812,0.5051996464604216,0.048987500901053964,0.06256865417601079,0.035837442870233265,0.02152509326015069,0.018829711186612613,0.0552624593777708,0.05280303660423362,0.029515155600498586,0.0459513138484521,0.02499801841649657,0.025941843301593624,0.027211105725557204,0.022339426273635214,0.01672433037739623,0.031412495112094665,0.016652559495074087,0.036592532264153856,0.036592532264153856,0.0329169492693788,0.019459760164724914,0.0294342695492271,0.06471671341684557,0.022020253541649167,0.02277526943690973,0.021367068590830155,0.018344170488332777,0.03063604300474407,0.03649144461966145,0.021060051193974527,0.01937712998368591,0.022150722238493823,0.016172773953941608,0.08310514421325385,0.06862431860865695,0.04788740687375139,0.046202247765517575,0.0779211654864025,0.03962120948479812,0.11754751473331095,0.0948108230903096,0.08321702909607795,0.038135065615866895,0.04849238213928393,0.07137915744145619,0.047162692903356375,0.020964795069386793,0.027910274092634062,0.03049742049474598,0.018389121670005275,0.0157199398105141,0.0157199398105141,0.0157199398105141,0.01997140440478914,0.0157199398105141,0.018512581523427624,0.01997140440478914,0.0287426893714876,0.040560472274616746,0.026804085895749563
0.7093053524386563,0.7080348192110258,0.740950915064851,,0.600026311344464,0.14750370866953927,0.4162462646697784,0.4165283529533692,0.4104015456849893,0.41927324400529214,0.43269671564780765,0.42227869920711003,0.4302363220356573,0.42135930734803667,0.41776139770163695,0.41505465947788067,0.41367107089633753,0.582529160948384,0.12291249583355703,0.5842655528006867,0.6295279318601011,0.7106871484739838,0.7082904460289122,0.5820329853024366,0.5835972691857977,0.5833975072460441,0.7186752915667994,0.7072127805623709,0.70800829053485,0.5185491869470045,0.5213132671417995,0.5250526149313743,0.41464790734036394,0.41304729278688496,0.41243823354227993,0.5074371709358553,0.5158329894814776,0.5066965225011028,0.41929115072544454,0.41673937236633646,0.5155094896504527,0.5195001267800892,0.4232849738477796,0.4251193670869931,0.4308295891349729,0.4194055110772828,0.41767908890212474,0.4257233240624602,0.4214727641905315,0.42129019058681844,0.4138835017283369,0.159350482064589,0.41112804592950414,0.4118973763555733,0.41770941095637526,0.4201493771360205,0.41285384645241197,0.41279638446182554,0.4091274476814599,0.4096748209047202,0.41410716630241806,0.411789421268968,0.41836501880993066,0.4136952380319512,0.4160553758453422,0.41096801012559475,0.4118187970036004,0.4171868580891908,0.4142599426185289,0.41459116928074585,0.04712706072902127,0.06000096363395551,0.05931780661639424,0.07497277218089982,0.04387791760830954,0.05860928797341322,0.06463272910041008,0.056896664126648656,0.07793971993212205,0.06409966418661749,0.04338535677333263,0.054520816595580404,0.04821093907277206,0.05264723321245148,0.04828066173450501,0.04364420615273072,0.04364420615273072,0.041074742134805955,0.05297393639907679,0.05279940025938945,0.06420879401711273,0.06911153500143412,0.04232990406726641,0.054917805846216236,0.05993973175220574,0.04496752105410881,0.051883731836133554,0.04565410021786872,0.0466720634756525,0.043854566627383164,0.05086728580915777,0.04633084882849562,0.08681084232155548,0.08024329017987902,0.07309498607094943,0.06482689240105705,0.06259912225565942,0.050539260334444516,0.12922407335481959,0.09273943573401482,0.0761658427819465,0.045579080257870844,0.05515639168203113,0.06983625433932636,0.050451768352692355,0.05428459535451641,0.04168974272357777,0.05049161464462958,0.041361186628471124,0.05014207536924662,0.05014207536924662,0.05014207536924662,0.04163181096622828,0.05014207536924662,0.04231237445507044,0.04163181096622828,0.04098095885970981,0.047887365726276436,0.04349077980378599
0.7110085143192585,0.70729314289193,0.7357591599668899,0.600026311344464,,0.27444839636077895,0.6254581415341698,0.628217069992923,0.6271159971339064,0.6278055486875471,0.4308082026106377,0.5085467238965758,0.5294950646728472,0.4838539440673055,0.5034865651298596,0.502958936970688,0.4111218969906626,0.7096544399711346,0.3207870274641847,0.5795038848597772,0.6461483560905443,0.7076829720068211,0.7097934375353134,0.752583796377621,0.6861510731384008,0.7121072013400428,0.7142924003037017,0.7077269943869057,0.7085718719217752,0.5130736726220056,0.5115052368673823,0.516075995294409,0.41055963214397745,0.5796481957030669,0.4139979012077299,0.509438023408325,0.5119598421597911,0.5045102564642316,0.5815812863293272,0.5787168155159024,0.5109504678193729,0.5139595625092678,0.6292169340650248,0.71124818852828,0.7174983451535575,0.6281451626600433,0.5856059589969285,0.7167067073647925,0.7117246718121805,0.7093094922857504,0.708328099356,0.09943295410650967,0.6237114617983077,0.7092594762256051,0.7102568965654534,0.7136786232949349,0.7073407871633057,0.7080026954435746,0.7071303990607626,0.7071926334378339,0.5870071446443684,0.7092054139750986,0.5829622045611016,0.6277958465410126,0.7113498312096098,0.7082252810917932,0.6279726455077679,0.7105087277197196,0.7094512093838873,0.7129451584906268,0.4084870242604708,0.4116214250341451,0.47247956795311274,0.5776140351605739,0.4718721422839072,0.47208289697556716,0.5777274934662826,0.4092155864495613,0.47396035285591603,0.4713985462562206,0.5777435518493589,0.4096268138277781,0.40825676261462035,0.40925469435259476,0.4089216066232032,0.40911939327422664,0.40811968869260185,0.4084095158215148,0.40838484930105956,0.4082310409126997,0.29026277787115173,0.41072551003579455,0.408123932625786,0.40859772084438284,0.2895267783112696,0.4105910560736444,0.4086971907387625,0.41143198654516105,0.40840655211439525,0.4086794084602163,0.009169701231378316,0.4081887930138912,0.5822018810784165,0.4781493375001059,0.5791342517732408,0.5813702549642208,0.5822883607549698,0.5782269832636813,0.13670326174696884,0.42222718277828086,0.47622652146512023,0.5780603465720422,0.5802667932141256,0.4761986398060852,0.4098160370443977,0.40826509715875386,0.40819380153321155,0.4084699212433488,0.4084228698013886,0.49984043524960875,0.49984043524960875,0.49984043524960875,0.40836809972978855,0.49984043524960875,0.4081188464592743,0.4083944969127284,0.4081860733238765,0.23755400757377057,0.10191961704726582
0.15793237893522635,0.1072138732291963,0.14993081563931876,0.14750370866953927,0.27444839636077895,,0.4296144261572238,0.4324567397919063,0.4231318520854847,0.4195634201006634,0.16240218934377035,0.5061301920292103,0.49831032001471015,0.42249659169735515,0.4915345782885638,0.4917415896032183,0.3566606874905566,0.3461768008079842,0.6232284574436565,0.09219650108122662,0.25245391209284895,0.12615648559900586,0.14169269700536832,0.26180831742652966,0.3329024353656222,0.3621015912079219,0.11359926689481557,0.10649035037018328,0.11758267065738108,0.2029419399753521,0.17887077659509315,0.18393470438668938,0.1418455251755229,0.3635266784788027,0.13870040860325963,0.17020365513962324,0.20117710387441534,0.18688638578045716,0.3605318117427999,0.3561399003266041,0.20216576715609022,0.17620952009553106,0.4107389272450089,0.29370934323078635,0.2971786132381598,0.2580658179680935,0.3653528709215146,0.3047185465199242,0.27757120124401846,0.2768470070732446,0.2728550669152835,0.09686688788373846,0.23412934706664038,0.27622574650312937,0.2846251657208697,0.2795270401441422,0.27339716942682896,0.27229866950321924,0.2736172370494636,0.27158443830793794,0.1607806917134343,0.27175032844952657,0.356583552049409,0.2506234373596698,0.2746850077198979,0.2733004422874959,0.23912317037248684,0.278105010714008,0.275125085882526,0.27522337298399563,0.3556620244249847,0.356872534980787,0.2331565609133638,0.27371570417974633,0.4072858506170363,0.4061477774769356,0.27167448483437273,0.35814028163746814,0.2364961544803311,0.4059640495120524,0.2722893083083812,0.35734789960881663,0.3541193846482367,0.35541297130318994,0.3547089709156378,0.3551268874581627,0.354130023940535,0.354130023940535,0.3597549169536018,0.3543083517911098,0.27009869496842953,0.3573370389845821,0.35434909456866254,0.355980572834043,0.2643247069095853,0.35695236807822095,0.3542852925238339,0.35507926886952496,0.3563011312126279,0.3541913090771056,0.148628069739859,0.3542671464297786,0.27247943299332084,0.4087641006813012,0.2746224739277602,0.2751866798677326,0.27543965913973717,0.27446781148244354,0.17991115798409538,0.36074134970967425,0.2520774282839662,0.27171727518139904,0.27204909291482327,0.40751272867816746,0.361462708386499,0.35520065459692607,0.3541564822951349,0.3070495599185337,0.35539090741165336,0.4336588768101343,0.4336588768101343,0.4336588768101343,0.3544751567652491,0.4336588768101343,0.3541054763476497,0.3544751567652491,0.3542722515329873,0.23402364042852333,0.11062841799717223
0.5060158452576079,0.4999417930916325,0.5065842711435704,0.4162462646697784,0.6254581415341698,0.4296144261572238,,0.8257467285523559,0.8205337286466059,0.8223841561987372,0.5840210235152269,0.7546172074138361,0.7516811329829942,0.7055368220439042,0.7459764493623136,0.7474820483443761,0.6705588933687224,0.5272124709546134,0.2695375735789892,0.4127699716828266,0.47245202050800783,0.5005229416701498,0.5051072876770167,0.6184885465265704,0.635279058756208,0.6810694026723978,0.5049037081490504,0.5002583875029857,0.5034729198114365,0.715400453722407,0.7112912127795487,0.7124933670747624,0.5822335255798867,0.669406536900389,0.5809342959419556,0.711932977954611,0.7156109924423757,0.7112937268719649,0.6705684289535159,0.6705821462873051,0.7163187912678375,0.7102657556619094,0.8201965599279754,0.7523084888318231,0.7483328340790312,0.7017570213341868,0.6706521550944136,0.7512666220864346,0.7485137250806121,0.7469027316583682,0.7459919434811422,0.11326737650324264,0.6947199639410053,0.747642947693049,0.7502967113108573,0.7503378682855266,0.7471710757522366,0.7478614341825015,0.7456424058421889,0.7457983735793148,0.6690762149505403,0.7460357958495926,0.6679360233146936,0.6941467242978119,0.7461939373830748,0.7486298773130252,0.6962247041500841,0.7487163624459892,0.7468815668495401,0.7468574745411666,0.442687321880312,0.44270176645944637,0.4816930679758009,0.5536115963084431,0.6455939932127056,0.6471394022035443,0.55263704139539,0.5780956197527303,0.48383102820055646,0.6477600611068126,0.5526312870076342,0.44377555669740126,0.4406103445726784,0.44704649944206953,0.4409674115037762,0.4412979078268778,0.4412979078268778,0.44078721898737633,0.44364810820442274,0.4418366018971221,0.3746302393123034,0.4454311252908935,0.4406210134247277,0.4420173836014857,0.37476877304783407,0.446814545357907,0.4406732068062573,0.4423439571474176,0.44451903779057605,0.44257226113649356,0.35337284715168066,0.4432636495079588,0.5547969802542546,0.648815756779207,0.5556196723966708,0.5558055761997437,0.5539326188008125,0.5532054215969976,0.365583019651833,0.4464708472908207,0.4851471701835079,0.5528288727037407,0.5529661921865826,0.6472395836776799,0.4454604202322994,0.4423274038992313,0.44073516095110526,0.44075992346806514,0.44058412268134883,0.5395973016019349,0.5395973016019349,0.5395973016019349,0.4406312274830935,0.5395973016019349,0.4409383135125898,0.4406312274830935,0.4410114712466382,0.35283062738103144,0.3003089007546795
0.5057633435648868,0.5000944604881803,0.51378009407923,0.4165283529533692,0.628217069992923,0.4324567397919063,0.8257467285523559,,0.8229209351251155,0.8233071389487292,0.5930688620208023,0.7649442915505741,0.7555465971158009,0.7023938010913866,0.7485329251375518,0.7510173497638077,0.6709685974791282,0.5302841229093649,0.2745905769394661,0.4171112244420289,0.47602777676135993,0.5074895942159978,0.5021607686192043,0.6170387415738364,0.6395293513317591,0.6845940484755745,0.5159920204351428,0.5004053658283367,0.5007959351197165,0.7190091353394992,0.7154289128906182,0.7216148910895552,0.5794284511382373,0.6688026924460211,0.5821273127690532,0.7139213722073215,0.717375208176915,0.7110038569768528,0.6703652813895405,0.6718672930868073,0.7163130631136758,0.7147982978581349,0.8209378709926605,0.755920508601268,0.7519225875815574,0.6999269757201665,0.6709853034089901,0.7543550359045336,0.7499316567684792,0.7462779281266908,0.7458021106226701,0.12635795592248433,0.6948019040686721,0.7469753701236554,0.746322325604973,0.747875619975417,0.7490203681182992,0.7462253665227472,0.7452631539490554,0.7454061075520888,0.669954340652314,0.7479628994718068,0.6687707976269912,0.6950744577482244,0.7463834609734419,0.7477302391444444,0.6965301408647763,0.7493323157734156,0.7482431567962509,0.7482045901936378,0.4430541653198166,0.4448268544043949,0.48379142335230774,0.5555628112402191,0.6460761391458207,0.6463626514016381,0.5543967337626717,0.581937273880563,0.4863414139715657,0.6468824697146971,0.5525322231160094,0.44079993774834025,0.44122818868298086,0.44067719646635994,0.4420806541990996,0.44068667237518006,0.44068667237518006,0.4411856154840841,0.440959509069021,0.4406432620896945,0.374836071546446,0.44174026955694673,0.440831344157794,0.4412233712679261,0.372550254261323,0.4409620747019852,0.4406573927718146,0.44075399492973394,0.4410143179283741,0.44064714424969836,0.35377884054891157,0.44083728826179486,0.5572716350462549,0.6471651510798373,0.5548325503060662,0.5527819295373549,0.5533762680455624,0.5559656139494088,0.3718038920273671,0.44782813713582725,0.4871759268913507,0.552817976314925,0.5539272693002847,0.6457754167210698,0.44123964608559185,0.4407021794646506,0.44108521529667527,0.44078983282368606,0.4406639988620826,0.5396584894692351,0.5396584894692351,0.5396584894692351,0.44078113622297205,0.5396584894692351,0.44065795594553875,0.44078113622297205,0.44080454673700187,0.3466160210905934,0.2994447387986391
0.505760328034701,0.5000126641215367,0.5061666103823427,0.4104015456849893,0.6271159971339064,0.4231318520854847,0.8205337286466059,0.8229209351251155,,0.8195561628644908,0.5823082849318235,0.7530660756774475,0.750376231762611,0.6978249952953561,0.7462738422443156,0.7455199304123611,0.667638194312974,0.5272462402281106,0.2569512417970103,0.4092160594939808,0.47173137671276266,0.5016332729329888,0.5023555514374054,0.6166564524904002,0.633670308197507,0.6779378688413122,0.5026119359517163,0.5004053671820383,0.5018945577261933,0.7097408434123041,0.7076249803693047,0.7089931618449371,0.5810089866481315,0.6677456706204282,0.578384500039818,0.7112601544304621,0.7087545227105846,0.7097688354272762,0.6672216077841158,0.6675199916350686,0.709855055980191,0.7088102077082757,0.8185447687945088,0.7474025808201992,0.7473769395659019,0.6958541130550768,0.6668550411713495,0.7487700024128067,0.7456497579588526,0.7454274229412599,0.7452637596116705,0.09236634049138008,0.6937634793463002,0.7453416955040402,0.7452831984389255,0.746187987670316,0.7452647217589027,0.7455125188330372,0.7452663938023505,0.745386345443534,0.6667759306904444,0.7452799877463567,0.6666987489403896,0.6939776535136644,0.7454904274371865,0.7457907411124198,0.6943997970052325,0.7453900674758224,0.7455375393702701,0.7453220787298372,0.4409371738742195,0.4413513045594011,0.4809639137463494,0.552619019346357,0.6457936832314878,0.6455882106523203,0.5527375054122486,0.582017313312204,0.4825981035821324,0.6457581184759532,0.5526304070341098,0.44078213769076874,0.44083969422664865,0.44075726535160553,0.44094995918591684,0.4406805652360319,0.44090961318299327,0.44090961318299327,0.4413492186426222,0.4412567646285857,0.3730805748033279,0.4409055334909079,0.44073908574499865,0.4408611423504871,0.3723969791705638,0.4411005099055731,0.44131553940058976,0.4407902899151013,0.44082527776919045,0.4410132493035945,0.35386629964127164,0.44153773285989567,0.5527903263653828,0.6473310379653362,0.5526374383607698,0.5527375128430879,0.5528035071704774,0.5526258467212886,0.3557434673424409,0.4412584329136124,0.484300580353668,0.5527239255899793,0.5527543924263276,0.6454739106250444,0.4417780761682268,0.441055092919398,0.4414343798392498,0.4410209452500743,0.440683361117227,0.5397195632786421,0.5397195632786421,0.5397195632786421,0.44091566442359925,0.5397195632786421,0.4411824654569758,0.4409307316418131,0.4410979093575015,0.3473741412832907,0.29909399241243734
0.5059745304780409,0.49994935432544435,0.5124772723593073,0.41927324400529214,0.6278055486875471,0.4195634201006634,0.8223841561987372,0.8233071389487292,0.8195561628644908,,0.5877679730891008,0.7533766366728696,0.7518537991305979,0.6999384136142709,0.7538103528267613,0.7536097193748628,0.6863999062930518,0.5282060934427826,0.27328901386484233,0.411389012454352,0.4734653386486458,0.5028367600064485,0.5058516224868208,0.62111610117392,0.6399270187455529,0.6888692245390589,0.5103613542738048,0.500521123304999,0.5022712024245335,0.7185880408476526,0.7199855551589283,0.7184561858413051,0.5854225009839622,0.675918255852364,0.5833411295247926,0.7157815562420139,0.7191145590243905,0.7145754689706176,0.6780915325486004,0.6720969832712883,0.719579015898233,0.7166232747558892,0.8236944591684103,0.7534085712356652,0.7526325761476577,0.7007504773330063,0.6713163589974152,0.7538487093563652,0.7516969117515363,0.7480302165622211,0.7484078491580322,0.15273698482123765,0.6957197429546679,0.7520626046654706,0.7534828569665697,0.7521306837715689,0.7515644395866209,0.751107708560383,0.7455938266704347,0.7474195448866725,0.6691863458492489,0.7470100722964527,0.6701369650813241,0.6966755905135616,0.7472130225961349,0.7461718027545562,0.695603027862575,0.7476356335588364,0.7474952151217417,0.7481036680920672,0.44171547743583195,0.44595311796732723,0.48208525897808274,0.5529246438378408,0.6454280056272045,0.6458844018270373,0.5527776047191166,0.5789107419372932,0.4846756864102255,0.6504178910790474,0.5526927366850792,0.442085337662742,0.44191915790738556,0.44228775378967117,0.4418579652382081,0.44089138999179195,0.44089138999179195,0.4409755043658915,0.4424724467288775,0.44134183660814563,0.3779102701537985,0.4432196663797737,0.4413163457719378,0.44099664455146226,0.3735894515118068,0.4438763922976256,0.4408309935084648,0.4425074672634229,0.4437826147258813,0.44115998589302874,0.35346355286844694,0.4426947194960546,0.5548403895515918,0.6494043772247308,0.5559309141812254,0.5538432004025572,0.5539081011793439,0.5533155642581139,0.36519730331836847,0.4487958029404338,0.49025741977547843,0.5546321816911195,0.5532483318653298,0.647619084292754,0.44915508112988656,0.44129407943255966,0.4408161431572476,0.4414273382634529,0.44066999108590565,0.5396114532114582,0.5396114532114582,0.5396114532114582,0.4406659015936127,0.5396114532114582,0.4407409804058979,0.4406659015936127,0.4409667210539971,0.35676716714160484,0.29955719487066323
0.5051856177607544,0.5007924649228928,0.5233056389500538,0.43269671564780765,0.4308082026106377,0.16240218934377035,0.5840210235152269,0.5930688620208023,0.5823082849318235,0.5877679730891008,,0.5953658869790529,0.592701929952515,0.5845827529515464,0.5871367738430324,0.5888374855444245,0.5839479818782755,0.42054301181780324,0.12187936033271377,0.41937805028648173,0.4232997820249946,0.508069532702965,0.5047599593525898,0.48264038682354987,0.4625688924701015,0.4662676867238627,0.5239953810061591,0.5004057247859035,0.5008959121645108,0.7348321954697139,0.732907682833257,0.7446102666239358,0.5820106163457698,0.5810193575084053,0.58378807553641,0.721208983984943,0.7309368165229624,0.7124972125566337,0.5928807038009286,0.5883971492538145,0.723016233616081,0.7288276620906687,0.5892485244399864,0.595167813670052,0.5988820450875325,0.5892155948490188,0.5898080352073102,0.5946199971958153,0.5892777898097069,0.5814545053645105,0.5806246176771253,0.1907406795343103,0.5792908120918598,0.5805337699255553,0.5824282451369718,0.5833308005648521,0.5796470512521257,0.5809515789390235,0.5783404239108879,0.5792823279658731,0.5863838198175335,0.5836849828548848,0.5868502005169225,0.5796033008858384,0.5827727613872369,0.5835882816653142,0.5820953502783197,0.5892105182121572,0.5866476640864359,0.5864348642854433,0.2969234430084668,0.30973271432367694,0.296364665056616,0.2987881865103493,0.29180503948575776,0.3049108156154727,0.29513634729522664,0.29679124230851456,0.306420276812037,0.293972597694543,0.2910217619597683,0.29340252236756414,0.28949492593138604,0.29251941279202015,0.28978825453112717,0.28969217156320637,0.28969217156320637,0.28969217156320637,0.29159336651765105,0.289490011347979,0.2905196970728948,0.2915414078042148,0.2905979350580681,0.29030961406859895,0.29008335320099166,0.29259868882158435,0.2914581095777216,0.29187564692244927,0.29000685814465194,0.29031717763963544,0.3548758952948585,0.28979121197081603,0.3032853558791894,0.3048809402109399,0.29465103742191573,0.29789712699342386,0.2986136105481202,0.2966749575524454,0.39516307351355345,0.3109030688766141,0.29661883909109904,0.29429328997649473,0.2962995442650442,0.2987346154167182,0.2905983101889469,0.2901645989368448,0.28976468733134114,0.2903036142659049,0.28975493954309256,0.35435830359220916,0.35435830359220916,0.35435830359220916,0.2894763442063123,0.35435830359220916,0.29123831025729047,0.2902862778190087,0.2902801523929003,0.2900261086695222,0.2897619070409802
0.5038079273575605,0.5016219299638551,0.514366812995387,0.42227869920711003,0.5085467238965758,0.5061301920292103,0.7546172074138361,0.7649442915505741,0.7530660756774475,0.7533766366728696,0.5953658869790529,,0.8287781989275425,0.7561754577876085,0.8216318806420416,0.8212189330857473,0.7121768437247413,0.5790004099905232,0.3137356032741658,0.411521218084666,0.5088408985035349,0.5027243378733222,0.5088155315296391,0.5403432531399267,0.5848895568096882,0.6222532957562044,0.5107641827421652,0.5011156078252426,0.5035900854192092,0.7348086034230246,0.7208468797312304,0.7197602704585645,0.5834597346555115,0.7131270535847717,0.5849231860898289,0.7189523154365729,0.7256433081409631,0.7181904670853119,0.715119357594447,0.7123298700924146,0.7273116575000107,0.7166735830520417,0.7512373307046818,0.6718642154503031,0.6635514990787452,0.6403247017922378,0.7159866931560949,0.6674668260760582,0.6562115560726832,0.6486843459723636,0.6510894746607236,0.19625242893225112,0.6270051224627711,0.6519774708047572,0.6568577790679146,0.6559213467882219,0.6481909233489548,0.6491905638319067,0.6465932505613812,0.647741085766877,0.5851975608437867,0.6486003359583401,0.7110900635964319,0.6274959647248444,0.6501796938223324,0.6480003261607147,0.6302241397374096,0.6524789061125068,0.6504141302622665,0.649923470020161,0.4999137061918538,0.5021781652072568,0.3753183684120407,0.4088030669185318,0.5531745073625964,0.5543634802297327,0.40843938850256567,0.5037505985465768,0.37839938685840363,0.5546843682996777,0.40795213742340686,0.5012102434264857,0.5001696067275159,0.50189410172285,0.4999601549244521,0.4997890461590138,0.5002037026167991,0.4998245678422838,0.5093945749127381,0.5033075591946098,0.41393543374152686,0.5037481101551117,0.5001466945165427,0.5012000053153451,0.4104688690676507,0.5042504937890226,0.5010026614086098,0.5006956462336557,0.5038599031353762,0.5006350531767612,0.35712102655352407,0.5029910900715635,0.4135612155124336,0.5575769161753817,0.4118145906763915,0.4131290343844149,0.41112285986881153,0.40953583155962614,0.3788878205986904,0.5104457243705848,0.3951499356867355,0.41117720375721795,0.40899072894251803,0.5547541562002054,0.5083444498878044,0.5032216799439394,0.49994865461079524,0.500876481049131,0.5001366147238828,0.6120644816530757,0.6120644816530757,0.6120644816530757,0.5000779614792977,0.6120644816530757,0.5004075733416423,0.5000779614792977,0.499749375858679,0.3835577501650551,0.2940563422801276
0.5039665291992482,0.5002072827523562,0.523800282282238,0.4302363220356573,0.5294950646728472,0.49831032001471015,0.7516811329829942,0.7555465971158009,0.750376231762611,0.7518537991305979,0.592701929952515,0.8287781989275425,,0.7649954335485909,0.8207270582939739,0.8215106810246529,0.7103414223558502,0.5790179802972303,0.3119315110478001,0.4132200210947824,0.502709238814062,0.5023357432623782,0.5050812494165396,0.5359311307191064,0.585985819841337,0.6186256325572174,0.5102495346585024,0.5006211767296443,0.5023250574902405,0.7191821694689776,0.7222961964851708,0.7237372155034658,0.5801624680102008,0.7096922921279789,0.5835921431667388,0.7153143699502811,0.7172980592507114,0.7124784883289828,0.7111899950412104,0.7104062432818629,0.7182437415264075,0.7224265816695066,0.752809925230548,0.6575058377423175,0.6638823314956995,0.629739012056664,0.7120188281712571,0.6597379939793594,0.6542047776793972,0.6496209766676283,0.6467764416679367,0.14674875440826168,0.6235277477551417,0.648353614631828,0.6500483629501103,0.6564962489308087,0.6473066698631129,0.6467353363999342,0.6466341532074702,0.6458952978408523,0.5866388025353111,0.6489403545003932,0.7109686000256427,0.6300502199163184,0.6524178882924698,0.6490827703733223,0.631700832844853,0.6508717870078774,0.6480544895535489,0.6497830998880073,0.49987286793922947,0.5028452673124764,0.37290389803512847,0.407961036829019,0.5526925751425168,0.5537625292777141,0.412447678708149,0.5031129145680692,0.38291456172042515,0.5545262629312153,0.40789250429174606,0.5018680579733011,0.4997308998816499,0.5012619039938733,0.5004480776756265,0.5000569934688105,0.4997250504003198,0.5000569934688105,0.5007931654931514,0.49976048330763895,0.41077449207228145,0.5011614618245167,0.4998100787304272,0.4998162908613724,0.40806444821059384,0.5002626295483836,0.500135405653021,0.5001392116395635,0.5004783254516049,0.49980142105357417,0.35323694117590027,0.5008853595226471,0.41558668850507907,0.5572912454623908,0.4155456355290199,0.4113699940394659,0.4131367971569705,0.41052562074589394,0.3770176730207455,0.5079337412655521,0.38657743088456936,0.4100377610882981,0.4111554542222417,0.5544927547679459,0.5002190408378431,0.49982461308020315,0.49972971837407487,0.50028011167392,0.5002230061163323,0.6120300763728015,0.6120300763728015,0.6120300763728015,0.499804455752988,0.6120300763728015,0.49982309004968095,0.499804455752988,0.4997970022659148,0.37509129504540417,0.29419766269796077
0.5037418131364939,0.5000176688072882,0.5157658790640387,0.42135930734803667,0.4838539440673055,0.42249659169735515,0.7055368220439042,0.7023938010913866,0.6978249952953561,0.6999384136142709,0.5845827529515464,0.7561754577876085,0.7649954335485909,,0.7481179070591844,0.7477434504594677,0.6714300912183345,0.5277296055710945,0.2600057685288826,0.41019716836086717,0.47523478649169976,0.5007685335941072,0.5059423073501368,0.5203518435672844,0.5427958801705414,0.5783872862371642,0.5108410874288221,0.5006051344617245,0.5022662006477293,0.722769436140158,0.719297377722602,0.7208073730517098,0.5805623433889667,0.6701275579651389,0.5838094112577136,0.7159689128242024,0.7208673750227554,0.7139521355174863,0.6749985718540688,0.6707791052379535,0.7196233667596224,0.7195153052408177,0.7041722778850545,0.636455640119319,0.6491410917452873,0.619138475788983,0.6720325738223336,0.6366928928009813,0.6308163722742929,0.6277248897982757,0.6273311050437019,0.15281098617940408,0.6095580035388495,0.6284023866342175,0.6309569867551599,0.6378339068288404,0.6250789238449825,0.6251083759419226,0.62424626975494,0.6261784550229671,0.5802810363788815,0.6257465489728762,0.667649858493204,0.6128460931234649,0.6278459923361106,0.6268915328401671,0.6139064325652105,0.629659681157984,0.6263919133743971,0.6286953594013704,0.4412350929266798,0.44530759857800295,0.3472255408715281,0.37238508901247147,0.4821995531222031,0.48437454714200495,0.3755291403589273,0.44302088322697447,0.35156668255184226,0.48133403928863633,0.37467984016795225,0.44422534877356984,0.4431928972993316,0.44154660367458637,0.44219574528570893,0.4406083367310384,0.44082835468705883,0.4406083367310384,0.44217800177144045,0.44097106941253184,0.3776340736094795,0.4446281670007628,0.44200847424233863,0.44157661646908214,0.3750714927211733,0.4427989737640689,0.44141336587558927,0.442138594452182,0.44308226290060726,0.44063980832893324,0.3556268100310077,0.4418726106325765,0.37459563328706685,0.483122179669818,0.373674188928074,0.3754037754739667,0.3741753437311584,0.3752298291920452,0.37026697643105516,0.4477189137747908,0.36328522385146594,0.37315440453243987,0.37286315759010946,0.4817780376542285,0.4443253147985687,0.44083231884305335,0.4406115998062838,0.4412278253205867,0.4406412789507941,0.5396247736427358,0.5396247736427358,0.5396247736427358,0.44121785455553136,0.5396247736427358,0.44071493734209116,0.44121785455553136,0.4406848782929283,0.3510598310984576,0.29181516135504443
0.5049433713131635,0.5001553918929071,0.5076364632146407,0.41776139770163695,0.5034865651298596,0.4915345782885638,0.7459764493623136,0.7485329251375518,0.7462738422443156,0.7538103528267613,0.5871367738430324,0.8216318806420416,0.8207270582939739,0.7481179070591844,,0.8282022759743433,0.7138390387620872,0.5806214348084625,0.3275739393422439,0.42418229465280005,0.5052811299217326,0.5058599778328138,0.5055865555966467,0.5311541758897833,0.5783936091497883,0.6137187783228323,0.5086555318252143,0.5000179387723115,0.5024618924421085,0.7205395209008233,0.7155486119233195,0.7196606870075728,0.5794700217406064,0.7110749942579747,0.586747390506515,0.7189163915093872,0.717002365786084,0.7105007265957172,0.7136593176659165,0.7109656348124276,0.7188396289012885,0.7225329116680291,0.752966743471165,0.6528278860873639,0.6524245741475765,0.6278094043985929,0.7096105445465042,0.6483239131024064,0.6554932120391259,0.6482283135805541,0.6475135437266427,0.17810175690622457,0.6274442466612501,0.6479942797635048,0.6481369463583789,0.6485179342272867,0.6456100355988891,0.6468994462913772,0.6453888287223083,0.6461652942532572,0.5795712609892442,0.6479928992691518,0.7095272671164164,0.6250091073835151,0.6471371587028868,0.645999107803918,0.6255786504294074,0.6471988904343308,0.6464886153264083,0.6471323002144403,0.5016711168502546,0.5032874667064694,0.3730905397315913,0.40976951027743974,0.553655760615151,0.55305318129782,0.40916618103569863,0.5013510892900195,0.37698099387688866,0.5528202506674345,0.40785052597592664,0.5003711227978433,0.49981832863154946,0.5001550007992399,0.49985865495778087,0.49995051750796177,0.49995051750796177,0.49995051750796177,0.4998179303467532,0.49979593014345364,0.408728711857146,0.49976583076765324,0.5000964145667085,0.5007679225781853,0.4082523231434139,0.4997415665017572,0.4997214321055207,0.5012391584608883,0.4997721842823402,0.5015284607474744,0.35471643826317606,0.4997639741201159,0.40978718917213874,0.5566279465783825,0.4088250632035878,0.4083359076574804,0.4090590046155978,0.4083770275439357,0.37157386400836656,0.5039919780104813,0.3794560897717873,0.4078559237064781,0.4089299445881878,0.5533366806344101,0.5002618601419234,0.5001592092275398,0.49975846624776166,0.500524931444135,0.4997518050310629,0.6120156116091345,0.6120156116091345,0.6120156116091345,0.49976901437187377,0.6120156116091345,0.4999075471024784,0.49976901437187377,0.4997116053621596,0.3723912360563354,0.292320723966715
0.5038221913271294,0.5019236221711377,0.5111701754313834,0.41505465947788067,0.502958936970688,0.4917415896032183,0.7474820483443761,0.7510173497638077,0.7455199304123611,0.7536097193748628,0.5888374855444245,0.8212189330857473,0.8215106810246529,0.7477434504594677,0.8282022759743433,,0.7141795579882765,0.5868053790601532,0.33352114286154505,0.43605336649300175,0.509144367987399,0.5102201183345856,0.5027709122441469,0.532022433866283,0.5838766519551376,0.619370696405325,0.5157176750681115,0.5000467414993219,0.5006870342828735,0.7159841934417969,0.7164337325119813,0.7190324601117349,0.5806762515008191,0.7111767766095779,0.5817093347195684,0.7140755145020949,0.7219926962812337,0.7092561648417263,0.7123031201220263,0.70992305125989,0.7199190488431282,0.7189964620046239,0.7529653631118268,0.6534203058259115,0.6539053610289428,0.6289171788312782,0.7116564648103961,0.6543156108720112,0.6510097957104558,0.647682578662078,0.6477433980203152,0.1422745078779308,0.6262560348380536,0.6504529167190711,0.6478030394361329,0.6478273719523898,0.645919183232702,0.6469425233825737,0.6453576479605221,0.645457575926497,0.5821094551243092,0.6471692656274258,0.7078271837656378,0.6256523121469888,0.6482973702466527,0.6489233356182991,0.6264112625593607,0.6484029513930543,0.6486616840384835,0.6473578450853644,0.4998243047380082,0.5006981877463113,0.3748633215742149,0.4080287617278501,0.5529376127862113,0.5529150376224391,0.40948900196020843,0.5013804360519336,0.3745707446325532,0.552558041519142,0.40812836046253975,0.4998592299726342,0.499755025990675,0.4997251639708016,0.5006342698397226,0.49989025661374914,0.49989025661374914,0.4997320564877507,0.4997364728751796,0.49989535052023043,0.4083167549913251,0.4997463865178075,0.4997309008337256,0.499771011689542,0.4078068575772442,0.5001026634031991,0.500267068488238,0.49980555418721667,0.4998756637933556,0.49971634026979733,0.35317231861194215,0.49979258735594534,0.4088302968320492,0.5546772053043791,0.4095174556712696,0.4090527113235513,0.4084404453876298,0.41040169268053067,0.36479307686933937,0.5029928939251478,0.3759099472515772,0.40793690317933434,0.40817460227998803,0.5526499183248782,0.5003003575367717,0.4997178124027269,0.4998069744985211,0.4998537963882504,0.49986536331901865,0.6120074263776843,0.6120074263776843,0.6120074263776843,0.49974895827879967,0.6120074263776843,0.49979600150336895,0.49974895827879967,0.49970589449529473,0.373575866843374,0.29268581056797316
0.5042510493663763,0.500282476044834,0.5036310455430557,0.41367107089633753,0.4111218969906626,0.3566606874905566,0.6705588933687224,0.6709685974791282,0.667638194312974,0.6863999062930518,0.5839479818782755,0.7121768437247413,0.7103414223558502,0.6714300912183345,0.7138390387620872,0.7141795579882765,,0.4125364225903404,0.11408223354148507,0.41492977781385426,0.4128720262539545,0.5036641621725357,0.5036792164874447,0.47692198231305305,0.5197717906836065,0.5480369386854492,0.5038041041609934,0.4999269857042672,0.500676200721712,0.7117702526037998,0.7155386594649352,0.7145689618381015,0.5855195418626818,0.5878250062271904,0.5827103004935812,0.7132370662435676,0.721046275568003,0.7119207789819189,0.5835132527618484,0.5810743220417555,0.7138080044329921,0.7202780444022469,0.6772029459123501,0.5837144470168301,0.5858940124270564,0.5803362189521402,0.5818009532328117,0.5812482843660955,0.583903351074697,0.5796874523954053,0.5812162239981118,0.12074340870581698,0.5807823754766673,0.581007624896533,0.582650954180329,0.583080043960662,0.5790720894763449,0.5840659708726251,0.5780274667091283,0.5828483157053518,0.5801904435428399,0.5799156784262146,0.5821098787089417,0.5800614605862184,0.5813042385597592,0.5798681457119573,0.5818710788783422,0.5790724023767201,0.5813439967913065,0.5814831405378064,0.2936203832632379,0.29439406343131413,0.2904465064968057,0.2911873910117626,0.44256809060782487,0.44252311116601206,0.29387947528900193,0.411862958922224,0.2902503410347169,0.4435923264925846,0.2893915859683892,0.29238575311475884,0.2905731909796394,0.29507595202318015,0.29060894958716493,0.2905835542348781,0.2905835542348781,0.2905835542348781,0.29391676709383935,0.2920987114642164,0.2947209351825055,0.2919486312036446,0.29046683933265965,0.29264392440965364,0.2924207188495071,0.2931679728977738,0.2906523869500494,0.2919615537121041,0.2960995321203128,0.29074367656821526,0.3532902603911074,0.2935554849592047,0.29361025077097813,0.44292423531693875,0.29264876920462957,0.29233529198384545,0.29156835705709383,0.29059200014211933,0.3617792240280831,0.2963493787904319,0.29561969010607103,0.293220447760632,0.2907474147771457,0.443241108864464,0.29328437514369815,0.2906703269031056,0.29076245820407187,0.2907186019463571,0.2908310785999087,0.35574021450523924,0.35574021450523924,0.35574021450523924,0.2905250490738702,0.35574021450523924,0.2946707840484708,0.2905250490738702,0.29138953933458445,0.296365843213965,0.28885646798357556
0.7106270384762994,0.7078981572106311,0.7165382108279107,0.582529160948384,0.7096544399711346,0.3461768008079842,0.5272124709546134,0.5302841229093649,0.5272462402281106,0.5282060934427826,0.42054301181780324,0.5790004099905232,0.5790179802972303,0.5277296055710945,0.5806214348084625,0.5868053790601532,0.4125364225903404,,0.43648976750782303,0.5904819269806432,0.7118663208582944,0.7277220591159107,0.7083676633907141,0.6696058139888538,0.6374091541622751,0.6484255836490093,0.7237421607981008,0.7088013167126477,0.7118700585144612,0.5055643642886195,0.5079717147610686,0.5068537304856466,0.4130858295804957,0.709472297783621,0.40916630075040394,0.5007308725481009,0.5039300808455804,0.5006060218039513,0.7078475477887707,0.7098244771804116,0.502241740002836,0.5066638392759544,0.5281641081457024,0.580423923246301,0.5807081633311413,0.5273682329788094,0.7086023067870891,0.5789731903449887,0.5813949160501127,0.5776187405077365,0.5775789921455475,0.11885575052520668,0.5272089801327918,0.577773048397342,0.5774828835195652,0.5794990958651811,0.5774895613026948,0.5778579738919793,0.5776768788293221,0.5777799390231458,0.41407076901784934,0.5815323656403588,0.7089809442906432,0.5281213251929495,0.5798706175904367,0.5782374241550772,0.5274670198376649,0.5810068619193193,0.5786750161031496,0.5814405209854087,0.5805154075173676,0.577878578965715,0.33653068894213045,0.41452379335568196,0.33443691524611524,0.33626776794069974,0.4116476056875367,0.29010036420025687,0.3356181139268354,0.33436898435037704,0.40835416781144446,0.5775304026631485,0.5779165687654513,0.5775472562103509,0.5774821679826878,0.5774748155143682,0.5777220743832902,0.5774748155143682,0.5788548088591733,0.5776424362739043,0.40846831762525637,0.5778122823598062,0.5776354701403102,0.5779549375348295,0.40835829799048945,0.577502153218705,0.5774916216641092,0.577616881684099,0.5789782569763587,0.5778270222945399,0.040973038904795374,0.5774807671274497,0.409242670073438,0.33433134612613846,0.41110861398595405,0.4089936365068471,0.4086158371572191,0.4095758791932094,0.07128324356402513,0.5796815421191595,0.33395923347249123,0.40838607278548833,0.4091177829125856,0.33576675002467377,0.5822608387828551,0.578711609435244,0.5776600300743491,0.5777220743832902,0.5774757817395869,0.7072587315346952,0.7072587315346952,0.7072587315346952,0.5775361610779404,0.7072587315346952,0.5785887928878101,0.5775361610779404,0.5774871815379496,0.337242274852626,0.07307169269941816
0.14585524154312415,0.10732986904562614,0.17249451320722312,0.12291249583355703,0.3207870274641847,0.6232284574436565,0.2695375735789892,0.2745905769394661,0.2569512417970103,0.27328901386484233,0.12187936033271377,0.3137356032741658,0.3119315110478001,0.2600057685288826,0.3275739393422439,0.33352114286154505,0.11408223354148507,0.43648976750782303,,0.16647567836619484,0.3087351028436489,0.17067647469198124,0.12345152008324356,0.27929088637370364,0.23229469400282785,0.2433721866560045,0.18075499993983807,0.11013087988968359,0.11062098938480136,0.1549763040824967,0.13480158888040011,0.1767793443871664,0.09375299338711494,0.4240900773261069,0.10214254400282646,0.13781175937038062,0.15428507000951844,0.11830089588945779,0.422917522058597,0.42076694124378194,0.16064462432663323,0.15534341069577207,0.2733584579063391,0.3204484038352784,0.33423317183865414,0.26732625103783747,0.42182719230239457,0.3207354268912553,0.3184966817127628,0.30799598018289764,0.30382753886342484,0.12755823633126465,0.2542957278134334,0.30906424422724876,0.3062304448571598,0.3149567808105854,0.30305358132819527,0.30756131868196723,0.30112190232441166,0.30324053124591266,0.12612066324963284,0.3154460713730524,0.41769060836002336,0.26944117876533147,0.30953888935028423,0.30970582307273226,0.2641420733539025,0.31012802089972036,0.31066451237936915,0.31441667797674794,0.41503570778830495,0.41624608386348,0.2566352577228153,0.3068493980311871,0.2479040767749355,0.25470387655191346,0.304385542709708,0.22848471080941993,0.25557970377623895,0.2530978894214351,0.3013045599716889,0.413482030577663,0.4127467416079165,0.413183382865257,0.41275766670994674,0.41256695447145575,0.4131766229166035,0.41256695447145575,0.41502683766931564,0.41259180060652084,0.2959119402459212,0.4145195231275886,0.41274109591223657,0.4127725447120064,0.2945826090258729,0.4143740099371958,0.41270534909048445,0.41322184240873056,0.413412492808502,0.4125464292366785,0.07573650292824989,0.41272017451948545,0.3052682995162358,0.2592626912738498,0.30456477625791345,0.30789391479422573,0.30398959808818043,0.30827005670077706,0.14413628723383082,0.4241358876739256,0.26700821645809425,0.3012152796028236,0.3022009474564721,0.2506578987862991,0.41335484481524065,0.4125346227072781,0.4127044356717747,0.4128878261810515,0.4129720263568519,0.5051336893658969,0.5051336893658969,0.5051336893658969,0.41262387104020304,0.5051336893658969,0.412477956409788,0.41262387104020304,0.412476677056874,0.24424621121855092,0.08606292267963403
0.7071345779438215,0.7077808240332011,0.7109839476433443,0.5842655528006867,0.5795038848597772,0.09219650108122662,0.4127699716828266,0.4171112244420289,0.4092160594939808,0.411389012454352,0.41937805028648173,0.411521218084666,0.4132200210947824,0.41019716836086717,0.42418229465280005,0.43605336649300175,0.41492977781385426,0.5904819269806432,0.16647567836619484,,0.5824439794184287,0.7278394288127507,0.7072419282551775,0.5806788187913454,0.5846379122093852,0.5845066030204004,0.7345390526065211,0.7117661943659287,0.7078445089011459,0.5050350718706946,0.5066309031937097,0.5101826373794704,0.4087499953127196,0.41289484146081634,0.41021966089758377,0.5038746166158082,0.5085107311341779,0.5000816912739422,0.4125701568308693,0.4132580133220028,0.5049522498347566,0.5031543798206412,0.41627109185033806,0.4139960694190514,0.41485628770289346,0.41034856907057304,0.41069290110636375,0.41152894056985523,0.4152609767401601,0.40828569962217676,0.40825542100939094,0.11301971770400844,0.40904293562319816,0.4086740335305626,0.40889462436548196,0.4084812681906251,0.40846457599578634,0.4083233922839992,0.4085758602373734,0.40826261233881517,0.4110399072006351,0.41239033763634836,0.41007159955316397,0.40896313609769097,0.41014167508725496,0.41148205844678803,0.4088422411861394,0.4104261093910258,0.41199468879739365,0.41136919847377373,0.06654263181653236,0.049394110283043934,0.06094475806719948,0.08258878099957807,0.04279331242023122,0.06392654020657565,0.04897474333660749,0.06208221437210542,0.04563053427389065,0.015956463473697252,0.011254802202132685,0.0149052619957621,0.026437844034612246,0.010727667909882652,0.008810173808212949,0.012235088777929627,0.012235088777929627,0.018360947466100185,0.030495983119412987,0.01270806813776613,0.014353354508632924,0.03633369754906912,0.008946809948449036,0.025930118316791567,0.013925983553272679,0.013295645819368622,0.020504880993484968,0.01158903660901114,0.030980091980211233,0.01037253152209782,0.010047910884701436,0.010063111808688097,0.05561907470514694,0.02895137768451976,0.028212843845599314,0.02979942838026295,0.04172758749512296,0.05513989916251652,0.07871340348355815,0.04951575076568955,0.0322609180113132,0.011221026676293159,0.04060616625603748,0.037839749959352104,0.06696784153936432,0.02272971353108216,0.011323841204487218,0.012235088777929623,0.016029373651965547,0.009797269712289152,0.009797269712289152,0.009797269712289152,0.009239925982670153,0.009797269712289152,0.030873168319753213,0.009239925982670153,0.03659007257651777,0.0510113651276758,0.01223308310646698
0.7071658033277805,0.7077359939542232,0.7119535405803483,0.6295279318601011,0.6461483560905443,0.25245391209284895,0.47245202050800783,0.47602777676135993,0.47173137671276266,0.4734653386486458,0.4232997820249946,0.5088408985035349,0.502709238814062,0.47523478649169976,0.5052811299217326,0.509144367987399,0.4128720262539545,0.7118663208582944,0.3087351028436489,0.5824439794184287,,0.7253657905997446,0.7090291362648897,0.6260457973958867,0.610066485959967,0.6197806700261688,0.7177578897369792,0.7073888922926348,0.7074915685654817,0.5122033842708374,0.5136643027831648,0.5177653474936499,0.41304907818680436,0.5811798115751604,0.41346169985413184,0.5066229485388684,0.5279155039066998,0.506002963559687,0.5850026597684623,0.5847610180429127,0.5104057381850127,0.5112613044371795,0.4806372095175275,0.5088923776286567,0.5049514300418682,0.47892141661334875,0.5842214811654656,0.5052379744960986,0.510462860358621,0.503123177909074,0.5035727479720102,0.13550518727104924,0.4765536512198515,0.503084089371116,0.5044103614103583,0.5038331429626574,0.5021680765331378,0.502608178214755,0.4997659540919135,0.5006027705805473,0.4137704996165794,0.5016328657015523,0.5801812070900911,0.4728000270888488,0.5018154709456097,0.5014044396451333,0.47391287589924264,0.5037432802595182,0.504531895024357,0.5033948760334854,0.4093448631738081,0.41261472088789103,0.24099686558034025,0.29590572933635434,0.24204570369314315,0.24388053962961617,0.29366708274072084,0.21116796092479848,0.244360306028436,0.24276662210620595,0.288842892193772,0.40998604047889314,0.4082941449222374,0.4083917520281346,0.40887762772798125,0.4098565596024058,0.40870021005462037,0.40827948998887403,0.4110404123718885,0.40947950425013446,0.28899405320684296,0.4084184221092782,0.409079661886799,0.40969546373011534,0.28957666861151116,0.4107060084424832,0.4083886572260659,0.40845050427713736,0.4104483548879793,0.4092175862022974,0.041593875634876376,0.409313258533012,0.2986543761622903,0.24125535834709017,0.2921254716331272,0.29190134148548835,0.29477355315926373,0.29284274170769026,0.0955599999355474,0.4119299150919185,0.25047372367841086,0.2910107882185168,0.2908734451849941,0.23714280011545547,0.409189681546244,0.40887253354898395,0.4091111671959016,0.4084021953527218,0.40846092803179995,0.5000347384077142,0.5000347384077142,0.5000347384077142,0.4091441518819486,0.5000347384077142,0.41001092771128855,0.4083565276688094,0.4084852479477667,0.23598168899878522,0.04903112852420573
0.7104922472041044,0.7072814974261693,0.7097006494795496,0.7106871484739838,0.7076829720068211,0.12615648559900586,0.5005229416701498,0.5074895942159978,0.5016332729329888,0.5028367600064485,0.508069532702965,0.5027243378733222,0.5023357432623782,0.5007685335941072,0.5058599778328138,0.5102201183345856,0.5036641621725357,0.7277220591159107,0.17067647469198124,0.7278394288127507,0.7253657905997446,,0.7096579706322526,0.7084277811567884,0.7208045958134578,0.7168377008863253,0.7445451387055999,0.7095031837764372,0.712089083575885,0.5015218504431141,0.5035123915207835,0.5062138145872378,0.5004427322046322,0.5013370922546507,0.5016942349322514,0.5014070617025733,0.5052892396136175,0.5006990267882561,0.5010918898700787,0.5034885516861891,0.5001672314171898,0.503357310353401,0.5055573591927957,0.5042922929457151,0.503813463265842,0.5007857451538615,0.5027716994381479,0.5028436430011967,0.5062936181048789,0.5001677798161067,0.5004375662303093,0.10929405328231902,0.5015740167408232,0.5001553335003642,0.5006154133841112,0.5001657035363074,0.500383733886888,0.5001575008269449,0.5003857267556142,0.5005625241896524,0.5065964793617661,0.5018199747888843,0.5069478068713257,0.5001220450565396,0.5016688037227472,0.5033305385973804,0.5001993509478937,0.5032146244391634,0.5068693868967376,0.5054936739066349,0.07260354578227121,0.04410705849366969,0.07552023343760597,0.11710682656963976,0.08806401564940483,0.06664337443190889,0.1286853483671908,0.05950411876154458,0.0526063254693893,0.03051762674454392,0.024669113293975222,0.02790666743495609,0.04170995415936877,0.0400036898238216,0.02278131468727561,0.017876118540353737,0.03164805332487664,0.017876118540353737,0.08185671701467223,0.0441210595037519,0.0453336823190753,0.057548711627949285,0.02692984282755514,0.04265457043133525,0.052767690303571556,0.03074432816536967,0.01915121929383637,0.024957597872707918,0.08035497506592708,0.024981696514224973,0.03002616755912172,0.05147059173132805,0.05917839645277696,0.025982204635621668,0.055532999977392326,0.019550202331831183,0.02404978302594374,0.08197357505347767,0.06266719104409653,0.030930978888727586,0.029956352578115523,0.010997219091597198,0.038727748924139375,0.02271202622353048,0.1545754664232631,0.07445896961347571,0.024365616462311168,0.028002676881251073,0.040354812312366053,0.01536005159388614,0.01536005159388614,0.01536005159388614,0.020663462381826418,0.01536005159388614,0.016763327208590004,0.020663462381826418,0.024359140006558342,0.1311096856218447,0.02686775187840384
0.710043269722338,0.7071068931099195,0.7075821370321298,0.7082904460289122,0.7097934375353134,0.14169269700536832,0.5051072876770167,0.5021607686192043,0.5023555514374054,0.5058516224868208,0.5047599593525898,0.5088155315296391,0.5050812494165396,0.5059423073501368,0.5055865555966467,0.5027709122441469,0.5036792164874447,0.7083676633907141,0.12345152008324356,0.7072419282551775,0.7090291362648897,0.7096579706322526,,0.7162716810379138,0.7098261478790489,0.7093432934367694,0.7071120143257885,0.7102298053534895,0.7564937440972966,0.5134308155458859,0.5019239924854939,0.5070020059169011,0.5094260924477517,0.5024782245407374,0.5108637728427213,0.5103399245153365,0.5068566993792543,0.5110170073477593,0.5079958834954209,0.5032597256225237,0.5154070984867266,0.5058721580534313,0.5043287915603663,0.5125636418378656,0.5054122929609041,0.5085398781937934,0.5045503066008891,0.5061044821297503,0.5096625186974012,0.5052165961674117,0.5089097960254361,0.11208676048158304,0.5024619445608596,0.5048612058961287,0.5111225480091223,0.5085807433447423,0.506712852878975,0.5019392977723426,0.5023676507368245,0.5014836906363106,0.5008178282461636,0.5021434734377006,0.5010386666674461,0.5024495222339325,0.5018924815518818,0.5030604544088362,0.5020070936605603,0.5012090338289845,0.5015084184936881,0.5013985410813981,0.047958177853973445,0.042154363462182785,0.05486104847009552,0.06452871725251495,0.05506634758786548,0.05424024741151267,0.052342337161536315,0.07826402012617821,0.04169079590917398,0.07525018552241904,0.047586863699299445,0.08490492441818848,0.07776550062386879,0.07088434290910103,0.04364439823439108,0.04133354967189877,0.04885655418453126,0.04885655418453126,0.13355752413118585,0.09398158441540586,0.12179250840795029,0.12040496431762586,0.06561421559408172,0.08836777369397167,0.06934200313173501,0.0884953337202028,0.052904085863185416,0.06061327789288944,0.14172979070031935,0.08614139872862767,0.05455222327114539,0.09437631080772119,0.058311404911241004,0.12594927854455984,0.06536597694651453,0.07346667492628385,0.0790612209729297,0.049550084399668834,0.07226688370327185,0.06941775526657747,0.13703107738450654,0.06800803503944519,0.04760977091979966,0.0743332242322874,0.2125060102210483,0.11792447246374113,0.04686679250662173,0.04885655418453126,0.0626065785904318,0.0403307096162811,0.0403307096162811,0.0403307096162811,0.042618051791034575,0.0403307096162811,0.04479145991809788,0.04658487357514792,0.050770811468093875,0.1938200044553764,0.050211477846543104
0.7140171588395396,0.7074456636624931,0.71678328735294,0.5820329853024366,0.752583796377621,0.26180831742652966,0.6184885465265704,0.6170387415738364,0.6166564524904002,0.62111610117392,0.48264038682354987,0.5403432531399267,0.5359311307191064,0.5203518435672844,0.5311541758897833,0.532022433866283,0.47692198231305305,0.6696058139888538,0.27929088637370364,0.5806788187913454,0.6260457973958867,0.7084277811567884,0.7162716810379138,,0.7467166667442213,0.7728185976661313,0.7205169987944114,0.7074314999260995,0.709898154685894,0.5928642427843233,0.5857977397941719,0.5911544554372664,0.48095557063273653,0.5821518032669425,0.47622274740052173,0.5883614816345029,0.5972896287685064,0.5903281167532048,0.5826257482631026,0.5803752005836835,0.5944995606542576,0.5832453451690627,0.617465775406234,0.678549699291236,0.6740039340750057,0.620082497885956,0.5834798780985945,0.676336554116461,0.6764252438093712,0.6669318804907876,0.6681216426469153,0.12962220682365475,0.609770875656047,0.6733713988431104,0.6726136603067999,0.6757019460252128,0.6709761662118137,0.6709737264682307,0.666903101946236,0.669398326923492,0.5785378822457139,0.6694777146222791,0.5813309822928696,0.6117274425273413,0.6687958811537456,0.6685985821726425,0.6109826424345448,0.668808048396757,0.6684916346482499,0.669060916121599,0.4084981454042126,0.4098772945940105,0.45221934303404504,0.5272267395014627,0.4514416513336895,0.4523284659558692,0.5272666775479241,0.4106630012398169,0.45378831357575544,0.45417317597202983,0.5270785724984297,0.4132565820972467,0.40865626274236516,0.4125169302325588,0.4103495336321503,0.40908677236227603,0.40908677236227603,0.40908677236227603,0.41361998793023935,0.4089122499020142,0.34073443758242644,0.4176484401343638,0.410662135813326,0.41191730759884215,0.33564435285505356,0.41477991353869775,0.4095150230097164,0.4106906858812042,0.41649684097356565,0.4097171033933447,0.2906038131581203,0.41183981973393075,0.5294486550669855,0.4570032745628396,0.5301056185232592,0.5294933410337324,0.5295875124616582,0.5276290927781246,0.2985128918497427,0.411271926326058,0.4633829764376053,0.5278016330459053,0.5274759180620805,0.4539625521480716,0.42233940631665123,0.41113793977810476,0.4081566352539051,0.4084559193757597,0.4093995467346298,0.4997934220968228,0.4997934220968228,0.4997934220968228,0.40835485766671803,0.4997934220968228,0.4085828581438161,0.40833115483646887,0.4085203382860488,0.32363112873316896,0.24987121504457158
0.7122214712253463,0.7072397028702471,0.7120075349585278,0.5835972691857977,0.6861510731384008,0.3329024353656222,0.635279058756208,0.6395293513317591,0.633670308197507,0.6399270187455529,0.4625688924701015,0.5848895568096882,0.585985819841337,0.5427958801705414,0.5783936091497883,0.5838766519551376,0.5197717906836065,0.6374091541622751,0.23229469400282785,0.5846379122093852,0.610066485959967,0.7208045958134578,0.7098261478790489,0.7467166667442213,,0.7910343245319417,0.7378505249288312,0.7074118397426933,0.708070856591492,0.564697247043046,0.5578577417396215,0.5624803511704598,0.4509684329487353,0.5193824429522411,0.4503589209324425,0.5528615863891492,0.5562729839917508,0.5507523298137357,0.5215827865520521,0.5195968121303501,0.5531650402442189,0.5550288817160289,0.6389687376930641,0.5856622406061467,0.5840638679845088,0.5404314642333133,0.5175017679724039,0.5830371211983184,0.5832991027321899,0.5778571432257789,0.5792661122627021,0.12560947063942235,0.5373363607288703,0.577204983547694,0.577881754791013,0.5816205224992728,0.5796426419576004,0.5771543608376177,0.5772500640834116,0.5774731442479745,0.5193110982224579,0.5784269034313693,0.5198513665818975,0.632861967097749,0.5803889225261673,0.5802324853938813,0.5374208782179325,0.5795948137793214,0.5791906658792891,0.5782111528798256,0.3191056277140787,0.3172255787830237,0.351985199197155,0.41102484963574504,0.48503206821207323,0.48499524272042277,0.4101887578444949,0.4335488782980362,0.3522945803569783,0.48606266753013233,0.40894266631545845,0.3182896063054254,0.31588077630071687,0.31696570066707414,0.31572035129569753,0.3161500896157172,0.3161500896157172,0.3157093184511079,0.3177821842490309,0.3159920210262421,0.2647676710266753,0.3191279770158215,0.3164929098102874,0.31679751763133673,0.25871205784860685,0.31627743455891727,0.3171046352914905,0.31721117935630766,0.3172253365857,0.3175238592027398,0.22286670887112806,0.31676529032664086,0.4116885330753904,0.48595929158394696,0.4084906990148422,0.40840919669304493,0.40889127823800736,0.4112014052873411,0.2326362810406542,0.3251230224457718,0.35295745452391136,0.41175354850215606,0.40980128224761636,0.4872062646511763,0.3173429721476187,0.3160596831318214,0.3166948800014754,0.31615008961571717,0.31584853828030734,0.3866600669217255,0.3866600669217255,0.3866600669217255,0.31675849071099527,0.3866600669217255,0.3159489557359827,0.3158173336465825,0.3168767999360929,0.23931157390335012,0.19279717774239924
0.7120506160271176,0.707135453119067,0.7114493432327299,0.5833975072460441,0.7121072013400428,0.3621015912079219,0.6810694026723978,0.6845940484755745,0.6779378688413122,0.6888692245390589,0.4662676867238627,0.6222532957562044,0.6186256325572174,0.5783872862371642,0.6137187783228323,0.619370696405325,0.5480369386854492,0.6484255836490093,0.2433721866560045,0.5845066030204004,0.6197806700261688,0.7168377008863253,0.7093432934367694,0.7728185976661313,0.7910343245319417,,0.7238245122567621,0.7072285081163604,0.7079160985018571,0.568553963253794,0.5683550222826009,0.5687368731449499,0.4616002396876871,0.5427399733739422,0.4596689064446964,0.5676194491423671,0.5754005280571517,0.5625278030341466,0.5473000513907649,0.5440356589497152,0.5682145434455382,0.56716008801742,0.6839554121165604,0.6195454581711703,0.621360130951681,0.5713646318343363,0.5433220850083142,0.6188798757017586,0.6216406593669501,0.6143772519823956,0.6127995012332399,0.13111555630897834,0.5655642226211575,0.6143588096196188,0.6170535532322436,0.6175159279484189,0.6156543648770372,0.6126792928631899,0.6132191767989578,0.6126125489141447,0.5431795302033474,0.6148613556397889,0.5409076029766411,0.5674184015305093,0.6145621841803541,0.6157969233494472,0.5671498636674924,0.6143003224553887,0.6152989593454707,0.6147102151132232,0.35415349180743866,0.3559821351761537,0.3928584674603747,0.4589520185607671,0.5407176317046585,0.5420423540603542,0.4597868743878523,0.48383613070502685,0.3941780188142905,0.5406558672712369,0.4562050375603848,0.35427605441938076,0.35318215786102236,0.3557692775642365,0.3545758383437165,0.3531848284509329,0.3531848284509329,0.3531848284509329,0.3533484713046538,0.3531493236549185,0.292058207978657,0.3541640881811157,0.3531603626485039,0.3532558756863323,0.28876742020886875,0.3538051367430967,0.3531971901680777,0.3537467087392023,0.3539397458708195,0.35318679361827643,0.24962309235051572,0.3535571229668927,0.4585709457972622,0.5422043391506907,0.4596620313672299,0.4573488002299386,0.45869709208970155,0.4601975333841721,0.2622917754456861,0.3622937025888387,0.3960404651181394,0.457838820156389,0.45782793975965913,0.5418294186667465,0.35416325377834973,0.353534990399889,0.35330011457134,0.35338390631785477,0.3532948979906452,0.43249440830721514,0.43249440830721514,0.43249440830721514,0.35319352543942967,0.43249440830721514,0.35325691539904497,0.3545985129363868,0.35314095921736144,0.26300454426944836,0.2178436396372727
0.7082657477640849,0.7073217173533503,0.714585147401942,0.7186752915667994,0.7142924003037017,0.11359926689481557,0.5049037081490504,0.5159920204351428,0.5026119359517163,0.5103613542738048,0.5239953810061591,0.5107641827421652,0.5102495346585024,0.5108410874288221,0.5086555318252143,0.5157176750681115,0.5038041041609934,0.7237421607981008,0.18075499993983807,0.7345390526065211,0.7177578897369792,0.7445451387055999,0.7071120143257885,0.7205169987944114,0.7378505249288312,0.7238245122567621,,0.7086540012142192,0.7081581528860615,0.5132943252160876,0.5142273810331183,0.5144660177088822,0.5060251743568511,0.5041172833918884,0.5070948456061156,0.5082692055295901,0.5102627962350417,0.5003960759261828,0.5077478331092624,0.5044281312858304,0.5056493810624637,0.5122657415985215,0.5132727188601481,0.5184460004914785,0.5148660421668209,0.5093328142729483,0.5030873528272941,0.5101089437926982,0.5137411385068024,0.5006435222978516,0.5006421362836698,0.1732145205432369,0.5003263038754896,0.5023536909973395,0.5024038185859402,0.5049013153057512,0.5061816507580352,0.5004534851831737,0.5011774997772747,0.5019421912999762,0.5050975666808731,0.5017317271055252,0.5026140709750978,0.5012785625266686,0.5025157021319167,0.5021529592162385,0.5006498924754909,0.5063706241324036,0.5009980351678103,0.5021898636789515,0.040097873856442416,0.03803601517132197,0.056632068396790525,0.07566332882760937,0.05729406437761108,0.06627680769632853,0.05535711607421633,0.07897071026383967,0.04768386434757489,0.04851520154186592,0.018953617698057222,0.02583240462650086,0.03416001769831464,0.01768320350520088,0.03566449242362499,0.016308930099148827,0.03060801535611992,0.016308930099148827,0.0168506173066162,0.016270401590149777,0.020164570996904593,0.032596405460915176,0.018993812192900035,0.03568190476760505,0.029484406980281423,0.04133780293703666,0.03004567598624558,0.018683014497549028,0.017502468291218112,0.020828152584655136,0.02493650245950235,0.02173929735951642,0.07364496042391734,0.05102759778638265,0.05652025173166418,0.026964415312299095,0.03969915080867012,0.03554219572105163,0.06346902772144893,0.06825182564118645,0.05281574653174427,0.026181704923520732,0.02593199244449897,0.06726965839253951,0.053104554872814,0.016535603721748875,0.018631335175027068,0.020742568452729534,0.017306775375253512,0.01579047155544235,0.01579047155544235,0.01579047155544235,0.018239131622055517,0.01579047155544235,0.02039853336961727,0.018239131622055517,0.02500618461322634,0.026867494906599686,0.04042251553658246
0.7071163237592386,0.7071307142092789,0.7073154452796689,0.7072127805623709,0.7077269943869057,0.10649035037018328,0.5002583875029857,0.5004053658283367,0.5004053671820383,0.500521123304999,0.5004057247859035,0.5011156078252426,0.5006211767296443,0.5006051344617245,0.5000179387723115,0.5000467414993219,0.4999269857042672,0.7088013167126477,0.11013087988968359,0.7117661943659287,0.7073888922926348,0.7095031837764372,0.7102298053534895,0.7074314999260995,0.7074118397426933,0.7072285081163604,0.7086540012142192,,0.7124946195928319,0.5000171694270812,0.5001471953473337,0.5002689929796084,0.5000915690802504,0.5023365800651074,0.4999689785762816,0.5016026745392574,0.5019653805552616,0.5024038183109304,0.4999150830740142,0.5003412380163269,0.5032651107887527,0.49988762248260205,0.50042364333008,0.5018157979352107,0.502380078611225,0.5014334997348324,0.5002813841125485,0.5015292510205366,0.5010362812413418,0.5006040529743185,0.5018735990394565,0.07469225812315795,0.5005106964527377,0.5016188648270834,0.5017705809010576,0.5033584491096073,0.5009000872175536,0.5006052486260256,0.5007926041674586,0.5008072694146742,0.502093591641266,0.5008099399523878,0.5013815508759566,0.5017109048453622,0.500822691380295,0.5006166230095981,0.5014965360456952,0.5011111108168576,0.5007561680923139,0.5006587486968082,0.018753614385144814,0.037381753984883595,0.03747661026499736,0.030638198839678603,0.02522218387344217,0.02386484624840532,0.033576022815729585,0.031667456305202124,0.05634607641158286,0.05033284322351218,0.029520685175056467,0.053852655254772605,0.028027417205818157,0.04759591333033397,0.012877229759392242,0.0172904214392921,0.018749635294442103,0.018749635294442103,0.05269394104136302,0.016312990573807907,0.044407054463017945,0.04421699032076061,0.029313848889290724,0.019733322657289346,0.043413104549450084,0.03401930159948011,0.020365335443089206,0.013527631245333852,0.06632975874325857,0.01517611946354373,0.019548751551396782,0.03914489232306165,0.03706493443409007,0.057119522177833136,0.047443156620810986,0.06086982138648372,0.04098686979893049,0.03894578671397048,0.03297991553714939,0.05548297983842564,0.058263673519911824,0.05174088658154737,0.031957738056853265,0.025275818427688095,0.09373690971691918,0.04725458457446852,0.01735319592443848,0.01874963529444211,0.015499551246095998,0.012258720243486756,0.012258720243486756,0.012258720243486756,0.014159704556881921,0.012258720243486756,0.015836127064196612,0.014159704556881921,0.020050668086262505,0.07265026032209952,0.0249428897265805
0.7096009770406145,0.7075326883221839,0.7071235342843235,0.70800829053485,0.7085718719217752,0.11758267065738108,0.5034729198114365,0.5007959351197165,0.5018945577261933,0.5022712024245335,0.5008959121645108,0.5035900854192092,0.5023250574902405,0.5022662006477293,0.5024618924421085,0.5006870342828735,0.500676200721712,0.7118700585144612,0.11062098938480136,0.7078445089011459,0.7074915685654817,0.712089083575885,0.7564937440972966,0.709898154685894,0.708070856591492,0.7079160985018571,0.7081581528860615,0.7124946195928319,,0.5023292291716782,0.500478492760813,0.5023214787985422,0.5019723164942004,0.500519704252833,0.5032019918892034,0.5032664402159227,0.502801463409282,0.5045382504846677,0.5027373753422854,0.5003135430386,0.504644028168829,0.5001718134017819,0.5014860407543578,0.5046061617213746,0.5015609619789693,0.5022429853356386,0.5051585605218258,0.5015587749972673,0.5018541568932885,0.5020631464953142,0.5047100105868695,0.08065955477803342,0.5020996760388946,0.5049676429313752,0.5067946428347007,0.5033657595569454,0.5011874186028773,0.5008738112398057,0.5019918792441841,0.50064186207061,0.5012068349236727,0.5006752479143619,0.500397113082838,0.5027930139128747,0.5027044942213645,0.5033488096598463,0.5021943623474194,0.500520558999097,0.5025495555427877,0.5013471973046967,0.031635081775697696,0.03470955504565621,0.04334220025775658,0.03458532625255929,0.0392803896882445,0.039267822175360824,0.04209747899810196,0.032493563056118425,0.03202448806162818,0.07840815527272474,0.04489199369767131,0.07534320896212834,0.06252995752114962,0.09533981848550259,0.030455230591704983,0.03545091639294434,0.048335943416245176,0.03545091639294434,0.09607967843351206,0.07221767113557921,0.10516681359985358,0.08389730845608866,0.04485265967949598,0.036629347890305954,0.0534796956554873,0.045440827124333394,0.046201923653805606,0.052680449276027476,0.10664117775062443,0.08392042861110774,0.05814249619869573,0.06798243409727639,0.05498570981040092,0.09155313294005601,0.04906493316508431,0.0875674253479968,0.049624753100983236,0.03466412910837791,0.0347353537638822,0.05644184221089166,0.08018367952303009,0.05257842240560622,0.04669481378638295,0.07828778844102335,0.1751389616342933,0.0962701129309685,0.02962937132549773,0.047191386643913966,0.06401683008135113,0.02856658432810334,0.02856658432810334,0.02856658432810334,0.03457447641670456,0.02856658432810334,0.03968913743412275,0.03299646180441312,0.052131256524309985,0.1555862817041498,0.04376397216897175
0.5036426303781742,0.5003989963210965,0.5289835046784073,0.5185491869470045,0.5130736726220056,0.2029419399753521,0.715400453722407,0.7190091353394992,0.7097408434123041,0.7185880408476526,0.7348321954697139,0.7348086034230246,0.7191821694689776,0.722769436140158,0.7205395209008233,0.7159841934417969,0.7117702526037998,0.5055643642886195,0.1549763040824967,0.5050350718706946,0.5122033842708374,0.5015218504431141,0.5134308155458859,0.5928642427843233,0.564697247043046,0.568553963253794,0.5132943252160876,0.5000171694270812,0.5023292291716782,,0.7417725917382091,0.7474988018331704,0.7200465348984199,0.721741696725092,0.724185974655742,0.7282264663549393,0.7261841868387324,0.71952605317489,0.73050467420163,0.7191583349436624,0.7462123388420968,0.7282702956491585,0.7237486602035345,0.7469383881533974,0.7359269347379631,0.7281878599569088,0.724882856301845,0.737038120120609,0.7362975344637618,0.7221186690858931,0.7237062033089178,0.3389091049779469,0.7105027745661381,0.7132967546438518,0.7205939784093709,0.718621415456794,0.7185173526784896,0.7097282777070313,0.7079123803373557,0.7110953227391815,0.718017934073938,0.7140052154253846,0.7130170326530249,0.7137365904032926,0.7176002083722304,0.7150304497769694,0.7123725176203112,0.7154527049989126,0.711370646128959,0.7149291716094491,0.3556997658681568,0.36347703090969274,0.35591770008009505,0.3537976605798642,0.35480674376014776,0.36145499779715756,0.35505902284669016,0.35624644944069267,0.35603059287841077,0.3576955612148394,0.35332636690490093,0.36658288544433737,0.35636469350899236,0.357873408566272,0.35741496216220836,0.3546432931780006,0.3546432931780006,0.3562953326024537,0.3661586414003623,0.36396576975277783,0.3620299454981524,0.3643286959019661,0.35865553635235903,0.3578160654388654,0.3575844920567451,0.3568805073012504,0.35751887872176735,0.3571165326895869,0.36025420874083286,0.35699212409226894,0.35532299970432607,0.36178079557862786,0.36902609883495685,0.3687656154707597,0.3592341717719092,0.36076769302780376,0.3567902449911753,0.3558908964502358,0.3884062655351165,0.37169613114706945,0.3765587509978701,0.35695110584706685,0.3567692084113702,0.3607290086942511,0.37750027807405556,0.36072223128273445,0.35569073486142155,0.35602795755236405,0.35514584688676876,0.35387543751982625,0.35387543751982625,0.35387543751982625,0.35448079011120454,0.35387543751982625,0.35508588829209076,0.35421613978683764,0.3551567455309018,0.37975010924550245,0.35642070371828827
0.5051030710117065,0.4999013498847907,0.5262778324560304,0.5213132671417995,0.5115052368673823,0.17887077659509315,0.7112912127795487,0.7154289128906182,0.7076249803693047,0.7199855551589283,0.732907682833257,0.7208468797312304,0.7222961964851708,0.719297377722602,0.7155486119233195,0.7164337325119813,0.7155386594649352,0.5079717147610686,0.13480158888040011,0.5066309031937097,0.5136643027831648,0.5035123915207835,0.5019239924854939,0.5857977397941719,0.5578577417396215,0.5683550222826009,0.5142273810331183,0.5001471953473337,0.500478492760813,0.7417725917382091,,0.7492354954355165,0.7239087331985342,0.7267086836745651,0.7240175219521093,0.7205606917642988,0.7358362371011047,0.7218606909494446,0.738476243618512,0.719177850939997,0.7384987452217224,0.7412812652550568,0.7261842859925376,0.7351659917270315,0.736763702877511,0.7215630079284081,0.7233482370997437,0.7341828941053637,0.7317664191106644,0.7201567979199315,0.7199891111997186,0.32308041503900714,0.7101005547205046,0.7130535783726386,0.7161464911707434,0.7228234963735886,0.7117610886062105,0.7172049057451229,0.7091572655051348,0.7140694255668241,0.7245813024844293,0.7141241852106827,0.7152492191210145,0.7130540415102643,0.7159889114722319,0.7113651929158479,0.717298780171223,0.7164978238386658,0.7160339989078695,0.7179268183952482,0.3548778192569857,0.3647298602926955,0.35873505218432244,0.3542004047198173,0.3549710527383211,0.3645369983356657,0.3551679034842979,0.3564478682949789,0.35616243222791893,0.3579675627233186,0.35359224424312086,0.3582506851573031,0.35590190316243286,0.3573366135542211,0.35725704900656247,0.3554983299764513,0.3554983299764513,0.3554983299764513,0.3645544208429995,0.3586942578644692,0.3639987155305024,0.35918157103847853,0.35621967385081504,0.3575180259266735,0.35806127037293756,0.3576840806486141,0.3574754279839476,0.35616764507080867,0.3606756962239794,0.3572152540685452,0.3577870505156547,0.3574259802224597,0.3645897231512941,0.3668394402056986,0.3611586521563275,0.3591645991603851,0.36608992263900386,0.35510969747060883,0.401305310863828,0.37208714255748804,0.3728932037682127,0.36255946166916475,0.3591743864045256,0.35733754581190835,0.36336205285150025,0.36066642096532914,0.3562272629520965,0.3563579309185353,0.35585789195751805,0.3547187868703756,0.3547187868703756,0.3547187868703756,0.356267241897061,0.3547187868703756,0.3578109771228862,0.356267241897061,0.3551128657643065,0.3603842745330178,0.353850144257647
0.5038135611191741,0.5001021797739572,0.5250858690493034,0.5250526149313743,0.516075995294409,0.18393470438668938,0.7124933670747624,0.7216148910895552,0.7089931618449371,0.7184561858413051,0.7446102666239358,0.7197602704585645,0.7237372155034658,0.7208073730517098,0.7196606870075728,0.7190324601117349,0.7145689618381015,0.5068537304856466,0.1767793443871664,0.5101826373794704,0.5177653474936499,0.5062138145872378,0.5070020059169011,0.5911544554372664,0.5624803511704598,0.5687368731449499,0.5144660177088822,0.5002689929796084,0.5023214787985422,0.7474988018331704,0.7492354954355165,,0.7158554757718816,0.7211543720469753,0.7274501516350954,0.7232318212379426,0.731168656974682,0.7217554747441217,0.7237863179471697,0.7224958766812639,0.7387239554411148,0.7341435391356407,0.7276065412385139,0.7305318487050909,0.7400295716358392,0.7204125072355708,0.7275590569021297,0.7314843864247099,0.7257821211955494,0.713841183115779,0.7143405870384328,0.24163128397493466,0.7099720262362854,0.7097831952520804,0.7136760490008168,0.7229821044232316,0.709205258217705,0.7117711874826337,0.7084655613903703,0.7083732273526078,0.7183757570663936,0.7189300107579963,0.7159458082636329,0.7149127233622476,0.7204018841056824,0.7167566528172795,0.7153903676161465,0.7178589836675935,0.7177854282937636,0.7175931429686562,0.3577091879789776,0.3686511247738105,0.3719315684534287,0.36019722690417477,0.35825739378085364,0.3690369317770147,0.3664834407092484,0.3698211038210592,0.3647317139590877,0.3629865832332298,0.35555743739608103,0.3615460294037869,0.35591551053259746,0.35623549138119154,0.3564947857500788,0.35382404018158947,0.35382404018158947,0.35433324690106677,0.361911341385505,0.3553565355810367,0.366387750930146,0.36404472261770565,0.35446166239960697,0.3575082968947586,0.36275595152731627,0.35667674627107365,0.3551750408990352,0.36437442949210563,0.36146964472117027,0.3575658201874536,0.35438097987885064,0.3588047239438192,0.3974035796821059,0.4111472094744084,0.3772930465836702,0.3898578720685825,0.37580454357205517,0.36352818815487015,0.4826772185138104,0.41318166255078054,0.39901251326522197,0.36110148586062357,0.3633325044149651,0.36283116932756077,0.3601935406605839,0.36082154723235316,0.35400218196508687,0.35448448179184605,0.35382844112176143,0.3538218566723063,0.3538218566723063,0.3538218566723063,0.3543037445304329,0.3538218566723063,0.35478559718927255,0.3542499709759964,0.3539427426808365,0.36012818689640175,0.3554366014334661
0.5036823469036505,0.5009067317046692,0.5087589417047803,0.41464790734036394,0.41055963214397745,0.1418455251755229,0.5822335255798867,0.5794284511382373,0.5810089866481315,0.5854225009839622,0.5820106163457698,0.5834597346555115,0.5801624680102008,0.5805623433889667,0.5794700217406064,0.5806762515008191,0.5855195418626818,0.4130858295804957,0.09375299338711494,0.4087499953127196,0.41304907818680436,0.5004427322046322,0.5094260924477517,0.48095557063273653,0.4509684329487353,0.4616002396876871,0.5060251743568511,0.5000915690802504,0.5019723164942004,0.7200465348984199,0.7239087331985342,0.7158554757718816,,0.613669574953459,0.5969509563126614,0.7213630760965268,0.7188490451975237,0.7212612313857112,0.5880919878907528,0.584609258904196,0.7257321565204795,0.7152883477038028,0.5868765819537671,0.5873163317314967,0.5843705573082925,0.5864700456430929,0.5808586160312834,0.5831496281894989,0.5845727618062045,0.582909931057533,0.5847017107438157,0.16632973318590866,0.581237638075102,0.5818641177678119,0.58817182242562,0.5832686139839756,0.5841125463622567,0.581187032661116,0.5965076384783131,0.5798509886061007,0.5788293201288918,0.5779829048365988,0.5777097045681566,0.5785221751599274,0.5787666602830692,0.5791745415589183,0.5803913849248135,0.578605970514901,0.5778090435695451,0.5790416450237384,0.2903484079971685,0.2925947325469022,0.2899185672208839,0.2907315574223149,0.28981561346627244,0.2911313877625513,0.2903187247287057,0.2904382318541627,0.2916363347047056,0.2946800047827334,0.28933991093476014,0.29241237454225405,0.28945652079483264,0.2901689984301218,0.29113956789781514,0.28905660266795513,0.28969244650233156,0.28905660266795513,0.3065375651627018,0.29233903252411364,0.29741089484027267,0.2962653373713539,0.29029000251744935,0.3007720633358509,0.29402902888745686,0.29676294520105273,0.28938018102378926,0.28929510671592606,0.3016150405270319,0.29604867101947285,0.35539365298085596,0.29642063944339087,0.29087679619891293,0.2978035639109681,0.29295798241315923,0.2934817218348919,0.29470434640265825,0.2905103475954556,0.36364949958173376,0.298224425936363,0.2988811293095091,0.29216800133423854,0.2909034477286973,0.298113061194274,0.31051968841060373,0.2996592632618925,0.2928527312738645,0.2903972355388797,0.28906990100768165,0.354012510688669,0.354012510688669,0.354012510688669,0.28915817467919647,0.354012510688669,0.289370990152671,0.28915817467919647,0.2893761632608932,0.30860655372121576,0.29096664403702266
0.5038623956279147,0.5008944114112113,0.5052687533478157,0.41304729278688496,0.5796481957030669,0.3635266784788027,0.669406536900389,0.6688026924460211,0.6677456706204282,0.675918255852364,0.5810193575084053,0.7131270535847717,0.7096922921279789,0.6701275579651389,0.7110749942579747,0.7111767766095779,0.5878250062271904,0.709472297783621,0.4240900773261069,0.41289484146081634,0.5811798115751604,0.5013370922546507,0.5024782245407374,0.5821518032669425,0.5193824429522411,0.5427399733739422,0.5041172833918884,0.5023365800651074,0.500519704252833,0.721741696725092,0.7267086836745651,0.7211543720469753,0.613669574953459,,0.5871147697840071,0.7199719484157909,0.7252775605719789,0.7271094606193778,0.823614214607787,0.8213057467801046,0.7355184491436461,0.7196738275295104,0.6751576168773699,0.7203770320922229,0.7155186073912039,0.6712774531891568,0.8213681701880399,0.7153535842996113,0.7146565752516696,0.7150223167749343,0.7140703007495988,0.17518124613486052,0.6704256998942313,0.7131703009619209,0.7171118508127521,0.7121666632022894,0.7095109089563197,0.7122255928314181,0.7091153542013598,0.7094834524527616,0.5813045391694683,0.7085289582674426,0.8180733433445593,0.6670947803172635,0.7083337097126235,0.707829421771106,0.6713707767451579,0.7088482113147658,0.7085657155950659,0.7084986752022361,0.6457259192027355,0.6473000485305407,0.4430730536327527,0.5007434008166962,0.44221387409956,0.44446295122791946,0.5012557098874066,0.4109716163167257,0.443147630591594,0.44287225913247236,0.5000449137690856,0.6470320491970407,0.646599348505212,0.6466389565055414,0.6456263879439298,0.6455756659653615,0.6455756659653615,0.6455756659653615,0.6528484300411456,0.647935105072528,0.5071461020227869,0.6480296507539683,0.6463275677912567,0.6492150999844045,0.5047631619966277,0.6491355820876232,0.6470998534909236,0.6482673408170099,0.650367168811303,0.6482735934337731,0.35974018277572867,0.6499241266217971,0.5029601897377017,0.45254550333318033,0.5028273619695929,0.5051698914450758,0.5027382255889847,0.5004541725089169,0.36934713605502306,0.6513118608182786,0.44814686769858064,0.5033654299409271,0.5008869585731217,0.4431023620634979,0.655092928821934,0.6523843005869583,0.64602488558566,0.6460809004727694,0.6456435126534128,0.7906651695337351,0.7906651695337351,0.7906651695337351,0.6460637825085827,0.7906651695337351,0.646552416770125,0.6460637825085827,0.645669941593117,0.45499643769023307,0.29850911889332477
0.5042170517845606,0.5000200666561548,0.5078536258248962,0.41243823354227993,0.4139979012077299,0.13870040860325963,0.5809342959419556,0.5821273127690532,0.578384500039818,0.5833411295247926,0.58378807553641,0.5849231860898289,0.5835921431667388,0.5838094112577136,0.586747390506515,0.5817093347195684,0.5827103004935812,0.40916630075040394,0.10214254400282646,0.41021966089758377,0.41346169985413184,0.5016942349322514,0.5108637728427213,0.47622274740052173,0.4503589209324425,0.4596689064446964,0.5070948456061156,0.4999689785762816,0.5032019918892034,0.724185974655742,0.7240175219521093,0.7274501516350954,0.5969509563126614,0.5871147697840071,,0.7425553341944827,0.7201274868103176,0.7222233204396659,0.5852255883222236,0.5826471333255298,0.7243040794142206,0.7272457641337692,0.5899184784346333,0.5892791712425456,0.5941181411246605,0.5835493202101234,0.5854837905653755,0.5905700719109452,0.5837420459749765,0.5887758995100089,0.594700651685783,0.16914182690596688,0.5807988664057727,0.5805081097316136,0.5833560595179216,0.5882860560216185,0.5805689190142012,0.5782440618252264,0.5782194429886688,0.5792987313938333,0.580812682275238,0.579059133478838,0.5788315388577491,0.5805812129257725,0.5804486428312953,0.5789342910110125,0.584057567014002,0.5813427743983555,0.5792068051109721,0.5794102054753248,0.2891983120924583,0.2903164219633165,0.29009261790085816,0.2887289207962301,0.28972412634383454,0.2920527767182627,0.2907815901420926,0.2911017421419769,0.2917917977488646,0.2912143794645301,0.2967934922388574,0.2945722183452194,0.28847092535749874,0.29476945258000076,0.28845985803192853,0.28879439989775013,0.28847064219217167,0.28879439989775013,0.29408276260545885,0.289273167551539,0.29476432407760206,0.28889604175198175,0.28893785708524966,0.2894154929958613,0.28908750503993563,0.2944124377603585,0.2952173257593747,0.2907371357312584,0.29269518143106876,0.28912979542513484,0.35316963049301947,0.28888161742068075,0.29172253001566884,0.29849318364523136,0.28935292688602154,0.2922779940908449,0.29191056760869694,0.29023779812156375,0.37530168742275505,0.29752551856887016,0.2992534668035537,0.2893253032325185,0.29285222664085003,0.2959849469060158,0.3012454917263337,0.2915475530635966,0.29309005695088575,0.290138553972479,0.2887866561914074,0.35326236604067374,0.35326236604067374,0.35326236604067374,0.288526604596012,0.35326236604067374,0.2886157823290496,0.288526604596012,0.2888838400160101,0.30133527829161566,0.28887814767183834
0.5037972248098836,0.4999353387249589,0.5100432123649326,0.5074371709358553,0.509438023408325,0.17020365513962324,0.711932977954611,0.7139213722073215,0.7112601544304621,0.7157815562420139,0.721208983984943,0.7189523154365729,0.7153143699502811,0.7159689128242024,0.7189163915093872,0.7140755145020949,0.7132370662435676,0.5007308725481009,0.13781175937038062,0.5038746166158082,0.5066229485388684,0.5014070617025733,0.5103399245153365,0.5883614816345029,0.5528615863891492,0.5676194491423671,0.5082692055295901,0.5016026745392574,0.5032664402159227,0.7282264663549393,0.7205606917642988,0.7232318212379426,0.7213630760965268,0.7199719484157909,0.7425553341944827,,0.7287579310035018,0.7252487829931425,0.7218847540673625,0.7185357141216259,0.7326606157245286,0.7352625236641024,0.7320382010863143,0.7320380805143994,0.7273726743283553,0.7316363865681085,0.7236357682010232,0.7308058809432891,0.7208373876719656,0.7145543263840275,0.7129437721155041,0.20928706742812592,0.7115302248754983,0.7148441509278396,0.7182683802246244,0.7209994462663745,0.7113155158849457,0.7103757564161242,0.7072907622606982,0.7094642316085523,0.7147164419941922,0.71233976817021,0.7156449062422058,0.7158900680568312,0.7127970877410671,0.7120056326260138,0.719619021970268,0.7150950094246252,0.7094897800213388,0.7160128825291725,0.3597860429618205,0.36716976930771356,0.35877197826695756,0.35806698229591466,0.3576273843048057,0.3659637612126998,0.35751779138804113,0.36050068959690573,0.361548452733597,0.3653325295359702,0.3537166735211915,0.3560366296000305,0.35667741558953525,0.35757071921523886,0.3539699516413526,0.3553232891588512,0.35379169790093307,0.35379169790093307,0.36539492736869084,0.35895475745357625,0.378819625848102,0.35885013097359464,0.35744521298331905,0.3579017449783932,0.36315304074055044,0.3611689169605829,0.35689118997139335,0.3576997745312294,0.3628189232087612,0.3596205099261846,0.3536633671556923,0.3590035354303622,0.35923990137427403,0.3757575878923616,0.36091284218374836,0.36496418485838794,0.3660224772660165,0.3592870256701454,0.3742762647899833,0.3724031136410306,0.3790827150553639,0.3588406570929536,0.359654903179555,0.3630010743660121,0.3730648344515151,0.36198137549689213,0.3533859735240371,0.35356578326426524,0.3546430272760928,0.3533685568569832,0.3533685568569832,0.3533685568569832,0.3535484978317981,0.3533685568569832,0.3535799182103916,0.35451962568901757,0.3544965284867425,0.37835167204197834,0.3543773778505661
0.5038283368252665,0.5008210191038348,0.5059327754014016,0.5158329894814776,0.5119598421597911,0.20117710387441534,0.7156109924423757,0.717375208176915,0.7087545227105846,0.7191145590243905,0.7309368165229624,0.7256433081409631,0.7172980592507114,0.7208673750227554,0.717002365786084,0.7219926962812337,0.721046275568003,0.5039300808455804,0.15428507000951844,0.5085107311341779,0.5279155039066998,0.5052892396136175,0.5068566993792543,0.5972896287685064,0.5562729839917508,0.5754005280571517,0.5102627962350417,0.5019653805552616,0.502801463409282,0.7261841868387324,0.7358362371011047,0.731168656974682,0.7188490451975237,0.7252775605719789,0.7201274868103176,0.7287579310035018,,0.7343163547245799,0.731042091239686,0.7250329696485233,0.7548438345061924,0.7273807048925762,0.7298228350310076,0.7373820061111585,0.7317173320514128,0.7382817188446272,0.7351673902123815,0.735782193584441,0.729000465200944,0.7214116036643821,0.7226819495032539,0.27268843297609763,0.7136398592088027,0.7219412638269614,0.7226122608469604,0.7197582003469343,0.7117820569868031,0.714329203665235,0.7082282646714885,0.7124860950155629,0.7223900102520444,0.7125270864527526,0.7132503577752933,0.7133671728354053,0.716420627133237,0.7120456949007161,0.7209015702273296,0.721504123419645,0.7162199419834443,0.720280464313084,0.35554090319124243,0.3719613520041681,0.3567148511201107,0.3565345224377612,0.354580641636182,0.3607744729120798,0.35637241786675244,0.3574655542482709,0.36235900007086624,0.3592453100597707,0.3551207271277062,0.3574287995716919,0.35561307288580496,0.362301504511164,0.35602727771284376,0.35759204436039543,0.3554457296419719,0.3554457296419719,0.3667757000977136,0.3551934287345962,0.3687447004827113,0.36420035395270955,0.3556061912422174,0.3606076615244302,0.3630117233350003,0.3632137776797237,0.35580785585506264,0.3603194832181815,0.3667731542498766,0.35656907160222573,0.3578074459984795,0.35830845180360055,0.36637567031161045,0.3758512272712467,0.36193022787374834,0.3706265446152051,0.36447714591431374,0.35771802338019454,0.38443910854798563,0.3712961588145582,0.38371882582853944,0.3624126154318039,0.359914914553156,0.36702046678929245,0.37466384878510256,0.36567583828103994,0.3567190705456536,0.3556132526017909,0.35471192489127007,0.35409403094070874,0.35409403094070874,0.35409403094070874,0.35497007355305776,0.35409403094070874,0.3558450834991669,0.35497007355305776,0.3562209386038137,0.37541704622923855,0.35629284725179
0.5044650596844859,0.5003466536519459,0.5027759083813731,0.5066965225011028,0.5045102564642316,0.18688638578045716,0.7112937268719649,0.7110038569768528,0.7097688354272762,0.7145754689706176,0.7124972125566337,0.7181904670853119,0.7124784883289828,0.7139521355174863,0.7105007265957172,0.7092561648417263,0.7119207789819189,0.5006060218039513,0.11830089588945779,0.5000816912739422,0.506002963559687,0.5006990267882561,0.5110170073477593,0.5903281167532048,0.5507523298137357,0.5625278030341466,0.5003960759261828,0.5024038183109304,0.5045382504846677,0.71952605317489,0.7218606909494446,0.7217554747441217,0.7212612313857112,0.7271094606193778,0.7222233204396659,0.7252487829931425,0.7343163547245799,,0.7239381363630094,0.7136072834420045,0.7463479734950182,0.7228746877875224,0.723027768612031,0.7229303581703876,0.7172258675420738,0.7313774049735386,0.7179689298875089,0.725828120534374,0.7131747286117734,0.7129702288301992,0.7158987966539639,0.18679972490629598,0.710654253235574,0.7136194915231701,0.721615726636267,0.7247434819506873,0.710924527190715,0.7183274136004075,0.7100761066905406,0.7133014770997338,0.7119347278322601,0.7096139342442205,0.7079460383610926,0.7124397135100966,0.7144982459906845,0.712855553146745,0.7170922952693578,0.7125645750553015,0.7115809750886722,0.7130083391119155,0.3542299087321222,0.35765547920411794,0.3593501500426991,0.3547305622655686,0.35454956658206344,0.35710256797914275,0.35435535374931304,0.3610803370565301,0.3583585207710989,0.3669246277511185,0.3540804107908256,0.3681956982675577,0.35984519579650986,0.3594572792829555,0.35724159465351435,0.3560606054993018,0.35439774946795694,0.35439774946795694,0.3798922393537122,0.36054478533781,0.3778669014733462,0.38319268240012955,0.3569296778860942,0.3674958245695375,0.36499898434393097,0.3621763221687306,0.35661939158908823,0.3564922984400515,0.3809482939393875,0.3637993500905638,0.36573724388235934,0.3617919056578788,0.35985093285905667,0.36680259937636617,0.36063595751835686,0.3650181617790889,0.37045544591344215,0.35758254856798943,0.3702761710379307,0.3697670964533546,0.37628789078467606,0.36335881690833477,0.35436209237302757,0.35738559568313005,0.40108198508733134,0.3796252628729097,0.35500609437034025,0.35778684760252316,0.35836059420614647,0.35388955879500367,0.35388955879500367,0.35388955879500367,0.3540545310581061,0.35388955879500367,0.3563828221342907,0.3540545310581061,0.3551837448004781,0.40496090315587663,0.35526698973007764
0.5037563034139922,0.5016486328844648,0.5172836090546462,0.41929115072544454,0.5815812863293272,0.3605318117427999,0.6705684289535159,0.6703652813895405,0.6672216077841158,0.6780915325486004,0.5928807038009286,0.715119357594447,0.7111899950412104,0.6749985718540688,0.7136593176659165,0.7123031201220263,0.5835132527618484,0.7078475477887707,0.422917522058597,0.4125701568308693,0.5850026597684623,0.5010918898700787,0.5079958834954209,0.5826257482631026,0.5215827865520521,0.5473000513907649,0.5077478331092624,0.4999150830740142,0.5027373753422854,0.73050467420163,0.738476243618512,0.7237863179471697,0.5880919878907528,0.823614214607787,0.5852255883222236,0.7218847540673625,0.731042091239686,0.7239381363630094,,0.8228288858345087,0.7494325622650375,0.7355459342301978,0.6900654316558782,0.7194865569458478,0.7216868627850422,0.6885824743181513,0.8232332959416622,0.7189578181201084,0.7182876198007537,0.7155027773447864,0.7179817407250106,0.21756009961334286,0.6708051175540692,0.7140594565010812,0.7162568148721251,0.7141710899712637,0.7096431103214652,0.7123271524035976,0.7083727962921861,0.7100025860380892,0.5812436441204689,0.7095878508873483,0.8183828795364921,0.6681779521632354,0.7102882395026744,0.7093643366876815,0.6710438258772756,0.7100230199348515,0.7101019620251237,0.711450798996128,0.6457513889294163,0.6471809054099568,0.44082786483151154,0.49996526934247737,0.4406950972464366,0.44335563379559534,0.500004838894433,0.4080446608208567,0.4420454549934592,0.44197116265127084,0.49972133695067167,0.6489652875488504,0.6464635912191201,0.6472710724079356,0.6465358089319633,0.6454155093101592,0.6454155093101592,0.6454155093101592,0.6483850128404097,0.6470845737115198,0.5063110802648662,0.6476119805985006,0.6457782110237903,0.6463772300493957,0.499725386970806,0.6459523114639466,0.6461884071965723,0.6463210693007793,0.64653622410114,0.6459513926814024,0.3547013439263936,0.6480372125235025,0.5015877340728049,0.4429824239580104,0.5007072480699566,0.5016640238903243,0.5008064420128098,0.4998855293947896,0.36955862492129027,0.6495726772778562,0.44909614610792253,0.5032724101486162,0.5008395441368273,0.4408353621416479,0.6495398984695467,0.6469705785416605,0.6455056472933438,0.6465467107950259,0.6453593722607476,0.7903824091571529,0.7903824091571529,0.7903824091571529,0.646384944271773,0.7903824091571529,0.6457123683425314,0.6453711428547446,0.6458275476962508,0.4492983006780291,0.2964837459135029
0.5038044621657378,0.5021520272380026,0.5085681179327058,0.41673937236633646,0.5787168155159024,0.3561399003266041,0.6705821462873051,0.6718672930868073,0.6675199916350686,0.6720969832712883,0.5883971492538145,0.7123298700924146,0.7104062432818629,0.6707791052379535,0.7109656348124276,0.70992305125989,0.5810743220417555,0.7098244771804116,0.42076694124378194,0.4132580133220028,0.5847610180429127,0.5034885516861891,0.5032597256225237,0.5803752005836835,0.5195968121303501,0.5440356589497152,0.5044281312858304,0.5003412380163269,0.5003135430386,0.7191583349436624,0.719177850939997,0.7224958766812639,0.584609258904196,0.8213057467801046,0.5826471333255298,0.7185357141216259,0.7250329696485233,0.7136072834420045,0.8228288858345087,,0.7217077627509793,0.7182966268080291,0.676267730470852,0.7174452722224777,0.7163838431047029,0.6776757760090758,0.8278576628472101,0.7158356465441836,0.7177163635096302,0.7108414312375898,0.7102367499582468,0.1675675337041849,0.669860911236834,0.7094639939962563,0.7105920309058809,0.7099646218323068,0.7096503102704476,0.7109420506471431,0.707720794129585,0.7070931268644828,0.5881057695611003,0.7169774298044097,0.8213894311904824,0.6706274538758547,0.7129728925236098,0.7112655083935501,0.6706046868119075,0.7139373296070589,0.7114855713537807,0.7146498024571091,0.6673445158041521,0.6726796167671371,0.4571621901642354,0.5118422706473211,0.45317870177632574,0.46146732857758416,0.5074372451171444,0.4195964959874643,0.44851193811414675,0.4567104601866102,0.5019789460944143,0.6463784644820981,0.6457022109781743,0.6460382285228041,0.6459568397940557,0.6455993174396586,0.6455993174396586,0.6455993174396586,0.6469706160134463,0.6456267505723703,0.5040720253297433,0.6482694241349387,0.6460755720009067,0.6462257193352395,0.5026498672985815,0.6471141563817217,0.645928691964702,0.6468151279465721,0.6470824982751628,0.6458145234885339,0.35408705659207895,0.6457329898047622,0.5081607754550063,0.4496010196222658,0.5105800478977879,0.5084327599744255,0.5058247288061266,0.5013441268738643,0.3898912327476964,0.6528429996669015,0.44917982706367066,0.5029355917642646,0.5042010137187456,0.4462666318255749,0.6462947807102755,0.6469242039164196,0.6456243118615227,0.6456757534605936,0.6459578580228211,0.7906934064818539,0.7906934064818539,0.7906934064818539,0.6461329235429263,0.7906934064818539,0.6457258016598223,0.6456499874149088,0.6456049651090419,0.44247064572513,0.2970745343495929
0.503790838909412,0.5024638357935253,0.5118351948416362,0.5155094896504527,0.5109504678193729,0.20216576715609022,0.7163187912678375,0.7163130631136758,0.709855055980191,0.719579015898233,0.723016233616081,0.7273116575000107,0.7182437415264075,0.7196233667596224,0.7188396289012885,0.7199190488431282,0.7138080044329921,0.502241740002836,0.16064462432663323,0.5049522498347566,0.5104057381850127,0.5001672314171898,0.5154070984867266,0.5944995606542576,0.5531650402442189,0.5682145434455382,0.5056493810624637,0.5032651107887527,0.504644028168829,0.7462123388420968,0.7384987452217224,0.7387239554411148,0.7257321565204795,0.7355184491436461,0.7243040794142206,0.7326606157245286,0.7548438345061924,0.7463479734950182,0.7494325622650375,0.7217077627509793,,0.7481473894029698,0.7532661123495725,0.7426536411279493,0.7354099040147947,0.7509444050936325,0.7236802366663414,0.7411701631862022,0.7250175578570592,0.7185533460302043,0.7182011858727765,0.2896079364212149,0.7134035798415836,0.7198273244273712,0.7322764350265781,0.728496994380797,0.7160668071922321,0.7219853605786237,0.7097501785843979,0.7127125618708113,0.713105332876834,0.7118169426484662,0.7135149858241535,0.7120981794281515,0.7154912258172997,0.7139589675409244,0.7207488987853706,0.7143851949188658,0.7134333764728181,0.710620364945242,0.355405524847126,0.3588960839413293,0.35585384624793287,0.3541904974626721,0.3538564013111772,0.35587161182797544,0.35424138703191677,0.3618874010354974,0.35945685688002166,0.361802708818618,0.35399684422417227,0.36434430726098,0.3590329002124503,0.3685354015620191,0.35539569255868037,0.3552812584328376,0.3548541390700852,0.3552812584328376,0.3764004639168716,0.3605894030922146,0.38644691747705723,0.3746949113138433,0.35899496749528154,0.36660400876002136,0.35809541110075493,0.36304992373892414,0.35919777608358905,0.36128220460506877,0.3808589214417434,0.3635325216294203,0.3561761823967786,0.3681754288171902,0.3585470608636458,0.3687767974907022,0.35980169228306447,0.36918248740014714,0.3593427772519898,0.35691157562435105,0.3971503224864729,0.38471297521021847,0.4048631217817404,0.3594770577545635,0.35537811996106705,0.3572070892814512,0.4093628569346053,0.3807155760687039,0.35832284980351364,0.3560268295438623,0.3561579245825951,0.35484550413916804,0.35484550413916804,0.35484550413916804,0.35600689910452543,0.35484550413916804,0.35716600596847664,0.35600689910452543,0.35599643012487064,0.4027141153347873,0.3573643778205782
0.5037749233160583,0.5005644742095795,0.5106116828305095,0.5195001267800892,0.5139595625092678,0.17620952009553106,0.7102657556619094,0.7147982978581349,0.7088102077082757,0.7166232747558892,0.7288276620906687,0.7166735830520417,0.7224265816695066,0.7195153052408177,0.7225329116680291,0.7189964620046239,0.7202780444022469,0.5066638392759544,0.15534341069577207,0.5031543798206412,0.5112613044371795,0.503357310353401,0.5058721580534313,0.5832453451690627,0.5550288817160289,0.56716008801742,0.5122657415985215,0.49988762248260205,0.5001718134017819,0.7282702956491585,0.7412812652550568,0.7341435391356407,0.7152883477038028,0.7196738275295104,0.7272457641337692,0.7352625236641024,0.7273807048925762,0.7228746877875224,0.7355459342301978,0.7182966268080291,0.7481473894029698,,0.7494083327392299,0.7327746333057005,0.7383545821673966,0.7317748284894806,0.7233998328839844,0.7352678757132797,0.7222584994337531,0.7141606645983707,0.7121640456270343,0.26727685006409835,0.7080279597112226,0.7132563219702551,0.7158799015236906,0.7196414314795666,0.709401000207183,0.7115218473570459,0.7081539604762915,0.7082384322286001,0.7155215343664667,0.7117970282365768,0.7128012027860084,0.7144073377339788,0.7171913155070025,0.71151964527305,0.7153558629169849,0.7137303889817705,0.7132848608147092,0.7159132051771055,0.35339791471646026,0.36386672402190634,0.35784851418089764,0.35570263948244724,0.3592552348004476,0.35949761883630305,0.3577344337871496,0.3575022875720852,0.3590961080666946,0.35645487731380265,0.35339738242547053,0.35607022909334957,0.3541819778430665,0.3565264405693912,0.35491964794272307,0.3533006888755472,0.3537019367983274,0.3533006888755472,0.3567473481735246,0.3582960465597919,0.3607276136054472,0.3593801150345632,0.3536136499330867,0.35479734100124183,0.3570013012971152,0.3539956402201674,0.3546157531778971,0.35594265194976404,0.3553701187539703,0.35454497816781105,0.3547192068866954,0.3568974961053702,0.360771658607711,0.3627882841186269,0.3588146366309262,0.36097394558657614,0.3575848702084156,0.35586357580391326,0.38261061193434476,0.3679613270386282,0.3770990503832308,0.35872863714589487,0.35571702109258313,0.35453655400665907,0.36031760786195094,0.3557187196188756,0.3552181519886776,0.35354349768473126,0.35329056159126987,0.35326304063742814,0.35326304063742814,0.35326304063742814,0.3551544839090627,0.35326304063742814,0.3570383237204292,0.35337260389418157,0.35388557832565076,0.3633865108075926,0.3553872130015173
0.5058218596773778,0.4999892639730672,0.5096807261070402,0.4232849738477796,0.6292169340650248,0.4107389272450089,0.8201965599279754,0.8209378709926605,0.8185447687945088,0.8236944591684103,0.5892485244399864,0.7512373307046818,0.752809925230548,0.7041722778850545,0.752966743471165,0.7529653631118268,0.6772029459123501,0.5281641081457024,0.2733584579063391,0.41627109185033806,0.4806372095175275,0.5055573591927957,0.5043287915603663,0.617465775406234,0.6389687376930641,0.6839554121165604,0.5132727188601481,0.50042364333008,0.5014860407543578,0.7237486602035345,0.7261842859925376,0.7276065412385139,0.5868765819537671,0.6751576168773699,0.5899184784346333,0.7320382010863143,0.7298228350310076,0.723027768612031,0.6900654316558782,0.676267730470852,0.7532661123495725,0.7494083327392299,,0.7536916688652194,0.7604978663567052,0.7110360795367886,0.674641411193537,0.7572559821503781,0.7551570704073024,0.7514621656795748,0.7534614332347415,0.19016746618063451,0.6960642589086998,0.7522524087664443,0.7517571120890768,0.7565022401331142,0.7488577194433905,0.7477556382692322,0.745892102682246,0.7461760341374638,0.6731039977680383,0.7488397375951343,0.6700909474593464,0.6968653810859048,0.7500690756010624,0.7487747572495059,0.6983360749534762,0.7483077735629601,0.747683818804616,0.7490910221355501,0.44321831568675896,0.4437474231159041,0.4825061359591291,0.5531780328952083,0.6461727856053997,0.6480365206722923,0.5534518365054155,0.579211048927893,0.4823655148901557,0.6468852268052446,0.5533477817756697,0.44321399539549255,0.4415927221128696,0.44299046637544914,0.4412144300661761,0.4406636437365648,0.4407401111510391,0.4407401111510391,0.44313925482211375,0.4413571520937192,0.378596250024345,0.4426387398398821,0.4418390203049808,0.44183566029907595,0.37282547678898664,0.44108776087822327,0.44107473991738094,0.44201111034193263,0.4424302644043242,0.4426677499190656,0.35550160604120007,0.444115129668208,0.5548838460046126,0.650704575808235,0.5553436065449588,0.5551345360343092,0.555073349839545,0.5535868803383783,0.3674576203898829,0.450998181410582,0.4887764645263238,0.5534422278010231,0.5552475483598011,0.6472114515683979,0.44326656381879,0.4430402401733626,0.4407868396296815,0.4408280346236277,0.4405895142292456,0.5395909029882606,0.5395909029882606,0.5395909029882606,0.440615549076387,0.5395909029882606,0.44345880353526596,0.440615549076387,0.4412221732251781,0.35036492512012474,0.3011115783654669
0.5073687681927193,0.5004030994332226,0.51313815235312,0.4251193670869931,0.71124818852828,0.29370934323078635,0.7523084888318231,0.755920508601268,0.7474025808201992,0.7534085712356652,0.595167813670052,0.6718642154503031,0.6575058377423175,0.636455640119319,0.6528278860873639,0.6534203058259115,0.5837144470168301,0.580423923246301,0.3204484038352784,0.4139960694190514,0.5088923776286567,0.5042922929457151,0.5125636418378656,0.678549699291236,0.5856622406061467,0.6195454581711703,0.5184460004914785,0.5018157979352107,0.5046061617213746,0.7469383881533974,0.7351659917270315,0.7305318487050909,0.5873163317314967,0.7203770320922229,0.5892791712425456,0.7320380805143994,0.7373820061111585,0.7229303581703876,0.7194865569458478,0.7174452722224777,0.7426536411279493,0.7327746333057005,0.7536916688652194,,0.845136462384064,0.7620727421386312,0.7221728874516425,0.8352479659739885,0.8307275304503371,0.8280438641395618,0.8345979091125891,0.24316146276762005,0.7499683692133767,0.8222742019916087,0.8294773616870921,0.8281057050556122,0.8243863147753061,0.8208261813991587,0.817377705283039,0.8198673932267648,0.7124750800269479,0.8203391072925332,0.7106913377866001,0.7492538326670717,0.8222728902396306,0.818491559266828,0.7545917128728098,0.8268431654366708,0.82038856245177,0.8241674792858091,0.4998977144680192,0.5039730917060447,0.5541326109953153,0.6461423732821026,0.5532630754876232,0.5558887020860078,0.6474328137620574,0.5064121879052425,0.5563222022184756,0.5583013286180291,0.6456625583263431,0.5035912762096024,0.5009002134307771,0.5037403099127156,0.5007124039545046,0.5023378222149716,0.5008872238165673,0.5000117130388306,0.5104609366395648,0.5011102050037907,0.4213402352204035,0.5077210143339888,0.501435100096062,0.5038644586566726,0.410847784398131,0.5049105131740315,0.5023008817998358,0.5032480239946944,0.5111921301729058,0.5069257674566124,0.3629451058259397,0.5043203797656116,0.6528661545375487,0.5636232217429148,0.6496616549991846,0.6503340252393262,0.6513531284708408,0.6492811523045399,0.39581899641898427,0.5195757000995208,0.5718558910305186,0.6488786199368661,0.648110046250888,0.5569350217768828,0.5096238312078053,0.5044873136312453,0.5016818132776726,0.5017511786117448,0.5001193312113433,0.6120217974167761,0.6120217974167761,0.6120217974167761,0.5003697563797651,0.6120217974167761,0.4998625393578764,0.5003697563797651,0.4998507544571822,0.38929559644453815,0.3052919420320968
0.5071515349525336,0.5010827600617661,0.522201200345979,0.4308295891349729,0.7174983451535575,0.2971786132381598,0.7483328340790312,0.7519225875815574,0.7473769395659019,0.7526325761476577,0.5988820450875325,0.6635514990787452,0.6638823314956995,0.6491410917452873,0.6524245741475765,0.6539053610289428,0.5858940124270564,0.5807081633311413,0.33423317183865414,0.41485628770289346,0.5049514300418682,0.503813463265842,0.5054122929609041,0.6740039340750057,0.5840638679845088,0.621360130951681,0.5148660421668209,0.502380078611225,0.5015609619789693,0.7359269347379631,0.736763702877511,0.7400295716358392,0.5843705573082925,0.7155186073912039,0.5941181411246605,0.7273726743283553,0.7317173320514128,0.7172258675420738,0.7216868627850422,0.7163838431047029,0.7354099040147947,0.7383545821673966,0.7604978663567052,0.845136462384064,,0.7717790610606949,0.7274081623555835,0.836427176942365,0.8297611422269341,0.827652147071816,0.8236825829158955,0.2481491959664495,0.748590924127081,0.8221191869580516,0.8261975190906852,0.8377983546404653,0.819295548481811,0.8190385605948781,0.8166129726419216,0.8180499480125256,0.715045706104233,0.8226767722518276,0.7152727280889748,0.7525812573882512,0.8261248429096705,0.8225564153604082,0.7547401239694781,0.8255194265040137,0.8206355354619138,0.8221693363873185,0.5000684927584019,0.5036440629318321,0.5542611353209854,0.6455604519098331,0.5529264231277945,0.5568013716327579,0.6481581552160451,0.5008546292374784,0.5550989653369672,0.553473201335528,0.6456324351050032,0.5046972377274261,0.5014433586129765,0.5038217461746339,0.5003863866303988,0.49972987180788125,0.4999065678106081,0.4999065678106081,0.5045554990283366,0.5006503275086307,0.41322924071157285,0.5035535575979193,0.4997247733345244,0.5016359700937849,0.4095455168268365,0.5024474083451179,0.5011948639139889,0.5026095124342048,0.502377287309594,0.5001621301577174,0.3546512503253341,0.5004507308135921,0.6482684596598245,0.5594464100802136,0.6464279417151566,0.6492731425727198,0.6480014137715412,0.6470485774243347,0.3895424150326765,0.5156986522170166,0.5684535418715011,0.6463346683699993,0.6469293631960824,0.5569803041628046,0.5040905341119752,0.5023441133836405,0.49972868255737596,0.5000753022982382,0.4997473865749516,0.6120325639039519,0.6120325639039519,0.6120325639039519,0.5002473096268578,0.6120325639039519,0.4998144217743598,0.4998105505015229,0.5002238647002152,0.3791346359529332,0.30544562620800303
0.5065877399253497,0.5003027437820826,0.5133634733948345,0.4194055110772828,0.6281451626600433,0.2580658179680935,0.7017570213341868,0.6999269757201665,0.6958541130550768,0.7007504773330063,0.5892155948490188,0.6403247017922378,0.629739012056664,0.619138475788983,0.6278094043985929,0.6289171788312782,0.5803362189521402,0.5273682329788094,0.26732625103783747,0.41034856907057304,0.47892141661334875,0.5007857451538615,0.5085398781937934,0.620082497885956,0.5404314642333133,0.5713646318343363,0.5093328142729483,0.5014334997348324,0.5022429853356386,0.7281878599569088,0.7215630079284081,0.7204125072355708,0.5864700456430929,0.6712774531891568,0.5835493202101234,0.7316363865681085,0.7382817188446272,0.7313774049735386,0.6885824743181513,0.6776757760090758,0.7509444050936325,0.7317748284894806,0.7110360795367886,0.7620727421386312,0.7717790610606949,,0.689154799230219,0.7693347841476065,0.7535626797757783,0.7527155011742147,0.748497258057166,0.1960542230486627,0.6970650090043603,0.7522357372728822,0.7584331263233313,0.7548681814611354,0.7520637970205997,0.752158771188716,0.7460720104202585,0.748447906200576,0.6756778687888155,0.7488634976350927,0.6729397658353139,0.6971783952411659,0.7534934878588775,0.7493233548706241,0.7037135618661915,0.7545554934442882,0.7495936599461225,0.752350018404357,0.4416543658611441,0.4465347958436852,0.4827015140509046,0.5531417538524183,0.48147837182086656,0.48692103779358664,0.5540759715644725,0.4452096939275654,0.48440254690459394,0.4850744051246333,0.5529565664948098,0.44485865738452296,0.44185006747358363,0.44390975946860123,0.4436453677065946,0.4445365957823158,0.4414655414014502,0.4414655414014502,0.44785408103174856,0.44473425557604385,0.3802535504470517,0.44892894096345703,0.44603364199666784,0.4462399527530617,0.37716175240632666,0.4500908055003345,0.4422213876130872,0.4455290127502567,0.44828140396917887,0.4435912021552177,0.3591553558760625,0.4423371467356775,0.5561877089194142,0.48625473383943857,0.5542402144778021,0.5557286861117837,0.5573007554702248,0.5531868130744828,0.3749762849134477,0.4538182417412614,0.4984902702756084,0.5539827304713225,0.5532720146026773,0.48586654192352513,0.45426312068241426,0.4454688296972094,0.4410579546154921,0.44112475083830677,0.44170568470233534,0.5401085240668513,0.5401085240668513,0.5401085240668513,0.4410637088881478,0.5401085240668513,0.4427679376864957,0.4418826679959485,0.4412445304059983,0.35691551571131225,0.3139198410351366
0.5040324669271584,0.5017593472821008,0.5064864701223712,0.41767908890212474,0.5856059589969285,0.3653528709215146,0.6706521550944136,0.6709853034089901,0.6668550411713495,0.6713163589974152,0.5898080352073102,0.7159866931560949,0.7120188281712571,0.6720325738223336,0.7096105445465042,0.7116564648103961,0.5818009532328117,0.7086023067870891,0.42182719230239457,0.41069290110636375,0.5842214811654656,0.5027716994381479,0.5045503066008891,0.5834798780985945,0.5175017679724039,0.5433220850083142,0.5030873528272941,0.5002813841125485,0.5051585605218258,0.724882856301845,0.7233482370997437,0.7275590569021297,0.5808586160312834,0.8213681701880399,0.5854837905653755,0.7236357682010232,0.7351673902123815,0.7179689298875089,0.8232332959416622,0.8278576628472101,0.7236802366663414,0.7233998328839844,0.674641411193537,0.7221728874516425,0.7274081623555835,0.689154799230219,,0.7204875573304192,0.7140671294738026,0.7143985640872768,0.7102716866342115,0.16192466239073788,0.6693190375853598,0.7119509508237113,0.7107037466762706,0.7133261754870833,0.7093244564334863,0.7109748555656743,0.7082230259297212,0.7076533263628005,0.6263319240766535,0.7269913010577604,0.8384663325744971,0.6798508316139854,0.7298186627512183,0.7229578570055453,0.6824279171656918,0.7227978567503828,0.7185710444910743,0.7266606655619477,0.6486544977343885,0.6619795052772321,0.4569353592678584,0.5067985000321892,0.4441659901599164,0.45580228894703845,0.5088475598211586,0.41747061529282203,0.4549245089137654,0.45115007965179477,0.5037422404655291,0.6500758821787237,0.6476684320206202,0.6473174099035854,0.6460625977015643,0.6456646633799467,0.6454363958022504,0.6456646633799467,0.649933537226681,0.6467906205279211,0.5045264303944234,0.6505342148741942,0.6460673482342337,0.6482348686389238,0.5038630500948788,0.6483467652366284,0.6464978100284289,0.6488359323102089,0.6486847010226579,0.6472793061286171,0.35859820273256754,0.6465953219844857,0.5068518824503713,0.45821741029533575,0.5072415286327877,0.5134436241554945,0.5076667357672242,0.5046263312290079,0.39368288166416643,0.6571268600554914,0.4549607840022327,0.5036935370949802,0.5038034531373577,0.45093250654514516,0.649705264006523,0.6475106707095496,0.645460664048183,0.6455995248996,0.6455648223276371,0.7904879799145899,0.7904879799145899,0.7904879799145899,0.6456298031266062,0.7904879799145899,0.6458290682771692,0.6455694564400801,0.6464280362128993,0.44514482866879757,0.29982700004888835
0.5073957461519283,0.5017621545400102,0.5210208901687633,0.4257233240624602,0.7167067073647925,0.3047185465199242,0.7512666220864346,0.7543550359045336,0.7487700024128067,0.7538487093563652,0.5946199971958153,0.6674668260760582,0.6597379939793594,0.6366928928009813,0.6483239131024064,0.6543156108720112,0.5812482843660955,0.5789731903449887,0.3207354268912553,0.41152894056985523,0.5052379744960986,0.5028436430011967,0.5061044821297503,0.676336554116461,0.5830371211983184,0.6188798757017586,0.5101089437926982,0.5015292510205366,0.5015587749972673,0.737038120120609,0.7341828941053637,0.7314843864247099,0.5831496281894989,0.7153535842996113,0.5905700719109452,0.7308058809432891,0.735782193584441,0.725828120534374,0.7189578181201084,0.7158356465441836,0.7411701631862022,0.7352678757132797,0.7572559821503781,0.8352479659739885,0.836427176942365,0.7693347841476065,0.7204875573304192,,0.8243909275052169,0.8217870835041532,0.8225460535292559,0.21269116993386628,0.7491176112973893,0.8205992701002729,0.8240978772025405,0.8301096437211727,0.8198503721569661,0.818950250522176,0.8172101625473887,0.8176933080163119,0.7161754967770138,0.8226046021733612,0.7161789406815845,0.7526087724276589,0.8252491386297182,0.8214059239420973,0.7550243300234626,0.8279187153885966,0.8218735029560231,0.8253115385406369,0.5003104048277477,0.5034866357696127,0.5537110232508275,0.6458673422910112,0.5529172756433788,0.555058781132173,0.6473366777304043,0.5039890314785823,0.5557053222318885,0.5557048774510577,0.6455155746024175,0.503015269167527,0.49999217856870903,0.5033165128936469,0.5017728410173514,0.49992629711017517,0.5003113985097867,0.49992629711017517,0.5043101103966757,0.5016448287076277,0.41412238414666125,0.5037974784935619,0.49992749538731146,0.5023963523025613,0.4090835212559011,0.5041556053855067,0.5019914112365829,0.5026295121952654,0.5029045038105323,0.5004022739280805,0.35585720260267273,0.5001348649333709,0.6508740497263806,0.5581512222591646,0.6480734488300769,0.6502462970328848,0.6503424544525979,0.6483392504083374,0.38610630735134877,0.5144869604195421,0.5708340488230563,0.6473383693375614,0.6480481240879066,0.5561184838604569,0.511661575336271,0.503871225671615,0.49990730903147484,0.5013740903612565,0.49991015057393584,0.6122577618004552,0.6122577618004552,0.6122577618004552,0.5003621071924267,0.6122577618004552,0.5008180166243148,0.5003621071924267,0.4999386683265829,0.3849360675933756,0.30462343837949274
0.5074078139779177,0.5001977834114197,0.5172513459017104,0.4214727641905315,0.7117246718121805,0.27757120124401846,0.7485137250806121,0.7499316567684792,0.7456497579588526,0.7516969117515363,0.5892777898097069,0.6562115560726832,0.6542047776793972,0.6308163722742929,0.6554932120391259,0.6510097957104558,0.583903351074697,0.5813949160501127,0.3184966817127628,0.4152609767401601,0.510462860358621,0.5062936181048789,0.5096625186974012,0.6764252438093712,0.5832991027321899,0.6216406593669501,0.5137411385068024,0.5010362812413418,0.5018541568932885,0.7362975344637618,0.7317664191106644,0.7257821211955494,0.5845727618062045,0.7146565752516696,0.5837420459749765,0.7208373876719656,0.729000465200944,0.7131747286117734,0.7182876198007537,0.7177163635096302,0.7250175578570592,0.7222584994337531,0.7551570704073024,0.8307275304503371,0.8297611422269341,0.7535626797757783,0.7140671294738026,0.8243909275052169,,0.8298742599095912,0.8268245395500295,0.23230730264008037,0.7507241924789249,0.821394100941086,0.824332607872036,0.8239746756009981,0.8196121555032284,0.8169404355147855,0.8177348264904376,0.8182791901246358,0.7131584282600778,0.819397602801205,0.7123898655317903,0.7491571368489528,0.8217391799964323,0.8197646327729976,0.7500954733447932,0.8210226050842708,0.8235044521781786,0.8219557071173088,0.5017473513633622,0.5065864189935382,0.5564116590826274,0.6483045911962256,0.5547236167805694,0.5568569385059414,0.6498665704959505,0.5054635002270244,0.5557439103400464,0.5627193647301033,0.6462349594644702,0.5041775988407766,0.5042359044646378,0.5074654019213081,0.5011372090751779,0.5007365589788617,0.501896262853188,0.5007365589788617,0.5042879171380166,0.5016309300921266,0.41344309519283257,0.5033796856856011,0.5009561487809601,0.5030526917260526,0.41155875056304875,0.5050678331599584,0.5018989925683695,0.5019697642246082,0.5049655877304479,0.5018809129828178,0.35551371414367056,0.5029416586677411,0.6509954697401968,0.5646315439352919,0.6519580987667435,0.6493342058727569,0.6490403675718671,0.6487227565098445,0.37198021730021863,0.5099489423204485,0.562831500555778,0.64793005061265,0.6472886345903177,0.5571550045335347,0.5037562659365595,0.5027243583471871,0.5003277206756289,0.5004207137106887,0.5015438203077409,0.6122803732247699,0.6122803732247699,0.6122803732247699,0.500417464911873,0.6122803732247699,0.5009102475151042,0.500417464911873,0.501179430559561,0.3795813210757506,0.3057397204785471
0.50717296693923,0.5003338072210847,0.5091726672993826,0.42129019058681844,0.7093094922857504,0.2768470070732446,0.7469027316583682,0.7462779281266908,0.7454274229412599,0.7480302165622211,0.5814545053645105,0.6486843459723636,0.6496209766676283,0.6277248897982757,0.6482283135805541,0.647682578662078,0.5796874523954053,0.5776187405077365,0.30799598018289764,0.40828569962217676,0.503123177909074,0.5001677798161067,0.5052165961674117,0.6669318804907876,0.5778571432257789,0.6143772519823956,0.5006435222978516,0.5006040529743185,0.5020631464953142,0.7221186690858931,0.7201567979199315,0.713841183115779,0.582909931057533,0.7150223167749343,0.5887758995100089,0.7145543263840275,0.7214116036643821,0.7129702288301992,0.7155027773447864,0.7108414312375898,0.7185533460302043,0.7141606645983707,0.7514621656795748,0.8280438641395618,0.827652147071816,0.7527155011742147,0.7143985640872768,0.8217870835041532,0.8298742599095912,,0.8556252436728763,0.23190247795673682,0.7477420668656087,0.8234276457359136,0.8251093541181385,0.8198665802114231,0.8203596906523029,0.8167912716629515,0.8177474084321089,0.8180701683010673,0.7125883369770023,0.8182071584453595,0.7085794162882021,0.7461366094199315,0.8223369741861891,0.8186285684636548,0.7498010574266203,0.8207904002662586,0.8194710806669006,0.819516986891756,0.5005766169157104,0.5019140997396222,0.5537060261474038,0.6461388347575061,0.5528388683374907,0.5538391864497921,0.6456639828989962,0.49972951118119574,0.5531708639620505,0.5573570156053357,0.6468892234159411,0.5109558673798642,0.5014113339734354,0.5021403741224489,0.5004242617210948,0.5060088080718875,0.5001411803326565,0.5001411803326565,0.5067050109599784,0.5031598221722264,0.41268032804495863,0.5004770105998263,0.5007226322595336,0.5025744284201065,0.4090664483059826,0.5023277862784966,0.5017961226005183,0.5006310680609303,0.5048135401356239,0.5000824154704376,0.35587181891383807,0.49970967964903057,0.6498055821693768,0.559909534779706,0.6501041034189415,0.6482610646138963,0.6477249582335871,0.6459921546954572,0.3676444078512262,0.5052689780271901,0.5554429869504196,0.6467018081164858,0.6476837914673101,0.5590314264678179,0.5075211514338481,0.5028739148637154,0.5004092766959196,0.5004247404336825,0.5025886085893998,0.611988290632772,0.611988290632772,0.611988290632772,0.4997020682887489,0.611988290632772,0.5009605060750539,0.4997020682887489,0.4999864643418199,0.3792811857640537,0.3042192348622885
0.5071439145950905,0.501615662479774,0.5029618751034721,0.4138835017283369,0.708328099356,0.2728550669152835,0.7459919434811422,0.7458021106226701,0.7452637596116705,0.7484078491580322,0.5806246176771253,0.6510894746607236,0.6467764416679367,0.6273311050437019,0.6475135437266427,0.6477433980203152,0.5812162239981118,0.5775789921455475,0.30382753886342484,0.40825542100939094,0.5035727479720102,0.5004375662303093,0.5089097960254361,0.6681216426469153,0.5792661122627021,0.6127995012332399,0.5006421362836698,0.5018735990394565,0.5047100105868695,0.7237062033089178,0.7199891111997186,0.7143405870384328,0.5847017107438157,0.7140703007495988,0.594700651685783,0.7129437721155041,0.7226819495032539,0.7158987966539639,0.7179817407250106,0.7102367499582468,0.7182011858727765,0.7121640456270343,0.7534614332347415,0.8345979091125891,0.8236825829158955,0.748497258057166,0.7102716866342115,0.8225460535292559,0.8268245395500295,0.8556252436728763,,0.19720072723879334,0.7492084386414993,0.8215954840416254,0.8290470664130077,0.8232172531632828,0.8175395494296293,0.819323459031079,0.8166928557444189,0.8234268238395916,0.708816231557422,0.8169729302651416,0.7073734024681599,0.7457838503049952,0.8187849312897985,0.8167764471170924,0.7479384793500665,0.8187821794242455,0.8180107609161162,0.8186418503426668,0.5001565418472599,0.5016171173684413,0.5528683972151051,0.6455004650875524,0.5525385613582832,0.5535921906668159,0.6455638899461668,0.5003977924768469,0.5533228641315102,0.5594881332846284,0.6454935982612479,0.5095568714115183,0.5020289229054923,0.5024075705492859,0.49980898185751627,0.5026791841329854,0.5026791841329854,0.5026791841329854,0.5109496000113581,0.5068216063266938,0.4252854362596659,0.5019046372040631,0.5009942688512479,0.5087051342501026,0.41190922210398484,0.5015973901787738,0.5012990271084546,0.5012006091789494,0.5100833450297193,0.504322198032608,0.36201345417449265,0.502372169625448,0.6507305771277243,0.5594448644324588,0.6483366641759875,0.6470345256236246,0.6468875467219889,0.6453690652235798,0.37368534120499863,0.5047961166867282,0.5565571027876305,0.6462390666479572,0.6464227819700521,0.5552316322541285,0.5165518483759145,0.5131899499511589,0.503941424107514,0.5005685983912371,0.5013799720379825,0.6119870356055123,0.6119870356055123,0.6119870356055123,0.49969899288312875,0.6119870356055123,0.5064694477211016,0.49969899288312875,0.5053069583369175,0.39333777288440175,0.30441542841324015
0.08213733701897782,0.09316117333511742,0.17415964489146854,0.159350482064589,0.09943295410650967,0.09686688788373846,0.11326737650324264,0.12635795592248433,0.09236634049138008,0.15273698482123765,0.1907406795343103,0.19625242893225112,0.14674875440826168,0.15281098617940408,0.17810175690622457,0.1422745078779308,0.12074340870581698,0.11885575052520668,0.12755823633126465,0.11301971770400844,0.13550518727104924,0.10929405328231902,0.11208676048158304,0.12962220682365475,0.12560947063942235,0.13111555630897834,0.1732145205432369,0.07469225812315795,0.08065955477803342,0.3389091049779469,0.32308041503900714,0.24163128397493466,0.16632973318590866,0.17518124613486052,0.16914182690596688,0.20928706742812592,0.27268843297609763,0.18679972490629598,0.21756009961334286,0.1675675337041849,0.2896079364212149,0.26727685006409835,0.19016746618063451,0.24316146276762005,0.2481491959664495,0.1960542230486627,0.16192466239073788,0.21269116993386628,0.23230730264008037,0.23190247795673682,0.19720072723879334,,0.11281452411703449,0.13791684812664426,0.169981270046951,0.16823341709404768,0.13003385553061986,0.11417680236116011,0.08939215016836974,0.1351011262040249,0.13473155411049548,0.12423285558570032,0.12203407398183379,0.11846757543847569,0.144686134938976,0.10994190196693156,0.13778913947201946,0.13964188164302208,0.12103149544044214,0.13928080022806252,0.05876848637349178,0.10200169122564604,0.06436831991140947,0.06527154966832045,0.054626922383323694,0.09866504285735136,0.05461238217913884,0.06394878909906902,0.07231609901058926,0.08702111378674246,0.05545694979225232,0.09369443171793972,0.0564418905816032,0.08690789335805721,0.06550861941389408,0.05855876549562498,0.05288597488983651,0.05288597488983651,0.09768327195440862,0.07337684718146373,0.09649125168528898,0.08145974359143458,0.059779230760315535,0.07458834476052399,0.4123221672721153,0.06475156037323343,0.07619768721178546,0.06121652276071062,0.07741708665123502,0.06558858900906153,0.06837631114311306,0.0776316406441201,0.09418708278029898,0.10216474089941871,0.07804463746691219,0.07679931176395524,0.0900407946326501,0.0646898816754565,0.1725167602394574,0.12420185145513292,0.35592891536501126,0.06768650106377838,0.08295604771758286,0.08038332449971529,0.11124494008560014,0.09634535423876009,0.07725628722095079,0.05411017596167591,0.05764350892530861,0.06376339848424954,0.06376339848424954,0.06376339848424954,0.07958904679166234,0.06376339848424954,0.0696745124203266,0.05263965670881329,0.05736286710663325,0.12216202896391443,0.06407054265668687
0.5058005031126536,0.500681978247034,0.5036684415384433,0.41112804592950414,0.6237114617983077,0.23412934706664038,0.6947199639410053,0.6948019040686721,0.6937634793463002,0.6957197429546679,0.5792908120918598,0.6270051224627711,0.6235277477551417,0.6095580035388495,0.6274442466612501,0.6262560348380536,0.5807823754766673,0.5272089801327918,0.2542957278134334,0.40904293562319816,0.4765536512198515,0.5015740167408232,0.5024619445608596,0.609770875656047,0.5373363607288703,0.5655642226211575,0.5003263038754896,0.5005106964527377,0.5020996760388946,0.7105027745661381,0.7101005547205046,0.7099720262362854,0.581237638075102,0.6704256998942313,0.5807988664057727,0.7115302248754983,0.7136398592088027,0.710654253235574,0.6708051175540692,0.669860911236834,0.7134035798415836,0.7080279597112226,0.6960642589086998,0.7499683692133767,0.748590924127081,0.6970650090043603,0.6693190375853598,0.7491176112973893,0.7507241924789249,0.7477420668656087,0.7492084386414993,0.11281452411703449,,0.7582967877703058,0.7503558148625871,0.7476049695609193,0.7486871841793343,0.7509382915013025,0.7454952753027796,0.7510191840565502,0.6717138359824854,0.7458757865735505,0.6675664131019904,0.6943253332104092,0.7453440665795866,0.7456571443650597,0.6951369610435587,0.7473266054589612,0.7467916950639946,0.7478475308194389,0.44231217032520004,0.4421008538454359,0.48245402824016376,0.555697341902838,0.4815411577876192,0.4831314360676487,0.5531917570258482,0.444496054424644,0.4816418969094018,0.48342995332754013,0.5532392674399028,0.4408462954547684,0.44059456540053427,0.4408176449024288,0.4405722955258254,0.440806522502736,0.440806522502736,0.44067843371567644,0.44150357261860407,0.4408776601510424,0.3740195066233026,0.4412714112440302,0.44060482456442707,0.44078435139565714,0.37347526363874123,0.44158830949565736,0.4411688627709903,0.4407187397594562,0.44212777987185065,0.44094744239538924,0.3565816336426107,0.44098288124343127,0.554422078650553,0.48398828216617923,0.5539695186926894,0.5529416872335714,0.5552984326758683,0.553954995874692,0.36233574340722413,0.44496838015520596,0.48356227604933183,0.554028796785925,0.5532869525406731,0.4819077457225552,0.4432989080038572,0.44105669492483096,0.4410022569145986,0.4431643157093564,0.4412883187103488,0.5395825263186315,0.5395825263186315,0.5395825263186315,0.44059502331290656,0.5395825263186315,0.44062279272763494,0.44059502331290656,0.44070007020070456,0.3497400405129955,0.2987198653131606
0.5074299019495777,0.5003393161107961,0.5045625230037524,0.4118973763555733,0.7092594762256051,0.27622574650312937,0.747642947693049,0.7469753701236554,0.7453416955040402,0.7520626046654706,0.5805337699255553,0.6519774708047572,0.648353614631828,0.6284023866342175,0.6479942797635048,0.6504529167190711,0.581007624896533,0.577773048397342,0.30906424422724876,0.4086740335305626,0.503084089371116,0.5001553335003642,0.5048612058961287,0.6733713988431104,0.577204983547694,0.6143588096196188,0.5023536909973395,0.5016188648270834,0.5049676429313752,0.7132967546438518,0.7130535783726386,0.7097831952520804,0.5818641177678119,0.7131703009619209,0.5805081097316136,0.7148441509278396,0.7219412638269614,0.7136194915231701,0.7140594565010812,0.7094639939962563,0.7198273244273712,0.7132563219702551,0.7522524087664443,0.8222742019916087,0.8221191869580516,0.7522357372728822,0.7119509508237113,0.8205992701002729,0.821394100941086,0.8234276457359136,0.8215954840416254,0.13791684812664426,0.7582967877703058,,0.8290694528368556,0.8227400232158516,0.82017088150437,0.8187359761619057,0.8190333572588171,0.8175283178675186,0.71162861487204,0.8198649612532848,0.7079140141485933,0.7474349190305494,0.8169530370721814,0.8185918395167004,0.7498261642821217,0.8206302671425716,0.8186735536212554,0.8185936467490975,0.4998485450119104,0.5044512563835698,0.5531638312200001,0.645437215063055,0.5526090532715747,0.5528532461560149,0.6454228222873748,0.5014102187736156,0.5555814698113313,0.5559593652233186,0.6458672970518585,0.5001587954029384,0.49979439180948604,0.5005666143506238,0.5012290127279595,0.49999050068120127,0.49999050068120127,0.5015927153732768,0.5070964169746256,0.4999387615958132,0.41424035333275716,0.5065434677204472,0.5003421486629586,0.5022342775344467,0.41199835058011314,0.5054829021997389,0.5016421180430182,0.5037123644168247,0.5038313106205844,0.5027171702293192,0.35799754605488543,0.5003996795542462,0.6458863080429562,0.5545064322998724,0.646519683022996,0.6480143754601441,0.6471732848501894,0.6457771632844282,0.3596320047309353,0.5056177810356937,0.5570421223954852,0.6473096306784976,0.6478505948463987,0.5534209158461557,0.5053653402313596,0.5006315709516117,0.5002005685431357,0.5002204241972841,0.49991289656335275,0.6119909705411777,0.6119909705411777,0.6119909705411777,0.4997086352794548,0.6119909705411777,0.4997287606290902,0.4997086352794548,0.5010617815513638,0.38045456299215935,0.3085633025695889
0.5076000867584146,0.50224462313415,0.5115118414427384,0.41770941095637526,0.7102568965654534,0.2846251657208697,0.7502967113108573,0.746322325604973,0.7452831984389255,0.7534828569665697,0.5824282451369718,0.6568577790679146,0.6500483629501103,0.6309569867551599,0.6481369463583789,0.6478030394361329,0.582650954180329,0.5774828835195652,0.3062304448571598,0.40889462436548196,0.5044103614103583,0.5006154133841112,0.5111225480091223,0.6726136603067999,0.577881754791013,0.6170535532322436,0.5024038185859402,0.5017705809010576,0.5067946428347007,0.7205939784093709,0.7161464911707434,0.7136760490008168,0.58817182242562,0.7171118508127521,0.5833560595179216,0.7182683802246244,0.7226122608469604,0.721615726636267,0.7162568148721251,0.7105920309058809,0.7322764350265781,0.7158799015236906,0.7517571120890768,0.8294773616870921,0.8261975190906852,0.7584331263233313,0.7107037466762706,0.8240978772025405,0.824332607872036,0.8251093541181385,0.8290470664130077,0.169981270046951,0.7503558148625871,0.8290694528368556,,0.8425061337142823,0.8260962497789905,0.8259511071694337,0.8210041578760188,0.8240443303352353,0.7078585387816485,0.8182448102333864,0.7075164816248966,0.7470449086350657,0.8193833222690959,0.8188090677323996,0.7534052131599643,0.8186938364728319,0.8180369691301957,0.8204555511272991,0.5012104775415508,0.5025066678812472,0.5532425387251969,0.6460905702634134,0.5533673230113053,0.5545349100184331,0.6460861853273118,0.5013015980978339,0.5537231857308167,0.5560380025640996,0.6459848995111234,0.5058792723633685,0.503489341795805,0.5035571866902635,0.5041246986636996,0.50064371780674,0.50064371780674,0.5017240577908345,0.5111275686407388,0.5055613865586418,0.42510647312393074,0.5101412912732826,0.5022040293631522,0.5045397040849018,0.4126818807007953,0.5067967491361351,0.5020920152320791,0.5054739674866043,0.5092907093160894,0.5036813366831108,0.36259894022479283,0.5038250717018152,0.647275229247473,0.5601293009978306,0.648204853740845,0.6479709745951013,0.6511086691083591,0.6460511877338622,0.3698140852430283,0.5080947978433784,0.5669862078553454,0.6487223800969323,0.646162955016058,0.5554887278087051,0.516457287627049,0.5034826743590778,0.5023884782124168,0.5024159924795394,0.50168377885178,0.6129762680037557,0.6129762680037557,0.6129762680037557,0.5005211567498197,0.6129762680037557,0.5005493211271698,0.5021191797093175,0.5013360476743152,0.3988626126331251,0.3056092835792995
0.5072930447763333,0.5010921686366899,0.5120319834639259,0.4201493771360205,0.7136786232949349,0.2795270401441422,0.7503378682855266,0.747875619975417,0.746187987670316,0.7521306837715689,0.5833308005648521,0.6559213467882219,0.6564962489308087,0.6378339068288404,0.6485179342272867,0.6478273719523898,0.583080043960662,0.5794990958651811,0.3149567808105854,0.4084812681906251,0.5038331429626574,0.5001657035363074,0.5085807433447423,0.6757019460252128,0.5816205224992728,0.6175159279484189,0.5049013153057512,0.5033584491096073,0.5033657595569454,0.718621415456794,0.7228234963735886,0.7229821044232316,0.5832686139839756,0.7121666632022894,0.5882860560216185,0.7209994462663745,0.7197582003469343,0.7247434819506873,0.7141710899712637,0.7099646218323068,0.728496994380797,0.7196414314795666,0.7565022401331142,0.8281057050556122,0.8377983546404653,0.7548681814611354,0.7133261754870833,0.8301096437211727,0.8239746756009981,0.8198665802114231,0.8232172531632828,0.16823341709404768,0.7476049695609193,0.8227400232158516,0.8425061337142823,,0.8295824154644577,0.825271948682507,0.8190623004306988,0.8184947319281118,0.7088036543372049,0.820675492674682,0.710424257615831,0.7507901419621332,0.8219114066122153,0.8195101012922111,0.7527060572949466,0.8209181365342234,0.8185549999914842,0.8211078389481038,0.5011221391711363,0.5017404959031049,0.5535708867862189,0.6459102016894822,0.5534232434728749,0.5559643275104086,0.6478819448067713,0.5041817627514245,0.5543030938819837,0.5558859187689499,0.6456573208292055,0.5020189031771304,0.5010166422236273,0.5043920199995727,0.502599258695534,0.5001018344773143,0.5001018344773143,0.5001018344773143,0.5123245890974988,0.502079022558225,0.41975921443647307,0.5108671646871217,0.5000943506563417,0.5017766143957229,0.4130785171144955,0.5055876098447307,0.5032493663047353,0.5047296845744242,0.5086125620165125,0.5032263822028387,0.35604555032866136,0.5003794794103723,0.6465594750053408,0.5612660403179818,0.6499335080108744,0.6505914088896989,0.6527612985167138,0.6467716684776623,0.37717625404376803,0.5154220844996728,0.5738079266383145,0.6505633531151126,0.6473076880068229,0.5579580993900296,0.5114502424964735,0.5007203916031888,0.5001552749477051,0.5009805015463749,0.5001233775059195,0.6124840659768364,0.6124840659768364,0.6124840659768364,0.5001468741111942,0.6124840659768364,0.5003177876396973,0.5001468741111942,0.5011094539656539,0.38784870686091893,0.30544656771327283
0.5074125291760454,0.5002888140812988,0.5020209330911312,0.41285384645241197,0.7073407871633057,0.27339716942682896,0.7471710757522366,0.7490203681182992,0.7452647217589027,0.7515644395866209,0.5796470512521257,0.6481909233489548,0.6473066698631129,0.6250789238449825,0.6456100355988891,0.645919183232702,0.5790720894763449,0.5774895613026948,0.30305358132819527,0.40846457599578634,0.5021680765331378,0.500383733886888,0.506712852878975,0.6709761662118137,0.5796426419576004,0.6156543648770372,0.5061816507580352,0.5009000872175536,0.5011874186028773,0.7185173526784896,0.7117610886062105,0.709205258217705,0.5841125463622567,0.7095109089563197,0.5805689190142012,0.7113155158849457,0.7117820569868031,0.710924527190715,0.7096431103214652,0.7096503102704476,0.7160668071922321,0.709401000207183,0.7488577194433905,0.8243863147753061,0.819295548481811,0.7520637970205997,0.7093244564334863,0.8198503721569661,0.8196121555032284,0.8203596906523029,0.8175395494296293,0.13003385553061986,0.7486871841793343,0.82017088150437,0.8260962497789905,0.8295824154644577,,0.8227160911267727,0.8177663756453194,0.8250428358813023,0.707148021334241,0.8178065073726069,0.7072239732468064,0.7453580810043787,0.8168482459131524,0.8176554727741425,0.7468151853670426,0.8190154423808494,0.8165314958875117,0.8179024966681679,0.4998155471143252,0.5002885420429575,0.5527823022203695,0.6456771515329556,0.5530985564357092,0.5537668542742687,0.6454129365574796,0.5025344562636527,0.5537114469952595,0.5567722928863591,0.6469839660455654,0.5017569071081112,0.4997327527529182,0.5026554191137814,0.5038657991122771,0.4997207487351311,0.4997207487351311,0.4997207487351311,0.5027681936648011,0.5008075199106033,0.4105079999128995,0.5032176269261813,0.5004778760786753,0.5007437239029285,0.4099535504919584,0.5011605228848093,0.5043600042238293,0.5002084295709193,0.5061846829706489,0.5032691710811245,0.3633672892099125,0.5022353451369341,0.6457531822700392,0.5568168551401471,0.6476270280951812,0.6457303761643731,0.6477639002269578,0.645687546230092,0.35696092424425774,0.5015600038442792,0.5572696487694823,0.6455535723327357,0.6456987494995775,0.5533811065929076,0.5085262754304094,0.5005980744490097,0.5010758653420713,0.5060433042910412,0.5007183661140736,0.611984406843119,0.611984406843119,0.611984406843119,0.49969255114099914,0.611984406843119,0.4997019384111551,0.49969255114099914,0.500370861775969,0.379630471363685,0.3040717800932055
0.5079059153253532,0.5038133095847026,0.5048321178745034,0.41279638446182554,0.7080026954435746,0.27229866950321924,0.7478614341825015,0.7462253665227472,0.7455125188330372,0.751107708560383,0.5809515789390235,0.6491905638319067,0.6467353363999342,0.6251083759419226,0.6468994462913772,0.6469425233825737,0.5840659708726251,0.5778579738919793,0.30756131868196723,0.4083233922839992,0.502608178214755,0.5001575008269449,0.5019392977723426,0.6709737264682307,0.5771543608376177,0.6126792928631899,0.5004534851831737,0.5006052486260256,0.5008738112398057,0.7097282777070313,0.7172049057451229,0.7117711874826337,0.581187032661116,0.7122255928314181,0.5782440618252264,0.7103757564161242,0.714329203665235,0.7183274136004075,0.7123271524035976,0.7109420506471431,0.7219853605786237,0.7115218473570459,0.7477556382692322,0.8208261813991587,0.8190385605948781,0.752158771188716,0.7109748555656743,0.818950250522176,0.8169404355147855,0.8167912716629515,0.819323459031079,0.11417680236116011,0.7509382915013025,0.8187359761619057,0.8259511071694337,0.825271948682507,0.8227160911267727,,0.8192203274523302,0.83058775592829,0.7088322365047672,0.8193113152548245,0.7073311335437648,0.7471147955974724,0.8190453890958038,0.8174742449340698,0.7477844886354031,0.8190478613417121,0.8171378410345543,0.8175754539491503,0.5025052607839786,0.5083432724260769,0.556010880607202,0.6478603243054111,0.5552280704041951,0.5559073615446242,0.6474685880111788,0.5054239868277542,0.5568040420923428,0.558606132274851,0.6474786073608724,0.5028383110628877,0.5028737464280881,0.5030963124508638,0.5025721141092063,0.503315609342995,0.5023361749329505,0.5023361749329505,0.5027408002126326,0.5029006001735935,0.41355089476364826,0.5047942216476945,0.5047653639062125,0.5026749005712922,0.41275267640476365,0.5040741173746227,0.5024994800592402,0.5033485145560189,0.5033665242457314,0.5032722906957978,0.3625565227039948,0.5033158069689448,0.648573308821552,0.5590040124322159,0.6491487512095562,0.6483920005346171,0.6491575598397917,0.6476056948999339,0.36745249734264573,0.5076248279503732,0.5580870625913501,0.6485875242491458,0.6473773123580999,0.5548778514120833,0.5072277186472864,0.5039493039612722,0.5023275477914257,0.5023361749329505,0.5034244727440133,0.6151914702289306,0.6151914702289306,0.6151914702289306,0.5023103263747206,0.6151914702289306,0.5126736942726282,0.5075108730419584,0.5030413621210686,0.38420331170335587,0.30862769572916027
0.5072989933884682,0.5001352413826937,0.5004193407088945,0.4091274476814599,0.7071303990607626,0.2736172370494636,0.7456424058421889,0.7452631539490554,0.7452663938023505,0.7455938266704347,0.5783404239108879,0.6465932505613812,0.6466341532074702,0.62424626975494,0.6453888287223083,0.6453576479605221,0.5780274667091283,0.5776768788293221,0.30112190232441166,0.4085758602373734,0.4997659540919135,0.5003857267556142,0.5023676507368245,0.666903101946236,0.5772500640834116,0.6132191767989578,0.5011774997772747,0.5007926041674586,0.5019918792441841,0.7079123803373557,0.7091572655051348,0.7084655613903703,0.5965076384783131,0.7091153542013598,0.5782194429886688,0.7072907622606982,0.7082282646714885,0.7100761066905406,0.7083727962921861,0.707720794129585,0.7097501785843979,0.7081539604762915,0.745892102682246,0.817377705283039,0.8166129726419216,0.7460720104202585,0.7082230259297212,0.8172101625473887,0.8177348264904376,0.8177474084321089,0.8166928557444189,0.08939215016836974,0.7454952753027796,0.8190333572588171,0.8210041578760188,0.8190623004306988,0.8177663756453194,0.8192203274523302,,0.8168180647521796,0.7074733518496346,0.8166070036774112,0.7072167741694578,0.7452642958811752,0.8167183829198021,0.8165059680851482,0.7455487168725226,0.8167292010562018,0.8165076170115351,0.8168364857930269,0.5109651520166673,0.5111018910963515,0.5623845874683465,0.6540898918005111,0.5629191326252554,0.5623774592717988,0.6546556923025872,0.5117170771901562,0.5624983352897974,0.5627834559286925,0.653850963584719,0.5123606531420651,0.5112987025105689,0.5114669049875377,0.5126550486742996,0.5105923480707429,0.5105923480707429,0.5105923480707429,0.5140633526604946,0.5117876062189174,0.42231765159950835,0.5106940082862875,0.5106117859308235,0.5130648691973759,0.4212428789239071,0.5128504366659958,0.5119087642042697,0.5119652845919619,0.514467570002061,0.5115856088653171,0.3767578123164957,0.5133852794635334,0.6539514521024951,0.5633576993829755,0.6546466194573353,0.6552183150990691,0.6546492045692183,0.6538578206039298,0.3790017167447861,0.5117041771612142,0.5639495372113882,0.6549114048815929,0.6548424098475502,0.5649670432318,0.5132962605549298,0.5106016894482103,0.510590418021184,0.5105923480707429,0.5106078782623196,0.625335922586549,0.625335922586549,0.625335922586549,0.510586565352178,0.625335922586549,0.510588490449919,0.510586565352178,0.5105942806033789,0.3910529458243775,0.3225795400906721
0.5071088187338677,0.5018326195164906,0.5012357363840967,0.4096748209047202,0.7071926334378339,0.27158443830793794,0.7457983735793148,0.7454061075520888,0.745386345443534,0.7474195448866725,0.5792823279658731,0.647741085766877,0.6458952978408523,0.6261784550229671,0.6461652942532572,0.645457575926497,0.5828483157053518,0.5777799390231458,0.30324053124591266,0.40826261233881517,0.5006027705805473,0.5005625241896524,0.5014836906363106,0.669398326923492,0.5774731442479745,0.6126125489141447,0.5019421912999762,0.5008072694146742,0.50064186207061,0.7110953227391815,0.7140694255668241,0.7083732273526078,0.5798509886061007,0.7094834524527616,0.5792987313938333,0.7094642316085523,0.7124860950155629,0.7133014770997338,0.7100025860380892,0.7070931268644828,0.7127125618708113,0.7082384322286001,0.7461760341374638,0.8198673932267648,0.8180499480125256,0.748447906200576,0.7076533263628005,0.8176933080163119,0.8182791901246358,0.8180701683010673,0.8234268238395916,0.1351011262040249,0.7510191840565502,0.8175283178675186,0.8240443303352353,0.8184947319281118,0.8250428358813023,0.83058775592829,0.8168180647521796,,0.7080247605549235,0.8170612770638909,0.7080581600092218,0.7452763669598519,0.8166633861863488,0.8165018263654676,0.7461030651445244,0.8177723439302843,0.8170165447491452,0.8173143176978173,0.4998020967215854,0.5004333433241187,0.5525872939328061,0.6456507497913665,0.5526737428417956,0.553814652712179,0.6457458189277719,0.5019133640984976,0.5527613166442769,0.5533439029093963,0.6454561790803992,0.5004792634138667,0.4998876526717593,0.5010780738845121,0.5007884730136104,0.502647200945489,0.49969496363825916,0.49969496363825916,0.5027787005347524,0.5011820493343841,0.4113592949918377,0.5000105889683356,0.5027508842428349,0.5000334335430857,0.4091587550202989,0.500836828896019,0.5001152553445375,0.5000590111594253,0.500440337263554,0.5000361402839733,0.3557713494377404,0.5043414562087585,0.6456646537152582,0.5546285982914706,0.6457990093714081,0.6454178209718615,0.6462976104593819,0.6454251208333677,0.3541961337091707,0.5005412795347628,0.5534997643415056,0.6454012877174151,0.6453453757746381,0.5525929580749483,0.5022569619132127,0.5005412255448126,0.503765914708668,0.4996949636382592,0.5085745194143303,0.6119809057797537,0.6119809057797537,0.6119809057797537,0.49968397175266455,0.6119809057797537,0.5059992764694857,0.49968397175266455,0.4996986370016052,0.3841690675420522,0.3039516156334416
0.5112246575411734,0.50140628510248,0.5055390986854443,0.41410716630241806,0.5870071446443684,0.1607806917134343,0.6690762149505403,0.669954340652314,0.6667759306904444,0.6691863458492489,0.5863838198175335,0.5851975608437867,0.5866388025353111,0.5802810363788815,0.5795712609892442,0.5821094551243092,0.5801904435428399,0.41407076901784934,0.12612066324963284,0.4110399072006351,0.4137704996165794,0.5065964793617661,0.5008178282461636,0.5785378822457139,0.5193110982224579,0.5431795302033474,0.5050975666808731,0.502093591641266,0.5012068349236727,0.718017934073938,0.7245813024844293,0.7183757570663936,0.5788293201288918,0.5813045391694683,0.580812682275238,0.7147164419941922,0.7223900102520444,0.7119347278322601,0.5812436441204689,0.5881057695611003,0.713105332876834,0.7155215343664667,0.6731039977680383,0.7124750800269479,0.715045706104233,0.6756778687888155,0.6263319240766535,0.7161754967770138,0.7131584282600778,0.7125883369770023,0.708816231557422,0.13473155411049548,0.6717138359824854,0.71162861487204,0.7078585387816485,0.7088036543372049,0.707148021334241,0.7088322365047672,0.7074733518496346,0.7080247605549235,,0.7381525280683106,0.625864040342721,0.6825379441067655,0.7360193285060702,0.7267172624802438,0.6809201134631439,0.7234548792063961,0.7203628182922887,0.7353561339197064,0.31111945992925977,0.322916918945856,0.4694026848138166,0.5157872297145739,0.44713435893830716,0.46017994154569175,0.5144013180041845,0.4195378137497482,0.45348090734460134,0.44807086900448256,0.5097215568928544,0.2927482628523867,0.29051359261504833,0.2919555141229987,0.28886558073624624,0.2896046058635646,0.28889813309706525,0.28981180205346696,0.2894487065569918,0.2898116301971157,0.29264806625504475,0.293930406147992,0.28885763178985746,0.2912399863483673,0.29195600764480073,0.29146286044071656,0.2966373808280316,0.29245657087790183,0.2912954789518371,0.2889651080822281,0.35422590538621046,0.28972839577074194,0.509131112800344,0.44991044090750687,0.50871792886613,0.5130014101824545,0.5086408999970324,0.5059308031295245,0.38958609867004107,0.31271126467480476,0.44780379294810907,0.5059344796480043,0.5046000925175984,0.44770070227490044,0.29001837395509883,0.29113556416068836,0.2891699958832155,0.29076135824161436,0.2890330851528144,0.3537444750274294,0.3537444750274294,0.3537444750274294,0.2890761544908747,0.3537444750274294,0.28995688782998047,0.2890761544908747,0.2891353525587847,0.2902696332718157,0.29818142253565916
0.5071274631978361,0.500942960596682,0.5060092128777248,0.411789421268968,0.7092054139750986,0.27175032844952657,0.7460357958495926,0.7479628994718068,0.7452799877463567,0.7470100722964527,0.5836849828548848,0.6486003359583401,0.6489403545003932,0.6257465489728762,0.6479928992691518,0.6471692656274258,0.5799156784262146,0.5815323656403588,0.3154460713730524,0.41239033763634836,0.5016328657015523,0.5018199747888843,0.5021434734377006,0.6694777146222791,0.5784269034313693,0.6148613556397889,0.5017317271055252,0.5008099399523878,0.5006752479143619,0.7140052154253846,0.7141241852106827,0.7189300107579963,0.5779829048365988,0.7085289582674426,0.579059133478838,0.71233976817021,0.7125270864527526,0.7096139342442205,0.7095878508873483,0.7169774298044097,0.7118169426484662,0.7117970282365768,0.7488397375951343,0.8203391072925332,0.8226767722518276,0.7488634976350927,0.7269913010577604,0.8226046021733612,0.819397602801205,0.8182071584453595,0.8169729302651416,0.12423285558570032,0.7458757865735505,0.8198649612532848,0.8182448102333864,0.820675492674682,0.8178065073726069,0.8193113152548245,0.8166070036774112,0.8170612770638909,0.7381525280683106,,0.7357499857471705,0.7577499849029696,0.8395891112062766,0.8329705849675095,0.7584800373514714,0.8325656710445949,0.8320646587628152,0.8308124631779144,0.50769433902388,0.5159186822258165,0.5707349763660761,0.6581786693818973,0.5581999881401677,0.5677337576499948,0.6582699930940099,0.5114349489997665,0.5654972631466613,0.564001353478631,0.6494617799908938,0.5002808577408381,0.5010655050977402,0.5016588923626825,0.5003707677727566,0.4999017088338704,0.4997312801432975,0.4999017088338704,0.5009823547337027,0.5009169773427904,0.4100129013300387,0.5045028428547722,0.49978527604828843,0.5018584475478554,0.41357614007890237,0.5025582604055804,0.5045166517465777,0.5034671104333265,0.5017946162227312,0.49977450142739,0.3573564262830743,0.5004153775195745,0.6525860152058498,0.5609610798807269,0.653184603460842,0.6563877302695096,0.6514557174382307,0.6503190452497789,0.38963101183461124,0.5105425728220963,0.5607130327555551,0.6479226200114765,0.6497369192559334,0.5578789941037164,0.5001911250099096,0.5008533804780341,0.4997285353541249,0.49981764466422296,0.5002616178768603,0.6120332387119934,0.6120332387119934,0.6120332387119934,0.4998122038533086,0.6120332387119934,0.5007598060739199,0.4998122038533086,0.49978328264144867,0.3734166980971259,0.3044428669756838
0.5049990381196969,0.5011081065389376,0.5066249579392921,0.41836501880993066,0.5829622045611016,0.356583552049409,0.6679360233146936,0.6687707976269912,0.6666987489403896,0.6701369650813241,0.5868502005169225,0.7110900635964319,0.7109686000256427,0.667649858493204,0.7095272671164164,0.7078271837656378,0.5821098787089417,0.7089809442906432,0.41769060836002336,0.41007159955316397,0.5801812070900911,0.5069478068713257,0.5010386666674461,0.5813309822928696,0.5198513665818975,0.5409076029766411,0.5026140709750978,0.5013815508759566,0.500397113082838,0.7130170326530249,0.7152492191210145,0.7159458082636329,0.5777097045681566,0.8180733433445593,0.5788315388577491,0.7156449062422058,0.7132503577752933,0.7079460383610926,0.8183828795364921,0.8213894311904824,0.7135149858241535,0.7128012027860084,0.6700909474593464,0.7106913377866001,0.7152727280889748,0.6729397658353139,0.8384663325744971,0.7161789406815845,0.7123898655317903,0.7085794162882021,0.7073734024681599,0.12203407398183379,0.6675664131019904,0.7079140141485933,0.7075164816248966,0.710424257615831,0.7072239732468064,0.7073311335437648,0.7072167741694578,0.7080581600092218,0.625864040342721,0.7357499857471705,,0.6760947709454851,0.7262395424276034,0.7204016368669975,0.6768195607868791,0.71900350622333,0.7203863421726663,0.7270144016501157,0.6509075339474049,0.6575465125198916,0.4613963012087139,0.5110035205212549,0.4475127359201081,0.4552238831357032,0.5144098919967428,0.4151522586202276,0.4513851699027757,0.4499194886987506,0.5026889182300892,0.6471373774475131,0.6455858231483556,0.6475828892214385,0.6455037940979865,0.6454497332093168,0.6454497332093168,0.6457051162117412,0.6464338594590587,0.6467747911386187,0.5014130226995369,0.6469653146261656,0.6456134202378289,0.6459314697494488,0.5014373835230439,0.6461258858906199,0.6484170313214452,0.6495959653906682,0.6463628285773803,0.6458966709279566,0.35350886976632623,0.6456911758632375,0.5087769633834008,0.4504873721324055,0.5051514667412814,0.510470714861718,0.5042573414404965,0.5065625287336609,0.37936507034329425,0.6587697119649945,0.45127127017820134,0.503583528714652,0.5022936838138518,0.4449534531235157,0.6457117668392767,0.6462941452220035,0.6455463727342712,0.6462110133248973,0.6457224454500295,0.7904975312765596,0.7904975312765596,0.7904975312765596,0.6455671563918701,0.7904975312765596,0.645868076717884,0.6455671563918701,0.6455295439925329,0.4418987826360582,0.2981822063190395
0.5057940515335061,0.5001091325205325,0.5069202901646872,0.4136952380319512,0.6277958465410126,0.2506234373596698,0.6941467242978119,0.6950744577482244,0.6939776535136644,0.6966755905135616,0.5796033008858384,0.6274959647248444,0.6300502199163184,0.6128460931234649,0.6250091073835151,0.6256523121469888,0.5800614605862184,0.5281213251929495,0.26944117876533147,0.40896313609769097,0.4728000270888488,0.5001220450565396,0.5024495222339325,0.6117274425273413,0.632861967097749,0.5674184015305093,0.5012785625266686,0.5017109048453622,0.5027930139128747,0.7137365904032926,0.7130540415102643,0.7149127233622476,0.5785221751599274,0.6670947803172635,0.5805812129257725,0.7158900680568312,0.7133671728354053,0.7124397135100966,0.6681779521632354,0.6706274538758547,0.7120981794281515,0.7144073377339788,0.6968653810859048,0.7492538326670717,0.7525812573882512,0.6971783952411659,0.6798508316139854,0.7526087724276589,0.7491571368489528,0.7461366094199315,0.7457838503049952,0.11846757543847569,0.6943253332104092,0.7474349190305494,0.7470449086350657,0.7507901419621332,0.7453580810043787,0.7471147955974724,0.7452642958811752,0.7452763669598519,0.6825379441067655,0.7577499849029696,0.6760947709454851,,0.7666212414035078,0.7688426090332771,0.7202624396325663,0.7595682827067167,0.7596795152305265,0.7666334322639515,0.4450573777656713,0.4523499106654664,0.4900983148572779,0.558219250389985,0.4850445170266948,0.4899719546282793,0.5625710456210982,0.4497947361617064,0.4856574631399151,0.4868990180292296,0.5535189659524674,0.4442895002294291,0.4432076918836387,0.44303381945799775,0.44129386454351965,0.44067127830831676,0.44067127830831676,0.44089161181321196,0.44539669289966083,0.4412018021459563,0.38409538597632764,0.44713537849121016,0.44076999820252033,0.44251666729348854,0.37522292285167896,0.44397545094020746,0.44351427977892127,0.4415504601941312,0.4462837606427715,0.4407505617886061,0.35517648537220275,0.44203941431661165,0.5581855287252695,0.49380002753331226,0.5598238463787991,0.5695124942600065,0.5596922600623856,0.5597441677789902,0.3701305203481207,0.4548308468536882,0.49205144384423927,0.5563098516782449,0.5576265420098604,0.4897378156878367,0.44434972373745535,0.44284130669992866,0.440740267075716,0.440996077722923,0.4406747844469742,0.5397077575713088,0.5397077575713088,0.5397077575713088,0.44090181714213483,0.5397077575713088,0.44067040741346547,0.440925687029347,0.4407086357729513,0.35221961022848014,0.29998854679795006
0.5071193537913465,0.5012591546932763,0.5058461198913301,0.4160553758453422,0.7113498312096098,0.2746850077198979,0.7461939373830748,0.7463834609734419,0.7454904274371865,0.7472130225961349,0.5827727613872369,0.6501796938223324,0.6524178882924698,0.6278459923361106,0.6471371587028868,0.6482973702466527,0.5813042385597592,0.5798706175904367,0.30953888935028423,0.41014167508725496,0.5018154709456097,0.5016688037227472,0.5018924815518818,0.6687958811537456,0.5803889225261673,0.6145621841803541,0.5025157021319167,0.500822691380295,0.5027044942213645,0.7176002083722304,0.7159889114722319,0.7204018841056824,0.5787666602830692,0.7083337097126235,0.5804486428312953,0.7127970877410671,0.716420627133237,0.7144982459906845,0.7102882395026744,0.7129728925236098,0.7154912258172997,0.7171913155070025,0.7500690756010624,0.8222728902396306,0.8261248429096705,0.7534934878588775,0.7298186627512183,0.8252491386297182,0.8217391799964323,0.8223369741861891,0.8187849312897985,0.144686134938976,0.7453440665795866,0.8169530370721814,0.8193833222690959,0.8219114066122153,0.8168482459131524,0.8190453890958038,0.8167183829198021,0.8166633861863488,0.7360193285060702,0.8395891112062766,0.7262395424276034,0.7666212414035078,,0.8414880122410346,0.7719972020283677,0.83495823927669,0.8309880987330344,0.8356094341181849,0.5017342305959674,0.5072904324965783,0.5627649733086338,0.6512123190313238,0.5543341546081872,0.5601311642581931,0.6530173272622795,0.5052698910017125,0.5591204175567649,0.5592897224912009,0.6489109723012904,0.5021513163931082,0.5026901282823878,0.5014231303760268,0.5001426944387993,0.5013132361052638,0.5003878393392209,0.5003878393392209,0.500203494799885,0.5007272114931052,0.414075150216115,0.5015323553212934,0.5003801108020265,0.500257499229952,0.4112764929607124,0.5032052412817075,0.5037581017504184,0.5023990446039199,0.5036317281550317,0.501104507785006,0.3553122546303635,0.5006821709521626,0.6535510949320628,0.5643072747242862,0.6519523003889127,0.6567564868146534,0.6539605501133268,0.6514255232795815,0.39612522464686467,0.516143347644487,0.5600717758577453,0.6478486521901484,0.6493718084408188,0.5614141069714094,0.5022819489848411,0.5018734410045117,0.5009496148845634,0.5002273439577377,0.5000449134735545,0.6122009436764301,0.6122009436764301,0.6122009436764301,0.49998697075820187,0.6122009436764301,0.5005861983251483,0.5002229859674221,0.5007057482559281,0.379130839337306,0.3054284294677562
0.5078370750814426,0.5001661115158179,0.5040479099633633,0.41096801012559475,0.7082252810917932,0.2733004422874959,0.7486298773130252,0.7477302391444444,0.7457907411124198,0.7461718027545562,0.5835882816653142,0.6480003261607147,0.6490827703733223,0.6268915328401671,0.645999107803918,0.6489233356182991,0.5798681457119573,0.5782374241550772,0.30970582307273226,0.41148205844678803,0.5014044396451333,0.5033305385973804,0.5030604544088362,0.6685985821726425,0.5802324853938813,0.6157969233494472,0.5021529592162385,0.5006166230095981,0.5033488096598463,0.7150304497769694,0.7113651929158479,0.7167566528172795,0.5791745415589183,0.707829421771106,0.5789342910110125,0.7120056326260138,0.7120456949007161,0.712855553146745,0.7093643366876815,0.7112655083935501,0.7139589675409244,0.71151964527305,0.7487747572495059,0.818491559266828,0.8225564153604082,0.7493233548706241,0.7229578570055453,0.8214059239420973,0.8197646327729976,0.8186285684636548,0.8167764471170924,0.10994190196693156,0.7456571443650597,0.8185918395167004,0.8188090677323996,0.8195101012922111,0.8176554727741425,0.8174742449340698,0.8165059680851482,0.8165018263654676,0.7267172624802438,0.8329705849675095,0.7204016368669975,0.7688426090332771,0.8414880122410346,,0.7664531182288405,0.8347163332998822,0.8345430619632872,0.8400657177758054,0.5066898119016596,0.511116622511005,0.5734654147761227,0.6568427433367421,0.5576583654027819,0.5668250326449786,0.6550934349390707,0.5073935623913856,0.5628263075737345,0.560189036451666,0.6500078666443092,0.5050227004903132,0.5018440568045713,0.5019133493695758,0.5009508711482101,0.49988567349600854,0.4997366045520359,0.500544691012877,0.5004075717223638,0.5000553270428963,0.4129592102924364,0.504701355369797,0.4999574335853086,0.5012914980864532,0.41091345387448874,0.5025641818609172,0.5027952748799991,0.5020918913614804,0.5021636520739561,0.5004469248540889,0.35387725691239774,0.5003005299714588,0.6512423457430233,0.5583166450958263,0.6524879139444258,0.6540548050689524,0.6520521387897217,0.6534603515994274,0.37032518063962133,0.5081991020063014,0.5561572849882017,0.6495602577437625,0.6486696074044818,0.5570880067160356,0.5002593446090872,0.5002935616605944,0.5000045528479747,0.5002249532013067,0.4997387752869439,0.6120356397165081,0.6120356397165081,0.6120356397165081,0.49981808654128135,0.6120356397165081,0.49980524336572507,0.49981808654128135,0.5009911669940738,0.3734820525113708,0.30496044537729655
0.5084149827120041,0.5012288274383161,0.5021452362426803,0.4118187970036004,0.6279726455077679,0.23912317037248684,0.6962247041500841,0.6965301408647763,0.6943997970052325,0.695603027862575,0.5820953502783197,0.6302241397374096,0.631700832844853,0.6139064325652105,0.6255786504294074,0.6264112625593607,0.5818710788783422,0.5274670198376649,0.2641420733539025,0.4088422411861394,0.47391287589924264,0.5001993509478937,0.5020070936605603,0.6109826424345448,0.5374208782179325,0.5671498636674924,0.5006498924754909,0.5014965360456952,0.5021943623474194,0.7123725176203112,0.717298780171223,0.7153903676161465,0.5803913849248135,0.6713707767451579,0.584057567014002,0.719619021970268,0.7209015702273296,0.7170922952693578,0.6710438258772756,0.6706046868119075,0.7207488987853706,0.7153558629169849,0.6983360749534762,0.7545917128728098,0.7547401239694781,0.7037135618661915,0.6824279171656918,0.7550243300234626,0.7500954733447932,0.7498010574266203,0.7479384793500665,0.13778913947201946,0.6951369610435587,0.7498261642821217,0.7534052131599643,0.7527060572949466,0.7468151853670426,0.7477844886354031,0.7455487168725226,0.7461030651445244,0.6809201134631439,0.7584800373514714,0.6768195607868791,0.7202624396325663,0.7719972020283677,0.7664531182288405,,0.7629185263095544,0.7623073410127641,0.765316721436659,0.44193396517147926,0.4512249413976129,0.4888854583057209,0.5556471641755736,0.48429843781359144,0.4914151581031751,0.5607472155535367,0.44954472010008184,0.48842580682725767,0.48381106827876486,0.555593692032289,0.4453937159509302,0.44266689409567184,0.44470438323189304,0.4408266598352808,0.4415467235139397,0.4406187532555682,0.44079252260252144,0.4439296313424949,0.4418252549565581,0.3806591145679691,0.44782228721607986,0.4412630867129751,0.4434920624010493,0.37498223854820745,0.44243219179283294,0.44200779994812667,0.4437211491258515,0.4474159438005706,0.44509385353885134,0.35390929675799254,0.4418784582920631,0.5574970806706407,0.49329776539585146,0.55642153017093,0.5624078825753023,0.561870150927315,0.5554996840669951,0.3791574489456917,0.4536705772456338,0.49646204783285947,0.5567541786916974,0.5557993819934378,0.4849359064538511,0.44587213673720716,0.44222362224031253,0.4406105309068089,0.44071538346086114,0.44173173782196773,0.539629758158645,0.539629758158645,0.539629758158645,0.44071074946629785,0.539629758158645,0.44174211964035737,0.44117398629213506,0.44066516587225113,0.3541319267541067,0.29966176955997736
0.5077114395819632,0.5002109837539637,0.5099117394020438,0.4171868580891908,0.7105087277197196,0.278105010714008,0.7487163624459892,0.7493323157734156,0.7453900674758224,0.7476356335588364,0.5892105182121572,0.6524789061125068,0.6508717870078774,0.629659681157984,0.6471988904343308,0.6484029513930543,0.5790724023767201,0.5810068619193193,0.31012802089972036,0.4104261093910258,0.5037432802595182,0.5032146244391634,0.5012090338289845,0.668808048396757,0.5795948137793214,0.6143003224553887,0.5063706241324036,0.5011111108168576,0.500520558999097,0.7154527049989126,0.7164978238386658,0.7178589836675935,0.578605970514901,0.7088482113147658,0.5813427743983555,0.7150950094246252,0.721504123419645,0.7125645750553015,0.7100230199348515,0.7139373296070589,0.7143851949188658,0.7137303889817705,0.7483077735629601,0.8268431654366708,0.8255194265040137,0.7545554934442882,0.7227978567503828,0.8279187153885966,0.8210226050842708,0.8207904002662586,0.8187821794242455,0.13964188164302208,0.7473266054589612,0.8206302671425716,0.8186938364728319,0.8209181365342234,0.8190154423808494,0.8190478613417121,0.8167292010562018,0.8177723439302843,0.7234548792063961,0.8325656710445949,0.71900350622333,0.7595682827067167,0.83495823927669,0.8347163332998822,0.7629185263095544,,0.8363968691207794,0.8394740503906384,0.5072515721128297,0.5162694907835381,0.5682679879970963,0.6564082671484975,0.5564648699955211,0.5674830066024453,0.657040312284196,0.5115365845951989,0.5632480524086092,0.5631157238178777,0.6480858977838309,0.5007900589693683,0.5017895188438278,0.5017010585969547,0.4997845714783413,0.5008485951797709,0.5008485951797709,0.5008485951797709,0.5024338423497279,0.500671448631165,0.41488032044634293,0.5049032610205557,0.4997351913246669,0.5027535908829743,0.41588651414593125,0.5068043021701244,0.5064572964148648,0.5026233552066122,0.5050201130228797,0.5004340334716811,0.3566859117838089,0.5005130046465868,0.6535740223459254,0.5643422133631992,0.6521808283671134,0.6569723124631631,0.6553167172284499,0.6546645386280637,0.38676432873405125,0.519133531611349,0.561456106777055,0.6507020724469431,0.6504321653362836,0.5606792620055094,0.5006549692651936,0.5005303369433566,0.4997378921230106,0.5003763769840454,0.499716401468271,0.6120229987245657,0.6120229987245657,0.6120229987245657,0.49978711439809265,0.6120229987245657,0.5009911819410671,0.49978711439809265,0.5014307945825905,0.3737316902087124,0.30458210985395995
0.5073734517869265,0.5002487628825238,0.5072074211297812,0.4142599426185289,0.7094512093838873,0.275125085882526,0.7468815668495401,0.7482431567962509,0.7455375393702701,0.7474952151217417,0.5866476640864359,0.6504141302622665,0.6480544895535489,0.6263919133743971,0.6464886153264083,0.6486616840384835,0.5813439967913065,0.5786750161031496,0.31066451237936915,0.41199468879739365,0.504531895024357,0.5068693868967376,0.5015084184936881,0.6684916346482499,0.5791906658792891,0.6152989593454707,0.5009980351678103,0.5007561680923139,0.5025495555427877,0.711370646128959,0.7160339989078695,0.7177854282937636,0.5778090435695451,0.7085657155950659,0.5792068051109721,0.7094897800213388,0.7162199419834443,0.7115809750886722,0.7101019620251237,0.7114855713537807,0.7134333764728181,0.7132848608147092,0.747683818804616,0.82038856245177,0.8206355354619138,0.7495936599461225,0.7185710444910743,0.8218735029560231,0.8235044521781786,0.8194710806669006,0.8180107609161162,0.12103149544044214,0.7467916950639946,0.8186735536212554,0.8180369691301957,0.8185549999914842,0.8165314958875117,0.8171378410345543,0.8165076170115351,0.8170165447491452,0.7203628182922887,0.8320646587628152,0.7203863421726663,0.7596795152305265,0.8309880987330344,0.8345430619632872,0.7623073410127641,0.8363968691207794,,0.8338473537958756,0.5047857842759405,0.5169499344012467,0.5695140007836813,0.6564751496961224,0.5568892682747097,0.5645030466246851,0.6660619516229848,0.5094310307483335,0.5618473903246918,0.560149583255754,0.6468141433868743,0.5013517693472485,0.5019165569420426,0.5005626849224268,0.5018413134408888,0.49989010486281354,0.5005576190977248,0.5005576190977248,0.5018586868036784,0.5005194187712615,0.4131925317974073,0.5027476238966725,0.49996751627927094,0.5002824581729981,0.41036085555005175,0.5013426850809047,0.501229215926124,0.5028007877591152,0.5008081777593066,0.49973237128298814,0.3560701560148235,0.4997356492709057,0.6541063563793204,0.5633665664874157,0.6525685258291816,0.6553753722799182,0.6532023258590857,0.6560120196715385,0.38653410753657164,0.5175251301446505,0.5594516267450915,0.6472156100971026,0.6477224937324474,0.5562651608110813,0.5005118411441618,0.5001851034018736,0.4997283958222588,0.5002310425901824,0.5002238406484254,0.6120349474168155,0.6120349474168155,0.6120349474168155,0.4998163903463434,0.6120349474168155,0.5007296950194056,0.5002269975750053,0.5010099639016952,0.37236785559661,0.3050628018035224
0.5073413028266973,0.5014213987904117,0.5051996464604216,0.41459116928074585,0.7129451584906268,0.27522337298399563,0.7468574745411666,0.7482045901936378,0.7453220787298372,0.7481036680920672,0.5864348642854433,0.649923470020161,0.6497830998880073,0.6286953594013704,0.6471323002144403,0.6473578450853644,0.5814831405378064,0.5814405209854087,0.31441667797674794,0.41136919847377373,0.5033948760334854,0.5054936739066349,0.5013985410813981,0.669060916121599,0.5782111528798256,0.6147102151132232,0.5021898636789515,0.5006587486968082,0.5013471973046967,0.7149291716094491,0.7179268183952482,0.7175931429686562,0.5790416450237384,0.7084986752022361,0.5794102054753248,0.7160128825291725,0.720280464313084,0.7130083391119155,0.711450798996128,0.7146498024571091,0.710620364945242,0.7159132051771055,0.7490910221355501,0.8241674792858091,0.8221693363873185,0.752350018404357,0.7266606655619477,0.8253115385406369,0.8219557071173088,0.819516986891756,0.8186418503426668,0.13928080022806252,0.7478475308194389,0.8185936467490975,0.8204555511272991,0.8211078389481038,0.8179024966681679,0.8175754539491503,0.8168364857930269,0.8173143176978173,0.7353561339197064,0.8308124631779144,0.7270144016501157,0.7666334322639515,0.8356094341181849,0.8400657177758054,0.765316721436659,0.8394740503906384,0.8338473537958756,,0.5114010282246205,0.5242431186236698,0.5733854545672208,0.6595391571216218,0.5594890121667051,0.5691526098368311,0.6632461190649663,0.5135466200468363,0.5664165870612287,0.5687698693013081,0.6480893758064281,0.5033380095636141,0.5022341545616811,0.5036995398296669,0.49995220312235716,0.5001952057659322,0.5001952057659322,0.49978748407348766,0.5018763356124388,0.5022584983339651,0.4147893389198104,0.5075000136674704,0.5005101211279671,0.5019191944279477,0.4113342902697663,0.5032084716122169,0.5026802215849365,0.502615128089599,0.5033914799965159,0.5005918432277691,0.35812047202672215,0.50244967014062,0.6539044740688489,0.5671935943568188,0.6594270165194399,0.6612453969105543,0.6555093543733315,0.6553686622843288,0.3794276916119495,0.5113319564980914,0.5575196180061988,0.6494133680576227,0.6512242593485544,0.5603102666429997,0.5019578462757888,0.5015496411548377,0.5007251339518963,0.5008661184714474,0.5005330061317104,0.6120656425005868,0.6120656425005868,0.6120656425005868,0.4998915923060426,0.6120656425005868,0.49976847014437636,0.4998915923060426,0.49993365567928816,0.37792058541148893,0.30559079629325364
0.06202278405398247,0.037723443885908946,0.048987500901053964,0.04712706072902127,0.4084870242604708,0.3556620244249847,0.442687321880312,0.4430541653198166,0.4409371738742195,0.44171547743583195,0.2969234430084668,0.4999137061918538,0.49987286793922947,0.4412350929266798,0.5016711168502546,0.4998243047380082,0.2936203832632379,0.5805154075173676,0.41503570778830495,0.06654263181653236,0.4093448631738081,0.07260354578227121,0.047958177853973445,0.4084981454042126,0.3191056277140787,0.35415349180743866,0.040097873856442416,0.018753614385144814,0.031635081775697696,0.3556997658681568,0.3548778192569857,0.3577091879789776,0.2903484079971685,0.6457259192027355,0.2891983120924583,0.3597860429618205,0.35554090319124243,0.3542299087321222,0.6457513889294163,0.6673445158041521,0.355405524847126,0.35339791471646026,0.44321831568675896,0.4998977144680192,0.5000684927584019,0.4416543658611441,0.6486544977343885,0.5003104048277477,0.5017473513633622,0.5005766169157104,0.5001565418472599,0.05876848637349178,0.44231217032520004,0.4998485450119104,0.5012104775415508,0.5011221391711363,0.4998155471143252,0.5025052607839786,0.5109651520166673,0.4998020967215854,0.31111945992925977,0.50769433902388,0.6509075339474049,0.4450573777656713,0.5017342305959674,0.5066898119016596,0.44193396517147926,0.5072515721128297,0.5047857842759405,0.5114010282246205,,0.8503135048040006,0.6860088095095981,0.7499142871798885,0.6883607580982579,0.6934782358163737,0.727308141440636,0.6578352548461969,0.6777635747452134,0.6848397536373503,0.7089115508924351,0.8169325488289261,0.8171573552851326,0.8166496035074202,0.8165963298457816,0.8168409298727767,0.8168409298727767,0.8165403875640551,0.8166261698536542,0.8165458225482086,0.7076501138835468,0.8166387353170682,0.8168509014951763,0.8167304824798659,0.7079736041554521,0.8173434580136701,0.8172680048137335,0.8169408948554389,0.8165624679477022,0.8165045141867321,0.7073932192854788,0.816696788982971,0.7149769154958179,0.6697159107558552,0.7131455251857751,0.7113196558876629,0.7123739418217707,0.7152041856284445,0.7106402813855164,0.8197903789134029,0.6668154567252796,0.709118854299099,0.7093006646772783,0.6697972039839584,0.8171401486373606,0.8165057124772489,0.816497929077292,0.8165722893413847,0.8171372463022626,1.0,1.0,1.0,0.8165709188916824,1.0,0.8169609276417295,0.8165709188916824,0.8165008285754572,0.6670531728899686,0.5814478798123153
0.06492092942863491,0.038954595798059835,0.06256865417601079,0.06000096363395551,0.4116214250341451,0.356872534980787,0.44270176645944637,0.4448268544043949,0.4413513045594011,0.44595311796732723,0.30973271432367694,0.5021781652072568,0.5028452673124764,0.44530759857800295,0.5032874667064694,0.5006981877463113,0.29439406343131413,0.577878578965715,0.41624608386348,0.049394110283043934,0.41261472088789103,0.04410705849366969,0.042154363462182785,0.4098772945940105,0.3172255787830237,0.3559821351761537,0.03803601517132197,0.037381753984883595,0.03470955504565621,0.36347703090969274,0.3647298602926955,0.3686511247738105,0.2925947325469022,0.6473000485305407,0.2903164219633165,0.36716976930771356,0.3719613520041681,0.35765547920411794,0.6471809054099568,0.6726796167671371,0.3588960839413293,0.36386672402190634,0.4437474231159041,0.5039730917060447,0.5036440629318321,0.4465347958436852,0.6619795052772321,0.5034866357696127,0.5065864189935382,0.5019140997396222,0.5016171173684413,0.10200169122564604,0.4421008538454359,0.5044512563835698,0.5025066678812472,0.5017404959031049,0.5002885420429575,0.5083432724260769,0.5111018910963515,0.5004333433241187,0.322916918945856,0.5159186822258165,0.6575465125198916,0.4523499106654664,0.5072904324965783,0.511116622511005,0.4512249413976129,0.5162694907835381,0.5169499344012467,0.5242431186236698,0.8503135048040006,,0.6940976669299922,0.7390551434530497,0.6838914453461437,0.6911157825857814,0.725174313740237,0.6650207351931152,0.6866975486411991,0.6832013121812575,0.7107124349811003,0.8178750044915121,0.8167702621908991,0.8165492729334821,0.8168047049407425,0.8165079071837319,0.8165766467410756,0.8165766467410756,0.8173574314826215,0.8167130250733152,0.7090374912715923,0.8189295619315423,0.816600440732841,0.8180521604239415,0.7087769354085929,0.8187873948121701,0.8192370894395317,0.8192316211161338,0.8175786385923232,0.8170968545976915,0.7073392100127576,0.8168536011961975,0.7176612539297075,0.6736677776952064,0.7171346881403068,0.7172171001770326,0.7141961621510019,0.7130976590515532,0.7174490763257685,0.8254620078009275,0.6711638516580378,0.7094173956249586,0.7119261397080942,0.6723653113685616,0.8167693040140259,0.8170835493123214,0.8164969903451434,0.8165583167582551,0.8165673249039522,1.0,1.0,1.0,0.8165579184722077,1.0,0.8170593159592774,0.8165579184722077,0.8167372974100604,0.6672945058281169,0.5822577274963197
0.07813514587253084,0.03725247413143814,0.035837442870233265,0.05931780661639424,0.47247956795311274,0.2331565609133638,0.4816930679758009,0.48379142335230774,0.4809639137463494,0.48208525897808274,0.296364665056616,0.3753183684120407,0.37290389803512847,0.3472255408715281,0.3730905397315913,0.3748633215742149,0.2904465064968057,0.33653068894213045,0.2566352577228153,0.06094475806719948,0.24099686558034025,0.07552023343760597,0.05486104847009552,0.45221934303404504,0.351985199197155,0.3928584674603747,0.056632068396790525,0.03747661026499736,0.04334220025775658,0.35591770008009505,0.35873505218432244,0.3719315684534287,0.2899185672208839,0.4430730536327527,0.29009261790085816,0.35877197826695756,0.3567148511201107,0.3593501500426991,0.44082786483151154,0.4571621901642354,0.35585384624793287,0.35784851418089764,0.4825061359591291,0.5541326109953153,0.5542611353209854,0.4827015140509046,0.4569353592678584,0.5537110232508275,0.5564116590826274,0.5537060261474038,0.5528683972151051,0.06436831991140947,0.48245402824016376,0.5531638312200001,0.5532425387251969,0.5535708867862189,0.5527823022203695,0.556010880607202,0.5623845874683465,0.5525872939328061,0.4694026848138166,0.5707349763660761,0.4613963012087139,0.4900983148572779,0.5627649733086338,0.5734654147761227,0.4888854583057209,0.5682679879970963,0.5695140007836813,0.5733854545672208,0.6860088095095981,0.6940976669299922,,0.7875234421074011,0.7153350793141515,0.7183883790281163,0.7767447111215915,0.6937866789438427,0.716970062466022,0.7051605908546759,0.7496614500700373,0.6676475288718443,0.6675286940211042,0.6672743933106965,0.6666363802982429,0.6678304250563109,0.6678304250563109,0.6670534872410017,0.6667823955014719,0.6676214680435492,0.6251397381806724,0.6688519154844942,0.6668327108276197,0.6693140813677005,0.6274742389474944,0.668086183219327,0.6708714626783815,0.6711829219075477,0.6689654312305848,0.6672867709399054,0.7074434735231288,0.6666556873293894,0.7542772351059988,0.7054708809225249,0.7608418615729431,0.7585819799148878,0.7560146367045848,0.756262404564509,0.7198583625269482,0.6756616245804538,0.6986328800280066,0.7493441579302452,0.7495923001696653,0.7003677467796134,0.6666469303252494,0.6674571515776514,0.6667956616057144,0.6668772624980057,0.6667933807454484,0.8163653008270418,0.8163653008270418,0.8163653008270418,0.6666414155564061,0.8163653008270418,0.666598215531932,0.6666414155564061,0.6668106699473806,0.6097661290522242,0.589636635307896
0.0859877631580662,0.022881585225237644,0.02152509326015069,0.07497277218089982,0.5776140351605739,0.27371570417974633,0.5536115963084431,0.5555628112402191,0.552619019346357,0.5529246438378408,0.2987881865103493,0.4088030669185318,0.407961036829019,0.37238508901247147,0.40976951027743974,0.4080287617278501,0.2911873910117626,0.41452379335568196,0.3068493980311871,0.08258878099957807,0.29590572933635434,0.11710682656963976,0.06452871725251495,0.5272267395014627,0.41102484963574504,0.4589520185607671,0.07566332882760937,0.030638198839678603,0.03458532625255929,0.3537976605798642,0.3542004047198173,0.36019722690417477,0.2907315574223149,0.5007434008166962,0.2887289207962301,0.35806698229591466,0.3565345224377612,0.3547305622655686,0.49996526934247737,0.5118422706473211,0.3541904974626721,0.35570263948244724,0.5531780328952083,0.6461423732821026,0.6455604519098331,0.5531417538524183,0.5067985000321892,0.6458673422910112,0.6483045911962256,0.6461388347575061,0.6455004650875524,0.06527154966832045,0.555697341902838,0.645437215063055,0.6460905702634134,0.6459102016894822,0.6456771515329556,0.6478603243054111,0.6540898918005111,0.6456507497913665,0.5157872297145739,0.6581786693818973,0.5110035205212549,0.558219250389985,0.6512123190313238,0.6568427433367421,0.5556471641755736,0.6564082671484975,0.6564751496961224,0.6595391571216218,0.7499142871798885,0.7390551434530497,0.7875234421074011,,0.7645678685284042,0.7772467443410367,0.8458737417920461,0.7303480236579007,0.7683469173304615,0.7689275400999817,0.8199644811930108,0.7073071213698922,0.7085625053927291,0.707437207672242,0.7071531265364596,0.7073340630807677,0.7070365279966836,0.7071945449734705,0.7070978941631797,0.7070513681117595,0.645887305832887,0.707210282651971,0.707635289084665,0.7087995531684157,0.6494714996666099,0.7079090652573112,0.7100715153119771,0.7087299246212418,0.7071919232277547,0.70704444853313,0.7071189541347102,0.7073242043222764,0.8299032484914057,0.7516003344771041,0.8336331731871408,0.8253635400837512,0.8298311902768037,0.8293536752426568,0.7158072905138732,0.7168703523566764,0.7455183115515376,0.8203869332393843,0.8222882715632462,0.754225947710863,0.7100558679563521,0.7071898527763787,0.707153580397018,0.7071945449734705,0.7071941510677969,0.8659325772228575,0.8659325772228575,0.8659325772228575,0.7070718023114788,0.8659325772228575,0.7071823469302957,0.7070718023114788,0.7071928533451449,0.6266437423968867,0.5855095397045025
0.07630161345255512,0.02095466338297296,0.018829711186612613,0.04387791760830954,0.4718721422839072,0.4072858506170363,0.6455939932127056,0.6460761391458207,0.6457936832314878,0.6454280056272045,0.29180503948575776,0.5531745073625964,0.5526925751425168,0.4821995531222031,0.553655760615151,0.5529376127862113,0.44256809060782487,0.33443691524611524,0.2479040767749355,0.04279331242023122,0.24204570369314315,0.08806401564940483,0.05506634758786548,0.4514416513336895,0.48503206821207323,0.5407176317046585,0.05729406437761108,0.02522218387344217,0.0392803896882445,0.35480674376014776,0.3549710527383211,0.35825739378085364,0.28981561346627244,0.44221387409956,0.28972412634383454,0.3576273843048057,0.354580641636182,0.35454956658206344,0.4406950972464366,0.45317870177632574,0.3538564013111772,0.3592552348004476,0.6461727856053997,0.5532630754876232,0.5529264231277945,0.48147837182086656,0.4441659901599164,0.5529172756433788,0.5547236167805694,0.5528388683374907,0.5525385613582832,0.054626922383323694,0.4815411577876192,0.5526090532715747,0.5533673230113053,0.5534232434728749,0.5530985564357092,0.5552280704041951,0.5629191326252554,0.5526737428417956,0.44713435893830716,0.5581999881401677,0.4475127359201081,0.4850445170266948,0.5543341546081872,0.5576583654027819,0.48429843781359144,0.5564648699955211,0.5568892682747097,0.5594890121667051,0.6883607580982579,0.6838914453461437,0.7153350793141515,0.7645678685284042,,0.8397944364342684,0.7720566491184023,0.7845133138829989,0.7051049258101794,0.8227476132698289,0.7454482931249885,0.6667559548319488,0.666623241183299,0.6665935908013381,0.6671982846032157,0.6677531728761023,0.6666230164743913,0.666588908783866,0.6665876706895623,0.6668792787808344,0.6235105171154419,0.6665812176086956,0.6670467368464011,0.6667021220186887,0.6237960304285597,0.6670984716924384,0.6673433542074227,0.6669697562319772,0.6666346174923937,0.6667266966084628,0.7071273482925361,0.6665888314363141,0.749388685384076,0.818600899965712,0.7506870716540693,0.748686656934711,0.750372868883032,0.7501577826269148,0.7124751489191417,0.6683674827515677,0.6945464128155153,0.7467508431955854,0.7465777761461508,0.8175134726299655,0.6675195550105197,0.6666314285993815,0.6665605502921264,0.6668585674404142,0.6667510654965781,0.8163653008270418,0.8163653008270418,0.8163653008270418,0.6666467165714265,0.8163653008270418,0.6665912065368497,0.6666467165714265,0.6666409376978715,0.6091050715941507,0.5847135846055278
0.07587399508693368,0.020286415967892414,0.0552624593777708,0.05860928797341322,0.47208289697556716,0.4061477774769356,0.6471394022035443,0.6463626514016381,0.6455882106523203,0.6458844018270373,0.3049108156154727,0.5543634802297327,0.5537625292777141,0.48437454714200495,0.55305318129782,0.5529150376224391,0.44252311116601206,0.33626776794069974,0.25470387655191346,0.06392654020657565,0.24388053962961617,0.06664337443190889,0.05424024741151267,0.4523284659558692,0.48499524272042277,0.5420423540603542,0.06627680769632853,0.02386484624840532,0.039267822175360824,0.36145499779715756,0.3645369983356657,0.3690369317770147,0.2911313877625513,0.44446295122791946,0.2920527767182627,0.3659637612126998,0.3607744729120798,0.35710256797914275,0.44335563379559534,0.46146732857758416,0.35587161182797544,0.35949761883630305,0.6480365206722923,0.5558887020860078,0.5568013716327579,0.48692103779358664,0.45580228894703845,0.555058781132173,0.5568569385059414,0.5538391864497921,0.5535921906668159,0.09866504285735136,0.4831314360676487,0.5528532461560149,0.5545349100184331,0.5559643275104086,0.5537668542742687,0.5559073615446242,0.5623774592717988,0.553814652712179,0.46017994154569175,0.5677337576499948,0.4552238831357032,0.4899719546282793,0.5601311642581931,0.5668250326449786,0.4914151581031751,0.5674830066024453,0.5645030466246851,0.5691526098368311,0.6934782358163737,0.6911157825857814,0.7183883790281163,0.7772467443410367,0.8397944364342684,,0.7682482273425522,0.7802209578288364,0.7142874700471977,0.8283620636441513,0.74825731210754,0.6679906422629522,0.6694369069481161,0.6690018458847327,0.6666095376451406,0.6667668699191461,0.6667668699191461,0.6667668699191461,0.6670535037249586,0.6672545661494141,0.6253171525847218,0.6692051264602695,0.6669286784470244,0.6673792531365462,0.6269105248340004,0.6684541567707767,0.66989158286788,0.6729221924746337,0.6688421430117367,0.6677812861263506,0.7101226685591271,0.6669578132236842,0.7544757613216623,0.8209786163383025,0.7534577557157662,0.7503711105681135,0.7548678380842081,0.752790643797327,0.7146427030906051,0.6733587518820467,0.6974893285302903,0.7512114893249762,0.7520724918019661,0.8221419770053735,0.6666575222630762,0.6668915411569033,0.6665760997295963,0.6666309369654508,0.6671846858278475,0.8163653008270418,0.8163653008270418,0.8163653008270418,0.6666143813457757,0.8163653008270418,0.6666630479375161,0.6666143813457757,0.6670715007378039,0.6093300472285312,0.5826915819986285
0.08880760149487685,0.03848293293617746,0.05280303660423362,0.06463272910041008,0.5777274934662826,0.27167448483437273,0.55263704139539,0.5543967337626717,0.5527375054122486,0.5527776047191166,0.29513634729522664,0.40843938850256567,0.412447678708149,0.3755291403589273,0.40916618103569863,0.40948900196020843,0.29387947528900193,0.4116476056875367,0.304385542709708,0.04897474333660749,0.29366708274072084,0.1286853483671908,0.052342337161536315,0.5272666775479241,0.4101887578444949,0.4597868743878523,0.05535711607421633,0.033576022815729585,0.04209747899810196,0.35505902284669016,0.3551679034842979,0.3664834407092484,0.2903187247287057,0.5012557098874066,0.2907815901420926,0.35751779138804113,0.35637241786675244,0.35435535374931304,0.500004838894433,0.5074372451171444,0.35424138703191677,0.3577344337871496,0.5534518365054155,0.6474328137620574,0.6481581552160451,0.5540759715644725,0.5088475598211586,0.6473366777304043,0.6498665704959505,0.6456639828989962,0.6455638899461668,0.05461238217913884,0.5531917570258482,0.6454228222873748,0.6460861853273118,0.6478819448067713,0.6454129365574796,0.6474685880111788,0.6546556923025872,0.6457458189277719,0.5144013180041845,0.6582699930940099,0.5144098919967428,0.5625710456210982,0.6530173272622795,0.6550934349390707,0.5607472155535367,0.657040312284196,0.6660619516229848,0.6632461190649663,0.727308141440636,0.725174313740237,0.7767447111215915,0.8458737417920461,0.7720566491184023,0.7682482273425522,,0.7389252246266395,0.7659238911253449,0.7572895282668889,0.818514636758376,0.707627017902879,0.7084505365442715,0.7076630340579857,0.7073834562962903,0.7078812059422255,0.7073086249727449,0.7070484271811203,0.7070580986263311,0.7070602441703286,0.6467507646812619,0.7087434206555351,0.7078103532661286,0.7090278028339028,0.6476803304275666,0.7104933601072486,0.7116634387509685,0.7107725770771999,0.7074145114344191,0.7072189887995338,0.7076083679918219,0.7071701573562026,0.8266525965455703,0.7576651857820573,0.8286315815626896,0.8281344443397107,0.8290442331666885,0.8277988440738928,0.7200966198173612,0.7181841540974625,0.7504397413729871,0.8199792737599279,0.8229768143490089,0.7501913487448582,0.7084391758405677,0.707108643445915,0.7071480431144891,0.707568727856583,0.7070835742449934,0.8659325772228575,0.8659325772228575,0.8659325772228575,0.7071395930224201,0.8659325772228575,0.7074556775348799,0.7071395930224201,0.7071360552388307,0.6241157962562589,0.5861115554301514
0.07351474550351143,0.01953330927039034,0.029515155600498586,0.056896664126648656,0.4092155864495613,0.35814028163746814,0.5780956197527303,0.581937273880563,0.582017313312204,0.5789107419372932,0.29679124230851456,0.5037505985465768,0.5031129145680692,0.44302088322697447,0.5013510892900195,0.5013804360519336,0.411862958922224,0.29010036420025687,0.22848471080941993,0.06208221437210542,0.21116796092479848,0.05950411876154458,0.07826402012617821,0.4106630012398169,0.4335488782980362,0.48383613070502685,0.07897071026383967,0.031667456305202124,0.032493563056118425,0.35624644944069267,0.3564478682949789,0.3698211038210592,0.2904382318541627,0.4109716163167257,0.2911017421419769,0.36050068959690573,0.3574655542482709,0.3610803370565301,0.4080446608208567,0.4195964959874643,0.3618874010354974,0.3575022875720852,0.579211048927893,0.5064121879052425,0.5008546292374784,0.4452096939275654,0.41747061529282203,0.5039890314785823,0.5054635002270244,0.49972951118119574,0.5003977924768469,0.06394878909906902,0.444496054424644,0.5014102187736156,0.5013015980978339,0.5041817627514245,0.5025344562636527,0.5054239868277542,0.5117170771901562,0.5019133640984976,0.4195378137497482,0.5114349489997665,0.4151522586202276,0.4497947361617064,0.5052698910017125,0.5073935623913856,0.44954472010008184,0.5115365845951989,0.5094310307483335,0.5135466200468363,0.6578352548461969,0.6650207351931152,0.6937866789438427,0.7303480236579007,0.7845133138829989,0.7802209578288364,0.7389252246266395,,0.6955601652514402,0.7747025868777906,0.7083326850903047,0.6473588040049449,0.6466521600061466,0.6468773214254319,0.6454567962596688,0.6467004626923913,0.6454558497468342,0.6458912545403159,0.6470908355949395,0.6453927903933717,0.615436153410629,0.6486057071159945,0.6456656177088387,0.6465280448449064,0.6156177353403693,0.6502305080990203,0.650576043897023,0.6481922752638968,0.648728982471507,0.6459608988498396,0.7084968526999329,0.6457017753080955,0.7181581338376649,0.7731084330657099,0.719829919722906,0.7157261089422094,0.7211628001685962,0.7190147787741066,0.7234239560002182,0.6577149279007951,0.675476680685532,0.7094674986197546,0.7104723034738167,0.7660960281617878,0.6454961055346481,0.6455204047326504,0.6456214268271683,0.645708825741758,0.645623452073014,0.7904168788960227,0.7904168788960227,0.7904168788960227,0.6454565699380085,0.7904168788960227,0.6454142122213997,0.6457042398376907,0.6456383559481823,0.6013502367247228,0.5810816165421966
0.0763308051089684,0.030700938278207905,0.0459513138484521,0.07793971993212205,0.47396035285591603,0.2364961544803311,0.48383102820055646,0.4863414139715657,0.4825981035821324,0.4846756864102255,0.306420276812037,0.37839938685840363,0.38291456172042515,0.35156668255184226,0.37698099387688866,0.3745707446325532,0.2902503410347169,0.3356181139268354,0.25557970377623895,0.04563053427389065,0.244360306028436,0.0526063254693893,0.04169079590917398,0.45378831357575544,0.3522945803569783,0.3941780188142905,0.04768386434757489,0.05634607641158286,0.03202448806162818,0.35603059287841077,0.35616243222791893,0.3647317139590877,0.2916363347047056,0.443147630591594,0.2917917977488646,0.361548452733597,0.36235900007086624,0.3583585207710989,0.4420454549934592,0.44851193811414675,0.35945685688002166,0.3590961080666946,0.4823655148901557,0.5563222022184756,0.5550989653369672,0.48440254690459394,0.4549245089137654,0.5557053222318885,0.5557439103400464,0.5531708639620505,0.5533228641315102,0.07231609901058926,0.4816418969094018,0.5555814698113313,0.5537231857308167,0.5543030938819837,0.5537114469952595,0.5568040420923428,0.5624983352897974,0.5527613166442769,0.45348090734460134,0.5654972631466613,0.4513851699027757,0.4856574631399151,0.5591204175567649,0.5628263075737345,0.48842580682725767,0.5632480524086092,0.5618473903246918,0.5664165870612287,0.6777635747452134,0.6866975486411991,0.716970062466022,0.7683469173304615,0.7051049258101794,0.7142874700471977,0.7659238911253449,0.6955601652514402,,0.7134991074725007,0.7466437101566274,0.6687465431626943,0.6721575109471062,0.667727308703687,0.6678473472908466,0.666761226184836,0.666761226184836,0.666761226184836,0.6680317245320755,0.6672230456042132,0.627474818348112,0.6711999875415616,0.6683424427235758,0.6711489224609867,0.6306406415055495,0.6721945865972039,0.6685008296530887,0.6731503777224273,0.6702449030079345,0.6687144937680655,0.7093721853261314,0.6678300748290578,0.7538622519770978,0.6997861789374876,0.757955153607721,0.7522705867416966,0.7563487387410449,0.7598184563117896,0.7155394948464864,0.6738825158647878,0.6992133724186589,0.7544296550525522,0.7544638699418837,0.7013221444084871,0.6666294590515511,0.6666940454610215,0.6665749677356381,0.666630554536466,0.6666217994323373,0.8163653008270418,0.8163653008270418,0.8163653008270418,0.6666151289087399,0.8163653008270418,0.6674947749592731,0.6670269889369022,0.6670605910790077,0.6088403821576834,0.5896309281585161
0.07636499871017467,0.021470602037141885,0.02499801841649657,0.06409966418661749,0.4713985462562206,0.4059640495120524,0.6477600611068126,0.6468824697146971,0.6457581184759532,0.6504178910790474,0.293972597694543,0.5546843682996777,0.5545262629312153,0.48133403928863633,0.5528202506674345,0.552558041519142,0.4435923264925846,0.33436898435037704,0.2530978894214351,0.015956463473697252,0.24276662210620595,0.03051762674454392,0.07525018552241904,0.45417317597202983,0.48606266753013233,0.5406558672712369,0.04851520154186592,0.05033284322351218,0.07840815527272474,0.3576955612148394,0.3579675627233186,0.3629865832332298,0.2946800047827334,0.44287225913247236,0.2912143794645301,0.3653325295359702,0.3592453100597707,0.3669246277511185,0.44197116265127084,0.4567104601866102,0.361802708818618,0.35645487731380265,0.6468852268052446,0.5583013286180291,0.553473201335528,0.4850744051246333,0.45115007965179477,0.5557048774510577,0.5627193647301033,0.5573570156053357,0.5594881332846284,0.08702111378674246,0.48342995332754013,0.5559593652233186,0.5560380025640996,0.5558859187689499,0.5567722928863591,0.558606132274851,0.5627834559286925,0.5533439029093963,0.44807086900448256,0.564001353478631,0.4499194886987506,0.4868990180292296,0.5592897224912009,0.560189036451666,0.48381106827876486,0.5631157238178777,0.560149583255754,0.5687698693013081,0.6848397536373503,0.6832013121812575,0.7051605908546759,0.7689275400999817,0.8227476132698289,0.8283620636441513,0.7572895282668889,0.7747025868777906,0.7134991074725007,,0.7485386749152834,0.6725325151374969,0.670481807805141,0.6722044549516895,0.6665682527264155,0.6678370755539321,0.6669473069961469,0.6665730737537001,0.6790063958815059,0.6703121096142917,0.6289873396658454,0.6721560945518539,0.6716418960145591,0.6755176245175006,0.6353334623934465,0.6767058106002242,0.6744532179314696,0.6712041186146829,0.6868305050225015,0.6728627717923586,0.7123380003107713,0.6717436369928129,0.7581357835695783,0.8237954933226272,0.7585369805375569,0.7535773187617255,0.7577517080315579,0.7499391796594324,0.7148785895338353,0.6760597399713459,0.6995295185142791,0.7555137713441393,0.7527114258492194,0.8271148301761214,0.6707406142922527,0.6733824850510869,0.6672520231196771,0.6672904892977982,0.669341461627549,0.8163653008270418,0.8163653008270418,0.8163653008270418,0.6665983469035685,0.8163653008270418,0.6678995188750366,0.6665983469035685,0.6674123700758785,0.6155379108949218,0.5826720763407359
0.08420318056411859,0.0235086747137359,0.025941843301593624,0.04338535677333263,0.5777435518493589,0.2722893083083812,0.5526312870076342,0.5525322231160094,0.5526304070341098,0.5526927366850792,0.2910217619597683,0.40795213742340686,0.40789250429174606,0.37467984016795225,0.40785052597592664,0.40812836046253975,0.2893915859683892,0.40835416781144446,0.3013045599716889,0.011254802202132685,0.288842892193772,0.024669113293975222,0.047586863699299445,0.5270785724984297,0.40894266631545845,0.4562050375603848,0.018953617698057222,0.029520685175056467,0.04489199369767131,0.35332636690490093,0.35359224424312086,0.35555743739608103,0.28933991093476014,0.5000449137690856,0.2967934922388574,0.3537166735211915,0.3551207271277062,0.3540804107908256,0.49972133695067167,0.5019789460944143,0.35399684422417227,0.35339738242547053,0.5533477817756697,0.6456625583263431,0.6456324351050032,0.5529565664948098,0.5037422404655291,0.6455155746024175,0.6462349594644702,0.6468892234159411,0.6454935982612479,0.05545694979225232,0.5532392674399028,0.6458672970518585,0.6459848995111234,0.6456573208292055,0.6469839660455654,0.6474786073608724,0.653850963584719,0.6454561790803992,0.5097215568928544,0.6494617799908938,0.5026889182300892,0.5535189659524674,0.6489109723012904,0.6500078666443092,0.555593692032289,0.6480858977838309,0.6468141433868743,0.6480893758064281,0.7089115508924351,0.7107124349811003,0.7496614500700373,0.8199644811930108,0.7454482931249885,0.74825731210754,0.818514636758376,0.7083326850903047,0.7466437101566274,0.7485386749152834,,0.7078505630598984,0.7070345935266817,0.707601012866418,0.7070961993553038,0.7070598784772183,0.7070598784772183,0.7070598784772183,0.7073036598345473,0.7070344152203012,0.6456726780834047,0.7076175677087032,0.7075081349714415,0.7073412341038,0.645791832212792,0.7086993739650126,0.7091850542258925,0.7083795607169112,0.7077971332769194,0.7070595175696761,0.7086579545803572,0.7079716383480734,0.8182909137778547,0.7459503870996448,0.818460906853989,0.8171778146502863,0.8172389811846928,0.8173849000305557,0.710041056826897,0.7083043277065867,0.7452971366441009,0.8165999557446505,0.8168337547123729,0.7452671698228688,0.7073874387593398,0.7071171740178414,0.7079115208768194,0.7111219581588604,0.707118103968095,0.8659325772228575,0.8659325772228575,0.8659325772228575,0.7070381972491442,0.8659325772228575,0.7070454150917476,0.7070381972491442,0.709256394965854,0.6234616211443351,0.585404816151064
0.07184820250919376,0.04167168650435533,0.027211105725557204,0.054520816595580404,0.4096268138277781,0.35734789960881663,0.44377555669740126,0.44079993774834025,0.44078213769076874,0.442085337662742,0.29340252236756414,0.5012102434264857,0.5018680579733011,0.44422534877356984,0.5003711227978433,0.4998592299726342,0.29238575311475884,0.5775304026631485,0.413482030577663,0.0149052619957621,0.40998604047889314,0.02790666743495609,0.08490492441818848,0.4132565820972467,0.3182896063054254,0.35427605441938076,0.02583240462650086,0.053852655254772605,0.07534320896212834,0.36658288544433737,0.3582506851573031,0.3615460294037869,0.29241237454225405,0.6470320491970407,0.2945722183452194,0.3560366296000305,0.3574287995716919,0.3681956982675577,0.6489652875488504,0.6463784644820981,0.36434430726098,0.35607022909334957,0.44321399539549255,0.5035912762096024,0.5046972377274261,0.44485865738452296,0.6500758821787237,0.503015269167527,0.5041775988407766,0.5109558673798642,0.5095568714115183,0.09369443171793972,0.4408462954547684,0.5001587954029384,0.5058792723633685,0.5020189031771304,0.5017569071081112,0.5028383110628877,0.5123606531420651,0.5004792634138667,0.2927482628523867,0.5002808577408381,0.6471373774475131,0.4442895002294291,0.5021513163931082,0.5050227004903132,0.4453937159509302,0.5007900589693683,0.5013517693472485,0.5033380095636141,0.8169325488289261,0.8178750044915121,0.6676475288718443,0.7073071213698922,0.6667559548319488,0.6679906422629522,0.707627017902879,0.6473588040049449,0.6687465431626943,0.6725325151374969,0.7078505630598984,,0.8234702729330845,0.8350198520208619,0.81807246744885,0.8180180741138899,0.816540822803701,0.816540822803701,0.826244412091213,0.8239579723646324,0.7240446769982497,0.8287817132018264,0.8212307014133509,0.8203892555090962,0.7111000385118226,0.8233067566549799,0.8194270750683503,0.8183823829232499,0.8269671877659539,0.8175528964206553,0.7126458796753091,0.8213773538678779,0.7095957773034433,0.6702302595096647,0.7115238909785273,0.7097242287232315,0.7123587531438608,0.7120370011145991,0.7115685009198334,0.8212054256385971,0.6705834983754718,0.7093341719477392,0.7096411717826591,0.6729795741817146,0.8250705860841947,0.821185475410002,0.8173437770826175,0.8173661301762446,0.8174135235882667,1.0,1.0,1.0,0.817256818393103,1.0,0.8180173270111392,0.8165192654318439,0.8168314304900011,0.6794802485583308,0.5815575964116241
0.05976942186350929,0.05565096195759788,0.022339426273635214,0.04821093907277206,0.40825676261462035,0.3541193846482367,0.4406103445726784,0.44122818868298086,0.44083969422664865,0.44191915790738556,0.28949492593138604,0.5001696067275159,0.4997308998816499,0.4431928972993316,0.49981832863154946,0.499755025990675,0.2905731909796394,0.5779165687654513,0.4127467416079165,0.026437844034612246,0.4082941449222374,0.04170995415936877,0.07776550062386879,0.40865626274236516,0.31588077630071687,0.35318215786102236,0.03416001769831464,0.028027417205818157,0.06252995752114962,0.35636469350899236,0.35590190316243286,0.35591551053259746,0.28945652079483264,0.646599348505212,0.28847092535749874,0.35667741558953525,0.35561307288580496,0.35984519579650986,0.6464635912191201,0.6457022109781743,0.3590329002124503,0.3541819778430665,0.4415927221128696,0.5009002134307771,0.5014433586129765,0.44185006747358363,0.6476684320206202,0.49999217856870903,0.5042359044646378,0.5014113339734354,0.5020289229054923,0.0564418905816032,0.44059456540053427,0.49979439180948604,0.503489341795805,0.5010166422236273,0.4997327527529182,0.5028737464280881,0.5112987025105689,0.4998876526717593,0.29051359261504833,0.5010655050977402,0.6455858231483556,0.4432076918836387,0.5026901282823878,0.5018440568045713,0.44266689409567184,0.5017895188438278,0.5019165569420426,0.5022341545616811,0.8171573552851326,0.8167702621908991,0.6675286940211042,0.7085625053927291,0.666623241183299,0.6694369069481161,0.7084505365442715,0.6466521600061466,0.6721575109471062,0.670481807805141,0.7070345935266817,0.8234702729330845,,0.832431450631928,0.8174617622428977,0.823062147044515,0.8170661036602385,0.8192513213329153,0.8187497312058803,0.8252066148053724,0.7181326308183045,0.8266585817648344,0.8210877770784456,0.8260250355296317,0.7119233521378083,0.8237799789392889,0.8167194269419962,0.8179084711511719,0.8226113189368518,0.8194381041193991,0.7366465136871257,0.825566230117319,0.7089313581106508,0.670213978700673,0.7126310687551037,0.7103589417890531,0.7106653851454479,0.7093826626707843,0.7097965095104721,0.8191625857686636,0.6688210454418115,0.7103665130557478,0.7073377650105035,0.6706743090959805,0.824168057007773,0.8264877087378469,0.8165137935257887,0.8165195457745723,0.8247756888839282,1.0,1.0,1.0,0.8195020876017777,1.0,0.8178733371164618,0.8165023111164931,0.8169079142508063,0.6785217885331443,0.5814618401753711
0.05956774298243286,0.0412180466548005,0.01672433037739623,0.05264723321245148,0.40925469435259476,0.35541297130318994,0.44704649944206953,0.44067719646635994,0.44075726535160553,0.44228775378967117,0.29251941279202015,0.50189410172285,0.5012619039938733,0.44154660367458637,0.5001550007992399,0.4997251639708016,0.29507595202318015,0.5775472562103509,0.413183382865257,0.010727667909882652,0.4083917520281346,0.0400036898238216,0.07088434290910103,0.4125169302325588,0.31696570066707414,0.3557692775642365,0.01768320350520088,0.04759591333033397,0.09533981848550259,0.357873408566272,0.3573366135542211,0.35623549138119154,0.2901689984301218,0.6466389565055414,0.29476945258000076,0.35757071921523886,0.362301504511164,0.3594572792829555,0.6472710724079356,0.6460382285228041,0.3685354015620191,0.3565264405693912,0.44299046637544914,0.5037403099127156,0.5038217461746339,0.44390975946860123,0.6473174099035854,0.5033165128936469,0.5074654019213081,0.5021403741224489,0.5024075705492859,0.08690789335805721,0.4408176449024288,0.5005666143506238,0.5035571866902635,0.5043920199995727,0.5026554191137814,0.5030963124508638,0.5114669049875377,0.5010780738845121,0.2919555141229987,0.5016588923626825,0.6475828892214385,0.44303381945799775,0.5014231303760268,0.5019133493695758,0.44470438323189304,0.5017010585969547,0.5005626849224268,0.5036995398296669,0.8166496035074202,0.8165492729334821,0.6672743933106965,0.707437207672242,0.6665935908013381,0.6690018458847327,0.7076630340579857,0.6468773214254319,0.667727308703687,0.6722044549516895,0.707601012866418,0.8350198520208619,0.832431450631928,,0.8165260435167644,0.8201832666369137,0.8167538830500328,0.8179709039971469,0.8258322376452774,0.8235054488581229,0.718801021583808,0.8302672598661475,0.820100878019689,0.8211397709309369,0.716603852821769,0.8260668827114457,0.8183968043091772,0.8238184560516915,0.8240948552615627,0.8205852189645064,0.7229664559952009,0.8215734443980275,0.7094589443194778,0.670405748988136,0.711367422296839,0.7115977115751461,0.7128506837314311,0.7105226158950476,0.7096512196124364,0.819675467583661,0.6697217067222365,0.7141731217295817,0.7151489783422151,0.6769244392241553,0.8204711040388938,0.8195911882740772,0.8165266168358379,0.8165366543795749,0.8209344354400773,1.0,1.0,1.0,0.8182202756497908,1.0,0.8172331255908433,0.8182202756497908,0.8166639286339693,0.6708091035149626,0.5814524656003304
0.06027150398157961,0.034847034293759946,0.031412495112094665,0.04828066173450501,0.4089216066232032,0.3547089709156378,0.4409674115037762,0.4420806541990996,0.44094995918591684,0.4418579652382081,0.28978825453112717,0.4999601549244521,0.5004480776756265,0.44219574528570893,0.49985865495778087,0.5006342698397226,0.29060894958716493,0.5774821679826878,0.41275766670994674,0.008810173808212949,0.40887762772798125,0.02278131468727561,0.04364439823439108,0.4103495336321503,0.31572035129569753,0.3545758383437165,0.03566449242362499,0.012877229759392242,0.030455230591704983,0.35741496216220836,0.35725704900656247,0.3564947857500788,0.29113956789781514,0.6456263879439298,0.28845985803192853,0.3539699516413526,0.35602727771284376,0.35724159465351435,0.6465358089319633,0.6459568397940557,0.35539569255868037,0.35491964794272307,0.4412144300661761,0.5007124039545046,0.5003863866303988,0.4436453677065946,0.6460625977015643,0.5017728410173514,0.5011372090751779,0.5004242617210948,0.49980898185751627,0.06550861941389408,0.4405722955258254,0.5012290127279595,0.5041246986636996,0.502599258695534,0.5038657991122771,0.5025721141092063,0.5126550486742996,0.5007884730136104,0.28886558073624624,0.5003707677727566,0.6455037940979865,0.44129386454351965,0.5001426944387993,0.5009508711482101,0.4408266598352808,0.4997845714783413,0.5018413134408888,0.49995220312235716,0.8165963298457816,0.8168047049407425,0.6666363802982429,0.7071531265364596,0.6671982846032157,0.6666095376451406,0.7073834562962903,0.6454567962596688,0.6678473472908466,0.6665682527264155,0.7070961993553038,0.81807246744885,0.8174617622428977,0.8165260435167644,,0.8164996455346432,0.8164996455346432,0.8164996455346432,0.8172525482458428,0.8167617760375504,0.7071020629155408,0.8167419374260745,0.8178839989646498,0.8180530836072217,0.7070535642790093,0.8165911597828888,0.8165650372347886,0.8183918121015354,0.8168106039841683,0.8177731929023331,0.7121552890418118,0.8167183393746738,0.7079730137656381,0.6668438486346475,0.7085773100245494,0.7071730561466298,0.7077893960865822,0.7070385463224552,0.7075707762948066,0.8165836578892934,0.6668848660320558,0.7073536607042309,0.7073285961589422,0.667956671276955,0.817632387869392,0.8165414523707112,0.8164988779030302,0.8164996455346432,0.8181538451105621,1.0,1.0,1.0,0.816497345601475,1.0,0.8164981112592761,0.816497345601475,0.8165004141560255,0.6777361737977727,0.5814172143485475
0.05970951757329664,0.05479115935091408,0.016652559495074087,0.04364420615273072,0.40911939327422664,0.3551268874581627,0.4412979078268778,0.44068667237518006,0.4406805652360319,0.44089138999179195,0.28969217156320637,0.4997890461590138,0.5000569934688105,0.4406083367310384,0.49995051750796177,0.49989025661374914,0.2905835542348781,0.5774748155143682,0.41256695447145575,0.012235088777929627,0.4098565596024058,0.017876118540353737,0.04133354967189877,0.40908677236227603,0.3161500896157172,0.3531848284509329,0.016308930099148827,0.0172904214392921,0.03545091639294434,0.3546432931780006,0.3554983299764513,0.35382404018158947,0.28905660266795513,0.6455756659653615,0.28879439989775013,0.3553232891588512,0.35759204436039543,0.3560606054993018,0.6454155093101592,0.6455993174396586,0.3552812584328376,0.3533006888755472,0.4406636437365648,0.5023378222149716,0.49972987180788125,0.4445365957823158,0.6456646633799467,0.49992629711017517,0.5007365589788617,0.5060088080718875,0.5026791841329854,0.05855876549562498,0.440806522502736,0.49999050068120127,0.50064371780674,0.5001018344773143,0.4997207487351311,0.503315609342995,0.5105923480707429,0.502647200945489,0.2896046058635646,0.4999017088338704,0.6454497332093168,0.44067127830831676,0.5013132361052638,0.49988567349600854,0.4415467235139397,0.5008485951797709,0.49989010486281354,0.5001952057659322,0.8168409298727767,0.8165079071837319,0.6678304250563109,0.7073340630807677,0.6677531728761023,0.6667668699191461,0.7078812059422255,0.6467004626923913,0.666761226184836,0.6678370755539321,0.7070598784772183,0.8180180741138899,0.823062147044515,0.8201832666369137,0.8164996455346432,,0.8657775257218118,0.8289625289642509,0.8166369276405726,0.8204505523507957,0.7088601392904638,0.8175554972648235,0.8305990621070858,0.8168295344324514,0.7085554834547843,0.8165668193416961,0.8165277789793705,0.8166708246979832,0.8194780198453538,0.8246514835451809,0.7352359268700587,0.8172600517771467,0.708038107951027,0.6670693870583534,0.7076400306618191,0.7073450324038703,0.7089682933489042,0.7070312246093062,0.7078222804214064,0.8167289526481811,0.6666716995968125,0.7083517535488593,0.7072236922177225,0.6670094823263105,0.8172188486513866,0.8206458941493585,0.8164975985154049,0.8164979385857951,0.8535352009102315,1.0,1.0,1.0,0.8164969196872144,1.0,0.8414661681787634,0.8164969196872144,0.8264392142092677,0.6677658501996403,0.5820798054202093
0.05970951757329664,0.03473638835957662,0.036592532264153856,0.04364420615273072,0.40811968869260185,0.354130023940535,0.4412979078268778,0.44068667237518006,0.44090961318299327,0.44089138999179195,0.28969217156320637,0.5002037026167991,0.4997250504003198,0.44082835468705883,0.49995051750796177,0.49989025661374914,0.2905835542348781,0.5777220743832902,0.4131766229166035,0.012235088777929627,0.40870021005462037,0.03164805332487664,0.04885655418453126,0.40908677236227603,0.3161500896157172,0.3531848284509329,0.03060801535611992,0.018749635294442103,0.048335943416245176,0.3546432931780006,0.3554983299764513,0.35382404018158947,0.28969244650233156,0.6455756659653615,0.28847064219217167,0.35379169790093307,0.3554457296419719,0.35439774946795694,0.6454155093101592,0.6455993174396586,0.3548541390700852,0.3537019367983274,0.4407401111510391,0.5008872238165673,0.4999065678106081,0.4414655414014502,0.6454363958022504,0.5003113985097867,0.501896262853188,0.5001411803326565,0.5026791841329854,0.05288597488983651,0.440806522502736,0.49999050068120127,0.50064371780674,0.5001018344773143,0.4997207487351311,0.5023361749329505,0.5105923480707429,0.49969496363825916,0.28889813309706525,0.4997312801432975,0.6454497332093168,0.44067127830831676,0.5003878393392209,0.4997366045520359,0.4406187532555682,0.5008485951797709,0.5005576190977248,0.5001952057659322,0.8168409298727767,0.8165766467410756,0.6678304250563109,0.7070365279966836,0.6666230164743913,0.6667668699191461,0.7073086249727449,0.6454558497468342,0.666761226184836,0.6669473069961469,0.7070598784772183,0.816540822803701,0.8170661036602385,0.8167538830500328,0.8164996455346432,0.8657775257218118,,0.8657775257218118,0.8166369276405726,0.8257487573988683,0.7076645755570723,0.8166563099786753,0.8199162703572034,0.8182853985528801,0.7085554834547843,0.8165668193416961,0.8165277789793705,0.8176183832878618,0.8194780198453538,0.8199603850681584,0.7194514117744858,0.8172600517771467,0.708038107951027,0.6670693870583534,0.7076400306618191,0.7070574230034112,0.7079055607746669,0.7070312246093062,0.707441826617946,0.8165097582780796,0.6666716995968125,0.7083517535488593,0.7082890137140343,0.6670094823263105,0.8181114895346706,0.8242024954193392,0.8164975985154049,0.8164979385857951,0.8329904014426303,1.0,1.0,1.0,0.8164969196872144,1.0,0.8164972588828263,0.8164969196872144,0.8560731355258768,0.6691131027355154,0.5813726752504619
0.05970951757329664,0.03473638835957662,0.036592532264153856,0.041074742134805955,0.4084095158215148,0.354130023940535,0.44078721898737633,0.4411856154840841,0.44090961318299327,0.4409755043658915,0.28969217156320637,0.4998245678422838,0.5000569934688105,0.4406083367310384,0.49995051750796177,0.4997320564877507,0.2905835542348781,0.5774748155143682,0.41256695447145575,0.018360947466100185,0.40827948998887403,0.017876118540353737,0.04885655418453126,0.40908677236227603,0.3157093184511079,0.3531848284509329,0.016308930099148827,0.018749635294442103,0.03545091639294434,0.3562953326024537,0.3554983299764513,0.35433324690106677,0.28905660266795513,0.6455756659653615,0.28879439989775013,0.35379169790093307,0.3554457296419719,0.35439774946795694,0.6454155093101592,0.6455993174396586,0.3552812584328376,0.3533006888755472,0.4407401111510391,0.5000117130388306,0.4999065678106081,0.4414655414014502,0.6456646633799467,0.49992629711017517,0.5007365589788617,0.5001411803326565,0.5026791841329854,0.05288597488983651,0.44067843371567644,0.5015927153732768,0.5017240577908345,0.5001018344773143,0.4997207487351311,0.5023361749329505,0.5105923480707429,0.49969496363825916,0.28981180205346696,0.4999017088338704,0.6457051162117412,0.44089161181321196,0.5003878393392209,0.500544691012877,0.44079252260252144,0.5008485951797709,0.5005576190977248,0.49978748407348766,0.8165403875640551,0.8165766467410756,0.6670534872410017,0.7071945449734705,0.666588908783866,0.6667668699191461,0.7070484271811203,0.6458912545403159,0.666761226184836,0.6665730737537001,0.7070598784772183,0.816540822803701,0.8192513213329153,0.8179709039971469,0.8164996455346432,0.8289625289642509,0.8657775257218118,,0.8166369276405726,0.8204505523507957,0.7076645755570723,0.8175554972648235,0.8199162703572034,0.8182853985528801,0.7108848451202363,0.8171492048704552,0.8165277789793705,0.8176183832878618,0.8194780198453538,0.8172417085986676,0.7099970884453393,0.8172600517771467,0.7073927203347268,0.6666556526417488,0.707155428717938,0.7070870262480616,0.7072596184874843,0.7070312246093062,0.707441826617946,0.8165603334709908,0.6665648015000355,0.7083517535488593,0.7082890137140343,0.6670094823263105,0.8181114895346706,0.8181761553561251,0.8164975985154049,0.8164979385857951,0.8205221995349956,1.0,1.0,1.0,0.8164969196872144,1.0,0.8164972588828263,0.8164969196872144,0.8560731355258768,0.6677658501996403,0.5813726752504619
0.06404032097212346,0.04174820670499976,0.0329169492693788,0.05297393639907679,0.40838484930105956,0.3597549169536018,0.44364810820442274,0.440959509069021,0.4413492186426222,0.4424724467288775,0.29159336651765105,0.5093945749127381,0.5007931654931514,0.44217800177144045,0.4998179303467532,0.4997364728751796,0.29391676709383935,0.5788548088591733,0.41502683766931564,0.030495983119412987,0.4110404123718885,0.08185671701467223,0.13355752413118585,0.41361998793023935,0.3177821842490309,0.3533484713046538,0.0168506173066162,0.05269394104136302,0.09607967843351206,0.3661586414003623,0.3645544208429995,0.361911341385505,0.3065375651627018,0.6528484300411456,0.29408276260545885,0.36539492736869084,0.3667757000977136,0.3798922393537122,0.6483850128404097,0.6469706160134463,0.3764004639168716,0.3567473481735246,0.44313925482211375,0.5104609366395648,0.5045554990283366,0.44785408103174856,0.649933537226681,0.5043101103966757,0.5042879171380166,0.5067050109599784,0.5109496000113581,0.09768327195440862,0.44150357261860407,0.5070964169746256,0.5111275686407388,0.5123245890974988,0.5027681936648011,0.5027408002126326,0.5140633526604946,0.5027787005347524,0.2894487065569918,0.5009823547337027,0.6464338594590587,0.44539669289966083,0.500203494799885,0.5004075717223638,0.4439296313424949,0.5024338423497279,0.5018586868036784,0.5018763356124388,0.8166261698536542,0.8173574314826215,0.6667823955014719,0.7070978941631797,0.6665876706895623,0.6670535037249586,0.7070580986263311,0.6470908355949395,0.6680317245320755,0.6790063958815059,0.7073036598345473,0.826244412091213,0.8187497312058803,0.8258322376452774,0.8172525482458428,0.8166369276405726,0.8166369276405726,0.8166369276405726,,0.835880774271527,0.7334631660788006,0.8332660296582777,0.8245139639922099,0.8404597045211198,0.7194700833836107,0.8262230960814637,0.818158047987872,0.8222065087891025,0.8463086924128238,0.8291170228376269,0.7270361548450167,0.8307254097895146,0.7089622314133296,0.6748224969755271,0.7095338521807285,0.7108933075918974,0.7136549086825317,0.7071698634950394,0.7114727036787618,0.8196518236805352,0.6727328717208625,0.7115890853253659,0.7085417955360294,0.676815078765138,0.8415041602339018,0.8399591730128988,0.8179551692186406,0.8201706543617202,0.8207660217451196,1.0,1.0,1.0,0.8177170002526255,1.0,0.8169831243859981,0.8177170002526255,0.8165760883093078,0.696502739933835,0.581429039995216
0.06449586850643405,0.04900368662030947,0.019459760164724914,0.05279940025938945,0.4082310409126997,0.3543083517911098,0.4418366018971221,0.4406432620896945,0.4412567646285857,0.44134183660814563,0.289490011347979,0.5033075591946098,0.49976048330763895,0.44097106941253184,0.49979593014345364,0.49989535052023043,0.2920987114642164,0.5776424362739043,0.41259180060652084,0.01270806813776613,0.40947950425013446,0.0441210595037519,0.09398158441540586,0.4089122499020142,0.3159920210262421,0.3531493236549185,0.016270401590149777,0.016312990573807907,0.07221767113557921,0.36396576975277783,0.3586942578644692,0.3553565355810367,0.29233903252411364,0.647935105072528,0.289273167551539,0.35895475745357625,0.3551934287345962,0.36054478533781,0.6470845737115198,0.6456267505723703,0.3605894030922146,0.3582960465597919,0.4413571520937192,0.5011102050037907,0.5006503275086307,0.44473425557604385,0.6467906205279211,0.5016448287076277,0.5016309300921266,0.5031598221722264,0.5068216063266938,0.07337684718146373,0.4408776601510424,0.4999387615958132,0.5055613865586418,0.502079022558225,0.5008075199106033,0.5029006001735935,0.5117876062189174,0.5011820493343841,0.2898116301971157,0.5009169773427904,0.6467747911386187,0.4412018021459563,0.5007272114931052,0.5000553270428963,0.4418252549565581,0.500671448631165,0.5005194187712615,0.5022584983339651,0.8165458225482086,0.8167130250733152,0.6676214680435492,0.7070513681117595,0.6668792787808344,0.6672545661494141,0.7070602441703286,0.6453927903933717,0.6672230456042132,0.6703121096142917,0.7070344152203012,0.8239579723646324,0.8252066148053724,0.8235054488581229,0.8167617760375504,0.8204505523507957,0.8257487573988683,0.8204505523507957,0.835880774271527,,0.7151082247914923,0.8285549020756371,0.8232305515916409,0.8265996832832077,0.7111226314724779,0.8181404938045156,0.8165040624995334,0.8177472507360822,0.8304594628690947,0.8226432182968496,0.7313543700907775,0.8324085577273497,0.7095394600659544,0.6685350344447831,0.7078589201523096,0.7084989351553864,0.7076447070105429,0.7070979290081401,0.7084779204784609,0.8168124330455493,0.6669946442567799,0.7076911352103519,0.707165148422968,0.669759446639234,0.8337088274415051,0.8535535316699557,0.8165088784371157,0.8177363239426719,0.8381470977079849,1.0,1.0,1.0,0.8165006748424521,1.0,0.8184734082773033,0.8165006748424521,0.8195624568171214,0.689399255100743,0.5813606429266421
0.07122339602297291,0.037426171289581214,0.0294342695492271,0.06420879401711273,0.29026277787115173,0.27009869496842953,0.3746302393123034,0.374836071546446,0.3730805748033279,0.3779102701537985,0.2905196970728948,0.41393543374152686,0.41077449207228145,0.3776340736094795,0.408728711857146,0.4083167549913251,0.2947209351825055,0.40846831762525637,0.2959119402459212,0.014353354508632924,0.28899405320684296,0.0453336823190753,0.12179250840795029,0.34073443758242644,0.2647676710266753,0.292058207978657,0.020164570996904593,0.044407054463017945,0.10516681359985358,0.3620299454981524,0.3639987155305024,0.366387750930146,0.29741089484027267,0.5071461020227869,0.29476432407760206,0.378819625848102,0.3687447004827113,0.3778669014733462,0.5063110802648662,0.5040720253297433,0.38644691747705723,0.3607276136054472,0.378596250024345,0.4213402352204035,0.41322924071157285,0.3802535504470517,0.5045264303944234,0.41412238414666125,0.41344309519283257,0.41268032804495863,0.4252854362596659,0.09649125168528898,0.3740195066233026,0.41424035333275716,0.42510647312393074,0.41975921443647307,0.4105079999128995,0.41355089476364826,0.42231765159950835,0.4113592949918377,0.29264806625504475,0.4100129013300387,0.5014130226995369,0.38409538597632764,0.414075150216115,0.4129592102924364,0.3806591145679691,0.41488032044634293,0.4131925317974073,0.4147893389198104,0.7076501138835468,0.7090374912715923,0.6251397381806724,0.645887305832887,0.6235105171154419,0.6253171525847218,0.6467507646812619,0.615436153410629,0.627474818348112,0.6289873396658454,0.6456726780834047,0.7240446769982497,0.7181326308183045,0.718801021583808,0.7071020629155408,0.7088601392904638,0.7076645755570723,0.7076645755570723,0.7334631660788006,0.7151082247914923,,0.7506482179030811,0.7142275595321455,0.7208814243095232,0.6600667080297918,0.717622716695251,0.7098080842060402,0.713535486545406,0.724712974002429,0.7127706039474034,0.7157571189415077,0.7154839433753809,0.6476018779100391,0.6341025030880542,0.6552698557436156,0.6549986238262661,0.657258638327829,0.6499571837233576,0.7135868093568901,0.7157209199579134,0.6335086655218773,0.6538903424409294,0.6505835935889522,0.6352868446454278,0.7301556098681637,0.719648320635646,0.7071662193041712,0.708077021763138,0.711130214128244,0.8659325772228575,0.8659325772228575,0.8659325772228575,0.7079411821591775,0.8659325772228575,0.7088513768938898,0.7079411821591775,0.7083286464677896,0.6502643042674151,0.5804362521255242
0.07027928184753394,0.037410299676359914,0.06471671341684557,0.06911153500143412,0.41072551003579455,0.3573370389845821,0.4454311252908935,0.44174026955694673,0.4409055334909079,0.4432196663797737,0.2915414078042148,0.5037481101551117,0.5011614618245167,0.4446281670007628,0.49976583076765324,0.4997463865178075,0.2919486312036446,0.5778122823598062,0.4145195231275886,0.03633369754906912,0.4084184221092782,0.057548711627949285,0.12040496431762586,0.4176484401343638,0.3191279770158215,0.3541640881811157,0.032596405460915176,0.04421699032076061,0.08389730845608866,0.3643286959019661,0.35918157103847853,0.36404472261770565,0.2962653373713539,0.6480296507539683,0.28889604175198175,0.35885013097359464,0.36420035395270955,0.38319268240012955,0.6476119805985006,0.6482694241349387,0.3746949113138433,0.3593801150345632,0.4426387398398821,0.5077210143339888,0.5035535575979193,0.44892894096345703,0.6505342148741942,0.5037974784935619,0.5033796856856011,0.5004770105998263,0.5019046372040631,0.08145974359143458,0.4412714112440302,0.5065434677204472,0.5101412912732826,0.5108671646871217,0.5032176269261813,0.5047942216476945,0.5106940082862875,0.5000105889683356,0.293930406147992,0.5045028428547722,0.6469653146261656,0.44713537849121016,0.5015323553212934,0.504701355369797,0.44782228721607986,0.5049032610205557,0.5027476238966725,0.5075000136674704,0.8166387353170682,0.8189295619315423,0.6688519154844942,0.707210282651971,0.6665812176086956,0.6692051264602695,0.7087434206555351,0.6486057071159945,0.6711999875415616,0.6721560945518539,0.7076175677087032,0.8287817132018264,0.8266585817648344,0.8302672598661475,0.8167419374260745,0.8175554972648235,0.8166563099786753,0.8175554972648235,0.8332660296582777,0.8285549020756371,0.7506482179030811,,0.8216319114678037,0.835106572140727,0.7217676379680217,0.8251145886252296,0.8177454340786362,0.8241623928147072,0.8360080795168867,0.8226692745383698,0.7207196639476852,0.8220049932716257,0.7098093956334596,0.6722820588178976,0.7132682727115475,0.7142489848048982,0.7149629511316282,0.7109094597879666,0.7131302640956816,0.8210525479163896,0.6745456785585713,0.7117266446189621,0.7113447333984363,0.6749238725630206,0.8318412899867771,0.8262352756847544,0.8165362324216221,0.816788103185822,0.8196856431928241,1.0,1.0,1.0,0.8165097812956639,1.0,0.8191082174101721,0.8165097812956639,0.8172523405861584,0.6844890949110986,0.5816707970787883
0.06083189503597866,0.05321976266413091,0.022020253541649167,0.04232990406726641,0.408123932625786,0.35434909456866254,0.4406210134247277,0.440831344157794,0.44073908574499865,0.4413163457719378,0.2905979350580681,0.5001466945165427,0.4998100787304272,0.44200847424233863,0.5000964145667085,0.4997309008337256,0.29046683933265965,0.5776354701403102,0.41274109591223657,0.008946809948449036,0.409079661886799,0.02692984282755514,0.06561421559408172,0.410662135813326,0.3164929098102874,0.3531603626485039,0.018993812192900035,0.029313848889290724,0.04485265967949598,0.35865553635235903,0.35621967385081504,0.35446166239960697,0.29029000251744935,0.6463275677912567,0.28893785708524966,0.35744521298331905,0.3556061912422174,0.3569296778860942,0.6457782110237903,0.6460755720009067,0.35899496749528154,0.3536136499330867,0.4418390203049808,0.501435100096062,0.4997247733345244,0.44603364199666784,0.6460673482342337,0.49992749538731146,0.5009561487809601,0.5007226322595336,0.5009942688512479,0.059779230760315535,0.44060482456442707,0.5003421486629586,0.5022040293631522,0.5000943506563417,0.5004778760786753,0.5047653639062125,0.5106117859308235,0.5027508842428349,0.28885763178985746,0.49978527604828843,0.6456134202378289,0.44076999820252033,0.5003801108020265,0.4999574335853086,0.4412630867129751,0.4997351913246669,0.49996751627927094,0.5005101211279671,0.8168509014951763,0.816600440732841,0.6668327108276197,0.707635289084665,0.6670467368464011,0.6669286784470244,0.7078103532661286,0.6456656177088387,0.6683424427235758,0.6716418960145591,0.7075081349714415,0.8212307014133509,0.8210877770784456,0.820100878019689,0.8178839989646498,0.8305990621070858,0.8199162703572034,0.8199162703572034,0.8245139639922099,0.8232305515916409,0.7142275595321455,0.8216319114678037,,0.8303377891483154,0.7165890081619136,0.8208901532106184,0.8196755341925099,0.8181847573215256,0.8237472970120162,0.8326022517476153,0.7382572759491606,0.8224864843947762,0.708559175099772,0.6673814881865534,0.7102968516693491,0.7089114904651452,0.7083355556894312,0.7070433999840999,0.7077154510546393,0.8166666493719116,0.6666531432976214,0.7090249839524632,0.7071067325827839,0.6675170096502525,0.818691354186696,0.819171570418245,0.8165001655909521,0.8165013635567786,0.8350029105463223,1.0,1.0,1.0,0.8164977742793935,1.0,0.8235689269120697,0.8164977742793935,0.8191844039574913,0.6702670343102045,0.5814620390289689
0.06963861948211768,0.03768592435315145,0.02277526943690973,0.054917805846216236,0.40859772084438284,0.355980572834043,0.4420173836014857,0.4412233712679261,0.4408611423504871,0.44099664455146226,0.29030961406859895,0.5012000053153451,0.4998162908613724,0.44157661646908214,0.5007679225781853,0.499771011689542,0.29264392440965364,0.5779549375348295,0.4127725447120064,0.025930118316791567,0.40969546373011534,0.04265457043133525,0.08836777369397167,0.41191730759884215,0.31679751763133673,0.3532558756863323,0.03568190476760505,0.019733322657289346,0.036629347890305954,0.3578160654388654,0.3575180259266735,0.3575082968947586,0.3007720633358509,0.6492150999844045,0.2894154929958613,0.3579017449783932,0.3606076615244302,0.3674958245695375,0.6463772300493957,0.6462257193352395,0.36660400876002136,0.35479734100124183,0.44183566029907595,0.5038644586566726,0.5016359700937849,0.4462399527530617,0.6482348686389238,0.5023963523025613,0.5030526917260526,0.5025744284201065,0.5087051342501026,0.07458834476052399,0.44078435139565714,0.5022342775344467,0.5045397040849018,0.5017766143957229,0.5007437239029285,0.5026749005712922,0.5130648691973759,0.5000334335430857,0.2912399863483673,0.5018584475478554,0.6459314697494488,0.44251666729348854,0.500257499229952,0.5012914980864532,0.4434920624010493,0.5027535908829743,0.5002824581729981,0.5019191944279477,0.8167304824798659,0.8180521604239415,0.6693140813677005,0.7087995531684157,0.6667021220186887,0.6673792531365462,0.7090278028339028,0.6465280448449064,0.6711489224609867,0.6755176245175006,0.7073412341038,0.8203892555090962,0.8260250355296317,0.8211397709309369,0.8180530836072217,0.8168295344324514,0.8182853985528801,0.8182853985528801,0.8404597045211198,0.8265996832832077,0.7208814243095232,0.835106572140727,0.8303377891483154,,0.7405736476047392,0.8345023069562604,0.8217926287338486,0.8237497865870786,0.8407348845841748,0.8322940516604684,0.7335783156903237,0.8294600217559361,0.7121996191942311,0.6733998907958537,0.7141303896784643,0.7124573649243643,0.7127128558081043,0.7079733920098837,0.7096036101397242,0.8190151080142575,0.6689424878015957,0.7174090533848324,0.7115119504579464,0.6749549977459459,0.8251368624311831,0.8372247389981013,0.8170137381916311,0.8170220373086979,0.8200355789263848,1.0,1.0,1.0,0.8185356117238408,1.0,0.820572191903649,0.8165050321350279,0.8178321532506793,0.6811400764203336,0.5817926300860171
0.0615747858647422,0.02176871189021404,0.021367068590830155,0.05993973175220574,0.2895267783112696,0.2643247069095853,0.37476877304783407,0.372550254261323,0.3723969791705638,0.3735894515118068,0.29008335320099166,0.4104688690676507,0.40806444821059384,0.3750714927211733,0.4082523231434139,0.4078068575772442,0.2924207188495071,0.40835829799048945,0.2945826090258729,0.013925983553272679,0.28957666861151116,0.052767690303571556,0.06934200313173501,0.33564435285505356,0.25871205784860685,0.28876742020886875,0.029484406980281423,0.043413104549450084,0.0534796956554873,0.3575844920567451,0.35806127037293756,0.36275595152731627,0.29402902888745686,0.5047631619966277,0.28908750503993563,0.36315304074055044,0.3630117233350003,0.36499898434393097,0.499725386970806,0.5026498672985815,0.35809541110075493,0.3570013012971152,0.37282547678898664,0.410847784398131,0.4095455168268365,0.37716175240632666,0.5038630500948788,0.4090835212559011,0.41155875056304875,0.4090664483059826,0.41190922210398484,0.4123221672721153,0.37347526363874123,0.41199835058011314,0.4126818807007953,0.4130785171144955,0.4099535504919584,0.41275267640476365,0.4212428789239071,0.4091587550202989,0.29195600764480073,0.41357614007890237,0.5014373835230439,0.37522292285167896,0.4112764929607124,0.41091345387448874,0.37498223854820745,0.41588651414593125,0.41036085555005175,0.4113342902697663,0.7079736041554521,0.7087769354085929,0.6274742389474944,0.6494714996666099,0.6237960304285597,0.6269105248340004,0.6476803304275666,0.6156177353403693,0.6306406415055495,0.6353334623934465,0.645791832212792,0.7111000385118226,0.7119233521378083,0.716603852821769,0.7070535642790093,0.7085554834547843,0.7085554834547843,0.7108848451202363,0.7194700833836107,0.7111226314724779,0.6600667080297918,0.7217676379680217,0.7165890081619136,0.7405736476047392,,0.7279945217222096,0.7138734357765012,0.7208341589828382,0.7232113802627032,0.7150311336145192,0.7166153849597823,0.7097286963190581,0.6518202355011252,0.631157123013778,0.6578161052569591,0.6555272141200839,0.661394778764962,0.6525067765192715,0.7109198284685161,0.7123097507205505,0.7482417441000626,0.6760818928018626,0.6704401746623098,0.6392600721746408,0.711124295552772,0.7105330982509843,0.707069289268861,0.7074633072633054,0.7087182199626324,0.8659325772228575,0.8659325772228575,0.8659325772228575,0.7070437392999349,0.8659325772228575,0.7077926648357832,0.7070437392999349,0.7099435845353891,0.6298467415783571,0.5805249512276472
0.06301334505114665,0.03567259095922356,0.018344170488332777,0.04496752105410881,0.4105910560736444,0.35695236807822095,0.446814545357907,0.4409620747019852,0.4411005099055731,0.4438763922976256,0.29259868882158435,0.5042504937890226,0.5002626295483836,0.4427989737640689,0.4997415665017572,0.5001026634031991,0.2931679728977738,0.577502153218705,0.4143740099371958,0.013295645819368622,0.4107060084424832,0.03074432816536967,0.0884953337202028,0.41477991353869775,0.31627743455891727,0.3538051367430967,0.04133780293703666,0.03401930159948011,0.045440827124333394,0.3568805073012504,0.3576840806486141,0.35667674627107365,0.29676294520105273,0.6491355820876232,0.2944124377603585,0.3611689169605829,0.3632137776797237,0.3621763221687306,0.6459523114639466,0.6471141563817217,0.36304992373892414,0.3539956402201674,0.44108776087822327,0.5049105131740315,0.5024474083451179,0.4500908055003345,0.6483467652366284,0.5041556053855067,0.5050678331599584,0.5023277862784966,0.5015973901787738,0.06475156037323343,0.44158830949565736,0.5054829021997389,0.5067967491361351,0.5055876098447307,0.5011605228848093,0.5040741173746227,0.5128504366659958,0.500836828896019,0.29146286044071656,0.5025582604055804,0.6461258858906199,0.44397545094020746,0.5032052412817075,0.5025641818609172,0.44243219179283294,0.5068043021701244,0.5013426850809047,0.5032084716122169,0.8173434580136701,0.8187873948121701,0.668086183219327,0.7079090652573112,0.6670984716924384,0.6684541567707767,0.7104933601072486,0.6502305080990203,0.6721945865972039,0.6767058106002242,0.7086993739650126,0.8233067566549799,0.8237799789392889,0.8260668827114457,0.8165911597828888,0.8165668193416961,0.8165668193416961,0.8171492048704552,0.8262230960814637,0.8181404938045156,0.717622716695251,0.8251145886252296,0.8208901532106184,0.8345023069562604,0.7279945217222096,,0.8227086523000243,0.8242104058091737,0.8337470648025809,0.8240867893158639,0.7172724410056335,0.8206541063913787,0.7101856891392964,0.6725184495531582,0.7123223443554452,0.7130679275200115,0.7137704331829053,0.7110625620306733,0.7105489324410518,0.8217061057415507,0.6714128840350108,0.7138546699674176,0.7109875995370848,0.6804996896281154,0.8255078884389391,0.8217248232908947,0.8166456748740117,0.8166648286535148,0.8165178771794973,1.0,1.0,1.0,0.8173911464034453,1.0,0.8168225378437289,0.8173911464034453,0.8169330812637631,0.6751372426287869,0.5816317507743667
0.0646120924899577,0.03540071616921307,0.03063604300474407,0.051883731836133554,0.4086971907387625,0.3542852925238339,0.4406732068062573,0.4406573927718146,0.44131553940058976,0.4408309935084648,0.2914581095777216,0.5010026614086098,0.500135405653021,0.44141336587558927,0.4997214321055207,0.500267068488238,0.2906523869500494,0.5774916216641092,0.41270534909048445,0.020504880993484968,0.4083886572260659,0.01915121929383637,0.052904085863185416,0.4095150230097164,0.3171046352914905,0.3531971901680777,0.03004567598624558,0.020365335443089206,0.046201923653805606,0.35751887872176735,0.3574754279839476,0.3551750408990352,0.28938018102378926,0.6470998534909236,0.2952173257593747,0.35689118997139335,0.35580785585506264,0.35661939158908823,0.6461884071965723,0.645928691964702,0.35919777608358905,0.3546157531778971,0.44107473991738094,0.5023008817998358,0.5011948639139889,0.4422213876130872,0.6464978100284289,0.5019914112365829,0.5018989925683695,0.5017961226005183,0.5012990271084546,0.07619768721178546,0.4411688627709903,0.5016421180430182,0.5020920152320791,0.5032493663047353,0.5043600042238293,0.5024994800592402,0.5119087642042697,0.5001152553445375,0.2966373808280316,0.5045166517465777,0.6484170313214452,0.44351427977892127,0.5037581017504184,0.5027952748799991,0.44200779994812667,0.5064572964148648,0.501229215926124,0.5026802215849365,0.8172680048137335,0.8192370894395317,0.6708714626783815,0.7100715153119771,0.6673433542074227,0.66989158286788,0.7116634387509685,0.650576043897023,0.6685008296530887,0.6744532179314696,0.7091850542258925,0.8194270750683503,0.8167194269419962,0.8183968043091772,0.8165650372347886,0.8165277789793705,0.8165277789793705,0.8165277789793705,0.818158047987872,0.8165040624995334,0.7098080842060402,0.8177454340786362,0.8196755341925099,0.8217926287338486,0.7138734357765012,0.8227086523000243,,0.8256090042439799,0.8205354070156493,0.8204497375596089,0.7161535487017637,0.8169687838989522,0.7109196281328248,0.6689681330959975,0.7100460192320914,0.7112230918283337,0.7134747620555676,0.7089298505435346,0.7097511596249422,0.8210160061398141,0.6680692860316271,0.7119453060699216,0.7129750493482869,0.6710458339250028,0.8186002473587659,0.8179877326444075,0.8170711627321301,0.8192855331876345,0.8165191200866018,1.0,1.0,1.0,0.8165043654952737,1.0,0.81651216001366,0.8165043654952737,0.8167552322071081,0.6694794200132752,0.5819180256099028
0.059702500196343114,0.0381062390360583,0.03649144461966145,0.04565410021786872,0.41143198654516105,0.35507926886952496,0.4423439571474176,0.44075399492973394,0.4407902899151013,0.4425074672634229,0.29187564692244927,0.5006956462336557,0.5001392116395635,0.442138594452182,0.5012391584608883,0.49980555418721667,0.2919615537121041,0.577616881684099,0.41322184240873056,0.01158903660901114,0.40845050427713736,0.024957597872707918,0.06061327789288944,0.4106906858812042,0.31721117935630766,0.3537467087392023,0.018683014497549028,0.013527631245333852,0.052680449276027476,0.3571165326895869,0.35616764507080867,0.36437442949210563,0.28929510671592606,0.6482673408170099,0.2907371357312584,0.3576997745312294,0.3603194832181815,0.3564922984400515,0.6463210693007793,0.6468151279465721,0.36128220460506877,0.35594265194976404,0.44201111034193263,0.5032480239946944,0.5026095124342048,0.4455290127502567,0.6488359323102089,0.5026295121952654,0.5019697642246082,0.5006310680609303,0.5012006091789494,0.06121652276071062,0.4407187397594562,0.5037123644168247,0.5054739674866043,0.5047296845744242,0.5002084295709193,0.5033485145560189,0.5119652845919619,0.5000590111594253,0.29245657087790183,0.5034671104333265,0.6495959653906682,0.4415504601941312,0.5023990446039199,0.5020918913614804,0.4437211491258515,0.5026233552066122,0.5028007877591152,0.502615128089599,0.8169408948554389,0.8192316211161338,0.6711829219075477,0.7087299246212418,0.6669697562319772,0.6729221924746337,0.7107725770771999,0.6481922752638968,0.6731503777224273,0.6712041186146829,0.7083795607169112,0.8183823829232499,0.8179084711511719,0.8238184560516915,0.8183918121015354,0.8166708246979832,0.8176183832878618,0.8176183832878618,0.8222065087891025,0.8177472507360822,0.713535486545406,0.8241623928147072,0.8181847573215256,0.8237497865870786,0.7208341589828382,0.8242104058091737,0.8256090042439799,,0.8219294032342807,0.8206356177945594,0.7150787205663888,0.8174687439673887,0.7116482030917113,0.6749417063070718,0.7119743169603336,0.714685440065967,0.7154784224669507,0.7119121111534784,0.7131594177367734,0.8213857144094804,0.6707173679588128,0.7184837067651481,0.7169849014694375,0.6770163861768439,0.8184668435432126,0.8170026686321848,0.816534396473516,0.8165470337735423,0.8166213599526692,1.0,1.0,1.0,0.8165091700812428,1.0,0.8165217752529741,0.8165091700812428,0.817302088723752,0.6704908521541351,0.5814081556946429
0.07609900522218016,0.03558362756911065,0.021060051193974527,0.0466720634756525,0.40840655211439525,0.3563011312126279,0.44451903779057605,0.4410143179283741,0.44082527776919045,0.4437826147258813,0.29000685814465194,0.5038599031353762,0.5004783254516049,0.44308226290060726,0.4997721842823402,0.4998756637933556,0.2960995321203128,0.5789782569763587,0.413412492808502,0.030980091980211233,0.4104483548879793,0.08035497506592708,0.14172979070031935,0.41649684097356565,0.3172253365857,0.3539397458708195,0.017502468291218112,0.06632975874325857,0.10664117775062443,0.36025420874083286,0.3606756962239794,0.36146964472117027,0.3016150405270319,0.650367168811303,0.29269518143106876,0.3628189232087612,0.3667731542498766,0.3809482939393875,0.64653622410114,0.6470824982751628,0.3808589214417434,0.3553701187539703,0.4424302644043242,0.5111921301729058,0.502377287309594,0.44828140396917887,0.6486847010226579,0.5029045038105323,0.5049655877304479,0.5048135401356239,0.5100833450297193,0.07741708665123502,0.44212777987185065,0.5038313106205844,0.5092907093160894,0.5086125620165125,0.5061846829706489,0.5033665242457314,0.514467570002061,0.500440337263554,0.2912954789518371,0.5017946162227312,0.6463628285773803,0.4462837606427715,0.5036317281550317,0.5021636520739561,0.4474159438005706,0.5050201130228797,0.5008081777593066,0.5033914799965159,0.8165624679477022,0.8175786385923232,0.6689654312305848,0.7071919232277547,0.6666346174923937,0.6688421430117367,0.7074145114344191,0.648728982471507,0.6702449030079345,0.6868305050225015,0.7077971332769194,0.8269671877659539,0.8226113189368518,0.8240948552615627,0.8168106039841683,0.8194780198453538,0.8194780198453538,0.8194780198453538,0.8463086924128238,0.8304594628690947,0.724712974002429,0.8360080795168867,0.8237472970120162,0.8407348845841748,0.7232113802627032,0.8337470648025809,0.8205354070156493,0.8219294032342807,,0.836928483041111,0.733407859307131,0.8326508026912436,0.7104370883142065,0.6750422748687778,0.7153114475025117,0.7119347304155973,0.7164381318348813,0.7082025068792575,0.7141247411155276,0.8221529642092905,0.6730580464883239,0.716268772371932,0.7120692009646481,0.6777416533998187,0.8506621327485998,0.8462073803119696,0.8187322384982865,0.8187548222475206,0.82097298671875,1.0,1.0,1.0,0.8172415201263739,1.0,0.8179867389543478,0.816519731496941,0.8186786459489765,0.704657301472169,0.5845073166120115
0.06515654525119749,0.03547737749790318,0.01937712998368591,0.043854566627383164,0.4086794084602163,0.3541913090771056,0.44257226113649356,0.44064714424969836,0.4410132493035945,0.44115998589302874,0.29031717763963544,0.5006350531767612,0.49980142105357417,0.44063980832893324,0.5015284607474744,0.49971634026979733,0.29074367656821526,0.5778270222945399,0.4125464292366785,0.01037253152209782,0.4092175862022974,0.024981696514224973,0.08614139872862767,0.4097171033933447,0.3175238592027398,0.35318679361827643,0.020828152584655136,0.01517611946354373,0.08392042861110774,0.35699212409226894,0.3572152540685452,0.3575658201874536,0.29604867101947285,0.6482735934337731,0.28912979542513484,0.3596205099261846,0.35656907160222573,0.3637993500905638,0.6459513926814024,0.6458145234885339,0.3635325216294203,0.35454497816781105,0.4426677499190656,0.5069257674566124,0.5001621301577174,0.4435912021552177,0.6472793061286171,0.5004022739280805,0.5018809129828178,0.5000824154704376,0.504322198032608,0.06558858900906153,0.44094744239538924,0.5027171702293192,0.5036813366831108,0.5032263822028387,0.5032691710811245,0.5032722906957978,0.5115856088653171,0.5000361402839733,0.2889651080822281,0.49977450142739,0.6458966709279566,0.4407505617886061,0.501104507785006,0.5004469248540889,0.44509385353885134,0.5004340334716811,0.49973237128298814,0.5005918432277691,0.8165045141867321,0.8170968545976915,0.6672867709399054,0.70704444853313,0.6667266966084628,0.6677812861263506,0.7072189887995338,0.6459608988498396,0.6687144937680655,0.6728627717923586,0.7070595175696761,0.8175528964206553,0.8194381041193991,0.8205852189645064,0.8177731929023331,0.8246514835451809,0.8199603850681584,0.8172417085986676,0.8291170228376269,0.8226432182968496,0.7127706039474034,0.8226692745383698,0.8326022517476153,0.8322940516604684,0.7150311336145192,0.8240867893158639,0.8204497375596089,0.8206356177945594,0.836928483041111,,0.7503226223534125,0.8282729806320676,0.7078508471173971,0.6704082611018464,0.7092297808841027,0.7090844939955339,0.7091296736649958,0.7075179157531313,0.708786548142156,0.8171102030095073,0.669897150720318,0.712820086709907,0.7101459376888698,0.6710254687587671,0.8265076311227274,0.8312850698245424,0.8165105037138304,0.8175736132899489,0.8235242478697375,1.0,1.0,1.0,0.8165012159099081,1.0,0.8182280855163288,0.8165012159099081,0.8191702087138715,0.6809955377702321,0.5813722392843237
0.062170789001787054,0.024447179784032002,0.022150722238493823,0.05086728580915777,0.009169701231378316,0.148628069739859,0.35337284715168066,0.35377884054891157,0.35386629964127164,0.35346355286844694,0.3548758952948585,0.35712102655352407,0.35323694117590027,0.3556268100310077,0.35471643826317606,0.35317231861194215,0.3532902603911074,0.040973038904795374,0.07573650292824989,0.010047910884701436,0.041593875634876376,0.03002616755912172,0.05455222327114539,0.2906038131581203,0.22286670887112806,0.24962309235051572,0.02493650245950235,0.019548751551396782,0.05814249619869573,0.35532299970432607,0.3577870505156547,0.35438097987885064,0.35539365298085596,0.35974018277572867,0.35316963049301947,0.3536633671556923,0.3578074459984795,0.36573724388235934,0.3547013439263936,0.35408705659207895,0.3561761823967786,0.3547192068866954,0.35550160604120007,0.3629451058259397,0.3546512503253341,0.3591553558760625,0.35859820273256754,0.35585720260267273,0.35551371414367056,0.35587181891383807,0.36201345417449265,0.06837631114311306,0.3565816336426107,0.35799754605488543,0.36259894022479283,0.35604555032866136,0.3633672892099125,0.3625565227039948,0.3767578123164957,0.3557713494377404,0.35422590538621046,0.3573564262830743,0.35350886976632623,0.35517648537220275,0.3553122546303635,0.35387725691239774,0.35390929675799254,0.3566859117838089,0.3560701560148235,0.35812047202672215,0.7073932192854788,0.7073392100127576,0.7074434735231288,0.7071189541347102,0.7071273482925361,0.7101226685591271,0.7076083679918219,0.7084968526999329,0.7093721853261314,0.7123380003107713,0.7086579545803572,0.7126458796753091,0.7366465136871257,0.7229664559952009,0.7121552890418118,0.7352359268700587,0.7194514117744858,0.7099970884453393,0.7270361548450167,0.7313543700907775,0.7157571189415077,0.7207196639476852,0.7382572759491606,0.7335783156903237,0.7166153849597823,0.7172724410056335,0.7161535487017637,0.7150787205663888,0.733407859307131,0.7503226223534125,,0.7336434294461508,0.7099611700477367,0.7105282517172252,0.7112827535749539,0.7095430569872737,0.7105588580195566,0.7071158969225013,0.7082139667080902,0.7091425131312938,0.7095219157015215,0.7119426707759592,0.7078179758772312,0.7093170711808787,0.7179484203173148,0.7358455821507213,0.7071228718747123,0.7111021912523781,0.7323548217752058,0.7071107961320893,0.7071107961320893,0.7071107961320893,0.7198709301700162,0.7071107961320893,0.7132998458245802,0.7071148162220304,0.7168306127664722,0.7168535074974999,0.7071309874590295
0.06504653339711175,0.07024221991319678,0.016172773953941608,0.04633084882849562,0.4081887930138912,0.3542671464297786,0.4432636495079588,0.44083728826179486,0.44153773285989567,0.4426947194960546,0.28979121197081603,0.5029910900715635,0.5008853595226471,0.4418726106325765,0.4997639741201159,0.49979258735594534,0.2935554849592047,0.5774807671274497,0.41272017451948545,0.010063111808688097,0.409313258533012,0.05147059173132805,0.09437631080772119,0.41183981973393075,0.31676529032664086,0.3535571229668927,0.02173929735951642,0.03914489232306165,0.06798243409727639,0.36178079557862786,0.3574259802224597,0.3588047239438192,0.29642063944339087,0.6499241266217971,0.28888161742068075,0.3590035354303622,0.35830845180360055,0.3617919056578788,0.6480372125235025,0.6457329898047622,0.3681754288171902,0.3568974961053702,0.444115129668208,0.5043203797656116,0.5004507308135921,0.4423371467356775,0.6465953219844857,0.5001348649333709,0.5029416586677411,0.49970967964903057,0.502372169625448,0.0776316406441201,0.44098288124343127,0.5003996795542462,0.5038250717018152,0.5003794794103723,0.5022353451369341,0.5033158069689448,0.5133852794635334,0.5043414562087585,0.28972839577074194,0.5004153775195745,0.6456911758632375,0.44203941431661165,0.5006821709521626,0.5003005299714588,0.4418784582920631,0.5005130046465868,0.4997356492709057,0.50244967014062,0.816696788982971,0.8168536011961975,0.6666556873293894,0.7073242043222764,0.6665888314363141,0.6669578132236842,0.7071701573562026,0.6457017753080955,0.6678300748290578,0.6717436369928129,0.7079716383480734,0.8213773538678779,0.825566230117319,0.8215734443980275,0.8167183393746738,0.8172600517771467,0.8172600517771467,0.8172600517771467,0.8307254097895146,0.8324085577273497,0.7154839433753809,0.8220049932716257,0.8224864843947762,0.8294600217559361,0.7097286963190581,0.8206541063913787,0.8169687838989522,0.8174687439673887,0.8326508026912436,0.8282729806320676,0.7336434294461508,,0.7074118697199512,0.6690857827492455,0.7090235936364916,0.707099476841747,0.7082566342031666,0.7070442314796336,0.7086323516965001,0.8168901337387483,0.669011136888125,0.7098060674449553,0.7070381220239741,0.6690313974401765,0.8328425675660697,0.8333083157695196,0.8165102319334739,0.8175981053184872,0.8209018282560437,1.0,1.0,1.0,0.8202844310765309,1.0,0.8182650414152586,0.8165011254320307,0.8165193618336094,0.6898790545955241,0.5816187347445075
0.09010965664489909,0.0631890130115443,0.08310514421325385,0.08681084232155548,0.5822018810784165,0.27247943299332084,0.5547969802542546,0.5572716350462549,0.5527903263653828,0.5548403895515918,0.3032853558791894,0.4135612155124336,0.41558668850507907,0.37459563328706685,0.40978718917213874,0.4088302968320492,0.29361025077097813,0.409242670073438,0.3052682995162358,0.05561907470514694,0.2986543761622903,0.05917839645277696,0.058311404911241004,0.5294486550669855,0.4116885330753904,0.4585709457972622,0.07364496042391734,0.03706493443409007,0.05498570981040092,0.36902609883495685,0.3645897231512941,0.3974035796821059,0.29087679619891293,0.5029601897377017,0.29172253001566884,0.35923990137427403,0.36637567031161045,0.35985093285905667,0.5015877340728049,0.5081607754550063,0.3585470608636458,0.360771658607711,0.5548838460046126,0.6528661545375487,0.6482684596598245,0.5561877089194142,0.5068518824503713,0.6508740497263806,0.6509954697401968,0.6498055821693768,0.6507305771277243,0.09418708278029898,0.554422078650553,0.6458863080429562,0.647275229247473,0.6465594750053408,0.6457531822700392,0.648573308821552,0.6539514521024951,0.6456646537152582,0.509131112800344,0.6525860152058498,0.5087769633834008,0.5581855287252695,0.6535510949320628,0.6512423457430233,0.5574970806706407,0.6535740223459254,0.6541063563793204,0.6539044740688489,0.7149769154958179,0.7176612539297075,0.7542772351059988,0.8299032484914057,0.749388685384076,0.7544757613216623,0.8266525965455703,0.7181581338376649,0.7538622519770978,0.7581357835695783,0.8182909137778547,0.7095957773034433,0.7089313581106508,0.7094589443194778,0.7079730137656381,0.708038107951027,0.708038107951027,0.7073927203347268,0.7089622314133296,0.7095394600659544,0.6476018779100391,0.7098093956334596,0.708559175099772,0.7121996191942311,0.6518202355011252,0.7101856891392964,0.7109196281328248,0.7116482030917113,0.7104370883142065,0.7078508471173971,0.7099611700477367,0.7074118697199512,,0.7665444675168576,0.8319920288926235,0.8291104373516346,0.8301433016585917,0.8223740920792865,0.7438279881653221,0.7344919597905797,0.7570838280422103,0.8222539036342633,0.8248865583968479,0.7568331320101218,0.7072063610715342,0.7094779798164309,0.7070347459905765,0.707876973171138,0.7076895033499685,0.8659325772228575,0.8659325772228575,0.8659325772228575,0.7071226684873865,0.8659325772228575,0.7075340789786226,0.7071226684873865,0.7076125135411918,0.6244207351652172,0.5883483704940317
0.07910747159568637,0.032823178846807514,0.06862431860865695,0.08024329017987902,0.4781493375001059,0.4087641006813012,0.648815756779207,0.6471651510798373,0.6473310379653362,0.6494043772247308,0.3048809402109399,0.5575769161753817,0.5572912454623908,0.483122179669818,0.5566279465783825,0.5546772053043791,0.44292423531693875,0.33433134612613846,0.2592626912738498,0.02895137768451976,0.24125535834709017,0.025982204635621668,0.12594927854455984,0.4570032745628396,0.48595929158394696,0.5422043391506907,0.05102759778638265,0.057119522177833136,0.09155313294005601,0.3687656154707597,0.3668394402056986,0.4111472094744084,0.2978035639109681,0.45254550333318033,0.29849318364523136,0.3757575878923616,0.3758512272712467,0.36680259937636617,0.4429824239580104,0.4496010196222658,0.3687767974907022,0.3627882841186269,0.650704575808235,0.5636232217429148,0.5594464100802136,0.48625473383943857,0.45821741029533575,0.5581512222591646,0.5646315439352919,0.559909534779706,0.5594448644324588,0.10216474089941871,0.48398828216617923,0.5545064322998724,0.5601293009978306,0.5612660403179818,0.5568168551401471,0.5590040124322159,0.5633576993829755,0.5546285982914706,0.44991044090750687,0.5609610798807269,0.4504873721324055,0.49380002753331226,0.5643072747242862,0.5583166450958263,0.49329776539585146,0.5643422133631992,0.5633665664874157,0.5671935943568188,0.6697159107558552,0.6736677776952064,0.7054708809225249,0.7516003344771041,0.818600899965712,0.8209786163383025,0.7576651857820573,0.7731084330657099,0.6997861789374876,0.8237954933226272,0.7459503870996448,0.6702302595096647,0.670213978700673,0.670405748988136,0.6668438486346475,0.6670693870583534,0.6670693870583534,0.6666556526417488,0.6748224969755271,0.6685350344447831,0.6341025030880542,0.6722820588178976,0.6673814881865534,0.6733998907958537,0.631157123013778,0.6725184495531582,0.6689681330959975,0.6749417063070718,0.6750422748687778,0.6704082611018464,0.7105282517172252,0.6690857827492455,0.7665444675168576,,0.7663267752857088,0.7762841098586143,0.7659365334018672,0.7565973570578198,0.7501159807804177,0.6998073874937055,0.7212120983475182,0.7528982906657057,0.7513248583522731,0.8285048895528216,0.6746027667911821,0.6708471679383721,0.6669416997049813,0.6671452174272294,0.6671556286020618,0.8163653008270418,0.8163653008270418,0.8163653008270418,0.6667637326900808,0.8163653008270418,0.666814152387746,0.6666867448694176,0.6671972146856411,0.6210213034817176,0.5840567412349398
0.08580693200349629,0.03372318435656425,0.04788740687375139,0.07309498607094943,0.5791342517732408,0.2746224739277602,0.5556196723966708,0.5548325503060662,0.5526374383607698,0.5559309141812254,0.29465103742191573,0.4118145906763915,0.4155456355290199,0.373674188928074,0.4088250632035878,0.4095174556712696,0.29264876920462957,0.41110861398595405,0.30456477625791345,0.028212843845599314,0.2921254716331272,0.055532999977392326,0.06536597694651453,0.5301056185232592,0.4084906990148422,0.4596620313672299,0.05652025173166418,0.047443156620810986,0.04906493316508431,0.3592341717719092,0.3611586521563275,0.3772930465836702,0.29295798241315923,0.5028273619695929,0.28935292688602154,0.36091284218374836,0.36193022787374834,0.36063595751835686,0.5007072480699566,0.5105800478977879,0.35980169228306447,0.3588146366309262,0.5553436065449588,0.6496616549991846,0.6464279417151566,0.5542402144778021,0.5072415286327877,0.6480734488300769,0.6519580987667435,0.6501041034189415,0.6483366641759875,0.07804463746691219,0.5539695186926894,0.646519683022996,0.648204853740845,0.6499335080108744,0.6476270280951812,0.6491487512095562,0.6546466194573353,0.6457990093714081,0.50871792886613,0.653184603460842,0.5051514667412814,0.5598238463787991,0.6519523003889127,0.6524879139444258,0.55642153017093,0.6521808283671134,0.6525685258291816,0.6594270165194399,0.7131455251857751,0.7171346881403068,0.7608418615729431,0.8336331731871408,0.7506870716540693,0.7534577557157662,0.8286315815626896,0.719829919722906,0.757955153607721,0.7585369805375569,0.818460906853989,0.7115238909785273,0.7126310687551037,0.711367422296839,0.7085773100245494,0.7076400306618191,0.7076400306618191,0.707155428717938,0.7095338521807285,0.7078589201523096,0.6552698557436156,0.7132682727115475,0.7102968516693491,0.7141303896784643,0.6578161052569591,0.7123223443554452,0.7100460192320914,0.7119743169603336,0.7153114475025117,0.7092297808841027,0.7112827535749539,0.7090235936364916,0.8319920288926235,0.7663267752857088,,0.8447053067430235,0.8480906093420855,0.8305373712864002,0.7288363749259135,0.7235862314421759,0.7501150264222756,0.8306672053347959,0.8284721786750537,0.7579291934942937,0.7083566850128565,0.709842182054629,0.7070345195105543,0.707398910259186,0.708257218140888,0.8659325772228575,0.8659325772228575,0.8659325772228575,0.7070942682706015,0.8659325772228575,0.707759897169552,0.7070942682706015,0.7073741733621771,0.627306942477007,0.5863099922218741
0.08565942589833454,0.027990784067133293,0.046202247765517575,0.06482689240105705,0.5813702549642208,0.2751866798677326,0.5558055761997437,0.5527819295373549,0.5527375128430879,0.5538432004025572,0.29789712699342386,0.4131290343844149,0.4113699940394659,0.3754037754739667,0.4083359076574804,0.4090527113235513,0.29233529198384545,0.4089936365068471,0.30789391479422573,0.02979942838026295,0.29190134148548835,0.019550202331831183,0.07346667492628385,0.5294933410337324,0.40840919669304493,0.4573488002299386,0.026964415312299095,0.06086982138648372,0.0875674253479968,0.36076769302780376,0.3591645991603851,0.3898578720685825,0.2934817218348919,0.5051698914450758,0.2922779940908449,0.36496418485838794,0.3706265446152051,0.3650181617790889,0.5016640238903243,0.5084327599744255,0.36918248740014714,0.36097394558657614,0.5551345360343092,0.6503340252393262,0.6492731425727198,0.5557286861117837,0.5134436241554945,0.6502462970328848,0.6493342058727569,0.6482610646138963,0.6470345256236246,0.07679931176395524,0.5529416872335714,0.6480143754601441,0.6479709745951013,0.6505914088896989,0.6457303761643731,0.6483920005346171,0.6552183150990691,0.6454178209718615,0.5130014101824545,0.6563877302695096,0.510470714861718,0.5695124942600065,0.6567564868146534,0.6540548050689524,0.5624078825753023,0.6569723124631631,0.6553753722799182,0.6612453969105543,0.7113196558876629,0.7172171001770326,0.7585819799148878,0.8253635400837512,0.748686656934711,0.7503711105681135,0.8281344443397107,0.7157261089422094,0.7522705867416966,0.7535773187617255,0.8171778146502863,0.7097242287232315,0.7103589417890531,0.7115977115751461,0.7071730561466298,0.7073450324038703,0.7070574230034112,0.7070870262480616,0.7108933075918974,0.7084989351553864,0.6549986238262661,0.7142489848048982,0.7089114904651452,0.7124573649243643,0.6555272141200839,0.7130679275200115,0.7112230918283337,0.714685440065967,0.7119347304155973,0.7090844939955339,0.7095430569872737,0.707099476841747,0.8291104373516346,0.7762841098586143,0.8447053067430235,,0.8385095036816699,0.8311459495995351,0.7395180435800971,0.7346210945032267,0.7574461034611589,0.825761346739266,0.8250778262640264,0.7565634909368338,0.7107095063357926,0.7093857191185896,0.7071681120856453,0.707139764677662,0.7071106999377553,0.8659325772228575,0.8659325772228575,0.8659325772228575,0.7072602768196574,0.8659325772228575,0.7074897858542283,0.7071315191172736,0.707160350578872,0.628717971688368,0.5864321138054368
0.08648846173295326,0.039161424872237234,0.0779211654864025,0.06259912225565942,0.5822883607549698,0.27543965913973717,0.5539326188008125,0.5533762680455624,0.5528035071704774,0.5539081011793439,0.2986136105481202,0.41112285986881153,0.4131367971569705,0.3741753437311584,0.4090590046155978,0.4084404453876298,0.29156835705709383,0.4086158371572191,0.30398959808818043,0.04172758749512296,0.29477355315926373,0.02404978302594374,0.0790612209729297,0.5295875124616582,0.40889127823800736,0.45869709208970155,0.03969915080867012,0.04098686979893049,0.049624753100983236,0.3567902449911753,0.36608992263900386,0.37580454357205517,0.29470434640265825,0.5027382255889847,0.29191056760869694,0.3660224772660165,0.36447714591431374,0.37045544591344215,0.5008064420128098,0.5058247288061266,0.3593427772519898,0.3575848702084156,0.555073349839545,0.6513531284708408,0.6480014137715412,0.5573007554702248,0.5076667357672242,0.6503424544525979,0.6490403675718671,0.6477249582335871,0.6468875467219889,0.0900407946326501,0.5552984326758683,0.6471732848501894,0.6511086691083591,0.6527612985167138,0.6477639002269578,0.6491575598397917,0.6546492045692183,0.6462976104593819,0.5086408999970324,0.6514557174382307,0.5042573414404965,0.5596922600623856,0.6539605501133268,0.6520521387897217,0.561870150927315,0.6553167172284499,0.6532023258590857,0.6555093543733315,0.7123739418217707,0.7141961621510019,0.7560146367045848,0.8298311902768037,0.750372868883032,0.7548678380842081,0.8290442331666885,0.7211628001685962,0.7563487387410449,0.7577517080315579,0.8172389811846928,0.7123587531438608,0.7106653851454479,0.7128506837314311,0.7077893960865822,0.7089682933489042,0.7079055607746669,0.7072596184874843,0.7136549086825317,0.7076447070105429,0.657258638327829,0.7149629511316282,0.7083355556894312,0.7127128558081043,0.661394778764962,0.7137704331829053,0.7134747620555676,0.7154784224669507,0.7164381318348813,0.7091296736649958,0.7105588580195566,0.7082566342031666,0.8301433016585917,0.7659365334018672,0.8480906093420855,0.8385095036816699,,0.836571683079656,0.7292941517576244,0.7233223461475411,0.7530341904617313,0.8449317120753376,0.8373502046031118,0.7612652801836629,0.709133232049708,0.7097459953571204,0.7084835282428934,0.7075376894409489,0.7088775406156821,0.8659325772228575,0.8659325772228575,0.8659325772228575,0.7070786381369834,0.8659325772228575,0.7071451655736236,0.7070786381369834,0.7070375163375511,0.6303626853555798,0.589914090696321
0.08471188965324335,0.026243804084778596,0.03962120948479812,0.050539260334444516,0.5782269832636813,0.27446781148244354,0.5532054215969976,0.5559656139494088,0.5526258467212886,0.5533155642581139,0.2966749575524454,0.40953583155962614,0.41052562074589394,0.3752298291920452,0.4083770275439357,0.41040169268053067,0.29059200014211933,0.4095758791932094,0.30827005670077706,0.05513989916251652,0.29284274170769026,0.08197357505347767,0.049550084399668834,0.5276290927781246,0.4112014052873411,0.4601975333841721,0.03554219572105163,0.03894578671397048,0.03466412910837791,0.3558908964502358,0.35510969747060883,0.36352818815487015,0.2905103475954556,0.5004541725089169,0.29023779812156375,0.3592870256701454,0.35771802338019454,0.35758254856798943,0.4998855293947896,0.5013441268738643,0.35691157562435105,0.35586357580391326,0.5535868803383783,0.6492811523045399,0.6470485774243347,0.5531868130744828,0.5046263312290079,0.6483392504083374,0.6487227565098445,0.6459921546954572,0.6453690652235798,0.0646898816754565,0.553954995874692,0.6457771632844282,0.6460511877338622,0.6467716684776623,0.645687546230092,0.6476056948999339,0.6538578206039298,0.6454251208333677,0.5059308031295245,0.6503190452497789,0.5065625287336609,0.5597441677789902,0.6514255232795815,0.6534603515994274,0.5554996840669951,0.6546645386280637,0.6560120196715385,0.6553686622843288,0.7152041856284445,0.7130976590515532,0.756262404564509,0.8293536752426568,0.7501577826269148,0.752790643797327,0.8277988440738928,0.7190147787741066,0.7598184563117896,0.7499391796594324,0.8173849000305557,0.7120370011145991,0.7093826626707843,0.7105226158950476,0.7070385463224552,0.7070312246093062,0.7070312246093062,0.7070312246093062,0.7071698634950394,0.7070979290081401,0.6499571837233576,0.7109094597879666,0.7070433999840999,0.7079733920098837,0.6525067765192715,0.7110625620306733,0.7089298505435346,0.7119121111534784,0.7082025068792575,0.7075179157531313,0.7071158969225013,0.7070442314796336,0.8223740920792865,0.7565973570578198,0.8305373712864002,0.8311459495995351,0.836571683079656,,0.7233251943943501,0.7200488040881863,0.754119019244602,0.8294672169571573,0.8294307109393321,0.7523391771152634,0.7075891883981168,0.7071815082179276,0.7074421986552206,0.7074934475490198,0.7070317002655462,0.8659325772228575,0.8659325772228575,0.8659325772228575,0.7070825912961418,0.8659325772228575,0.7071342566584152,0.7070825912961418,0.7070427577942042,0.6235103226913601,0.5855654354529573
0.061099353525448846,0.02279116091091847,0.11754751473331095,0.12922407335481959,0.13670326174696884,0.17991115798409538,0.365583019651833,0.3718038920273671,0.3557434673424409,0.36519730331836847,0.39516307351355345,0.3788878205986904,0.3770176730207455,0.37026697643105516,0.37157386400836656,0.36479307686933937,0.3617792240280831,0.07128324356402513,0.14413628723383082,0.07871340348355815,0.0955599999355474,0.06266719104409653,0.07226688370327185,0.2985128918497427,0.2326362810406542,0.2622917754456861,0.06346902772144893,0.03297991553714939,0.0347353537638822,0.3884062655351165,0.401305310863828,0.4826772185138104,0.36364949958173376,0.36934713605502306,0.37530168742275505,0.3742762647899833,0.38443910854798563,0.3702761710379307,0.36955862492129027,0.3898912327476964,0.3971503224864729,0.38261061193434476,0.3674576203898829,0.39581899641898427,0.3895424150326765,0.3749762849134477,0.39368288166416643,0.38610630735134877,0.37198021730021863,0.3676444078512262,0.37368534120499863,0.1725167602394574,0.36233574340722413,0.3596320047309353,0.3698140852430283,0.37717625404376803,0.35696092424425774,0.36745249734264573,0.3790017167447861,0.3541961337091707,0.38958609867004107,0.38963101183461124,0.37936507034329425,0.3701305203481207,0.39612522464686467,0.37032518063962133,0.3791574489456917,0.38676432873405125,0.38653410753657164,0.3794276916119495,0.7106402813855164,0.7174490763257685,0.7198583625269482,0.7158072905138732,0.7124751489191417,0.7146427030906051,0.7200966198173612,0.7234239560002182,0.7155394948464864,0.7148785895338353,0.710041056826897,0.7115685009198334,0.7097965095104721,0.7096512196124364,0.7075707762948066,0.7078222804214064,0.707441826617946,0.707441826617946,0.7114727036787618,0.7084779204784609,0.7135868093568901,0.7131302640956816,0.7077154510546393,0.7096036101397242,0.7109198284685161,0.7105489324410518,0.7097511596249422,0.7131594177367734,0.7141247411155276,0.708786548142156,0.7082139667080902,0.7086323516965001,0.7438279881653221,0.7501159807804177,0.7288363749259135,0.7395180435800971,0.7292941517576244,0.7233251943943501,,0.779535940389416,0.7418180447984226,0.7151206157639949,0.718462839747842,0.7161892815770781,0.7105366166446294,0.710419082467448,0.7083558275158468,0.7078998468833138,0.7074188805370305,0.7074186468218276,0.7074186468218276,0.7074186468218276,0.7075839865397006,0.7074186468218276,0.7080431695602282,0.7077307761377964,0.7074207509001212,0.7113691081532318,0.71009282593885
0.06297544055121553,0.03919402925243989,0.0948108230903096,0.09273943573401482,0.42222718277828086,0.36074134970967425,0.4464708472908207,0.44782813713582725,0.4412584329136124,0.4487958029404338,0.3109030688766141,0.5104457243705848,0.5079337412655521,0.4477189137747908,0.5039919780104813,0.5029928939251478,0.2963493787904319,0.5796815421191595,0.4241358876739256,0.04951575076568955,0.4119299150919185,0.030930978888727586,0.06941775526657747,0.411271926326058,0.3251230224457718,0.3622937025888387,0.06825182564118645,0.05548297983842564,0.05644184221089166,0.37169613114706945,0.37208714255748804,0.41318166255078054,0.298224425936363,0.6513118608182786,0.29752551856887016,0.3724031136410306,0.3712961588145582,0.3697670964533546,0.6495726772778562,0.6528429996669015,0.38471297521021847,0.3679613270386282,0.450998181410582,0.5195757000995208,0.5156986522170166,0.4538182417412614,0.6571268600554914,0.5144869604195421,0.5099489423204485,0.5052689780271901,0.5047961166867282,0.12420185145513292,0.44496838015520596,0.5056177810356937,0.5080947978433784,0.5154220844996728,0.5015600038442792,0.5076248279503732,0.5117041771612142,0.5005412795347628,0.31271126467480476,0.5105425728220963,0.6587697119649945,0.4548308468536882,0.516143347644487,0.5081991020063014,0.4536705772456338,0.519133531611349,0.5175251301446505,0.5113319564980914,0.8197903789134029,0.8254620078009275,0.6756616245804538,0.7168703523566764,0.6683674827515677,0.6733587518820467,0.7181841540974625,0.6577149279007951,0.6738825158647878,0.6760597399713459,0.7083043277065867,0.8212054256385971,0.8191625857686636,0.819675467583661,0.8165836578892934,0.8167289526481811,0.8165097582780796,0.8165603334709908,0.8196518236805352,0.8168124330455493,0.7157209199579134,0.8210525479163896,0.8166666493719116,0.8190151080142575,0.7123097507205505,0.8217061057415507,0.8210160061398141,0.8213857144094804,0.8221529642092905,0.8171102030095073,0.7091425131312938,0.8168901337387483,0.7344919597905797,0.6998073874937055,0.7235862314421759,0.7346210945032267,0.7233223461475411,0.7200488040881863,0.779535940389416,,0.7004187788419133,0.7157471509351646,0.7166682143530544,0.6792003864365992,0.8196071270128952,0.8188706122251294,0.8165935256793999,0.8166891429264962,0.8164967568120354,1.0,1.0,1.0,0.8166765721603025,1.0,0.8168567554539701,0.8166765721603025,0.8164978716316936,0.6689329323957675,0.5816088988399022
0.07823146867347544,0.026341215750568834,0.08321702909607795,0.0761658427819465,0.47622652146512023,0.2520774282839662,0.4851471701835079,0.4871759268913507,0.484300580353668,0.49025741977547843,0.29661883909109904,0.3951499356867355,0.38657743088456936,0.36328522385146594,0.3794560897717873,0.3759099472515772,0.29561969010607103,0.33395923347249123,0.26700821645809425,0.0322609180113132,0.25047372367841086,0.029956352578115523,0.13703107738450654,0.4633829764376053,0.35295745452391136,0.3960404651181394,0.05281574653174427,0.058263673519911824,0.08018367952303009,0.3765587509978701,0.3728932037682127,0.39901251326522197,0.2988811293095091,0.44814686769858064,0.2992534668035537,0.3790827150553639,0.38371882582853944,0.37628789078467606,0.44909614610792253,0.44917982706367066,0.4048631217817404,0.3770990503832308,0.4887764645263238,0.5718558910305186,0.5684535418715011,0.4984902702756084,0.4549607840022327,0.5708340488230563,0.562831500555778,0.5554429869504196,0.5565571027876305,0.35592891536501126,0.48356227604933183,0.5570421223954852,0.5669862078553454,0.5738079266383145,0.5572696487694823,0.5580870625913501,0.5639495372113882,0.5534997643415056,0.44780379294810907,0.5607130327555551,0.45127127017820134,0.49205144384423927,0.5600717758577453,0.5561572849882017,0.49646204783285947,0.561456106777055,0.5594516267450915,0.5575196180061988,0.6668154567252796,0.6711638516580378,0.6986328800280066,0.7455183115515376,0.6945464128155153,0.6974893285302903,0.7504397413729871,0.675476680685532,0.6992133724186589,0.6995295185142791,0.7452971366441009,0.6705834983754718,0.6688210454418115,0.6697217067222365,0.6668848660320558,0.6666716995968125,0.6666716995968125,0.6665648015000355,0.6727328717208625,0.6669946442567799,0.6335086655218773,0.6745456785585713,0.6666531432976214,0.6689424878015957,0.7482417441000626,0.6714128840350108,0.6680692860316271,0.6707173679588128,0.6730580464883239,0.669897150720318,0.7095219157015215,0.669011136888125,0.7570838280422103,0.7212120983475182,0.7501150264222756,0.7574461034611589,0.7530341904617313,0.754119019244602,0.7418180447984226,0.7004187788419133,,0.7514701770658202,0.7473904575360206,0.6978997909007755,0.6738135182897976,0.6686559982628301,0.666967362571335,0.6667810236679959,0.6665755333634571,0.8163653008270418,0.8163653008270418,0.8163653008270418,0.6666952915255951,0.8163653008270418,0.6665621357834103,0.6666952915255951,0.6665708098892913,0.6144165179533372,0.5827547458239912
0.08508555469457955,0.027763604571616588,0.038135065615866895,0.045579080257870844,0.5780603465720422,0.27171727518139904,0.5528288727037407,0.552817976314925,0.5527239255899793,0.5546321816911195,0.29429328997649473,0.41117720375721795,0.4100377610882981,0.37315440453243987,0.4078559237064781,0.40793690317933434,0.293220447760632,0.40838607278548833,0.3012152796028236,0.011221026676293159,0.2910107882185168,0.010997219091597198,0.06800803503944519,0.5278016330459053,0.41175354850215606,0.457838820156389,0.026181704923520732,0.05174088658154737,0.05257842240560622,0.35695110584706685,0.36255946166916475,0.36110148586062357,0.29216800133423854,0.5033654299409271,0.2893253032325185,0.3588406570929536,0.3624126154318039,0.36335881690833477,0.5032724101486162,0.5029355917642646,0.3594770577545635,0.35872863714589487,0.5534422278010231,0.6488786199368661,0.6463346683699993,0.5539827304713225,0.5036935370949802,0.6473383693375614,0.64793005061265,0.6467018081164858,0.6462390666479572,0.06768650106377838,0.554028796785925,0.6473096306784976,0.6487223800969323,0.6505633531151126,0.6455535723327357,0.6485875242491458,0.6549114048815929,0.6454012877174151,0.5059344796480043,0.6479226200114765,0.503583528714652,0.5563098516782449,0.6478486521901484,0.6495602577437625,0.5567541786916974,0.6507020724469431,0.6472156100971026,0.6494133680576227,0.709118854299099,0.7094173956249586,0.7493441579302452,0.8203869332393843,0.7467508431955854,0.7512114893249762,0.8199792737599279,0.7094674986197546,0.7544296550525522,0.7555137713441393,0.8165999557446505,0.7093341719477392,0.7103665130557478,0.7141731217295817,0.7073536607042309,0.7083517535488593,0.7083517535488593,0.7083517535488593,0.7115890853253659,0.7076911352103519,0.6538903424409294,0.7117266446189621,0.7090249839524632,0.7174090533848324,0.6760818928018626,0.7138546699674176,0.7119453060699216,0.7184837067651481,0.716268772371932,0.712820086709907,0.7119426707759592,0.7098060674449553,0.8222539036342633,0.7528982906657057,0.8306672053347959,0.825761346739266,0.8449317120753376,0.8294672169571573,0.7151206157639949,0.7157471509351646,0.7514701770658202,,0.8394246783207062,0.7591622811040897,0.7089975241174894,0.7088935934194105,0.7070741604664958,0.7070885876086839,0.7084517411971444,0.8659325772228575,0.8659325772228575,0.8659325772228575,0.7070453610050604,0.8659325772228575,0.7070597516102054,0.7070453610050604,0.7071562192808847,0.6284540687507172,0.5857341692653193
0.08636408586774727,0.02811457793580454,0.04849238213928393,0.05515639168203113,0.5802667932141256,0.27204909291482327,0.5529661921865826,0.5539272693002847,0.5527543924263276,0.5532483318653298,0.2962995442650442,0.40899072894251803,0.4111554542222417,0.37286315759010946,0.4089299445881878,0.40817460227998803,0.2907474147771457,0.4091177829125856,0.3022009474564721,0.04060616625603748,0.2908734451849941,0.038727748924139375,0.04760977091979966,0.5274759180620805,0.40980128224761636,0.45782793975965913,0.02593199244449897,0.031957738056853265,0.04669481378638295,0.3567692084113702,0.3591743864045256,0.3633325044149651,0.2909034477286973,0.5008869585731217,0.29285222664085003,0.359654903179555,0.359914914553156,0.35436209237302757,0.5008395441368273,0.5042010137187456,0.35537811996106705,0.35571702109258313,0.5552475483598011,0.648110046250888,0.6469293631960824,0.5532720146026773,0.5038034531373577,0.6480481240879066,0.6472886345903177,0.6476837914673101,0.6464227819700521,0.08295604771758286,0.5532869525406731,0.6478505948463987,0.646162955016058,0.6473076880068229,0.6456987494995775,0.6473773123580999,0.6548424098475502,0.6453453757746381,0.5046000925175984,0.6497369192559334,0.5022936838138518,0.5576265420098604,0.6493718084408188,0.6486696074044818,0.5557993819934378,0.6504321653362836,0.6477224937324474,0.6512242593485544,0.7093006646772783,0.7119261397080942,0.7495923001696653,0.8222882715632462,0.7465777761461508,0.7520724918019661,0.8229768143490089,0.7104723034738167,0.7544638699418837,0.7527114258492194,0.8168337547123729,0.7096411717826591,0.7073377650105035,0.7151489783422151,0.7073285961589422,0.7072236922177225,0.7082890137140343,0.7082890137140343,0.7085417955360294,0.707165148422968,0.6505835935889522,0.7113447333984363,0.7071067325827839,0.7115119504579464,0.6704401746623098,0.7109875995370848,0.7129750493482869,0.7169849014694375,0.7120692009646481,0.7101459376888698,0.7078179758772312,0.7070381220239741,0.8248865583968479,0.7513248583522731,0.8284721786750537,0.8250778262640264,0.8373502046031118,0.8294307109393321,0.718462839747842,0.7166682143530544,0.7473904575360206,0.8394246783207062,,0.7600825924156062,0.7071505742665395,0.7072348235930177,0.7070759235317754,0.7070909398290529,0.7071658722423816,0.8659325772228575,0.8659325772228575,0.8659325772228575,0.7070459479615264,0.8659325772228575,0.7070609262546415,0.7070459479615264,0.7071454076027922,0.6239896110262485,0.5856795156988978
0.08659358358390021,0.020966043221255254,0.07137915744145619,0.06983625433932636,0.4761986398060852,0.40751272867816746,0.6472395836776799,0.6457754167210698,0.6454739106250444,0.647619084292754,0.2987346154167182,0.5547541562002054,0.5544927547679459,0.4817780376542285,0.5533366806344101,0.5526499183248782,0.443241108864464,0.33576675002467377,0.2506578987862991,0.037839749959352104,0.23714280011545547,0.02271202622353048,0.0743332242322874,0.4539625521480716,0.4872062646511763,0.5418294186667465,0.06726965839253951,0.025275818427688095,0.07828778844102335,0.3607290086942511,0.35733754581190835,0.36283116932756077,0.298113061194274,0.4431023620634979,0.2959849469060158,0.3630010743660121,0.36702046678929245,0.35738559568313005,0.4408353621416479,0.4462666318255749,0.3572070892814512,0.35453655400665907,0.6472114515683979,0.5569350217768828,0.5569803041628046,0.48586654192352513,0.45093250654514516,0.5561184838604569,0.5571550045335347,0.5590314264678179,0.5552316322541285,0.08038332449971529,0.4819077457225552,0.5534209158461557,0.5554887278087051,0.5579580993900296,0.5533811065929076,0.5548778514120833,0.5649670432318,0.5525929580749483,0.44770070227490044,0.5578789941037164,0.4449534531235157,0.4897378156878367,0.5614141069714094,0.5570880067160356,0.4849359064538511,0.5606792620055094,0.5562651608110813,0.5603102666429997,0.6697972039839584,0.6723653113685616,0.7003677467796134,0.754225947710863,0.8175134726299655,0.8221419770053735,0.7501913487448582,0.7660960281617878,0.7013221444084871,0.8271148301761214,0.7452671698228688,0.6729795741817146,0.6706743090959805,0.6769244392241553,0.667956671276955,0.6670094823263105,0.6670094823263105,0.6670094823263105,0.676815078765138,0.669759446639234,0.6352868446454278,0.6749238725630206,0.6675170096502525,0.6749549977459459,0.6392600721746408,0.6804996896281154,0.6710458339250028,0.6770163861768439,0.6777416533998187,0.6710254687587671,0.7093170711808787,0.6690313974401765,0.7568331320101218,0.8285048895528216,0.7579291934942937,0.7565634909368338,0.7612652801836629,0.7523391771152634,0.7161892815770781,0.6792003864365992,0.6978997909007755,0.7591622811040897,0.7600825924156062,,0.6713558647285528,0.671372459646795,0.666665865889888,0.6667014165556298,0.6668731020411476,0.8163653008270418,0.8163653008270418,0.8163653008270418,0.6672948793712898,0.8163653008270418,0.6667842278174826,0.6665948961500121,0.6668261849956078,0.6153420028364266,0.5826568898798479
0.10142812772777872,0.06500286695754187,0.047162692903356375,0.050451768352692355,0.4098160370443977,0.361462708386499,0.4454604202322994,0.44123964608559185,0.4417780761682268,0.44915508112988656,0.2905983101889469,0.5083444498878044,0.5002190408378431,0.4443253147985687,0.5002618601419234,0.5003003575367717,0.29328437514369815,0.5822608387828551,0.41335484481524065,0.06696784153936432,0.409189681546244,0.1545754664232631,0.2125060102210483,0.42233940631665123,0.3173429721476187,0.35416325377834973,0.053104554872814,0.09373690971691918,0.1751389616342933,0.37750027807405556,0.36336205285150025,0.3601935406605839,0.31051968841060373,0.655092928821934,0.3012454917263337,0.3730648344515151,0.37466384878510256,0.40108198508733134,0.6495398984695467,0.6462947807102755,0.4093628569346053,0.36031760786195094,0.44326656381879,0.5096238312078053,0.5040905341119752,0.45426312068241426,0.649705264006523,0.511661575336271,0.5037562659365595,0.5075211514338481,0.5165518483759145,0.11124494008560014,0.4432989080038572,0.5053653402313596,0.516457287627049,0.5114502424964735,0.5085262754304094,0.5072277186472864,0.5132962605549298,0.5022569619132127,0.29001837395509883,0.5001911250099096,0.6457117668392767,0.44434972373745535,0.5022819489848411,0.5002593446090872,0.44587213673720716,0.5006549692651936,0.5005118411441618,0.5019578462757888,0.8171401486373606,0.8167693040140259,0.6666469303252494,0.7100558679563521,0.6675195550105197,0.6666575222630762,0.7084391758405677,0.6454961055346481,0.6666294590515511,0.6707406142922527,0.7073874387593398,0.8250705860841947,0.824168057007773,0.8204711040388938,0.817632387869392,0.8172188486513866,0.8181114895346706,0.8181114895346706,0.8415041602339018,0.8337088274415051,0.7301556098681637,0.8318412899867771,0.818691354186696,0.8251368624311831,0.711124295552772,0.8255078884389391,0.8186002473587659,0.8184668435432126,0.8506621327485998,0.8265076311227274,0.7179484203173148,0.8328425675660697,0.7072063610715342,0.6746027667911821,0.7083566850128565,0.7107095063357926,0.709133232049708,0.7075891883981168,0.7105366166446294,0.8196071270128952,0.6738135182897976,0.7089975241174894,0.7071505742665395,0.6713558647285528,,0.8538192682019693,0.8168738947058831,0.8177494882802623,0.8213567759835866,1.0,1.0,1.0,0.8168998275921552,1.0,0.8173033942287039,0.8168998275921552,0.8169426025415384,0.7720426038017125,0.5821083475546918
0.07018221538289528,0.04343217131452553,0.020964795069386793,0.05428459535451641,0.40826509715875386,0.35520065459692607,0.4423274038992313,0.4407021794646506,0.441055092919398,0.44129407943255966,0.2901645989368448,0.5032216799439394,0.49982461308020315,0.44083231884305335,0.5001592092275398,0.4997178124027269,0.2906703269031056,0.578711609435244,0.4125346227072781,0.02272971353108216,0.40887253354898395,0.07445896961347571,0.11792447246374113,0.41113793977810476,0.3160596831318214,0.353534990399889,0.016535603721748875,0.04725458457446852,0.0962701129309685,0.36072223128273445,0.36066642096532914,0.36082154723235316,0.2996592632618925,0.6523843005869583,0.2915475530635966,0.36198137549689213,0.36567583828103994,0.3796252628729097,0.6469705785416605,0.6469242039164196,0.3807155760687039,0.3557187196188756,0.4430402401733626,0.5044873136312453,0.5023441133836405,0.4454688296972094,0.6475106707095496,0.503871225671615,0.5027243583471871,0.5028739148637154,0.5131899499511589,0.09634535423876009,0.44105669492483096,0.5006315709516117,0.5034826743590778,0.5007203916031888,0.5005980744490097,0.5039493039612722,0.5106016894482103,0.5005412255448126,0.29113556416068836,0.5008533804780341,0.6462941452220035,0.44284130669992866,0.5018734410045117,0.5002935616605944,0.44222362224031253,0.5005303369433566,0.5001851034018736,0.5015496411548377,0.8165057124772489,0.8170835493123214,0.6674571515776514,0.7071898527763787,0.6666314285993815,0.6668915411569033,0.707108643445915,0.6455204047326504,0.6666940454610215,0.6733824850510869,0.7071171740178414,0.821185475410002,0.8264877087378469,0.8195911882740772,0.8165414523707112,0.8206458941493585,0.8242024954193392,0.8181761553561251,0.8399591730128988,0.8535535316699557,0.719648320635646,0.8262352756847544,0.819171570418245,0.8372247389981013,0.7105330982509843,0.8217248232908947,0.8179877326444075,0.8170026686321848,0.8462073803119696,0.8312850698245424,0.7358455821507213,0.8333083157695196,0.7094779798164309,0.6708471679383721,0.709842182054629,0.7093857191185896,0.7097459953571204,0.7071815082179276,0.710419082467448,0.8188706122251294,0.6686559982628301,0.7088935934194105,0.7072348235930177,0.671372459646795,0.8538192682019693,,0.816977772670287,0.8189083393306669,0.8395192547306345,1.0,1.0,1.0,0.8184261338007257,1.0,0.8203536243522034,0.8165055122304321,0.8196677956601638,0.714804747306533,0.5847211867725643
0.05959692175762822,0.0353359387104511,0.027910274092634062,0.04168974272357777,0.40819380153321155,0.3541564822951349,0.44073516095110526,0.44108521529667527,0.4414343798392498,0.4408161431572476,0.28976468733134114,0.49994865461079524,0.49972971837407487,0.4406115998062838,0.49975846624776166,0.4998069744985211,0.29076245820407187,0.5776600300743491,0.4127044356717747,0.011323841204487218,0.4091111671959016,0.024365616462311168,0.04686679250662173,0.4081566352539051,0.3166948800014754,0.35330011457134,0.018631335175027068,0.01735319592443848,0.02962937132549773,0.35569073486142155,0.3562272629520965,0.35400218196508687,0.2928527312738645,0.64602488558566,0.29309005695088575,0.3533859735240371,0.3567190705456536,0.35500609437034025,0.6455056472933438,0.6456243118615227,0.35832284980351364,0.3552181519886776,0.4407868396296815,0.5016818132776726,0.49972868255737596,0.4410579546154921,0.645460664048183,0.49990730903147484,0.5003277206756289,0.5004092766959196,0.503941424107514,0.07725628722095079,0.4410022569145986,0.5002005685431357,0.5023884782124168,0.5001552749477051,0.5010758653420713,0.5023275477914257,0.510590418021184,0.503765914708668,0.2891699958832155,0.4997285353541249,0.6455463727342712,0.440740267075716,0.5009496148845634,0.5000045528479747,0.4406105309068089,0.4997378921230106,0.4997283958222588,0.5007251339518963,0.816497929077292,0.8164969903451434,0.6667956616057144,0.707153580397018,0.6665605502921264,0.6665760997295963,0.7071480431144891,0.6456214268271683,0.6665749677356381,0.6672520231196771,0.7079115208768194,0.8173437770826175,0.8165137935257887,0.8165266168358379,0.8164988779030302,0.8164975985154049,0.8164975985154049,0.8164975985154049,0.8179551692186406,0.8165088784371157,0.7071662193041712,0.8165362324216221,0.8165001655909521,0.8170137381916311,0.707069289268861,0.8166456748740117,0.8170711627321301,0.816534396473516,0.8187322384982865,0.8165105037138304,0.7071228718747123,0.8165102319334739,0.7070347459905765,0.6669416997049813,0.7070345195105543,0.7071681120856453,0.7084835282428934,0.7074421986552206,0.7083558275158468,0.8165935256793999,0.666967362571335,0.7070741604664958,0.7070759235317754,0.666665865889888,0.8168738947058831,0.816977772670287,,0.8387002285683042,0.8164996495145849,1.0,1.0,1.0,0.8164968348336509,1.0,0.8164970890664841,0.8164968348336509,0.816497853732761,0.6684743779613613,0.5813638014606731
0.05970951757329664,0.03676854355995734,0.03049742049474598,0.05049161464462958,0.4084699212433488,0.3070495599185337,0.44075992346806514,0.44078983282368606,0.4410209452500743,0.4414273382634529,0.2903036142659049,0.500876481049131,0.50028011167392,0.4412278253205867,0.500524931444135,0.4998537963882504,0.2907186019463571,0.5777220743832902,0.4128878261810515,0.012235088777929623,0.4084021953527218,0.028002676881251073,0.04885655418453126,0.4084559193757597,0.31615008961571717,0.35338390631785477,0.020742568452729534,0.01874963529444211,0.047191386643913966,0.35602795755236405,0.3563579309185353,0.35448448179184605,0.2903972355388797,0.6460809004727694,0.290138553972479,0.35356578326426524,0.3556132526017909,0.35778684760252316,0.6465467107950259,0.6456757534605936,0.3560268295438623,0.35354349768473126,0.4408280346236277,0.5017511786117448,0.5000753022982382,0.44112475083830677,0.6455995248996,0.5013740903612565,0.5004207137106887,0.5004247404336825,0.5005685983912371,0.05411017596167591,0.4431643157093564,0.5002204241972841,0.5024159924795394,0.5009805015463749,0.5060433042910412,0.5023361749329505,0.5105923480707429,0.4996949636382592,0.29076135824161436,0.49981764466422296,0.6462110133248973,0.440996077722923,0.5002273439577377,0.5002249532013067,0.44071538346086114,0.5003763769840454,0.5002310425901824,0.5008661184714474,0.8165722893413847,0.8165583167582551,0.6668772624980057,0.7071945449734705,0.6668585674404142,0.6666309369654508,0.707568727856583,0.645708825741758,0.666630554536466,0.6672904892977982,0.7111219581588604,0.8173661301762446,0.8165195457745723,0.8165366543795749,0.8164996455346432,0.8164979385857951,0.8164979385857951,0.8164979385857951,0.8201706543617202,0.8177363239426719,0.708077021763138,0.816788103185822,0.8165013635567786,0.8170220373086979,0.7074633072633054,0.8166648286535148,0.8192855331876345,0.8165470337735423,0.8187548222475206,0.8175736132899489,0.7111021912523781,0.8175981053184872,0.707876973171138,0.6671452174272294,0.707398910259186,0.707139764677662,0.7075376894409489,0.7074934475490198,0.7078998468833138,0.8166891429264962,0.6667810236679959,0.7070885876086839,0.7070909398290529,0.6667014165556298,0.8177494882802623,0.8189083393306669,0.8387002285683042,,0.8165006750122427,1.0,1.0,1.0,0.8164969196872144,1.0,0.8164972588828263,0.8164969196872144,0.8164982790948437,0.6685144468452442,0.5034835058330206
0.06060792497583408,0.03713648206272364,0.018389121670005275,0.041361186628471124,0.4084228698013886,0.35539090741165336,0.44058412268134883,0.4406639988620826,0.440683361117227,0.44066999108590565,0.28975493954309256,0.5001366147238828,0.5002230061163323,0.4406412789507941,0.4997518050310629,0.49986536331901865,0.2908310785999087,0.5774757817395869,0.4129720263568519,0.016029373651965547,0.40846092803179995,0.040354812312366053,0.0626065785904318,0.4093995467346298,0.31584853828030734,0.3532948979906452,0.017306775375253512,0.015499551246095998,0.06401683008135113,0.35514584688676876,0.35585789195751805,0.35382844112176143,0.28906990100768165,0.6456435126534128,0.2887866561914074,0.3546430272760928,0.35471192489127007,0.35836059420614647,0.6453593722607476,0.6459578580228211,0.3561579245825951,0.35329056159126987,0.4405895142292456,0.5001193312113433,0.4997473865749516,0.44170568470233534,0.6455648223276371,0.49991015057393584,0.5015438203077409,0.5025886085893998,0.5013799720379825,0.05764350892530861,0.4412883187103488,0.49991289656335275,0.50168377885178,0.5001233775059195,0.5007183661140736,0.5034244727440133,0.5106078782623196,0.5085745194143303,0.2890330851528144,0.5002616178768603,0.6457224454500295,0.4406747844469742,0.5000449134735545,0.4997387752869439,0.44173173782196773,0.499716401468271,0.5002238406484254,0.5005330061317104,0.8171372463022626,0.8165673249039522,0.6667933807454484,0.7071941510677969,0.6667510654965781,0.6671846858278475,0.7070835742449934,0.645623452073014,0.6666217994323373,0.669341461627549,0.707118103968095,0.8174135235882667,0.8247756888839282,0.8209344354400773,0.8181538451105621,0.8535352009102315,0.8329904014426303,0.8205221995349956,0.8207660217451196,0.8381470977079849,0.711130214128244,0.8196856431928241,0.8350029105463223,0.8200355789263848,0.7087182199626324,0.8165178771794973,0.8165191200866018,0.8166213599526692,0.82097298671875,0.8235242478697375,0.7323548217752058,0.8209018282560437,0.7076895033499685,0.6671556286020618,0.708257218140888,0.7071106999377553,0.7088775406156821,0.7070317002655462,0.7074188805370305,0.8164967568120354,0.6665755333634571,0.7084517411971444,0.7071658722423816,0.6668731020411476,0.8213567759835866,0.8395192547306345,0.8164996495145849,0.8165006750122427,,1.0,1.0,1.0,0.8164976024748678,1.0,0.8247741019268042,0.8164976024748678,0.8196696886848106,0.6742306818382562,0.5814440747113304
0.059258725362485304,0.034719845203874514,0.0157199398105141,0.05014207536924662,0.49984043524960875,0.4336588768101343,0.5395973016019349,0.5396584894692351,0.5397195632786421,0.5396114532114582,0.35435830359220916,0.6120644816530757,0.6120300763728015,0.5396247736427358,0.6120156116091345,0.6120074263776843,0.35574021450523924,0.7072587315346952,0.5051336893658969,0.009797269712289152,0.5000347384077142,0.01536005159388614,0.0403307096162811,0.4997934220968228,0.3866600669217255,0.43249440830721514,0.01579047155544235,0.012258720243486756,0.02856658432810334,0.35387543751982625,0.3547187868703756,0.3538218566723063,0.354012510688669,0.7906651695337351,0.35326236604067374,0.3533685568569832,0.35409403094070874,0.35388955879500367,0.7903824091571529,0.7906934064818539,0.35484550413916804,0.35326304063742814,0.5395909029882606,0.6120217974167761,0.6120325639039519,0.5401085240668513,0.7904879799145899,0.6122577618004552,0.6122803732247699,0.611988290632772,0.6119870356055123,0.06376339848424954,0.5395825263186315,0.6119909705411777,0.6129762680037557,0.6124840659768364,0.611984406843119,0.6151914702289306,0.625335922586549,0.6119809057797537,0.3537444750274294,0.6120332387119934,0.7904975312765596,0.5397077575713088,0.6122009436764301,0.6120356397165081,0.539629758158645,0.6120229987245657,0.6120349474168155,0.6120656425005868,1.0,1.0,0.8163653008270418,0.8659325772228575,0.8163653008270418,0.8163653008270418,0.8659325772228575,0.7904168788960227,0.8163653008270418,0.8163653008270418,0.8659325772228575,1.0,1.0,1.0,1.0,1.0,1.0,1.0,1.0,1.0,0.8659325772228575,1.0,1.0,1.0,0.8659325772228575,1.0,1.0,1.0,1.0,1.0,0.7071107961320893,1.0,0.8659325772228575,0.8163653008270418,0.8659325772228575,0.8659325772228575,0.8659325772228575,0.8659325772228575,0.7074186468218276,1.0,0.8163653008270418,0.8659325772228575,0.8659325772228575,0.8163653008270418,1.0,1.0,1.0,1.0,1.0,,1.0,1.0,1.0,1.0,1.0,1.0,1.0,0.8163653008270418,0.7119898127449793
0.059258725362485304,0.034719845203874514,0.0157199398105141,0.05014207536924662,0.49984043524960875,0.4336588768101343,0.5395973016019349,0.5396584894692351,0.5397195632786421,0.5396114532114582,0.35435830359220916,0.6120644816530757,0.6120300763728015,0.5396247736427358,0.6120156116091345,0.6120074263776843,0.35574021450523924,0.7072587315346952,0.5051336893658969,0.009797269712289152,0.5000347384077142,0.01536005159388614,0.0403307096162811,0.4997934220968228,0.3866600669217255,0.43249440830721514,0.01579047155544235,0.012258720243486756,0.02856658432810334,0.35387543751982625,0.3547187868703756,0.3538218566723063,0.354012510688669,0.7906651695337351,0.35326236604067374,0.3533685568569832,0.35409403094070874,0.35388955879500367,0.7903824091571529,0.7906934064818539,0.35484550413916804,0.35326304063742814,0.5395909029882606,0.6120217974167761,0.6120325639039519,0.5401085240668513,0.7904879799145899,0.6122577618004552,0.6122803732247699,0.611988290632772,0.6119870356055123,0.06376339848424954,0.5395825263186315,0.6119909705411777,0.6129762680037557,0.6124840659768364,0.611984406843119,0.6151914702289306,0.625335922586549,0.6119809057797537,0.3537444750274294,0.6120332387119934,0.7904975312765596,0.5397077575713088,0.6122009436764301,0.6120356397165081,0.539629758158645,0.6120229987245657,0.6120349474168155,0.6120656425005868,1.0,1.0,0.8163653008270418,0.8659325772228575,0.8163653008270418,0.8163653008270418,0.8659325772228575,0.7904168788960227,0.8163653008270418,0.8163653008270418,0.8659325772228575,1.0,1.0,1.0,1.0,1.0,1.0,1.0,1.0,1.0,0.8659325772228575,1.0,1.0,1.0,0.8659325772228575,1.0,1.0,1.0,1.0,1.0,0.7071107961320893,1.0,0.8659325772228575,0.8163653008270418,0.8659325772228575,0.8659325772228575,0.8659325772228575,0.8659325772228575,0.7074186468218276,1.0,0.8163653008270418,0.8659325772228575,0.8659325772228575,0.8163653008270418,1.0,1.0,1.0,1.0,1.0,1.0,,1.0,1.0,1.0,1.0,1.0,1.0,0.8163653008270418,0.7119898127449793
0.059258725362485304,0.034719845203874514,0.0157199398105141,0.05014207536924662,0.49984043524960875,0.4336588768101343,0.5395973016019349,0.5396584894692351,0.5397195632786421,0.5396114532114582,0.35435830359220916,0.6120644816530757,0.6120300763728015,0.5396247736427358,0.6120156116091345,0.6120074263776843,0.35574021450523924,0.7072587315346952,0.5051336893658969,0.009797269712289152,0.5000347384077142,0.01536005159388614,0.0403307096162811,0.4997934220968228,0.3866600669217255,0.43249440830721514,0.01579047155544235,0.012258720243486756,0.02856658432810334,0.35387543751982625,0.3547187868703756,0.3538218566723063,0.354012510688669,0.7906651695337351,0.35326236604067374,0.3533685568569832,0.35409403094070874,0.35388955879500367,0.7903824091571529,0.7906934064818539,0.35484550413916804,0.35326304063742814,0.5395909029882606,0.6120217974167761,0.6120325639039519,0.5401085240668513,0.7904879799145899,0.6122577618004552,0.6122803732247699,0.611988290632772,0.6119870356055123,0.06376339848424954,0.5395825263186315,0.6119909705411777,0.6129762680037557,0.6124840659768364,0.611984406843119,0.6151914702289306,0.625335922586549,0.6119809057797537,0.3537444750274294,0.6120332387119934,0.7904975312765596,0.5397077575713088,0.6122009436764301,0.6120356397165081,0.539629758158645,0.6120229987245657,0.6120349474168155,0.6120656425005868,1.0,1.0,0.8163653008270418,0.8659325772228575,0.8163653008270418,0.8163653008270418,0.8659325772228575,0.7904168788960227,0.8163653008270418,0.8163653008270418,0.8659325772228575,1.0,1.0,1.0,1.0,1.0,1.0,1.0,1.0,1.0,0.8659325772228575,1.0,1.0,1.0,0.8659325772228575,1.0,1.0,1.0,1.0,1.0,0.7071107961320893,1.0,0.8659325772228575,0.8163653008270418,0.8659325772228575,0.8659325772228575,0.8659325772228575,0.8659325772228575,0.7074186468218276,1.0,0.8163653008270418,0.8659325772228575,0.8659325772228575,0.8163653008270418,1.0,1.0,1.0,1.0,1.0,1.0,1.0,,1.0,1.0,1.0,1.0,1.0,0.8163653008270418,0.7119898127449793
0.0593715263212493,0.04695642541376126,0.01997140440478914,0.04163181096622828,0.40836809972978855,0.3544751567652491,0.4406312274830935,0.44078113622297205,0.44091566442359925,0.4406659015936127,0.2894763442063123,0.5000779614792977,0.499804455752988,0.44121785455553136,0.49976901437187377,0.49974895827879967,0.2905250490738702,0.5775361610779404,0.41262387104020304,0.009239925982670153,0.4091441518819486,0.020663462381826418,0.042618051791034575,0.40835485766671803,0.31675849071099527,0.35319352543942967,0.018239131622055517,0.014159704556881921,0.03457447641670456,0.35448079011120454,0.356267241897061,0.3543037445304329,0.28915817467919647,0.6460637825085827,0.288526604596012,0.3535484978317981,0.35497007355305776,0.3540545310581061,0.646384944271773,0.6461329235429263,0.35600689910452543,0.3551544839090627,0.440615549076387,0.5003697563797651,0.5002473096268578,0.4410637088881478,0.6456298031266062,0.5003621071924267,0.500417464911873,0.4997020682887489,0.49969899288312875,0.07958904679166234,0.44059502331290656,0.4997086352794548,0.5005211567498197,0.5001468741111942,0.49969255114099914,0.5023103263747206,0.510586565352178,0.49968397175266455,0.2890761544908747,0.4998122038533086,0.6455671563918701,0.44090181714213483,0.49998697075820187,0.49981808654128135,0.44071074946629785,0.49978711439809265,0.4998163903463434,0.4998915923060426,0.8165709188916824,0.8165579184722077,0.6666414155564061,0.7070718023114788,0.6666467165714265,0.6666143813457757,0.7071395930224201,0.6454565699380085,0.6666151289087399,0.6665983469035685,0.7070381972491442,0.817256818393103,0.8195020876017777,0.8182202756497908,0.816497345601475,0.8164969196872144,0.8164969196872144,0.8164969196872144,0.8177170002526255,0.8165006748424521,0.7079411821591775,0.8165097812956639,0.8164977742793935,0.8185356117238408,0.7070437392999349,0.8173911464034453,0.8165043654952737,0.8165091700812428,0.8172415201263739,0.8165012159099081,0.7198709301700162,0.8202844310765309,0.7071226684873865,0.6667637326900808,0.7070942682706015,0.7072602768196574,0.7070786381369834,0.7070825912961418,0.7075839865397006,0.8166765721603025,0.6666952915255951,0.7070453610050604,0.7070459479615264,0.6672948793712898,0.8168998275921552,0.8184261338007257,0.8164968348336509,0.8164969196872144,0.8164976024748678,1.0,1.0,1.0,,1.0,0.8164967500893555,0.8164966654541174,0.8164970046502574,0.6671975660308185,0.5813460877377846
0.059258725362485304,0.034719845203874514,0.0157199398105141,0.05014207536924662,0.49984043524960875,0.4336588768101343,0.5395973016019349,0.5396584894692351,0.5397195632786421,0.5396114532114582,0.35435830359220916,0.6120644816530757,0.6120300763728015,0.5396247736427358,0.6120156116091345,0.6120074263776843,0.35574021450523924,0.7072587315346952,0.5051336893658969,0.009797269712289152,0.5000347384077142,0.01536005159388614,0.0403307096162811,0.4997934220968228,0.3866600669217255,0.43249440830721514,0.01579047155544235,0.012258720243486756,0.02856658432810334,0.35387543751982625,0.3547187868703756,0.3538218566723063,0.354012510688669,0.7906651695337351,0.35326236604067374,0.3533685568569832,0.35409403094070874,0.35388955879500367,0.7903824091571529,0.7906934064818539,0.35484550413916804,0.35326304063742814,0.5395909029882606,0.6120217974167761,0.6120325639039519,0.5401085240668513,0.7904879799145899,0.6122577618004552,0.6122803732247699,0.611988290632772,0.6119870356055123,0.06376339848424954,0.5395825263186315,0.6119909705411777,0.6129762680037557,0.6124840659768364,0.611984406843119,0.6151914702289306,0.625335922586549,0.6119809057797537,0.3537444750274294,0.6120332387119934,0.7904975312765596,0.5397077575713088,0.6122009436764301,0.6120356397165081,0.539629758158645,0.6120229987245657,0.6120349474168155,0.6120656425005868,1.0,1.0,0.8163653008270418,0.8659325772228575,0.8163653008270418,0.8163653008270418,0.8659325772228575,0.7904168788960227,0.8163653008270418,0.8163653008270418,0.8659325772228575,1.0,1.0,1.0,1.0,1.0,1.0,1.0,1.0,1.0,0.8659325772228575,1.0,1.0,1.0,0.8659325772228575,1.0,1.0,1.0,1.0,1.0,0.7071107961320893,1.0,0.8659325772228575,0.8163653008270418,0.8659325772228575,0.8659325772228575,0.8659325772228575,0.8659325772228575,0.7074186468218276,1.0,0.8163653008270418,0.8659325772228575,0.8659325772228575,0.8163653008270418,1.0,1.0,1.0,1.0,1.0,1.0,1.0,1.0,1.0,,1.0,1.0,1.0,0.8163653008270418,0.7119898127449793
0.05948425822919073,0.03789568051054052,0.018512581523427624,0.04231237445507044,0.4081188464592743,0.3541054763476497,0.4409383135125898,0.44065795594553875,0.4411824654569758,0.4407409804058979,0.29123831025729047,0.5004075733416423,0.49982309004968095,0.44071493734209116,0.4999075471024784,0.49979600150336895,0.2946707840484708,0.5785887928878101,0.412477956409788,0.030873168319753213,0.41001092771128855,0.016763327208590004,0.04479145991809788,0.4085828581438161,0.3159489557359827,0.35325691539904497,0.02039853336961727,0.015836127064196612,0.03968913743412275,0.35508588829209076,0.3578109771228862,0.35478559718927255,0.289370990152671,0.646552416770125,0.2886157823290496,0.3535799182103916,0.3558450834991669,0.3563828221342907,0.6457123683425314,0.6457258016598223,0.35716600596847664,0.3570383237204292,0.44345880353526596,0.4998625393578764,0.4998144217743598,0.4427679376864957,0.6458290682771692,0.5008180166243148,0.5009102475151042,0.5009605060750539,0.5064694477211016,0.0696745124203266,0.44062279272763494,0.4997287606290902,0.5005493211271698,0.5003177876396973,0.4997019384111551,0.5126736942726282,0.510588490449919,0.5059992764694857,0.28995688782998047,0.5007598060739199,0.645868076717884,0.44067040741346547,0.5005861983251483,0.49980524336572507,0.44174211964035737,0.5009911819410671,0.5007296950194056,0.49976847014437636,0.8169609276417295,0.8170593159592774,0.666598215531932,0.7071823469302957,0.6665912065368497,0.6666630479375161,0.7074556775348799,0.6454142122213997,0.6674947749592731,0.6678995188750366,0.7070454150917476,0.8180173270111392,0.8178733371164618,0.8172331255908433,0.8164981112592761,0.8414661681787634,0.8164972588828263,0.8164972588828263,0.8169831243859981,0.8184734082773033,0.7088513768938898,0.8191082174101721,0.8235689269120697,0.820572191903649,0.7077926648357832,0.8168225378437289,0.81651216001366,0.8165217752529741,0.8179867389543478,0.8182280855163288,0.7132998458245802,0.8182650414152586,0.7075340789786226,0.666814152387746,0.707759897169552,0.7074897858542283,0.7071451655736236,0.7071342566584152,0.7080431695602282,0.8168567554539701,0.6665621357834103,0.7070597516102054,0.7070609262546415,0.6667842278174826,0.8173033942287039,0.8203536243522034,0.8164970890664841,0.8164972588828263,0.8247741019268042,1.0,1.0,1.0,0.8164967500893555,1.0,,0.8164967500893555,0.836493464622488,0.6678358660533381,0.5813549389636294
0.0593715263212493,0.03617888498033423,0.01997140440478914,0.04163181096622828,0.4083944969127284,0.3544751567652491,0.4406312274830935,0.44078113622297205,0.4409307316418131,0.4406659015936127,0.2902862778190087,0.5000779614792977,0.499804455752988,0.44121785455553136,0.49976901437187377,0.49974895827879967,0.2905250490738702,0.5775361610779404,0.41262387104020304,0.009239925982670153,0.4083565276688094,0.020663462381826418,0.04658487357514792,0.40833115483646887,0.3158173336465825,0.3545985129363868,0.018239131622055517,0.014159704556881921,0.03299646180441312,0.35421613978683764,0.356267241897061,0.3542499709759964,0.28915817467919647,0.6460637825085827,0.288526604596012,0.35451962568901757,0.35497007355305776,0.3540545310581061,0.6453711428547446,0.6456499874149088,0.35600689910452543,0.35337260389418157,0.440615549076387,0.5003697563797651,0.4998105505015229,0.4418826679959485,0.6455694564400801,0.5003621071924267,0.500417464911873,0.4997020682887489,0.49969899288312875,0.05263965670881329,0.44059502331290656,0.4997086352794548,0.5021191797093175,0.5001468741111942,0.49969255114099914,0.5075108730419584,0.510586565352178,0.49968397175266455,0.2890761544908747,0.4998122038533086,0.6455671563918701,0.440925687029347,0.5002229859674221,0.49981808654128135,0.44117398629213506,0.49978711439809265,0.5002269975750053,0.4998915923060426,0.8165709188916824,0.8165579184722077,0.6666414155564061,0.7070718023114788,0.6666467165714265,0.6666143813457757,0.7071395930224201,0.6457042398376907,0.6670269889369022,0.6665983469035685,0.7070381972491442,0.8165192654318439,0.8165023111164931,0.8182202756497908,0.816497345601475,0.8164969196872144,0.8164969196872144,0.8164969196872144,0.8177170002526255,0.8165006748424521,0.7079411821591775,0.8165097812956639,0.8164977742793935,0.8165050321350279,0.7070437392999349,0.8173911464034453,0.8165043654952737,0.8165091700812428,0.816519731496941,0.8165012159099081,0.7071148162220304,0.8165011254320307,0.7071226684873865,0.6666867448694176,0.7070942682706015,0.7071315191172736,0.7070786381369834,0.7070825912961418,0.7077307761377964,0.8166765721603025,0.6666952915255951,0.7070453610050604,0.7070459479615264,0.6665948961500121,0.8168998275921552,0.8165055122304321,0.8164968348336509,0.8164969196872144,0.8164976024748678,1.0,1.0,1.0,0.8164966654541174,1.0,0.8164967500893555,,0.8164970046502574,0.6666002807344812,0.5813460877377846
0.059822046338400055,0.0349694398359025,0.0287426893714876,0.04098095885970981,0.4081860733238765,0.3542722515329873,0.4410114712466382,0.44080454673700187,0.4410979093575015,0.4409667210539971,0.2902801523929003,0.499749375858679,0.4997970022659148,0.4406848782929283,0.4997116053621596,0.49970589449529473,0.29138953933458445,0.5774871815379496,0.412476677056874,0.03659007257651777,0.4084852479477667,0.024359140006558342,0.050770811468093875,0.4085203382860488,0.3168767999360929,0.35314095921736144,0.02500618461322634,0.020050668086262505,0.052131256524309985,0.3551567455309018,0.3551128657643065,0.3539427426808365,0.2893761632608932,0.645669941593117,0.2888838400160101,0.3544965284867425,0.3562209386038137,0.3551837448004781,0.6458275476962508,0.6456049651090419,0.35599643012487064,0.35388557832565076,0.4412221732251781,0.4998507544571822,0.5002238647002152,0.4412445304059983,0.6464280362128993,0.4999386683265829,0.501179430559561,0.4999864643418199,0.5053069583369175,0.05736286710663325,0.44070007020070456,0.5010617815513638,0.5013360476743152,0.5011094539656539,0.500370861775969,0.5030413621210686,0.5105942806033789,0.4996986370016052,0.2891353525587847,0.49978328264144867,0.6455295439925329,0.4407086357729513,0.5007057482559281,0.5009911669940738,0.44066516587225113,0.5014307945825905,0.5010099639016952,0.49993365567928816,0.8165008285754572,0.8167372974100604,0.6668106699473806,0.7071928533451449,0.6666409376978715,0.6670715007378039,0.7071360552388307,0.6456383559481823,0.6670605910790077,0.6674123700758785,0.709256394965854,0.8168314304900011,0.8169079142508063,0.8166639286339693,0.8165004141560255,0.8264392142092677,0.8560731355258768,0.8560731355258768,0.8165760883093078,0.8195624568171214,0.7083286464677896,0.8172523405861584,0.8191844039574913,0.8178321532506793,0.7099435845353891,0.8169330812637631,0.8167552322071081,0.817302088723752,0.8186786459489765,0.8191702087138715,0.7168306127664722,0.8165193618336094,0.7076125135411918,0.6671972146856411,0.7073741733621771,0.707160350578872,0.7070375163375511,0.7070427577942042,0.7074207509001212,0.8164978716316936,0.6665708098892913,0.7071562192808847,0.7071454076027922,0.6668261849956078,0.8169426025415384,0.8196677956601638,0.816497853732761,0.8164982790948437,0.8196696886848106,1.0,1.0,1.0,0.8164970046502574,1.0,0.836493464622488,0.8164970046502574,,0.6673564793262738,0.5813815603545965
0.08944070323527589,0.06777920268009659,0.040560472274616746,0.047887365726276436,0.23755400757377057,0.23402364042852333,0.35283062738103144,0.3466160210905934,0.3473741412832907,0.35676716714160484,0.2900261086695222,0.3835577501650551,0.37509129504540417,0.3510598310984576,0.3723912360563354,0.373575866843374,0.296365843213965,0.337242274852626,0.24424621121855092,0.0510113651276758,0.23598168899878522,0.1311096856218447,0.1938200044553764,0.32363112873316896,0.23931157390335012,0.26300454426944836,0.026867494906599686,0.07265026032209952,0.1555862817041498,0.37975010924550245,0.3603842745330178,0.36012818689640175,0.30860655372121576,0.45499643769023307,0.30133527829161566,0.37835167204197834,0.37541704622923855,0.40496090315587663,0.4492983006780291,0.44247064572513,0.4027141153347873,0.3633865108075926,0.35036492512012474,0.38929559644453815,0.3791346359529332,0.35691551571131225,0.44514482866879757,0.3849360675933756,0.3795813210757506,0.3792811857640537,0.39333777288440175,0.12216202896391443,0.3497400405129955,0.38045456299215935,0.3988626126331251,0.38784870686091893,0.379630471363685,0.38420331170335587,0.3910529458243775,0.3841690675420522,0.2902696332718157,0.3734166980971259,0.4418987826360582,0.35221961022848014,0.379130839337306,0.3734820525113708,0.3541319267541067,0.3737316902087124,0.37236785559661,0.37792058541148893,0.6670531728899686,0.6672945058281169,0.6097661290522242,0.6266437423968867,0.6091050715941507,0.6093300472285312,0.6241157962562589,0.6013502367247228,0.6088403821576834,0.6155379108949218,0.6234616211443351,0.6794802485583308,0.6785217885331443,0.6708091035149626,0.6777361737977727,0.6677658501996403,0.6691131027355154,0.6677658501996403,0.696502739933835,0.689399255100743,0.6502643042674151,0.6844890949110986,0.6702670343102045,0.6811400764203336,0.6298467415783571,0.6751372426287869,0.6694794200132752,0.6704908521541351,0.704657301472169,0.6809955377702321,0.7168535074974999,0.6898790545955241,0.6244207351652172,0.6210213034817176,0.627306942477007,0.628717971688368,0.6303626853555798,0.6235103226913601,0.7113691081532318,0.6689329323957675,0.6144165179533372,0.6284540687507172,0.6239896110262485,0.6153420028364266,0.7720426038017125,0.714804747306533,0.6684743779613613,0.6685144468452442,0.6742306818382562,0.8163653008270418,0.8163653008270418,0.8163653008270418,0.6671975660308185,0.8163653008270418,0.6678358660533381,0.6666002807344812,0.6673564793262738,,0.5795142544314853
0.06032343671876461,0.039355035755333286,0.026804085895749563,0.04349077980378599,0.10191961704726582,0.11062841799717223,0.3003089007546795,0.2994447387986391,0.29909399241243734,0.29955719487066323,0.2897619070409802,0.2940563422801276,0.29419766269796077,0.29181516135504443,0.292320723966715,0.29268581056797316,0.28885646798357556,0.07307169269941816,0.08606292267963403,0.01223308310646698,0.04903112852420573,0.02686775187840384,0.050211477846543104,0.24987121504457158,0.19279717774239924,0.2178436396372727,0.04042251553658246,0.0249428897265805,0.04376397216897175,0.35642070371828827,0.353850144257647,0.3554366014334661,0.29096664403702266,0.29850911889332477,0.28887814767183834,0.3543773778505661,0.35629284725179,0.35526698973007764,0.2964837459135029,0.2970745343495929,0.3573643778205782,0.3553872130015173,0.3011115783654669,0.3052919420320968,0.30544562620800303,0.3139198410351366,0.29982700004888835,0.30462343837949274,0.3057397204785471,0.3042192348622885,0.30441542841324015,0.06407054265668687,0.2987198653131606,0.3085633025695889,0.3056092835792995,0.30544656771327283,0.3040717800932055,0.30862769572916027,0.3225795400906721,0.3039516156334416,0.29818142253565916,0.3044428669756838,0.2981822063190395,0.29998854679795006,0.3054284294677562,0.30496044537729655,0.29966176955997736,0.30458210985395995,0.3050628018035224,0.30559079629325364,0.5814478798123153,0.5822577274963197,0.589636635307896,0.5855095397045025,0.5847135846055278,0.5826915819986285,0.5861115554301514,0.5810816165421966,0.5896309281585161,0.5826720763407359,0.585404816151064,0.5815575964116241,0.5814618401753711,0.5814524656003304,0.5814172143485475,0.5820798054202093,0.5813726752504619,0.5813726752504619,0.581429039995216,0.5813606429266421,0.5804362521255242,0.5816707970787883,0.5814620390289689,0.5817926300860171,0.5805249512276472,0.5816317507743667,0.5819180256099028,0.5814081556946429,0.5845073166120115,0.5813722392843237,0.7071309874590295,0.5816187347445075,0.5883483704940317,0.5840567412349398,0.5863099922218741,0.5864321138054368,0.589914090696321,0.5855654354529573,0.71009282593885,0.5816088988399022,0.5827547458239912,0.5857341692653193,0.5856795156988978,0.5826568898798479,0.5821083475546918,0.5847211867725643,0.5813638014606731,0.5034835058330206,0.5814440747113304,0.7119898127449793,0.7119898127449793,0.7119898127449793,0.5813460877377846,0.7119898127449793,0.5813549389636294,0.5813460877377846,0.5813815603545965,0.5795142544314853,
