pso001,pso002,pso003,pso004,pso005,pga001,pga002,pga003,pga004,pga005,pga023,pga024,pga025,pga026,pga027,pga028,pga029,psa001,psa002,psa003,psa004,psa005,psa006,psa007,psa008,psa009,psa010,psa011,psa012,pmd001,pmd002,pmd003,pmd004,pmd005,pmd006,pmd007,pmd008,pmd009,pmd010,pmd011,pmd012,pmd013,pmd014,pmd015,pmd016,pmd017,pmd018,pmd019,pmd020,pmd021,pmd022,pmd035,psz001,psz002,psz009,psz010,psz011,psz012,psz013,psz014,pad001,pad002,pad004,pad005,pad006,pad007,pad008,pad009,pad010,pad011,pad022,pad023,pad024,pad025,pad027,pad028,pad029,pad031,pad032,pad033,pad044,pcd001,pcd002,pcd003,pcd004,pcd007,pcd008,pcd009,pcd012,pcd013,pcd014,pcd015,pcd019,pcd020,pcd021,pcd022,pcd023,pcd025,pcd027,pcd028,pcd029,pcd039,pod001,pod002,pod003,pod004,pod005,pod006,pod007,pod008,pod009,pod010,pod011,pod012,pal001,pmj001,psu001,psu002,psu003,psu004,psu005,psu006,psu007,psu008,psu009,psu010,psu011,pni001,pni002
,0.7072062455763372,0.7078670402702963,0.7078087458454204,0.7087433680487267,0.20477930706230854,0.518035403797625,0.5178688840862323,0.5172080086816425,0.517692592673255,0.5179393934868773,0.5173186447813325,0.5169702502432,0.5169422584448885,0.5193658083134662,0.5175662293341592,0.5237929606753498,0.7077423808764058,0.20356904921480407,0.707142399069991,0.7071282609313222,0.7106453461168091,0.7136932643946998,0.718962527563858,0.7203750953546842,0.7189795210261215,0.7071758193503992,0.7077900713410628,0.7108789595817617,0.5171722975136918,0.5210530534642986,0.5216776254484347,0.5169649358803272,0.517428987449213,0.5185098340859274,0.5181842988220583,0.5171299676884217,0.5173909666218565,0.5173842346381138,0.5173167395129614,0.5169844532989947,0.5180071058306891,0.5187541959738994,0.517356685308789,0.5172265440670332,0.5180514399523675,0.5194185535609945,0.517046310911797,0.5174506035594604,0.5170044262225261,0.517056689321227,0.09219142162793037,0.5170572815427772,0.518242182643973,0.5169490354548011,0.521656766231137,0.5176037018333636,0.5175904777324108,0.517115379697635,0.517486203885359,0.5171341763798699,0.5172983522127745,0.5184328097090215,0.5170730048081121,0.5176930013593227,0.5171870967803042,0.5169474741452655,0.5169739587219374,0.5177341143639634,0.5174395368868442,0.13126978934195854,0.13114779084510095,0.13395953334650063,0.13077335020009964,0.1310635420882223,0.13187428009829258,0.1396277964371783,0.13493185881176387,0.1355627376033077,0.13435605238764012,0.13133527943778642,0.13921996435034872,0.13262876870816456,0.135001690930673,0.13036443698291217,0.13011630067528956,0.13016568991384514,0.13016568991384514,0.1308448763731119,0.13235280384836923,0.13511142857005265,0.1367658473182931,0.13061558186614522,0.13436155065264171,0.1341820743442733,0.13319481741226924,0.13279604487886199,0.13087592604186177,0.1372294147579848,0.1324627688022963,0.13123094554949835,0.13251796122399823,0.13480589715762015,0.13484549686505956,0.14554509212208103,0.1321446431453086,0.13744913786411758,0.1311988716500175,0.13219655245037762,0.1332903404372306,0.1398190013266225,0.13070558451484435,0.13019766324206122,0.13294388945864644,0.15548540608835665,0.13540631324276683,0.13011630067528956,0.13011630067528956,0.13056510951339437,0.12996884004210182,0.12996884004210182,0.12996884004210182,0.1300178761722544,0.12996884004210182,0.1300670295727321,0.1300178761722544,0.13016568991384514,0.1538759479348011,0.13202622905824546
0.7072062455763372,,0.7079529210459123,0.7081960672389936,0.7084611267616516,0.19931902070925975,0.5016744442593246,0.502729074321965,0.5019268908589111,0.502189837581318,0.5011361757986,0.5040491123086559,0.5023924055009571,0.5016700543420031,0.5016693657845062,0.5030495854126285,0.5004115392003013,0.7084818728943091,0.20800817510147082,0.7080015359042809,0.7089782173134798,0.7071463580557826,0.7071304024436825,0.7074256640865241,0.7078333520898783,0.7073851098133428,0.7071077614743987,0.7071855538277069,0.7078410652448569,0.5018229464874573,0.49981945299760455,0.500030906858076,0.5017018702789662,0.501872145121513,0.5000593416638218,0.50000415456361,0.5009163258812032,0.5012427647160645,0.503491009260983,0.502471755733493,0.5065944937617075,0.5011329545729035,0.5016917507068677,0.5017509877687654,0.5017769698052394,0.5007774256791752,0.5041939279066631,0.5035252879343316,0.5020884310517063,0.501668106813334,0.5046172722061777,0.09395652642096208,0.5004125923990864,0.5016743713764964,0.5050171373476049,0.501802875511954,0.5016790506172086,0.5060706680686771,0.5016681047817977,0.5029619297424225,0.5015680915771505,0.5050534348747371,0.5020977358236884,0.5020419689409618,0.5043780395292247,0.5016916550270769,0.5038595269332338,0.5017849786090792,0.5022382661142352,0.5033000418115237,0.05152459449050462,0.060467651043420306,0.051735591110498386,0.0514410929409766,0.056205676561566,0.05111427123785367,0.06333594934869656,0.03575245854889085,0.05188794921024029,0.05094872756234216,0.04926014691317287,0.06623431757825969,0.06781177030545468,0.050003869500703596,0.05454283353045783,0.06395110743721105,0.04900868683546002,0.04900868683546002,0.053001091146759154,0.06527101324517934,0.03314852460796291,0.050831161096119244,0.07641353436892365,0.05251133907169555,0.05011549564204857,0.051069317071887776,0.05124949768162608,0.0668554809451287,0.05379234547477224,0.050532857145305,0.03333564801275079,0.0852826888855175,0.06396905801300458,0.06234500455086068,0.056118080133682566,0.05459821940897339,0.053761191819327425,0.05293359011842443,0.039792468038575786,0.05554734712192771,0.061003170022264186,0.06429740413076102,0.06036087962979922,0.05462509722642,0.07310703791111611,0.05580428414858811,0.04943203115132551,0.04943203115132551,0.050938841167338,0.04892798794527827,0.04892798794527827,0.04892798794527827,0.0654793512895179,0.04892798794527827,0.05271616373928762,0.051438126532740394,0.04900868683546002,0.08263575219855972,0.05648080375902384
0.7078670402702963,0.7079529210459123,,0.732772114399755,0.7266494554963883,0.22472270447578252,0.5073318439702331,0.5084187694565755,0.5024884662306903,0.5131380368898293,0.5121337969128206,0.5233228014314489,0.5242968747566341,0.5195729540260722,0.5062924496080364,0.5134371909624394,0.50285138942513,0.7149145882530646,0.25107086025057407,0.7081538946696646,0.7107760435508365,0.712824769568156,0.7071506943736291,0.7132248680163444,0.7104924927573854,0.7089644296379763,0.7117645476228356,0.7082949758521425,0.7071532197535118,0.5262261264673617,0.5296103330559369,0.5270751032175105,0.5085498914160788,0.5060390814358496,0.5052021919249345,0.5074888825420882,0.50351212615395,0.5005457617944653,0.5217661352014552,0.5072242508943133,0.5142672701858708,0.5179445672727424,0.5134052003449664,0.5118023097542436,0.5285769123881944,0.5152582130395097,0.5037980315059872,0.5208250022017574,0.5143461928428014,0.5173246670628153,0.5052930622222855,0.18203870081772638,0.5014707856225029,0.505046703749865,0.5169579746436963,0.5186800413307324,0.5025207978994923,0.5079306832572216,0.500829107174592,0.5020084829044642,0.5085238295692659,0.5105457165572367,0.5071391018662481,0.5081267273863257,0.5100038278341756,0.5056434664541116,0.5036500465567173,0.5152743071777017,0.5109978160142344,0.5078322191029906,0.07917668786349498,0.07472512822569391,0.031242048522763688,0.029475276216825483,0.03663793458185608,0.06033777279217037,0.08496936342172942,0.038198964434827676,0.05086855756034724,0.026627181073564665,0.023407449220534622,0.048834848285791446,0.026678647456049892,0.03328048440554156,0.033616896520193694,0.022733790315984485,0.05052805611955901,0.05052805611955901,0.04032109368773906,0.023737718670015038,0.032846724606070125,0.0670186706274181,0.0321785926715341,0.03224194523529239,0.030494853322212,0.029450970251711363,0.030726516052820948,0.047345844764102196,0.02805023762427941,0.02411903556553058,0.034761783875254935,0.027962694553485212,0.10268830779630357,0.06925307746693711,0.05689789741632676,0.07076590614458567,0.08149128383864292,0.06128278329537913,0.11811531381271896,0.10837330581221281,0.09556785989947941,0.0427380367702914,0.06874599574077478,0.08750369607239096,0.0366758041836278,0.026277114463630753,0.03847580764650901,0.03847580764650901,0.02911002458678586,0.022651372778097655,0.022651372778097655,0.022651372778097655,0.029565776281207098,0.022651372778097655,0.025808052436469966,0.029565776281207098,0.05052805611955901,0.045227234372482716,0.04788084017555042
0.7078087458454204,0.7081960672389936,0.732772114399755,,0.7241820961216084,0.22823212913214716,0.5075806708091115,0.505500272796738,0.5010564541418728,0.5131152941381568,0.5225950468101975,0.5159606874683786,0.5295512945701679,0.5147139631874175,0.5065161163509104,0.5073788029852463,0.5054541040363123,0.711063511612936,0.2198288924363121,0.7131013128166297,0.7144112473565619,0.7109533670032283,0.7072194753918402,0.7084729770530257,0.7200552320682909,0.7135399704239905,0.7189994822882194,0.7072268068324102,0.7103292929675463,0.5134880786315292,0.5219778762709234,0.5241558589934385,0.5058851266404605,0.5113897092305005,0.503595368229288,0.5032405516839983,0.5116987435472156,0.5098425156898406,0.5173234038407268,0.508676730334151,0.518244293477192,0.5234106375065498,0.5204855289589989,0.5177765759959186,0.5333809390913797,0.5104667896327632,0.5053656998363766,0.5199824578294077,0.5200152012437314,0.5162574823032631,0.5106390542231962,0.18720196549110923,0.5045603296480484,0.5046480063267901,0.5132316828868223,0.5253127469930554,0.5087543396793699,0.5077152039591286,0.5017704478033729,0.5024863029013384,0.5051212097358547,0.503190268427082,0.5093235727410996,0.5063132773925528,0.5098338830107247,0.5029479991592954,0.502466990716045,0.5124782852409336,0.5048743226411678,0.5077456209133254,0.07231854552371525,0.07942252195701191,0.07926990676854707,0.11044889588562548,0.0729198829325681,0.0771925583591617,0.10039520474363685,0.10051885524957113,0.10124598312251126,0.08905816356269584,0.07068403457300526,0.08734582367986167,0.07828910634802819,0.07294344111376116,0.07562733357677368,0.07458690001842797,0.07590937964610239,0.07060546543922015,0.0862120981736505,0.08977264164066737,0.09651270137221858,0.11115516192059813,0.07060797190555984,0.09733101502579404,0.08690011156517961,0.07174724047477293,0.09421295619796898,0.0725830557152835,0.07821536980248284,0.07409404105806353,0.07093959220150295,0.07346604067436406,0.10051810655268553,0.10769877131931911,0.10039520474363685,0.07861652858633154,0.08356353351263703,0.08802765388050898,0.11997380529591356,0.09961161068655273,0.1118415598511565,0.07141612860289843,0.08958121246671748,0.07173190193711916,0.07920127411625141,0.08649912229481964,0.07154149055039985,0.08556396827276906,0.07164177526611512,0.0704941109148231,0.0704941109148231,0.0704941109148231,0.07188046197265303,0.0704941109148231,0.07324430841568903,0.07188046197265303,0.07060546543922015,0.07598824680221333,0.07523445217702555
0.7087433680487267,0.7084611267616516,0.7266494554963883,0.7241820961216084,,0.6028749589081558,0.7072534913220468,0.7084313777759985,0.7075329997954027,0.7091391071691648,0.5175613197710184,0.7103491711794511,0.7310258876301227,0.7160907808452641,0.7084404564585967,0.7074619121560978,0.5056338134794532,0.8183198915541939,0.6051847054429362,0.7076700541647225,0.8165171995356743,0.7096612695169975,0.7087402739126349,0.7103994373685851,0.7082617600648841,0.7106060810528972,0.710483524727515,0.7071604230498916,0.7078645258536311,0.5047642630848438,0.5083622016027443,0.5073734463839131,0.4089576803324602,0.7079456117163567,0.4101756961105481,0.503253225698422,0.5045779111183498,0.5009097300926815,0.7099102096755542,0.7073376404247403,0.5039114253176638,0.518650770784902,0.712186653055096,0.7089541498527754,0.7138474657315752,0.5788065867623847,0.7115301265089685,0.7121399335552326,0.712999805247735,0.7083856305096592,0.70817376536314,0.12539836369643617,0.5773001717022059,0.7089762155205065,0.7091625794088898,0.7135695348941836,0.707148682009405,0.707789985528608,0.7070827773652124,0.7070941645395372,0.5178827162576735,0.7079104155187473,0.7097872239308114,0.7085807573464202,0.7095380076543066,0.7072558078369121,0.7085155300891997,0.709270846317989,0.7084469914704973,0.7123502990563954,0.5775171607524688,0.5794213309853103,0.5777447869282576,0.5774107021616047,0.5775446517968792,0.5775062868382926,0.5784975444698991,0.4086437211706912,0.5786066243439034,0.5775865020023647,0.5773783695515068,0.5783289189378682,0.5789484990866921,0.5780658832841157,0.5779081230053195,0.5787940994278834,0.577373106960612,0.5776315183757204,0.5776719046639277,0.5773850992667221,0.4085478438659524,0.5780468022573833,0.5775129994131686,0.5774245986813358,0.5778716928641586,0.5777971307808374,0.5777999364813929,0.5800337040255042,0.577728931551355,0.5774116060314093,0.024253861194656473,0.5774886925146151,0.579234677151389,0.5821369351250725,0.5779973376064061,0.579524639658641,0.579960476963143,0.5780886360190404,0.10674059972345694,0.5824695822055592,0.579683600076308,0.5788116014440318,0.5810380818406511,0.5781322848722508,0.5783469577190186,0.5790938679929553,0.5775760610455472,0.57743115125582,0.5782412495717946,0.7071160532791567,0.7071160532791567,0.7071160532791567,0.577835664782345,0.7071160532791567,0.5773654522959164,0.5776912208393532,0.5776315183757204,0.5776525272822447,0.10301293364409404
0.20477930706230854,0.19931902070925975,0.22472270447578252,0.22823212913214716,0.6028749589081558,,0.6289417936709422,0.6317250809150144,0.6272126644977597,0.6245736419184853,0.2956910076278404,0.6273207726689805,0.6283039577520028,0.6314191756667834,0.6225891916786525,0.6232906308027168,0.2807667368568454,0.5995943207542715,0.8059661391982365,0.19775336746629854,0.599622332399249,0.19762646656523516,0.20923399406761484,0.45837836135771437,0.4536790871582123,0.45733232720986794,0.19956499371477593,0.19613880470113554,0.19910691261165814,0.29910891578187293,0.28849480141402206,0.2931845206753577,0.22971390288166726,0.6242181007223734,0.2347946812580058,0.27938020218521153,0.2957847660324449,0.2881839768857522,0.6206438877271756,0.6204428719977693,0.29609087361516556,0.28298599121120466,0.619859103641835,0.6237915314812482,0.6296226419882743,0.47176459561193795,0.6253023653317263,0.6293545712915662,0.6220997783491989,0.6219243447044556,0.6196247331096384,0.11368039537000786,0.4663653980825636,0.6214401898632956,0.6232343237313253,0.6207403156096744,0.6198308824298643,0.6218076738070338,0.6213582212456897,0.6199609233499994,0.29194378862487613,0.6203152080297676,0.6217034542033966,0.6211894128879804,0.6204716325489172,0.6208132409059904,0.6207012773600346,0.6239239748966589,0.6220460163879096,0.6208750122842962,0.6207894434006681,0.6204711390419207,0.6202230272190473,0.6204705249753795,0.6210227821529729,0.6205952169675815,0.6231053276419865,0.4682538319702102,0.6206573839834939,0.6205202563230233,0.6203552176401798,0.6210936584831438,0.6197659130771235,0.6196467659801599,0.6196229754947662,0.6210611204234934,0.6195945808952099,0.6195945808952099,0.6205821749501431,0.621662414629152,0.4663602321517715,0.6205150846156955,0.6203048717936293,0.6196887377712763,0.619860731799079,0.6205352833233193,0.6198462075581166,0.6200156142123826,0.620595304192186,0.6216377492426454,0.2804638037756142,0.6202072082966436,0.6206391648590746,0.6200890513728518,0.6211930027946551,0.6204229544732336,0.6203422569639716,0.6196987064847975,0.30133094220453316,0.6244542898930397,0.6229171870562935,0.6195786091547235,0.619915762074045,0.6198613217945232,0.6198826728360363,0.6197390639583877,0.6198181748207422,0.6196036716652263,0.6230993030070795,0.7587847890812629,0.7587847890812629,0.7587847890812629,0.6198356810055924,0.7587847890812629,0.6195698154981999,0.6198356810055924,0.6197665386671264,0.6199808084374432,0.2444029463110146
0.518035403797625,0.5016744442593246,0.5073318439702331,0.5075806708091115,0.7072534913220468,0.6289417936709422,,0.8264540022661359,0.8179863675282358,0.8207149892949216,0.7103976371344264,0.825936481308839,0.8204036253406966,0.8221001068018423,0.8165035333251491,0.8172807156925833,0.7115784445606625,0.7079308977706119,0.5982888559258732,0.5059031222766754,0.7075482276712203,0.5051541036748779,0.5031398136018289,0.6509902840597053,0.6471273381319372,0.6468401591345617,0.5110280351609511,0.5008054818897733,0.5021889410025551,0.7112627847724505,0.7088075800901951,0.7094835757490736,0.5797903808608587,0.8200248174488279,0.5791402609483653,0.7076624939894972,0.7095867598164661,0.7093284743183912,0.8185343065839913,0.8198867028720169,0.7140635655025812,0.707841023528781,0.8176210274995945,0.820306297907905,0.817837911622941,0.7114768329350288,0.8192044202163853,0.8191792953154542,0.8175891178116681,0.8170184984397083,0.816570971659785,0.14670138445778547,0.7087032040774892,0.8177348078371273,0.8188565923780988,0.819074004657214,0.8178570309811986,0.8189832683763688,0.8167530687474079,0.8167014665572033,0.7113240892011125,0.8174701004358591,0.8178464206127994,0.8166203745195967,0.8167020948445667,0.8224259253919718,0.8167269775386954,0.8224639248462551,0.819768866251193,0.8180705917836065,0.6485106345566233,0.6464467321646065,0.6477183588774227,0.6484179752788215,0.6460338300878711,0.6486148764874103,0.6477390915453947,0.5015610600799147,0.6476441319175964,0.6505249117094377,0.645442066162779,0.6486859880458817,0.6455358769703166,0.6483370105803706,0.6455338839725057,0.6452588200200725,0.6457806236690894,0.6456269417257717,0.6463504503227478,0.6457381349184351,0.49990484662696183,0.6474605924507482,0.6453562380654722,0.6455196950801217,0.6466235276525822,0.6502243147939974,0.6454659120119225,0.6459989368288281,0.6463986129599469,0.6467738602434561,0.35278068752279285,0.6466268837509996,0.6477643820658755,0.6482893191896211,0.6484979131658607,0.6471477499702151,0.6464673439436147,0.6464915608486195,0.36163432464154455,0.6482843553116756,0.6463366129148621,0.6453397229812878,0.6465117467572599,0.6464931052041795,0.6458129586056546,0.6454910527088527,0.6455184407199573,0.6452588200200725,0.6452991159707347,0.7901988112507898,0.7901988112507898,0.7901988112507898,0.6453022847794633,0.7901988112507898,0.6454868805234136,0.6453022847794633,0.6457806236690894,0.6462647068548736,0.30593154982453785
0.5178688840862323,0.502729074321965,0.5084187694565755,0.505500272796738,0.7084313777759985,0.6317250809150144,0.8264540022661359,,0.8184847119953023,0.8238199272538408,0.7220504332736697,0.8298087329661301,0.8234930487407889,0.8209359913932134,0.8196660077954705,0.8258745734467007,0.7198736032176044,0.7103065557959014,0.6043310825217856,0.5092200516749841,0.7086766918088968,0.5100437453808667,0.5030973087167904,0.6526997157473653,0.6476240109644515,0.6549397440719699,0.5134930946988545,0.5039861611019246,0.5023695980571342,0.7128468266379917,0.7146328144418339,0.7128694492614768,0.5800368220153186,0.8187851847487305,0.5825558653748865,0.7110465819103853,0.7149854809522957,0.7105356512698412,0.8200630607427248,0.8189395964404904,0.7159518965934704,0.7111130039448538,0.8200117598533165,0.823302912046579,0.8234959277071194,0.7122737026188966,0.8203747297777846,0.8217247324137746,0.8199767318505187,0.8183825165955457,0.8171160110340091,0.1728768180671572,0.7079593388111401,0.8184465469433191,0.8175661463437311,0.8189728794964147,0.8222720177995259,0.8180567415074514,0.816497027718444,0.81694641637478,0.7111673999262298,0.8193615049724079,0.8176135147371283,0.8176077472259417,0.817209316732778,0.8192726559039752,0.818943074203304,0.8236825375356357,0.8215555303473806,0.8191912172865966,0.646506853230093,0.6464619990535345,0.6458114691540953,0.6478094227095816,0.6453744526006591,0.6453433602862247,0.6474827556188317,0.5024607908154266,0.646872494778812,0.6463588325773468,0.6453647171351596,0.6456239869115847,0.646470635548293,0.6452826501475764,0.6467750032357438,0.6455889623951417,0.645324268869037,0.6460126322180465,0.6455574024602395,0.645271271438505,0.5006056169296204,0.6458200747807831,0.6456644194437021,0.6457903460017198,0.6453781037513946,0.6453077753581797,0.6453275435719946,0.6453668052910377,0.6454369367460888,0.6452705054378038,0.35415578374775775,0.6453562095345403,0.6479745376985285,0.6465309016926547,0.6462949603810895,0.6454361879289333,0.6458426207706489,0.6461230234550772,0.36473528774930036,0.6473031154047176,0.648795539882304,0.6453591835133462,0.6461176264321942,0.6453924336668211,0.6461433981904834,0.645420588221492,0.645961867139375,0.6452759644713368,0.6453313752155019,0.790276180448004,0.790276180448004,0.790276180448004,0.64549192459693,0.790276180448004,0.6452909428894941,0.64549192459693,0.645386026013386,0.6457395614725707,0.3046435943526961
0.5172080086816425,0.5019268908589111,0.5024884662306903,0.5010564541418728,0.7075329997954027,0.6272126644977597,0.8179863675282358,0.8184847119953023,,0.8175618937789819,0.712149329794761,0.8200583606166163,0.819062875944597,0.817703866582833,0.8165995539826371,0.8165270260033411,0.7092782553824905,0.7078164939482844,0.5918686069459698,0.4999986291118334,0.7079297443851563,0.502923782983038,0.5032260254706888,0.647755981013173,0.6457428669294368,0.645566768415948,0.4999339087527991,0.4997894227453449,0.5014012785968568,0.7080641733693522,0.7083261915576641,0.707644859187,0.5802249352755667,0.8170191518867256,0.5783863785480234,0.7073974093874237,0.7077034517161195,0.7079036272374881,0.8165294563342275,0.8175052566016334,0.7081434066558973,0.7077021579151284,0.8166710815329196,0.8176019804189515,0.8177706493554372,0.7075877140614475,0.8166127696268346,0.8181605544219099,0.8165107314878332,0.8171761445928107,0.8168452046221507,0.14339133847137717,0.7070879398045932,0.8165007537688252,0.8169582395932334,0.816720974538916,0.8166702467447217,0.8168300347940162,0.8165020942550862,0.8165863663035939,0.7075329956029431,0.8165536358489117,0.8165034362570678,0.8167703483326029,0.8169156641552037,0.816761226263134,0.8168039306240796,0.816527612385095,0.8166903960021163,0.8166328769281971,0.6456521501520588,0.6458892170165002,0.645685931256462,0.6454782867701571,0.6458866340357139,0.645442998421841,0.6456800272734503,0.5037138126413004,0.6461880355660894,0.6455222638823118,0.6458339886538406,0.6455150289775088,0.6458965219738394,0.6454095728257107,0.6464245676095616,0.6455687415851232,0.6455892201446831,0.6455892201446831,0.6454591292910078,0.6458097849653628,0.4998499576071523,0.6454213376093032,0.6454408677165837,0.6458259324710117,0.6454688681808844,0.6454164534370236,0.6460396498797528,0.6456011975560277,0.645660585853652,0.6455760127585561,0.35499878065466944,0.645867962610372,0.6457530618215636,0.6462810215201034,0.6457667373102235,0.6455363623287832,0.6454928102660378,0.6455802581225074,0.35510080843850617,0.6455250967150311,0.6470421018321885,0.6453887352943498,0.6453839916523303,0.6454561418185788,0.6455564451163819,0.6454511263133582,0.6466828641919496,0.6455687415851232,0.6454109361328466,0.7904020774984699,0.7904020774984699,0.7904020774984699,0.645650740156586,0.7904020774984699,0.6462411874988442,0.6458004317748668,0.6455892201446831,0.6455087542829546,0.30392890720075494
0.517692592673255,0.502189837581318,0.5131380368898293,0.5131152941381568,0.7091391071691648,0.6245736419184853,0.8207149892949216,0.8238199272538408,0.8175618937789819,,0.7169774384907147,0.8224602519811811,0.8215466904156306,0.8186564659192099,0.8255780053424927,0.8214354549845808,0.7394687504614285,0.7092462632748137,0.6078769880679037,0.501182425678385,0.7093142968185817,0.5208285578777075,0.5047260002143671,0.6527789738627786,0.6520493465210189,0.6564211087437476,0.5183172768344364,0.49993681991593664,0.5011818262021971,0.7167091508676937,0.7219365827353545,0.716586456666896,0.5821234995665279,0.8243277959871136,0.583205953360993,0.7123983440456519,0.7149816201309243,0.7112456947292259,0.8246214879584682,0.820723467504641,0.7153950910583167,0.7199593096182516,0.8220267140593339,0.8226642269070077,0.8223946938810858,0.7099322788867088,0.8212148588229327,0.8210407114182042,0.8209882040214108,0.8184074040772255,0.818053014276066,0.20240675576513503,0.7079218690723554,0.8221065257967132,0.8232156367347804,0.8209050055398456,0.8236873187306923,0.8232305651521574,0.8166220965844083,0.8177418763664044,0.7129311382889222,0.8171547179023515,0.8206824124256845,0.8183055097624682,0.8190121417137465,0.8188778273102536,0.8169625349747429,0.8180914240001756,0.8194072685094098,0.8195110957993408,0.6467878785459964,0.6506300742277739,0.6476410068601344,0.6492196548284,0.645510750010554,0.6453742094316436,0.6458490283560608,0.5005047912554985,0.6496520084038586,0.651687385864243,0.645576177045848,0.6460503554833935,0.6456953542100043,0.6464831509583587,0.6456524148711534,0.6457341026891791,0.6459045404693918,0.6454377298368192,0.6453331412391865,0.6452958956062429,0.5018126448480537,0.6460252041518232,0.6453167024535562,0.645270276011233,0.6456180486892314,0.6455485804368988,0.6453314378032343,0.6470934054567705,0.6455934779710278,0.6452511008336059,0.3528860331024949,0.6458939347484265,0.6473516722053221,0.6491617220412721,0.6480412307651101,0.6458710508784344,0.6460470297554948,0.6476751694403363,0.3627592869549965,0.6492184360445703,0.6514521609391604,0.6467744857371254,0.6459322760071624,0.647829149480759,0.646421483856919,0.6453690840509176,0.6457341026891791,0.6458159570538546,0.6457036644055633,0.7902364343368057,0.7902364343368057,0.7902364343368057,0.6453945074532316,0.7902364343368057,0.645564092224669,0.6453945074532316,0.6459045404693918,0.6463753309946045,0.3050116539814327
0.5179393934868773,0.5011361757986,0.5121337969128206,0.5225950468101975,0.5175613197710184,0.2956910076278404,0.7103976371344264,0.7220504332736697,0.712149329794761,0.7169774384907147,,0.7277348856371206,0.7158979461829627,0.7119621577553747,0.7190606387195585,0.7226638943328868,0.7147808975164764,0.5117691307111261,0.17969972790570823,0.5100225427308115,0.5217458127224978,0.5198690843164899,0.5021203496599378,0.6163838735397245,0.6281233071876023,0.6171750173090951,0.5244212484399516,0.4997059672176857,0.5001311293049264,0.7278992606303072,0.7341903700928345,0.7259927876161324,0.7132955181673174,0.7122012180967701,0.7109301344108381,0.7108353788395615,0.7190377545966499,0.7115191959458583,0.7261810568429681,0.7119335138417214,0.7183237770667953,0.7269733070206006,0.7172016140715018,0.7226310071248923,0.7291665235100453,0.7159887882702619,0.7145762152001258,0.717759550478057,0.7209327884364365,0.7127980577268324,0.7136471567137725,0.22530098533926812,0.7107213161847494,0.7105947392095634,0.7154383985309649,0.7142364027160978,0.7118327764202844,0.7163031669087238,0.7101744613637435,0.7109475193514533,0.7125490415264093,0.7122350398202683,0.713463651203005,0.709091936310567,0.7109365953170981,0.7139324652112549,0.7114716303852059,0.7177546149080131,0.7200641454446389,0.7138582626292064,0.3570748050540065,0.37219828013636563,0.3572167639935265,0.36027228985555193,0.3574836631639803,0.3656929320677785,0.35880357011373676,0.3595150144916348,0.3614737278989454,0.3555706559761156,0.35656207582174926,0.3581101728333503,0.35782603151091047,0.3574364126551109,0.3552706573074165,0.35692220986885553,0.3557998793650533,0.3557998793650533,0.3592407770680991,0.35509298985356724,0.35497712771470824,0.3583237147630085,0.3566539059514386,0.3565257402558423,0.3555592895131208,0.35559141251902576,0.3564219014749924,0.35797770976589227,0.35582409949918103,0.3572579959475048,0.3560187533430816,0.35526030250218044,0.3628513770585406,0.36373241395395556,0.35670802566692283,0.361319032668307,0.36173213119260805,0.35852598669994123,0.3712862095384202,0.3732135524198007,0.35673439371537063,0.3613909322969313,0.3636012805593115,0.361325992451566,0.3555604413154027,0.355832452521887,0.35630909840989716,0.35507324982584454,0.3558285370582169,0.35505589047697855,0.35505589047697855,0.35505589047697855,0.35547296111592364,0.35505589047697855,0.3595656314604225,0.357314757049045,0.3587984556448331,0.35543386970402824,0.3555743488572188
0.5173186447813325,0.5040491123086559,0.5233228014314489,0.5159606874683786,0.7103491711794511,0.6273207726689805,0.825936481308839,0.8298087329661301,0.8200583606166163,0.8224602519811811,0.7277348856371206,,0.8234067765165453,0.8235729149079192,0.8201244933046762,0.8208949737129186,0.7157863437480334,0.7101975884111615,0.6017626182856304,0.5026398638938842,0.7103996067306163,0.5067987770626,0.5070224152652536,0.6503543185087497,0.6503520564933186,0.650521505247142,0.5074504784149081,0.49980071777936036,0.5024756520047476,0.7462801640613881,0.7251721564161888,0.7177127978858011,0.5802619319717323,0.8217126799295512,0.582569409870671,0.7128694813684225,0.7225681519746268,0.7163979826522289,0.8228954937790207,0.821515136234723,0.7227305022290157,0.7129229561283562,0.8189114489503497,0.8344525952544224,0.8274919322135112,0.7209650836522962,0.8264258299965971,0.8309066801840101,0.8256249843684584,0.8214005923176232,0.8210190889617008,0.24122309815724516,0.7105688593499024,0.8209148983396062,0.8243046240524172,0.8215871321204508,0.8181058741148945,0.8203325311455061,0.8175047159422614,0.818135318974061,0.7226678860001466,0.8191496027365133,0.8220754736943886,0.8196286193578726,0.82020909552277,0.8192198207155814,0.8196411798375169,0.8243003214900757,0.8226687264818209,0.822614828560593,0.6464755736174637,0.6491550853245017,0.6498369656704064,0.6524073639796515,0.6483022943757641,0.6483109086220693,0.6482560540858465,0.5078720558240437,0.6484107321650032,0.6484114209884042,0.6454806523126865,0.6477221671455895,0.6457825441641146,0.6475896077911111,0.6455190411282167,0.6454453602359758,0.6456959006339287,0.6456522470173843,0.6528337633052433,0.6482162588336127,0.5037929530687039,0.6475542196369827,0.6456030623425947,0.645855699387634,0.64722028026256,0.6478955924991223,0.6473457937286873,0.6466421943606043,0.647607418019789,0.6455048667638965,0.3558480100271309,0.6472605771487103,0.654081468441569,0.6505987357928702,0.6505065081194124,0.6487917869620603,0.6474506914257919,0.6467226918285259,0.39431150932234016,0.6556979368970575,0.6566651419793443,0.6478910591151039,0.6466346897644886,0.6491614655717024,0.6473378080539407,0.6469398193263187,0.6454453602359758,0.6464217310291737,0.6454610760946092,0.7903450593730124,0.7903450593730124,0.7903450593730124,0.6456824589621677,0.7903450593730124,0.6460516887771415,0.6456824589621677,0.6453153646902977,0.6480079015143267,0.30570842893003325
0.5169702502432,0.5023924055009571,0.5242968747566341,0.5295512945701679,0.7310258876301227,0.6283039577520028,0.8204036253406966,0.8234930487407889,0.819062875944597,0.8215466904156306,0.7158979461829627,0.8234067765165453,,0.8325084639132226,0.8195312353825767,0.8188947658375908,0.7125102668448773,0.710636725981143,0.595661332591708,0.5043981651526359,0.7070706394799434,0.5079405281572635,0.5036197459422338,0.6485445848484178,0.6520421952994785,0.6484734203031114,0.5064791788666094,0.49975931630802234,0.501519686066813,0.7141738244580521,0.7223188457283377,0.7184529028988168,0.5795237627127872,0.8184083828932406,0.5816703937531755,0.7090945358561416,0.7131342346871863,0.7104772682426131,0.8186299580193143,0.8189821325078553,0.7117402780982509,0.7200727168052977,0.8218140509605113,0.8214079703433844,0.8326578433867996,0.7093840494910122,0.8175285514207442,0.8249830862497977,0.8209404871376886,0.8206208377673364,0.8171454672638797,0.1780129700632432,0.7078450591420854,0.8185442913783532,0.8197953179150885,0.8243828312103548,0.8173696273021975,0.8174890718467287,0.8178490034421356,0.8165896556804227,0.7175953458030577,0.8178241459722343,0.8172678898391184,0.8235843301963756,0.8235221205701602,0.8199098998720215,0.8206918040630856,0.8237325423292721,0.8184255513222961,0.8215304786290247,0.6453009745848548,0.6473542473549282,0.6453063317909398,0.645332809302722,0.6454330532093348,0.6452851185424859,0.6475129148893392,0.5016527364071912,0.6511938720315876,0.6458442669753073,0.6453093821597791,0.6466620839784962,0.6458234045087212,0.6454713071081278,0.6463127340216919,0.645776357511103,0.6452800655661242,0.6459589274968928,0.6453277453349353,0.6456881386686814,0.5022402126214748,0.6465696795889357,0.6452844903194728,0.645287220510713,0.64525403457945,0.6454720211619176,0.6452464977642572,0.6454252661345563,0.6452993172238916,0.64559433245848,0.35341019074736096,0.6456809042352967,0.6464453782028896,0.6469536747842333,0.649666868913634,0.6465433179438884,0.6478030269883337,0.6471962665833613,0.36741670603627496,0.6483826619155716,0.6469893578026205,0.6458033913104959,0.6476245060211056,0.646218095012625,0.6473952197839671,0.646447951176007,0.6452321477801671,0.6457585986909227,0.6464805450840332,0.7902438071205982,0.7902438071205982,0.7902438071205982,0.6454125787803127,0.7902438071205982,0.6453180579101782,0.6454125787803127,0.6452800655661242,0.6454348656788057,0.3053139197104123
0.5169422584448885,0.5016700543420031,0.5195729540260722,0.5147139631874175,0.7160907808452641,0.6314191756667834,0.8221001068018423,0.8209359913932134,0.817703866582833,0.8186564659192099,0.7119621577553747,0.8235729149079192,0.8325084639132226,,0.8181084420809601,0.8167180161681361,0.710172573967981,0.7096142504370226,0.5968046843067072,0.501505942802026,0.7077109877427876,0.5078378733884821,0.5031149613152324,0.6474119773832341,0.6482260312282913,0.6566702142849551,0.5082108627146287,0.4997810931494499,0.5011834318481365,0.7210826310293933,0.7174509959496309,0.7150986920778415,0.5786683113732913,0.8180640674165641,0.5806379411620053,0.7098744555425437,0.713483888208467,0.7082176042875559,0.8239312903640086,0.8183406672535573,0.7112947642622047,0.715115832891033,0.8233479479157156,0.8220005443305038,0.8406385667608964,0.7141436711814276,0.8212967757043204,0.8231967227203593,0.8206405492894013,0.82133633524719,0.8182813701262924,0.1905135023483089,0.7080586152202605,0.8190060807076419,0.8203580551654998,0.825079900956602,0.8167880791813248,0.8168612057337216,0.8169284322106084,0.8186026098720798,0.7149338715919829,0.8201085758816263,0.8183221414340224,0.8194585254541236,0.8225196233097993,0.8211303256575229,0.8187428960896764,0.8242115100067042,0.819896705044023,0.8221010462878806,0.645658505532507,0.6482201551069205,0.645590332644672,0.6467367418346996,0.6477853720424845,0.649955928548431,0.6497862291254378,0.4999316081205065,0.6467986732853624,0.6453339436116865,0.6452617226363877,0.6472242637155395,0.6471075348002796,0.6457173614230418,0.6459853896214961,0.6452613894113194,0.6453387414502135,0.6453550616595082,0.6452966011003992,0.6452713587144627,0.5003778702424294,0.6461968340614548,0.6457547824320459,0.6453029471486008,0.6456803952403468,0.645830932238461,0.6458677093366118,0.646683998181583,0.6453483771666709,0.6454354096328887,0.3545337256629769,0.6454485354679638,0.6489417835671782,0.6469718420631554,0.6458789194779037,0.646824063597435,0.6463938045471233,0.6500594723851001,0.3726967829204422,0.6503463945568865,0.651346999521209,0.6456422021618811,0.6460814502939929,0.6457418285798336,0.6459042983145529,0.6459819761868771,0.6452613894113194,0.645625190447864,0.645294437310137,0.7902673088093045,0.7902673088093045,0.7902673088093045,0.6458328588544732,0.7902673088093045,0.6452945279214213,0.6458328588544732,0.6453387414502135,0.6454090657292734,0.3045490746336426
0.5193658083134662,0.5016693657845062,0.5062924496080364,0.5065161163509104,0.7084404564585967,0.6225891916786525,0.8165035333251491,0.8196660077954705,0.8165995539826371,0.8255780053424927,0.7190606387195585,0.8201244933046762,0.8195312353825767,0.8181084420809601,,0.8207657254417721,0.7159867377972859,0.7099467314265278,0.5998711559305562,0.5074540664245986,0.7106157257409499,0.5057214715870915,0.5063800038384619,0.6460026818083805,0.6459021568670489,0.6456131961921711,0.504549121666418,0.5003147679781151,0.5013515334463828,0.7194365196283772,0.7141972444236686,0.7140778502133396,0.5796700761331498,0.8188885677638665,0.5865597173295136,0.7120492013401092,0.7169139626657189,0.7091797667582036,0.8241442699514392,0.8183942186656343,0.7126269008646959,0.7165686926056998,0.8224499046632099,0.821381153855535,0.820843450164953,0.7093760833898449,0.8172157338762825,0.8182150851557012,0.8226231048945889,0.8191348582860735,0.8189764438117528,0.22920409469680045,0.7100691842850123,0.8191703348296846,0.8176125020595356,0.8171007853708436,0.8166896556536655,0.8179419184682513,0.8165256305691334,0.8170002491849278,0.7090901233619882,0.8170573841925718,0.8177527698181634,0.8166253901998828,0.8168644359406564,0.8168385437199637,0.8171852750931896,0.8171565244954123,0.816613834452211,0.8165682176203276,0.6472606346544495,0.6471972855005356,0.6455053449445898,0.6455938676293637,0.646194142156643,0.6452511212822069,0.6453545154584405,0.4999144535399669,0.6458574813791239,0.6453679750965404,0.6453269560058675,0.64664432035786,0.6462015197771812,0.6452220165320446,0.6452020818370809,0.6455213771663316,0.6456307216799542,0.6456307216799542,0.6461499457529778,0.6452870892892488,0.5002500520151671,0.645232678308324,0.6458384075396911,0.6469179856298233,0.6459716489557271,0.6458049324009077,0.6460375514823139,0.6459634963837673,0.6467161417379679,0.6481708524362348,0.3563427979542598,0.6454574637167312,0.6463441443036777,0.6466053412393095,0.6458264161059808,0.6453422507396357,0.6452797809669151,0.6452735100109108,0.3594917399486947,0.6481058558937899,0.647736517915062,0.6453265912827305,0.6453277848954398,0.6454286476249235,0.6453688406621795,0.6463056503677198,0.6452572779319738,0.6463324682332491,0.6453035042236691,0.7901993234531414,0.7901993234531414,0.7901993234531414,0.6453035403620202,0.7901993234531414,0.6454831045608557,0.6453035403620202,0.6451985443091712,0.6454527095815823,0.3035572104122745
0.5175662293341592,0.5030495854126285,0.5134371909624394,0.5073788029852463,0.7074619121560978,0.6232906308027168,0.8172807156925833,0.8258745734467007,0.8165270260033411,0.8214354549845808,0.7226638943328868,0.8208949737129186,0.8188947658375908,0.8167180161681361,0.8207657254417721,,0.713393390681052,0.7146539762303109,0.6106145124946148,0.5160031461991302,0.7144707481434412,0.5078183906549054,0.5045828669057426,0.6478463782425328,0.6505199378683922,0.6511174253916597,0.514592239111692,0.5000876426467039,0.5016867170277204,0.714458699082729,0.7162644536127172,0.7176969323389397,0.5788800822702419,0.8205780637491702,0.5808941197348535,0.7098182863657004,0.7196270959349251,0.7094594233617253,0.82190717875249,0.8182834248172496,0.7162877450092708,0.7174111165284233,0.8195796557486179,0.821692258807141,0.8231908948373574,0.7123114708679962,0.8209639697921556,0.8212276136596868,0.8189025662977623,0.8194137055865531,0.8206470996440454,0.1850620781030525,0.710264233244119,0.822692284912196,0.8180097744027282,0.8169962127703317,0.8168534439289056,0.8175564518658126,0.8165042309422779,0.8165472708523058,0.7127116198282482,0.8171910989182098,0.8165071706737255,0.819022401486774,0.8200277127572858,0.8227023411431654,0.8203287178858022,0.8207075174785003,0.8195603849456998,0.8179881313639523,0.6453456925837795,0.6458115892783475,0.6466536757631246,0.6452217488540919,0.6453293390012065,0.6452384610928572,0.6455979438143085,0.5013250754453722,0.6463303337544288,0.6453334762834763,0.6452737350389881,0.645657566358467,0.6452139921388171,0.6459468190526414,0.6458853734630807,0.6454245071367553,0.6455060226814636,0.6452239881036945,0.6453354848053997,0.6455280866434211,0.49949762882203963,0.6455785220482192,0.6452130752688439,0.6452305985097033,0.6452070028516839,0.6462826672009512,0.6459319730158396,0.6452041138644086,0.6453434528526708,0.6452305126780586,0.3527562629292675,0.6453996681899059,0.6471489588618937,0.6469659683956533,0.6469947063811069,0.645810330745567,0.645305838410127,0.6467096901579072,0.36377973334971375,0.6473231890610278,0.6458116276188082,0.6452490659496658,0.6453004635424394,0.6452621498934316,0.6454665543656025,0.6452092770329605,0.645341917277331,0.645341917277331,0.6454781601278322,0.7901824275337489,0.7901824275337489,0.7901824275337489,0.6452621218447642,0.7901824275337489,0.6453432071431119,0.6452621218447642,0.6452239881036945,0.6465325626082222,0.3035771670045767
0.5237929606753498,0.5004115392003013,0.50285138942513,0.5054541040363123,0.5056338134794532,0.2807667368568454,0.7115784445606625,0.7198736032176044,0.7092782553824905,0.7394687504614285,0.7147808975164764,0.7157863437480334,0.7125102668448773,0.710172573967981,0.7159867377972859,0.713393390681052,,0.5122236766290784,0.18126832932650142,0.5023179610986449,0.5111369263779375,0.5058170289851215,0.5019313419441682,0.6149477482422976,0.6156820998362222,0.6235082900617647,0.50549315136912,0.5004254429608168,0.500129635873535,0.7084250227001294,0.7167118102920789,0.714835434517898,0.7128590984101436,0.7165643993612772,0.7149023689706009,0.7100417985588989,0.7180732646077489,0.7109589171319617,0.7169020947703448,0.711477334315736,0.7104470448526807,0.7194089510139442,0.7215580993663209,0.7140894932042734,0.7161422533624915,0.7107543253597528,0.7146062052642332,0.710293578089511,0.7125372801361713,0.711863273605713,0.7144741072544315,0.15116443399246643,0.7134539405388376,0.7138162376358277,0.7125615989986319,0.7137225948773745,0.7110006890777214,0.7209342250242327,0.7096306712619307,0.715997453911983,0.713791978312883,0.7146314841877456,0.7177370199108272,0.7123684425224857,0.7149568560621908,0.7109620011187937,0.7147752810296295,0.7111306901209056,0.7134745523443594,0.712505019958525,0.36452296270807005,0.3600890211893223,0.35974257909269547,0.36725607791262704,0.3632335804040966,0.36013070157965416,0.36892979922670444,0.3721180129054859,0.36112771459554177,0.36407097178866266,0.3573204859977595,0.36339117485217926,0.35711880678090585,0.3607627058897111,0.3572600228962006,0.35746077701352386,0.35713813669575684,0.35713813669575684,0.35908150158284635,0.3580620206045472,0.36073892790856876,0.3574478947236746,0.3570968555062497,0.3605196937996819,0.36411378325798976,0.36011729424188066,0.35705920349541465,0.35950435272280085,0.36224806201321313,0.35727184836276443,0.3535269435424591,0.35936455366243275,0.3610712518967282,0.35965490088038743,0.36311561777596985,0.36063059060561836,0.35885870232797573,0.35965043273956604,0.35767994313260704,0.36016724957119217,0.36276983373953536,0.36599399615945355,0.3586407042558568,0.3657574551075931,0.3575501149221819,0.3571540232402188,0.35746077701352386,0.35766644998016367,0.35738323633177377,0.3570175563792352,0.3570175563792352,0.3570175563792352,0.357233386694397,0.3570175563792352,0.3655573571991771,0.357233386694397,0.35713813669575684,0.36253905632305644,0.3537315330832976
0.7077423808764058,0.7084818728943091,0.7149145882530646,0.711063511612936,0.8183198915541939,0.5995943207542715,0.7079308977706119,0.7103065557959014,0.7078164939482844,0.7092462632748137,0.5117691307111261,0.7101975884111615,0.710636725981143,0.7096142504370226,0.7099467314265278,0.7146539762303109,0.5122236766290784,,0.607973421949703,0.7130480348475831,0.8245681919418516,0.7152095014309435,0.7091918684898598,0.7116101585121307,0.7132624505382698,0.7107235271881504,0.7187329047697966,0.7071910562488778,0.7112378195207204,0.5099360980033879,0.5208975115852784,0.5076369562909051,0.4231954755318293,0.7138286320925508,0.41089509252917256,0.5022326248979548,0.5065928889817779,0.5081038133994548,0.7091215272587355,0.7108166250684895,0.5051866113695388,0.5124806431668424,0.7108233093230737,0.7129004722493409,0.713599900255142,0.5796003097043837,0.7093349527599747,0.7122448140980872,0.7136103844567036,0.7083106086166108,0.7091508769228285,0.1917864085727539,0.5780256621227898,0.7081618944047108,0.7081758422259243,0.716193513595698,0.7083671579519756,0.7106293983867751,0.7077765513630367,0.708683389062909,0.5099936753753481,0.7092617620689705,0.7087003602873948,0.710392096469987,0.7113258221321248,0.7096530225085886,0.7087989523195825,0.7119012357326063,0.709341610460479,0.7098043212539779,0.5790614755604325,0.5789522285508774,0.5790253713475386,0.5788637850518192,0.5789571154600389,0.5793039841018418,0.5788993232426017,0.4113492237096079,0.5786006295577202,0.5786872145638496,0.5781681090248985,0.5780673176640394,0.5779856180275927,0.5780652760917666,0.5780949954047173,0.578173156503053,0.5782835660089688,0.5780229180812474,0.5781063278266303,0.5780584964075678,0.40920987336373477,0.5780347773631931,0.5782889625664155,0.5783258963733667,0.5782751282585958,0.5781146492956247,0.5782689794475959,0.5780494187379097,0.5781174032956453,0.5779833087882229,0.047556194665644036,0.5792680602973825,0.5789295812004979,0.5789320433996137,0.5805025538317493,0.578516091872522,0.5788782877912879,0.5781957773705775,0.06986242594398742,0.5803509619069679,0.5787189050542038,0.5783938066399429,0.578932031853669,0.5784615711452945,0.578935039656302,0.5784908370223615,0.578200254220441,0.578200254220441,0.578167873448223,0.7078432927363395,0.7078432927363395,0.7078432927363395,0.5780342862531747,0.7078432927363395,0.5817775057306767,0.5780342862531747,0.5780229180812474,0.5782519202472086,0.10056054806600902
0.20356904921480407,0.20800817510147082,0.25107086025057407,0.2198288924363121,0.6051847054429362,0.8059661391982365,0.5982888559258732,0.6043310825217856,0.5918686069459698,0.6078769880679037,0.17969972790570823,0.6017626182856304,0.595661332591708,0.5968046843067072,0.5998711559305562,0.6106145124946148,0.18126832932650142,0.607973421949703,,0.2336704466417627,0.6032888592469828,0.24036183253337398,0.21495204671263687,0.45198686346882294,0.4457791348116441,0.44606973314729864,0.24671488370339742,0.20573280179408848,0.2073830695087421,0.19409059651425847,0.19092445686597148,0.2078717990163042,0.13451684900582525,0.5957931088186132,0.1428670462043221,0.16875684709512334,0.18663193972898956,0.16490293360565614,0.5977946725916002,0.5970505988971919,0.22356080075281978,0.18808967709548174,0.6017907690390307,0.5970134801267265,0.6109072873013333,0.43782748382385545,0.5943455488054579,0.5995513732404442,0.5987774729762889,0.5924112644546385,0.590816731643073,0.15896091974735657,0.4305599776542329,0.5964532283000205,0.5908186892771299,0.600538212921206,0.5913572453435693,0.5975238739859696,0.5899536928214062,0.5916809070490338,0.16927265732427482,0.5947600507814901,0.5916992488834761,0.5941362259185984,0.5913376851107898,0.5972376850119527,0.5963515723451549,0.5980249718186653,0.5952959572219291,0.5936580946916535,0.5900493561402543,0.5903545535954656,0.5913946482263082,0.5895626926618794,0.5902814807424841,0.5915523126919783,0.5913582813120432,0.4336757146298233,0.5891212517732921,0.5913127333992976,0.589428493319304,0.5895971759478794,0.5897697794217459,0.5888753876774228,0.5894357092884869,0.5897388525429059,0.5900364483172791,0.5890661127530712,0.5911465366743776,0.5895032303271072,0.42453407585740255,0.5903844456071082,0.5892052088871237,0.5891893783846163,0.5891063713954909,0.5899655314066619,0.589506704252801,0.5907289199862229,0.5890394557882966,0.5893203183477428,0.14441346640381494,0.5898694773176413,0.5901613263279885,0.5910487883828027,0.5908707820979331,0.5900370766362687,0.5889506852100472,0.5905068384359667,0.16989535928967311,0.5999925265637055,0.5983240997726553,0.5890581652162294,0.5891926544468733,0.5895295315504392,0.5890833961454357,0.5891626871774714,0.5891594955725763,0.5891594955725763,0.5905787543528376,0.7211911449529124,0.7211911449529124,0.7211911449529124,0.5891456828078093,0.7211911449529124,0.5888809652151203,0.5891456828078093,0.5889119962010152,0.5888862757442312,0.16302809626704173
0.707142399069991,0.7080015359042809,0.7081538946696646,0.7131013128166297,0.7076700541647225,0.19775336746629854,0.5059031222766754,0.5092200516749841,0.4999986291118334,0.501182425678385,0.5100225427308115,0.5026398638938842,0.5043981651526359,0.501505942802026,0.5074540664245986,0.5160031461991302,0.5023179610986449,0.7130480348475831,0.2336704466417627,,0.7126383278920307,0.7214125926639336,0.7071468588718757,0.7095517002786882,0.7096949311708238,0.7137651640900644,0.7266598907101726,0.7135892694830523,0.7090963993788554,0.4999167377390549,0.5043607213566806,0.5046740530450018,0.4999497391586936,0.5050264581254456,0.5007188161916329,0.49997418353606654,0.5019524378127349,0.49997654362054245,0.5058062878976769,0.5007032555257095,0.5023646643857621,0.5030329547112924,0.5091769559368382,0.5043211281016542,0.5036896671005673,0.5038269479110885,0.5013836361080042,0.5007848057135582,0.5026240653834628,0.4999734637421382,0.5001686951759158,0.10960948232170421,0.5000533978192859,0.5016426660796376,0.5002682563489032,0.5014740016655328,0.5039710867618425,0.5008713738390875,0.5003345071429954,0.5000320457982296,0.4998747862292144,0.5022961318626947,0.4998331500590107,0.5003377442864257,0.5001451926155401,0.509161253728633,0.4997175189268324,0.5017916420378281,0.5012455136099306,0.5022348838404744,0.06119985838727345,0.03223969225458942,0.06340495061296603,0.04800300172068969,0.019902937387674523,0.07164787567537899,0.021264913469701458,0.05561497246130737,0.022748357747604787,0.01888787896507703,0.01657400276822514,0.02372254071893926,0.033198351084021006,0.024243565368239878,0.025515975290635682,0.015769679449432368,0.017045025075328995,0.04630576379818115,0.03565377733318437,0.015308172638023488,0.029928928155793913,0.044365795890196846,0.014770311486099665,0.01592301418352471,0.017217185316327807,0.023706761029147608,0.06664517806356801,0.02520083031926512,0.02189535595517828,0.014420273331462709,0.016604814708333752,0.02559745364592926,0.050119549488692385,0.05054836520353462,0.02414349178018572,0.03156315211438577,0.02128789921395082,0.03394883116884356,0.03338530120941501,0.03663059283505479,0.050410716396408324,0.017813515598415382,0.019064010884152643,0.02015223743181158,0.0718114383297392,0.016120440922086362,0.015769679449432368,0.015769679449432368,0.046223729235421084,0.011127720709749668,0.011127720709749668,0.011127720709749668,0.012858068044104562,0.011127720709749668,0.07329312135186145,0.012858068044104562,0.10319444253699683,0.057554829127489875,0.026573376248356154
0.7071282609313222,0.7089782173134798,0.7107760435508365,0.7144112473565619,0.8165171995356743,0.599622332399249,0.7075482276712203,0.7086766918088968,0.7079297443851563,0.7093142968185817,0.5217458127224978,0.7103996067306163,0.7070706394799434,0.7077109877427876,0.7106157257409499,0.7144707481434412,0.5111369263779375,0.8245681919418516,0.6032888592469828,0.7126383278920307,,0.7246070757823138,0.7116150882782594,0.7082128730469578,0.710992105235477,0.7136712433493625,0.716860970375352,0.7078720935463422,0.7078864837985865,0.5117084026094655,0.5199145229085594,0.5114118094945287,0.41482696038683764,0.7101140028925211,0.4166229495381903,0.5052604090521485,0.5192073322581647,0.5085386793246497,0.7137730947305507,0.7117334334831026,0.5075376790811983,0.5169917793319899,0.7114807273046018,0.7148080490905945,0.710324600987584,0.5818263456167944,0.7123452403512603,0.7089765384192146,0.7135121021702125,0.7100373899462349,0.7123732880126503,0.17600760219791625,0.5796191466009076,0.7087329583419752,0.7109289776228522,0.7098339996103692,0.7102633113161275,0.7112390616039314,0.7070269177289042,0.7075747601470864,0.5068690298543983,0.7078308974630357,0.707992950538862,0.7085060249938763,0.7086027594650091,0.7083632840027391,0.7087011416546942,0.7097977500338531,0.7088367207231229,0.7092552772530764,0.5777423872866327,0.5781586934903583,0.5785325822678044,0.5811251541489248,0.5790519991598674,0.5813360876886159,0.5790770212888898,0.41017228018661,0.5811708907830365,0.5806636913454634,0.580420846370235,0.579620847899543,0.5777838832526596,0.5778243066726634,0.5788905746337432,0.5788627462357275,0.5782381311885127,0.5775971862240518,0.5819252439518382,0.5796826645876542,0.40867834756500127,0.5779226820967804,0.5791516995742233,0.5802544145538333,0.579156802662644,0.5780758635986464,0.5776377557900143,0.577789902484407,0.5802595846161757,0.5793230019417885,0.06536089275510555,0.578662047013264,0.586186775126512,0.5792860566473842,0.5803891721282554,0.57876680547595,0.5803591650431299,0.5784633880561993,0.09022642083135157,0.5796588795030004,0.585804161438741,0.5795385618114735,0.5795656712598242,0.5779029046155473,0.5780830978271462,0.5786771110785589,0.5788627462357275,0.5776624883509494,0.5778769391339469,0.7074030507057996,0.7074030507057996,0.7074030507057996,0.5789104228937938,0.7074030507057996,0.5802293177675205,0.5777135874430032,0.5782381311885127,0.5779756114441699,0.09603624172851495
0.7106453461168091,0.7071463580557826,0.712824769568156,0.7109533670032283,0.7096612695169975,0.19762646656523516,0.5051541036748779,0.5100437453808667,0.502923782983038,0.5208285578777075,0.5198690843164899,0.5067987770626,0.5079405281572635,0.5078378733884821,0.5057214715870915,0.5078183906549054,0.5058170289851215,0.7152095014309435,0.24036183253337398,0.7214125926639336,0.7246070757823138,,0.707182782264991,0.7161138196146121,0.7274913760689197,0.7301319108225244,0.7573961310451516,0.7105984541014198,0.7076917067598142,0.5119876289971128,0.5164593522907344,0.5129625733925391,0.5041062974855132,0.5065433473642795,0.5121762198621,0.5089345972353781,0.5104955640686318,0.5048150658496673,0.5119691484645698,0.5018736371539446,0.504240128149439,0.514964300154866,0.5129496043893395,0.5170660515593676,0.512776824136614,0.5148793380232188,0.5090678235496364,0.5121934077494905,0.5085742637451042,0.5036286125367934,0.5053861379099926,0.1508924154585435,0.5027192668335909,0.5037577692612605,0.5059928840094376,0.5118810868463217,0.508954619672776,0.5052000518413725,0.5013536619932825,0.5061601576502036,0.5056057533388805,0.5025810319182495,0.5029279374878939,0.5042362375561019,0.5040320875729499,0.5118112012939899,0.5023055343047362,0.503050172028323,0.5135576611233521,0.5057935975826604,0.041197264619859175,0.03681537184083297,0.03803609554713974,0.05287319074103058,0.036378641170843176,0.04128509258332546,0.049965615136134414,0.03752788254944312,0.041598275179618574,0.038421450155635556,0.07426927074810909,0.03451801098854991,0.04595055923684621,0.05366456017033851,0.030880419677179558,0.037927247176578346,0.04028261682119979,0.030349058744361484,0.03683601883465866,0.031167647628039703,0.04974483168447321,0.0341855192875394,0.030462918018603458,0.03502758185667038,0.03274066637681558,0.03558832329959055,0.06860444480156619,0.03502758185667038,0.034060536446713446,0.036057266169478484,0.02760517444203834,0.032828725992602274,0.05603943113085746,0.04958858753776003,0.061991167256862656,0.038506142096212864,0.06705102013683548,0.06708776433327827,0.06368947023190832,0.047701920728307146,0.07911005619219946,0.0546265215508022,0.07026228072876739,0.05177422488185375,0.055876896166279076,0.03600170364749129,0.059318876801655214,0.03295422286786459,0.041235940367331324,0.029814256927504047,0.029814256927504047,0.029814256927504047,0.03273497424773793,0.029814256927504047,0.03997640123203631,0.03273497424773793,0.048075726943228564,0.04488100713716749,0.06230379355500605
0.7136932643946998,0.7071304024436825,0.7071506943736291,0.7072194753918402,0.7087402739126349,0.20923399406761484,0.5031398136018289,0.5030973087167904,0.5032260254706888,0.5047260002143671,0.5021203496599378,0.5070224152652536,0.5036197459422338,0.5031149613152324,0.5063800038384619,0.5045828669057426,0.5019313419441682,0.7091918684898598,0.21495204671263687,0.7071468588718757,0.7116150882782594,0.707182782264991,,0.7115011047036224,0.7120732402338811,0.7103661534235808,0.7071749199254207,0.7093436319796793,0.7421574899872974,0.509677086843998,0.5010087195491041,0.5054598555309086,0.50681536107361,0.5044258750519415,0.5068917737879369,0.5073115463178475,0.5043802092841707,0.5050286056052752,0.5052768512338555,0.5058426450944804,0.5085752030365874,0.5025737284628404,0.5038579676814865,0.5091022999203012,0.5038230474601256,0.5033142692448132,0.5077997840418104,0.5050373095307962,0.5106164625735817,0.5090061936787726,0.510613360929663,0.10908744114421878,0.5035465108940776,0.5045503333242363,0.5051941194192077,0.5032375930877215,0.5084708682880824,0.5033574798915155,0.5036323568355103,0.503181173875049,0.5014261992531015,0.5062884954687752,0.506472289139846,0.5033862264781467,0.503275975358034,0.505864611065515,0.504800938729031,0.5031112420065981,0.5040285743707695,0.5053890648349614,0.09973894734597229,0.09584429938988001,0.10731274975715009,0.08474714233035481,0.10592445681396331,0.09026370636151992,0.08921652722842564,0.12973546821917495,0.08499320203484095,0.12994970918462595,0.08727445765991297,0.14157266183832287,0.11420355842686143,0.10790403985022508,0.08316448108017556,0.08662673825132229,0.08779979769109655,0.08779979769109655,0.1416821150666315,0.11589822683512449,0.11938519512883311,0.12180121550453187,0.0978581578944096,0.09998621143425482,0.10180031687220796,0.09958603822813582,0.08834922820645441,0.09998621143425482,0.160874750465386,0.11777424731693724,0.07726503581358016,0.11233633454560424,0.11466059659035434,0.15308016311897407,0.12150796345281742,0.14628785054074311,0.1051397270130393,0.11615067590230946,0.09705541991687745,0.11970113817210758,0.1318143529008892,0.10826996886919801,0.10283442077028743,0.10931365860211603,0.20272572244200032,0.1281904233226702,0.08662673825132229,0.08662673825132229,0.09678014880247876,0.08302857982097255,0.08302857982097255,0.08302857982097255,0.08424170239052854,0.08302857982097255,0.08544089114526142,0.09593942522371672,0.08779979769109655,0.18943214178266016,0.07508898375231839
0.718962527563858,0.7074256640865241,0.7132248680163444,0.7084729770530257,0.7103994373685851,0.45837836135771437,0.6509902840597053,0.6526997157473653,0.647755981013173,0.6527789738627786,0.6163838735397245,0.6503543185087497,0.6485445848484178,0.6474119773832341,0.6460026818083805,0.6478463782425328,0.6149477482422976,0.7116101585121307,0.45198686346882294,0.7095517002786882,0.7082128730469578,0.7161138196146121,0.7115011047036224,,0.8301774221576951,0.8205823625883389,0.7222526937606355,0.7075777498953275,0.7090565546398135,0.6157172573667532,0.6155360794387614,0.6168186351931586,0.5035482403476035,0.6480658063858474,0.5004812250959145,0.6142948300648731,0.6143618513876539,0.616115886642964,0.6459238398748814,0.6466272318379559,0.6176254651843534,0.6125530371794227,0.647846792829937,0.6506589921265397,0.6467011092561025,0.5837013561542974,0.6471883628551476,0.6477443309981193,0.6486086761009079,0.6458456041407574,0.6455132363358668,0.12342863829294728,0.5786160759925091,0.6492744919711878,0.6465522537741958,0.6484354572577166,0.648156222434288,0.6492759780103842,0.6454973541890672,0.64784242180898,0.6142616187520812,0.6504295156865961,0.6510508632852785,0.6484675222758423,0.6468285048790159,0.6476673187139205,0.6457615062385356,0.6480057481696947,0.6488598047962123,0.6473593900969592,0.5022203702534966,0.503692718127989,0.502501539624043,0.5019845069582538,0.5013973534537346,0.5012860008420469,0.5033849468229152,0.41106606637960763,0.5041319617407959,0.5071969707058678,0.5005746146523923,0.5008750608104215,0.5002624465366797,0.5016148014411221,0.5020993850853936,0.5009252866262498,0.5011590208967687,0.5011590208967687,0.501187291849424,0.5002759917398528,0.40886737858195393,0.5027464728120336,0.5020480567873682,0.5017342374428494,0.501055975900807,0.503254357128436,0.5013268196530384,0.5038149658177865,0.5017202495903081,0.5006928174136703,0.3541101182762941,0.5021083080298787,0.5042337607720956,0.5032620749492566,0.5023264707130428,0.5017813065164312,0.5023123458325697,0.5024037922682562,0.35696511547263843,0.5013940696683287,0.5022086772124447,0.5003762445273331,0.5012793729587014,0.5027042783120939,0.5008865074250554,0.5003151232432385,0.5002292382820015,0.5009138264495697,0.5009457584158172,0.612650831107487,0.612650831107487,0.612650831107487,0.5011418146862913,0.612650831107487,0.5006920911596657,0.5004594325605064,0.5002894428498119,0.5024614474479889,0.2984347898563355
0.7203750953546842,0.7078333520898783,0.7104924927573854,0.7200552320682909,0.7082617600648841,0.4536790871582123,0.6471273381319372,0.6476240109644515,0.6457428669294368,0.6520493465210189,0.6281233071876023,0.6503520564933186,0.6520421952994785,0.6482260312282913,0.6459021568670489,0.6505199378683922,0.6156820998362222,0.7132624505382698,0.4457791348116441,0.7096949311708238,0.710992105235477,0.7274913760689197,0.7120732402338811,0.8301774221576951,,0.8299498650645645,0.7325292630699833,0.7087073987888755,0.7088788631830232,0.6251058737449225,0.6220352235207757,0.6221528372897303,0.5039469244291415,0.6486960691890682,0.5027993061233502,0.6146975984175526,0.6162855870467586,0.6145199158305056,0.6493730539069753,0.647456331896113,0.6171913932489808,0.6190837266160073,0.6538261988264394,0.6530292803904731,0.6537510929098354,0.5808670715143209,0.6456664467975434,0.6517155592622637,0.6511373435587987,0.6470309139496075,0.6501208847675066,0.1714317047669877,0.5777859550858208,0.6456244610774384,0.6461944319487322,0.6516462698825541,0.6497550538291174,0.645523561485056,0.6457070461383246,0.6459434013157526,0.6155291806428496,0.6459263641337992,0.6479219139419576,0.6469189899259017,0.648200865841392,0.6499544153635314,0.6460696941515226,0.6483879384733201,0.6460817891092875,0.6458442503660435,0.5000288880024936,0.5003726455278373,0.5012899189621288,0.5008607691353703,0.5001628311659089,0.5008408734643625,0.5026031636405874,0.40967142044230975,0.500761467295658,0.5016610518581546,0.5019749239924411,0.5018647238334428,0.4999700058182158,0.5004812490350987,0.49985196458154096,0.5003088267385799,0.5004635990737202,0.4998493630504605,0.5022773365315641,0.5002494017984992,0.41355832696645883,0.502110681186346,0.5008202047544454,0.5007049905100369,0.5003564566119069,0.5000305491408101,0.5009068938638787,0.5015027314301824,0.5005298054798376,0.501888691228088,0.3528539671680001,0.5011224523428366,0.502474600070931,0.5020891037101403,0.5001089330591306,0.500270853193479,0.5013072137323971,0.5020054449364855,0.3568054685753726,0.5022538373749688,0.5018189689925673,0.5058799871080545,0.506390552166325,0.5067273348710931,0.500873796031972,0.5002962137741018,0.5011428404452383,0.5003088267385799,0.5000582558389973,0.6121847928430069,0.6121847928430069,0.6121847928430069,0.5012380166537875,0.6121847928430069,0.5001595636136178,0.5000004237516171,0.5004738775037764,0.5054934624519793,0.29835580897037334
0.7189795210261215,0.7073851098133428,0.7089644296379763,0.7135399704239905,0.7106060810528972,0.45733232720986794,0.6468401591345617,0.6549397440719699,0.645566768415948,0.6564211087437476,0.6171750173090951,0.650521505247142,0.6484734203031114,0.6566702142849551,0.6456131961921711,0.6511174253916597,0.6235082900617647,0.7107235271881504,0.44606973314729864,0.7137651640900644,0.7136712433493625,0.7301319108225244,0.7103661534235808,0.8205823625883389,0.8299498650645645,,0.72902576153036,0.708060802370859,0.7103616354309569,0.6185349753862266,0.6221637333733023,0.6166424821213833,0.5024573469784667,0.6478272591107719,0.5017492825709708,0.614963332892237,0.6234204046256134,0.6145997710967351,0.6510433744802043,0.648137526447571,0.6163417768686517,0.6188025987962664,0.6521798854511905,0.6497060697291501,0.6521637394178156,0.5849226392730458,0.6465441545053489,0.6489880500940872,0.65372750117302,0.6471652134483609,0.6456863007258233,0.16013967915090133,0.5775150648725638,0.6468949386500041,0.65045615297365,0.6499171722654753,0.6501946698170444,0.6457725919904642,0.6468822760300109,0.6457014022735688,0.6165930931205139,0.6473884374645131,0.6457596145766863,0.6480998720086026,0.6464821218630458,0.650285840521881,0.6469544857027216,0.647379022765245,0.6481722509567905,0.6487769080076722,0.5002383307450905,0.5011090639217979,0.5002113594916756,0.5041795282559974,0.5005839938722153,0.5013860481111959,0.5027711629039517,0.41261466696419813,0.5017926630903524,0.5000422675604519,0.5013026068264431,0.5016026005497866,0.4999059210631861,0.5019090018195548,0.5019444805876015,0.4999863457015911,0.4998603155599189,0.4998603155599189,0.4999470492517041,0.49994956380706934,0.40837230647531286,0.49996744515048247,0.49991474303277905,0.4998865181964455,0.5003816742881563,0.4999652946201244,0.4998683522584156,0.5002159945757505,0.5000398213811874,0.49988069676109215,0.35292077731929683,0.4999585728303955,0.5020079499691413,0.5023985562731628,0.5037363909277106,0.5002192590558893,0.502746050503578,0.5049327040811534,0.35767636088892213,0.5038674060862806,0.5029252022841597,0.5022472252871538,0.5010544544811727,0.5008758561020716,0.5014593887526485,0.5013471390439459,0.4999863457015911,0.5001749339269526,0.4999266084369167,0.6121614308750126,0.6121614308750126,0.6121614308750126,0.49994316142494627,0.6121614308750126,0.5000589005966922,0.5016812571814718,0.4998603155599189,0.5012497457992293,0.30108002217928115
0.7071758193503992,0.7071077614743987,0.7117645476228356,0.7189994822882194,0.710483524727515,0.19956499371477593,0.5110280351609511,0.5134930946988545,0.4999339087527991,0.5183172768344364,0.5244212484399516,0.5074504784149081,0.5064791788666094,0.5082108627146287,0.504549121666418,0.514592239111692,0.50549315136912,0.7187329047697966,0.24671488370339742,0.7266598907101726,0.716860970375352,0.7573961310451516,0.7071749199254207,0.7222526937606355,0.7325292630699833,0.72902576153036,,0.707472240180991,0.7083331387345149,0.5161486088069857,0.518474777719135,0.5059776820849202,0.5077435083986277,0.5052185449729742,0.508045649645556,0.5061289288370342,0.5082221709828256,0.49979995276279726,0.5149475777585661,0.5063054064865049,0.5054236772789557,0.5177506387862882,0.5207750051434525,0.5270670350406788,0.5126157770797792,0.5189493882390037,0.5032090412686195,0.510651855991284,0.5239886218792175,0.5014605107494029,0.5024541296740694,0.18087901880257862,0.5010122704497104,0.5130345324031581,0.5085201176800204,0.5085287194712215,0.5193276835959488,0.5005450045061911,0.5034844106230143,0.5073218739275652,0.5041980897939503,0.501845802081493,0.5008617917003678,0.5012807062318425,0.5026037127418688,0.5088681088455557,0.4998863065161203,0.5026030436190624,0.5061526307375563,0.5066902783606089,0.026596008341678898,0.04112498428354597,0.04700819091861689,0.07062923076036479,0.04629714055396925,0.04767552030794453,0.058067929020951564,0.04133998322008005,0.0395892824159258,0.052425165507391326,0.027299281824554416,0.03043959822734047,0.05503892255376286,0.023121702900244324,0.06675364255178405,0.028262936820271197,0.04939993766705311,0.02350138002759438,0.034319555566782206,0.029549345087439106,0.028468527853265948,0.037040985218638446,0.022211380225745044,0.05880445223398449,0.048647208632819905,0.05161890169685815,0.04871748073786446,0.05143745960799541,0.02849446671463602,0.042353748874633626,0.05014459149156024,0.04055691153717825,0.06131437261116289,0.05335946029063812,0.048692004588990985,0.03476219727849421,0.07477570799016009,0.048816466948972626,0.031002224211714273,0.047097122412167146,0.043142404490473844,0.031967289214312904,0.060490144973645826,0.04220967160347661,0.03990972043752098,0.030794067346645665,0.028262936820271197,0.028262936820271197,0.02768814378051863,0.02114076066485242,0.02114076066485242,0.02114076066485242,0.024428123802086043,0.02114076066485242,0.02733037990981947,0.024428123802086043,0.04939993766705311,0.03918840824868122,0.06284531103455851
0.7077900713410628,0.7071855538277069,0.7082949758521425,0.7072268068324102,0.7071604230498916,0.19613880470113554,0.5008054818897733,0.5039861611019246,0.4997894227453449,0.49993681991593664,0.4997059672176857,0.49980071777936036,0.49975931630802234,0.4997810931494499,0.5003147679781151,0.5000876426467039,0.5004254429608168,0.7071910562488778,0.20573280179408848,0.7135892694830523,0.7078720935463422,0.7105984541014198,0.7093436319796793,0.7075777498953275,0.7087073987888755,0.708060802370859,0.707472240180991,,0.7116359399161256,0.4997848909707224,0.4999133317000804,0.499943305007142,0.5004524130748588,0.5008163421958399,0.49990665389099104,0.5020918163470536,0.4996896494618664,0.5007043248513966,0.5004594304049226,0.49981810322671766,0.5024482908851533,0.4999354328507895,0.5017161582637714,0.49994735478028146,0.499988743624264,0.5003465964474624,0.49981833957888,0.4998517491816621,0.49978373678231425,0.5004030471027846,0.5011261162936351,0.09393979984922635,0.49984023078884776,0.5005818748511932,0.5004513068055346,0.5004856126925391,0.4998791901802113,0.49976760335711856,0.49982670761184445,0.499759149001599,0.49988378525052996,0.49979885799505386,0.5011645738514524,0.5004795403967238,0.49976569042546964,0.4997924090277343,0.5023076066707574,0.4999524902357948,0.49984000746047746,0.5001639904987788,0.04943127964909241,0.05687360802664814,0.04948158214033814,0.017915004436126456,0.022597775507315957,0.020322019903968605,0.041313349159567754,0.03970630950307734,0.021482926090494927,0.053875748443195745,0.01711798001497242,0.06048727448160647,0.038081277036771,0.06960775186163604,0.01728539373459091,0.020382818299807325,0.02203124357347646,0.02203124357347646,0.0538693992651103,0.02000900981260413,0.061152499418305965,0.04710048596227033,0.0335182573537044,0.017416467532485158,0.0577957054452784,0.041633941440311496,0.029055355856870666,0.022069085440731887,0.07871794222463348,0.03558856913495889,0.014179703712592024,0.036427640239193954,0.04100584286465966,0.0808972958365117,0.03545388406520766,0.07604538790389735,0.04493615129150795,0.05750092021720946,0.06212102752671728,0.05383333490451203,0.052200876156277706,0.0528774067079449,0.016384735153994478,0.047199316118013375,0.0788225638413038,0.04198635391247348,0.020382818299807325,0.020382818299807325,0.014932297018016585,0.014382937208403102,0.014382937208403102,0.014382937208403102,0.016619466836339285,0.014382937208403102,0.018593992163123484,0.016619466836339285,0.02203124357347646,0.05895696570021096,0.04213823719062928
0.7108789595817617,0.7078410652448569,0.7071532197535118,0.7103292929675463,0.7078645258536311,0.19910691261165814,0.5021889410025551,0.5023695980571342,0.5014012785968568,0.5011818262021971,0.5001311293049264,0.5024756520047476,0.501519686066813,0.5011834318481365,0.5013515334463828,0.5016867170277204,0.500129635873535,0.7112378195207204,0.2073830695087421,0.7090963993788554,0.7078864837985865,0.7076917067598142,0.7421574899872974,0.7090565546398135,0.7088788631830232,0.7103616354309569,0.7083331387345149,0.7116359399161256,,0.500325993030272,0.5074657521138984,0.5004838872241865,0.5019838802128582,0.5011220548294427,0.5018141756225795,0.5012981130861862,0.5001333338000139,0.5002350407926418,0.5013894330387997,0.5013006682534357,0.5015880025471583,0.5002477349831037,0.501305180086302,0.5015954301998202,0.5010926857782287,0.5033106017693604,0.5028506536180709,0.5011165323239307,0.5011629346461831,0.5028411841361187,0.5047856755659096,0.09028533890742807,0.5024152560019519,0.5054722394691419,0.5023062768054841,0.5013059682771105,0.5014807469802849,0.5015100547439395,0.5020901262771441,0.5010924807394259,0.500222165046131,0.5012282837116535,0.5011827801291618,0.501635809562402,0.5012084410592959,0.503067911566848,0.5011410386768429,0.5013237477680955,0.5013555953228992,0.5010830797394402,0.0740128001083947,0.06262132808702195,0.07961853754054027,0.07685057054675919,0.08816008642428246,0.055772130433794025,0.06251003005139255,0.05478444636235909,0.058923272029168826,0.10409204581818272,0.0638096327331175,0.08923150188001386,0.07295963389902128,0.10099192840476723,0.05484294597599091,0.06593753499247665,0.06963931575025498,0.056383593418703686,0.08076909964292832,0.07403865492178593,0.0966283342309899,0.07226385571494325,0.057680840199207606,0.05459997258768278,0.05420216198496267,0.05692081750269778,0.06417378105848041,0.05452272550859129,0.07824113383637653,0.09020586975830527,0.06043403435143778,0.07444042614497193,0.09404925804652738,0.11357164583077946,0.05932464212598346,0.11389833950709681,0.05705172605595545,0.05549283728423967,0.053843054438496955,0.08334794161948005,0.09426827482832587,0.0556690320371891,0.061013772267579154,0.09528725355073181,0.147388482231054,0.08840542591445386,0.05809350975339476,0.06593753499247665,0.08214267849008042,0.05338960172256421,0.05338960172256421,0.05338960172256421,0.05786339007122392,0.05338960172256421,0.06202638939366572,0.06169162128547134,0.06963931575025498,0.13195623247931673,0.05028489532727837
0.5171722975136918,0.5018229464874573,0.5262261264673617,0.5134880786315292,0.5047642630848438,0.29910891578187293,0.7112627847724505,0.7128468266379917,0.7080641733693522,0.7167091508676937,0.7278992606303072,0.7462801640613881,0.7141738244580521,0.7210826310293933,0.7194365196283772,0.714458699082729,0.7084250227001294,0.5099360980033879,0.19409059651425847,0.4999167377390549,0.5117084026094655,0.5119876289971128,0.509677086843998,0.6157172573667532,0.6251058737449225,0.6185349753862266,0.5161486088069857,0.4997848909707224,0.500325993030272,,0.7273963741397769,0.7385144026804129,0.7172503431733405,0.7205854404905152,0.7217131809141272,0.7239495286995067,0.7211264034234934,0.7119016385106481,0.7335711587685013,0.7195572778709944,0.735141253990827,0.7275928782450453,0.7192815164056048,0.7524840084499963,0.7344706680704409,0.7236317143024156,0.7276016753621869,0.7303394099883463,0.7379967012604107,0.7321357056589455,0.7282472765038421,0.34644866723444834,0.708767021348445,0.7146185511809455,0.7185082198089746,0.7139242217263104,0.719340352186099,0.7094684729179911,0.708107939046367,0.7129097671845173,0.7211205764240006,0.7138109965920714,0.7131758425606356,0.7140160900843692,0.7200086777097452,0.7166601897570506,0.7100356901033822,0.717066742902325,0.7116369577611021,0.7141176757642348,0.3581425583505631,0.3661231181254777,0.360642769667923,0.3616780540913114,0.364005797581644,0.3687126845887489,0.3642026147006972,0.353695704762807,0.3585763848374605,0.3615867806371617,0.3551065787916675,0.3699780971931233,0.3580315239887616,0.35477546769129525,0.3609277437241035,0.35659255862652667,0.3547600172657364,0.3574589673354323,0.361947939516003,0.36414366221294003,0.36145803255887665,0.3627839411016774,0.3619236018350495,0.35606740911521406,0.3552826166519907,0.35466154068367217,0.36087302382024344,0.35852029075332287,0.35436097692942836,0.355849178519564,0.35475549338643264,0.3609612410508937,0.37143365616831986,0.36999596835500836,0.36066701307659843,0.3650780737182833,0.35868577295560905,0.35533641891055184,0.3775346588585091,0.36605321661013496,0.36828114528560796,0.35771905976777957,0.3585437077744788,0.36083933088239717,0.36603755381674496,0.3578599558586828,0.35659255862652667,0.35659255862652667,0.3548967881175421,0.35399509251753136,0.35399509251753136,0.35399509251753136,0.35486062906177457,0.35399509251753136,0.3557264484797278,0.3550928606443244,0.3574589673354323,0.3741769874807877,0.3589626318438184
0.5210530534642986,0.49981945299760455,0.5296103330559369,0.5219778762709234,0.5083622016027443,0.28849480141402206,0.7088075800901951,0.7146328144418339,0.7083261915576641,0.7219365827353545,0.7341903700928345,0.7251721564161888,0.7223188457283377,0.7174509959496309,0.7141972444236686,0.7162644536127172,0.7167118102920789,0.5208975115852784,0.19092445686597148,0.5043607213566806,0.5199145229085594,0.5164593522907344,0.5010087195491041,0.6155360794387614,0.6220352235207757,0.6221637333733023,0.518474777719135,0.4999133317000804,0.5074657521138984,0.7273963741397769,,0.7427222036926646,0.7235021861457674,0.7275107304397953,0.7194727825277994,0.7142465610247799,0.7291186780274335,0.7181603697932694,0.7388633879507647,0.7175992612089261,0.7250307423181419,0.7461511660437355,0.7268981762223381,0.7422396509421267,0.7444291732730796,0.7118027550375902,0.7165834932016432,0.7288210074764655,0.7345620577701553,0.7209977509703341,0.7220216824573604,0.2972767486153068,0.712791400919616,0.7137770115562424,0.7150975958405682,0.7217214541939352,0.710766546474193,0.7197828192056103,0.7103932560226215,0.7173618475341447,0.725089233154738,0.7117352679981516,0.7114421688020294,0.7148673378295457,0.7151786281844197,0.7102658675852956,0.712114153965368,0.7123522245535014,0.7176958609020542,0.7181494926997415,0.3555754266695275,0.3603933819836214,0.3560366287383296,0.35569452348349395,0.3568802557638137,0.36014594866952815,0.3577131332196131,0.35356350431711075,0.35615201074580893,0.36118689868384274,0.35516077157096465,0.3571923890103725,0.3556191635873031,0.3573004858939378,0.35933348775761653,0.3571219131680589,0.35595890902634125,0.35595890902634125,0.3613582377518375,0.3574453337490163,0.3596299620756282,0.3560947141052248,0.3569325865512872,0.3564388943191541,0.3597425323218303,0.35604000966639276,0.35686309145383927,0.35556404100513345,0.35735893482533676,0.35610969873164616,0.35822529051975815,0.3565778832204543,0.364072035317826,0.36477373149922865,0.36191948381464867,0.35919867509457615,0.3656675993490696,0.35575524533437697,0.3999007637889375,0.36736822059973556,0.3625461607072142,0.36536498670212086,0.3646543464439215,0.35903446910809816,0.35612910842033907,0.35910088037429094,0.3571219131680589,0.3571219131680589,0.3560385851318629,0.35513927473778756,0.35513927473778756,0.35513927473778756,0.35748879246359955,0.35513927473778756,0.3598294138233122,0.35748879246359955,0.35595890902634125,0.35627169232621053,0.3538630469320545
0.5216776254484347,0.500030906858076,0.5270751032175105,0.5241558589934385,0.5073734463839131,0.2931845206753577,0.7094835757490736,0.7128694492614768,0.707644859187,0.716586456666896,0.7259927876161324,0.7177127978858011,0.7184529028988168,0.7150986920778415,0.7140778502133396,0.7176969323389397,0.714835434517898,0.5076369562909051,0.2078717990163042,0.5046740530450018,0.5114118094945287,0.5129625733925391,0.5054598555309086,0.6168186351931586,0.6221528372897303,0.6166424821213833,0.5059776820849202,0.499943305007142,0.5004838872241865,0.7385144026804129,0.7427222036926646,,0.715221986216638,0.7210348410464194,0.7288653651369706,0.716646122005593,0.7141602671801733,0.7167733210084576,0.7264429673023405,0.7148076438472768,0.7394636097839434,0.7252115913204007,0.7231399867703101,0.7253404175631568,0.7394152412955248,0.7176455538894406,0.7216996674669246,0.7230908560250459,0.718653590050141,0.7152270315882169,0.7160743285255912,0.2230774540652033,0.7100047454524114,0.7104256609745317,0.7127852110886047,0.7228364693437167,0.7087874647957845,0.7116902707266952,0.7095042568967523,0.7086060275193201,0.7144440221233913,0.7138702221008547,0.7141894220863657,0.7148250124469159,0.7193672829927993,0.7166013896367086,0.7108599934132507,0.7152908427827387,0.7161628243909136,0.7124683549047083,0.3548669538930112,0.357731810996515,0.362575499782379,0.35520971739580987,0.3598697689990922,0.362716989727634,0.36420051787884555,0.3621258651232888,0.3615738029151655,0.36149497565312244,0.35553538513574584,0.36265905491659106,0.35717410178393866,0.35706879689111515,0.3573212689900003,0.3539989196555203,0.35384441048181886,0.35449795432079434,0.3642245436679687,0.3546991599884135,0.3644226114145556,0.3632494781189674,0.3549924077016802,0.35660350190334983,0.36152714139681674,0.3541086813200635,0.3540859649428523,0.3630993748546187,0.35796329748153766,0.35696332114882234,0.35431435743890666,0.35856752002831227,0.381990489567913,0.39563485023290984,0.37093617818752256,0.3790238783451597,0.3724227469376863,0.36058225196488125,0.4590586967961748,0.39092390461166915,0.3877634534119011,0.3630275507664514,0.3629462197390423,0.36520006311044395,0.35554454675928737,0.3626912867436703,0.3539989196555203,0.3539989196555203,0.3539071144112499,0.3538135740874203,0.3538135740874203,0.3538135740874203,0.35463772457609577,0.3538135740874203,0.35546223926919274,0.354968684974174,0.35449795432079434,0.3571211379237101,0.3550850985405816
0.5169649358803272,0.5017018702789662,0.5085498914160788,0.5058851266404605,0.4089576803324602,0.22971390288166726,0.5797903808608587,0.5800368220153186,0.5802249352755667,0.5821234995665279,0.7132955181673174,0.5802619319717323,0.5795237627127872,0.5786683113732913,0.5796700761331498,0.5788800822702419,0.7128590984101436,0.4231954755318293,0.13451684900582525,0.4999497391586936,0.41482696038683764,0.5041062974855132,0.50681536107361,0.5035482403476035,0.5039469244291415,0.5024573469784667,0.5077435083986277,0.5004524130748588,0.5019838802128582,0.7172503431733405,0.7235021861457674,0.715221986216638,,0.6069891099940921,0.5961813462821512,0.7159044928549955,0.7127931130899161,0.7179859033963633,0.5849018854471577,0.5909331714028275,0.7204331875747363,0.7140873819519638,0.5834642172041432,0.5861813755297831,0.5813421441791818,0.5806734563217112,0.5792118423325167,0.5796933013997184,0.5849017598741181,0.5814275484806863,0.584080876263673,0.19119043913229442,0.5822284912893937,0.5797094031241801,0.5830665421744183,0.5791794078149896,0.5827310581094888,0.5795431772217671,0.5961304616612818,0.579074560740482,0.7109398478456397,0.57854747039408,0.5782475504227135,0.5783640242012331,0.5799266968952906,0.5801896357869757,0.5802020030464786,0.5786599469141595,0.5782462735601691,0.5784042636089008,0.29800746862136923,0.2970393393754402,0.29334352184412416,0.3006860089548486,0.29198250318328967,0.2941794354487526,0.2941552503751355,0.29494314976684427,0.2945764541758295,0.2988878592364258,0.2940901798979576,0.29076944747989686,0.28923886573893187,0.28932796140987765,0.2915654122865118,0.2890843606097951,0.28949083030892214,0.28918396378116223,0.29874475464917,0.29030333578163764,0.29239203106452716,0.29321831286821937,0.28989164794758543,0.29967515541257916,0.2934318459760904,0.29310983274558655,0.28917615204070307,0.28944472211588074,0.2957010525392376,0.2956350533546893,0.35394481163879327,0.2937962437726467,0.2914676565616448,0.2951088489939054,0.29237525916604873,0.2923470036953719,0.2933385517506207,0.2932485594272621,0.3645031787975699,0.3014934915019345,0.29458220453961403,0.2911791433369209,0.2925574387282646,0.29838853819625444,0.29330190263601696,0.2947345126742173,0.29385930475592154,0.2902887667090761,0.28939657457847245,0.3540484672620877,0.3540484672620877,0.3540484672620877,0.2894775342984614,0.3540484672620877,0.2892845999126026,0.2894775342984614,0.28949083030892214,0.2938687432309879,0.29264164665572007
0.517428987449213,0.501872145121513,0.5060390814358496,0.5113897092305005,0.7079456117163567,0.6242181007223734,0.8200248174488279,0.8187851847487305,0.8170191518867256,0.8243277959871136,0.7122012180967701,0.8217126799295512,0.8184083828932406,0.8180640674165641,0.8188885677638665,0.8205780637491702,0.7165643993612772,0.7138286320925508,0.5957931088186132,0.5050264581254456,0.7101140028925211,0.5065433473642795,0.5044258750519415,0.6480658063858474,0.6486960691890682,0.6478272591107719,0.5052185449729742,0.5008163421958399,0.5011220548294427,0.7205854404905152,0.7275107304397953,0.7210348410464194,0.6069891099940921,,0.5907672927227425,0.721936492568364,0.7210175484383705,0.7215721450330737,0.8237347100401158,0.8279646266019476,0.7406060216255077,0.7218908676318408,0.8258345519581882,0.8308698677356893,0.823881979996121,0.7094930186351609,0.822710115542364,0.8237979700812582,0.8248348574217355,0.8254082265574315,0.8233966321929503,0.24226784012881775,0.7113286070275997,0.8227009695881154,0.8244852305857908,0.8184974257869415,0.8186384932295289,0.821899599533349,0.8184464855681358,0.8185240079433274,0.721181013266952,0.8177375718200415,0.818822204941647,0.8167748157489085,0.8199489040080878,0.8185478535462721,0.8202959374207658,0.8182965922422788,0.8183056132538202,0.8167645988783228,0.6465396603087957,0.6475231861557118,0.6474404795875847,0.6466420342625936,0.6470686733352007,0.6485192355535009,0.6468797911166604,0.5037880726317818,0.6468388354494258,0.6473949018031074,0.6459146927512264,0.6476337995811652,0.6464469081229608,0.6466904030507239,0.645490914073213,0.645479522070143,0.6455371382821699,0.6455371382821699,0.6507465411675432,0.6473270433516016,0.5040603460786571,0.6467526819508655,0.6462546852429872,0.6486403370854504,0.6487649557858373,0.6482968461938508,0.6463862037131759,0.6491842847098309,0.6477387880975647,0.6485892441306939,0.35971632752178956,0.6496909069798112,0.6479681817515948,0.6529531738310081,0.6486159093705868,0.6516607079139839,0.6483613528522137,0.6472750159641241,0.3760964022326915,0.6529792791957519,0.6510881173919191,0.6486188689550314,0.6456505995991256,0.6471226563702769,0.6485642239718566,0.6515740786153604,0.6459670195423547,0.6459670195423547,0.6454840344117326,0.7905459226125218,0.7905459226125218,0.7905459226125218,0.6461527999895075,0.7905459226125218,0.6468287194143578,0.6461527999895075,0.6456296455891977,0.6502394843548541,0.3051916100195569
0.5185098340859274,0.5000593416638218,0.5052021919249345,0.503595368229288,0.4101756961105481,0.2347946812580058,0.5791402609483653,0.5825558653748865,0.5783863785480234,0.583205953360993,0.7109301344108381,0.582569409870671,0.5816703937531755,0.5806379411620053,0.5865597173295136,0.5808941197348535,0.7149023689706009,0.41089509252917256,0.1428670462043221,0.5007188161916329,0.4166229495381903,0.5121762198621,0.5068917737879369,0.5004812250959145,0.5027993061233502,0.5017492825709708,0.508045649645556,0.49990665389099104,0.5018141756225795,0.7217131809141272,0.7194727825277994,0.7288653651369706,0.5961813462821512,0.5907672927227425,,0.7318498389674931,0.7182493785255598,0.7203894272678294,0.5834216988793839,0.5838707219565673,0.7195621607462993,0.7201558047419323,0.5909568612953215,0.5908289210652061,0.5929500871451675,0.579343518563215,0.5847614751045112,0.5862582511254292,0.5861296631544306,0.5897057323719885,0.598873909023798,0.20611730975915235,0.5804866502057165,0.5801436949252998,0.5798192447950029,0.5838040657648395,0.5804667897621897,0.577847814961603,0.5780448254833395,0.5796336356148469,0.7133271428944088,0.5792039871056648,0.5797663478899111,0.579434836796048,0.5807858079066083,0.5801043482398691,0.5819734354927588,0.5812917739823377,0.5797927091797667,0.5795980624107964,0.2924058746593609,0.2921072342239126,0.2937908688584387,0.2909501637625343,0.2937850110998135,0.29432605289404856,0.294053842657162,0.29475117749479746,0.29237281102043927,0.29553536290998456,0.30828325823410146,0.29216334217447,0.2890390664095009,0.2951634701640387,0.2883462724697491,0.28921024345826235,0.2883337340433021,0.28950758213181554,0.289716819815096,0.28844156429250495,0.29354556896089523,0.288717131996861,0.2903180159969464,0.28847585776629386,0.28871001001549507,0.29186608960201055,0.2981507369943456,0.29001876292685447,0.29066180273951525,0.2885170307684067,0.35358985560371176,0.2885296745071105,0.29606087827562183,0.30058277611681683,0.2927080045004671,0.29512220493719715,0.29259592075417873,0.2957521391942206,0.3826226940177078,0.3029068735486189,0.2986234949795253,0.28976518639230714,0.2993974493012441,0.29861323875942064,0.2914585573411147,0.2891545293523983,0.2948110261587957,0.2902618513542393,0.2900429959549669,0.35312007467213424,0.35312007467213424,0.35312007467213424,0.2886171210268424,0.35312007467213424,0.28891342369842,0.2886171210268424,0.28950758213181554,0.2927746523560158,0.28893821391899177
0.5181842988220583,0.50000415456361,0.5074888825420882,0.5032405516839983,0.503253225698422,0.27938020218521153,0.7076624939894972,0.7110465819103853,0.7073974093874237,0.7123983440456519,0.7108353788395615,0.7128694813684225,0.7090945358561416,0.7098744555425437,0.7120492013401092,0.7098182863657004,0.7100417985588989,0.5022326248979548,0.16875684709512334,0.49997418353606654,0.5052604090521485,0.5089345972353781,0.5073115463178475,0.6142948300648731,0.6146975984175526,0.614963332892237,0.5061289288370342,0.5020918163470536,0.5012981130861862,0.7239495286995067,0.7142465610247799,0.716646122005593,0.7159044928549955,0.721936492568364,0.7318498389674931,,0.7203271622316864,0.7206625051907366,0.7181003000589141,0.7174988719290516,0.7277669075294549,0.7248316900363682,0.7214581644321596,0.734875946715553,0.7265984485874757,0.7205643858136882,0.7217717307722241,0.7209413325323613,0.7196600449098165,0.7171369739491713,0.713687354156646,0.19552345805359403,0.7101254330328743,0.7155481650131821,0.7152183366706332,0.7142157610487494,0.7100912857214186,0.7091150869856144,0.7076112714242381,0.7088297615224153,0.7130413851095538,0.7106062456552023,0.7172135409351723,0.7137250768494356,0.7115240990814823,0.7107845100046422,0.7212221229971069,0.7148851725857626,0.7108266369630637,0.7164028392186371,0.36545349620323864,0.3648907934703647,0.36170998585908626,0.36584961184072634,0.3648263091596202,0.3624601763819156,0.36318908917064047,0.35843392879025293,0.3609790641915941,0.3671993200260209,0.35344068563210435,0.35464752818439593,0.3556744965550735,0.3561944301034665,0.3551724734787123,0.3546473519472804,0.353752743877765,0.353752743877765,0.36358251184498336,0.35936629760998395,0.3771260082778862,0.3562360046730526,0.3572734760611142,0.3576419974423658,0.3661164624421555,0.3554009254858342,0.3575336088378846,0.3576419974423658,0.35767521298325144,0.3611817353427078,0.35298359325370005,0.35761461448799886,0.3619215897109582,0.374309788811933,0.3642160659766082,0.3641657833966245,0.36484824448252096,0.3590620738520676,0.36325894533589087,0.369167090640202,0.3658027136314411,0.3623903190344547,0.357273046709671,0.36507673535108087,0.36801812611668105,0.3599964362414389,0.35338358699579675,0.35338358699579675,0.3545162459512801,0.35337671521546404,0.35337671521546404,0.35337671521546404,0.3539100830715877,0.35337671521546404,0.353564258720961,0.3551684901356791,0.35608620532241214,0.37586601435245776,0.3551601193066911
0.5171299676884217,0.5009163258812032,0.50351212615395,0.5116987435472156,0.5045779111183498,0.2957847660324449,0.7095867598164661,0.7149854809522957,0.7077034517161195,0.7149816201309243,0.7190377545966499,0.7225681519746268,0.7131342346871863,0.713483888208467,0.7169139626657189,0.7196270959349251,0.7180732646077489,0.5065928889817779,0.18663193972898956,0.5019524378127349,0.5192073322581647,0.5104955640686318,0.5043802092841707,0.6143618513876539,0.6162855870467586,0.6234204046256134,0.5082221709828256,0.4996896494618664,0.5001333338000139,0.7211264034234934,0.7291186780274335,0.7141602671801733,0.7127931130899161,0.7210175484383705,0.7182493785255598,0.7203271622316864,,0.7230173305181858,0.72968275670557,0.7216972531045901,0.7448101960623116,0.7203109800973596,0.7202367044263559,0.7275540699897672,0.7281159161517681,0.7259523966834093,0.7339163827766856,0.7252306227773081,0.7243579205518551,0.7186895487590357,0.7214478589872494,0.25386343339978584,0.714504366029728,0.7224064255123336,0.7177921173472016,0.7099570793088543,0.710288498942428,0.7150495221982448,0.7076795793725004,0.7113001822276297,0.7247014064784839,0.7093891970781377,0.711626877144684,0.7139725208403711,0.7158245851445502,0.7107149324887722,0.7182325760993801,0.7220035822581562,0.7161350936893707,0.718194330405789,0.35471595751630564,0.3741181887679294,0.35438056006579377,0.3559731783088454,0.3553022617661687,0.3570613058572385,0.3574087517210318,0.35641230757768766,0.36036169176522387,0.35822920161341837,0.3545256551983261,0.35636840200650083,0.3551921409149849,0.35983072166926994,0.35678904939236483,0.3575587467712873,0.35545862058304634,0.35545862058304634,0.3584676589896465,0.35417431567512436,0.3615106895065916,0.35913454350963997,0.35446143535336755,0.35663116770216524,0.3636942855439425,0.3580385244019942,0.3571105322187444,0.35740856145989025,0.356208248491415,0.3549032752036175,0.35692291845999835,0.35585402876474204,0.3630993536404248,0.3797063128239838,0.3559856477238832,0.35870420100946054,0.35754468313434895,0.35464118545017886,0.3712808590980753,0.3699882091096873,0.3694833437876857,0.35782491099351593,0.3586301877262209,0.36413600415060415,0.3568724781788625,0.35962981321711873,0.3575587467712873,0.3546410744141253,0.3542205142255271,0.354137977048898,0.354137977048898,0.354137977048898,0.3552787339490909,0.354137977048898,0.35641898456082166,0.3552787339490909,0.35869803831052843,0.3598468016943176,0.3570690671026968
0.5173909666218565,0.5012427647160645,0.5005457617944653,0.5098425156898406,0.5009097300926815,0.2881839768857522,0.7093284743183912,0.7105356512698412,0.7079036272374881,0.7112456947292259,0.7115191959458583,0.7163979826522289,0.7104772682426131,0.7082176042875559,0.7091797667582036,0.7094594233617253,0.7109589171319617,0.5081038133994548,0.16490293360565614,0.49997654362054245,0.5085386793246497,0.5048150658496673,0.5050286056052752,0.616115886642964,0.6145199158305056,0.6145997710967351,0.49979995276279726,0.5007043248513966,0.5002350407926418,0.7119016385106481,0.7181603697932694,0.7167733210084576,0.7179859033963633,0.7215721450330737,0.7203894272678294,0.7206625051907366,0.7230173305181858,,0.7136871805688898,0.7176538044688408,0.7327633001565097,0.7164247237114234,0.7183916026865221,0.7193697282854246,0.7145512796846579,0.7252704035608452,0.7218435261180761,0.7190185149038462,0.7129806410599878,0.7125361628058625,0.7118256700069224,0.18199312655347857,0.7094398629129449,0.7107560717889926,0.7137606128886766,0.7158197735317802,0.7084756334213596,0.7147792270605448,0.709243473181848,0.7121155508678043,0.7178234535741524,0.7103381930351456,0.7107334555298556,0.7122879336938434,0.7196660183683147,0.7156417304564332,0.7157448584366235,0.7128858350197208,0.7150243485573206,0.7122671488565926,0.35511588971650715,0.35872318404223646,0.37156433986045173,0.3627438285727778,0.3620471885660059,0.3569139639677211,0.3586761389762764,0.3663867843790485,0.35892115173878564,0.37057888082740387,0.35401267376940704,0.3652980272694835,0.3573663597590083,0.35677937373937735,0.35736425503730784,0.35791675003716633,0.354054427734399,0.354054427734399,0.3620984050703123,0.35510473574119505,0.36361240344346063,0.3704720339477384,0.355884948570832,0.3581024815981762,0.3620126045412848,0.35596622813237816,0.3560451047815524,0.3543982661423542,0.3644957651484574,0.359120655836853,0.36325396671181415,0.3563421484449933,0.35942255343626806,0.3607150434271065,0.3593693063333562,0.3645571811073307,0.362178316980317,0.36452274068890284,0.3647204915073871,0.36710063309933383,0.3696873344816397,0.3634623198718297,0.3542473650057881,0.357126403336176,0.362090127104366,0.3679838571367668,0.3546655898775241,0.35791675003716633,0.3568075917525921,0.35396060248086886,0.35396060248086886,0.35396060248086886,0.35468038938606933,0.35396060248086886,0.3565992646564175,0.35468038938606933,0.355657045703162,0.37113196957154687,0.3547435423262211
0.5173842346381138,0.503491009260983,0.5217661352014552,0.5173234038407268,0.7099102096755542,0.6206438877271756,0.8185343065839913,0.8200630607427248,0.8165294563342275,0.8246214879584682,0.7261810568429681,0.8228954937790207,0.8186299580193143,0.8239312903640086,0.8241442699514392,0.82190717875249,0.7169020947703448,0.7091215272587355,0.5977946725916002,0.5058062878976769,0.7137730947305507,0.5119691484645698,0.5052768512338555,0.6459238398748814,0.6493730539069753,0.6510433744802043,0.5149475777585661,0.5004594304049226,0.5013894330387997,0.7335711587685013,0.7388633879507647,0.7264429673023405,0.5849018854471577,0.8237347100401158,0.5834216988793839,0.7181003000589141,0.72968275670557,0.7136871805688898,,0.8256817447564947,0.7442439264094164,0.7332954773213005,0.8391686021526695,0.8265011324704375,0.8345251513336845,0.720974266675667,0.8243630021055148,0.8248245093303269,0.8270247485682333,0.8264992290253177,0.8268693470114995,0.25694311419080385,0.7126157116914095,0.8228137874232085,0.8233025846095032,0.8200748491263427,0.8179248109607192,0.8211962546774921,0.8174006941553282,0.8184665670208322,0.7153315456056072,0.8185011370998991,0.8182426038903657,0.8178312059882726,0.8207127616294493,0.8200616067322233,0.8186697196845028,0.8200896147043621,0.8191687320759322,0.8206109591318873,0.6480813990797387,0.6477803726571658,0.6458238819837196,0.6482934933396002,0.6464174378072608,0.6467887373082734,0.6479315013712569,0.4995571081252922,0.6462036501934046,0.6468985469324532,0.6453241055696693,0.6474372596492485,0.6454080765348958,0.6462741617113885,0.6456434824116528,0.6452830000882073,0.6452020495554839,0.6452020495554839,0.6458030765063275,0.6457083440590893,0.5013863270701148,0.6452830409493624,0.6454454377507434,0.645627522189393,0.6452224676318983,0.6452487779893921,0.6457251963002463,0.6458788681534213,0.6452626735184998,0.6453519465378466,0.3532641708094442,0.6466439619112336,0.6471357826385739,0.6462420098259828,0.6466313100593205,0.6469227471311609,0.6457803432459471,0.6452643905394269,0.37335618734598736,0.6497623519164848,0.6500407993884588,0.6473290084940023,0.6477056461858971,0.6455451310895198,0.645355055690076,0.6454629655681823,0.6452830000882073,0.6465097121080094,0.6452481516071099,0.7901923161367335,0.7901923161367335,0.7901923161367335,0.6465096783725709,0.7901923161367335,0.6455416865311496,0.6452863628996177,0.6458958123961435,0.6460180674138375,0.3033458000840736
0.5173167395129614,0.502471755733493,0.5072242508943133,0.508676730334151,0.7073376404247403,0.6204428719977693,0.8198867028720169,0.8189395964404904,0.8175052566016334,0.820723467504641,0.7119335138417214,0.821515136234723,0.8189821325078553,0.8183406672535573,0.8183942186656343,0.8182834248172496,0.711477334315736,0.7108166250684895,0.5970505988971919,0.5007032555257095,0.7117334334831026,0.5018736371539446,0.5058426450944804,0.6466272318379559,0.647456331896113,0.648137526447571,0.5063054064865049,0.49981810322671766,0.5013006682534357,0.7195572778709944,0.7175992612089261,0.7148076438472768,0.5909331714028275,0.8279646266019476,0.5838707219565673,0.7174988719290516,0.7216972531045901,0.7176538044688408,0.8256817447564947,,0.725253563613884,0.7159393371002121,0.8259889969205356,0.8228318048310332,0.8255790610010096,0.718345529787122,0.8256050026131546,0.8236474833300387,0.8241231439233743,0.8206453557341633,0.8215130876817366,0.2101000628235887,0.70986225156165,0.8198100184771973,0.8205440935594378,0.8216936002470334,0.8206683077096945,0.821687403914173,0.817631437265123,0.8165047226021641,0.7144061860308831,0.8225317760725401,0.81987552749698,0.8188502523811815,0.8209197449286844,0.8195567204907207,0.8190508732743883,0.8222881933022743,0.8180428246697081,0.8204633112921121,0.6652999476445313,0.6720653558314859,0.6548162429407719,0.6521144980575054,0.6548033092449987,0.6513515629520173,0.6491774956850694,0.507779199323262,0.6478845012492747,0.6545836324305347,0.6461188775627382,0.6461828922536995,0.6457138147669702,0.6465035131045026,0.6459551044165995,0.6457356650863785,0.6456907356047008,0.6456907356047008,0.6485552766690171,0.6457726901274151,0.5071346996558607,0.6494322395773664,0.6468872654038615,0.6479557474360973,0.6484156995792724,0.6489924024017562,0.6460012465977532,0.6467287876311956,0.6474509409434254,0.646154928323503,0.3546965017867841,0.646082241460345,0.6497860657859126,0.6504851906568496,0.6515122912634075,0.6501942366204922,0.6478337759175112,0.6462312190914732,0.3733233896850347,0.6494928681683967,0.6519556501111347,0.647740958809781,0.6460443564558855,0.6502338419529468,0.6469596922381206,0.6484614775870873,0.6457356650863785,0.6457356650863785,0.646385119039399,0.790804945987661,0.790804945987661,0.790804945987661,0.6467869904667484,0.790804945987661,0.6459411078031436,0.6458051768921211,0.6456907356047008,0.6479009046943972,0.3040778648376159
0.5169844532989947,0.5065944937617075,0.5142672701858708,0.518244293477192,0.5039114253176638,0.29609087361516556,0.7140635655025812,0.7159518965934704,0.7081434066558973,0.7153950910583167,0.7183237770667953,0.7227305022290157,0.7117402780982509,0.7112947642622047,0.7126269008646959,0.7162877450092708,0.7104470448526807,0.5051866113695388,0.22356080075281978,0.5023646643857621,0.5075376790811983,0.504240128149439,0.5085752030365874,0.6176254651843534,0.6171913932489808,0.6163417768686517,0.5054236772789557,0.5024482908851533,0.5015880025471583,0.735141253990827,0.7250307423181419,0.7394636097839434,0.7204331875747363,0.7406060216255077,0.7195621607462993,0.7277669075294549,0.7448101960623116,0.7327633001565097,0.7442439264094164,0.725253563613884,,0.7399629462750189,0.7328932502582896,0.7373922704584329,0.738895563338408,0.7448499907360537,0.7217527140987021,0.7329055614708179,0.7214102289638105,0.7197643808939208,0.7153894807798432,0.2713198308184961,0.7136344304122055,0.7180026789001791,0.7283908028752393,0.7176690113848966,0.7145843109886848,0.7246683422790997,0.7095633307220849,0.7124547077188816,0.7164717935034428,0.7130721972250864,0.7196070802818446,0.7097609250925262,0.7195135630791767,0.7189389991246959,0.7144925424630522,0.7211941666866409,0.7161554551892109,0.7110562705658459,0.3595356250319062,0.3713151113609716,0.361632754597955,0.363490487180168,0.35704290015613416,0.35708065654130167,0.36350743565601373,0.3688172101440509,0.3642362518440687,0.3687252191903801,0.35559743588342235,0.36183523950757124,0.3570565067570415,0.362776643177772,0.3547617707382972,0.35527846594372364,0.3550494925302999,0.35466368549741656,0.3628967770571289,0.35649142533965505,0.3818718061667666,0.3682954578000313,0.35836964905681457,0.36214378364901684,0.35921439766820296,0.3631651544750614,0.36120489718455934,0.36214378364901684,0.365373396694175,0.3612364813676353,0.3538806796245677,0.3654827199360704,0.3624751256502565,0.36827656924381297,0.35948880093020485,0.3719809904368346,0.3577574968074737,0.3665526140985883,0.3987043461605663,0.3914088024331851,0.39528431590733826,0.36048569322476803,0.35640518550077616,0.36012087095815426,0.3772503443474433,0.37211125682434204,0.3585349869284379,0.35527846594372364,0.35486093049067013,0.35456665738570126,0.35456665738570126,0.35456665738570126,0.355890684485289,0.35456665738570126,0.35721345130991455,0.355890684485289,0.3562745657760127,0.3787139715909474,0.3611467040063826
0.5180071058306891,0.5011329545729035,0.5179445672727424,0.5234106375065498,0.518650770784902,0.28298599121120466,0.707841023528781,0.7111130039448538,0.7077021579151284,0.7199593096182516,0.7269733070206006,0.7129229561283562,0.7200727168052977,0.715115832891033,0.7165686926056998,0.7174111165284233,0.7194089510139442,0.5124806431668424,0.18808967709548174,0.5030329547112924,0.5169917793319899,0.514964300154866,0.5025737284628404,0.6125530371794227,0.6190837266160073,0.6188025987962664,0.5177506387862882,0.4999354328507895,0.5002477349831037,0.7275928782450453,0.7461511660437355,0.7252115913204007,0.7140873819519638,0.7218908676318408,0.7201558047419323,0.7248316900363682,0.7203109800973596,0.7164247237114234,0.7332954773213005,0.7159393371002121,0.7399629462750189,,0.7516796369795818,0.7293177429960734,0.7460143932726744,0.7263970767020365,0.721716053623938,0.7270547385003003,0.7213904538591632,0.719756948704188,0.7132776601310452,0.2818725625553002,0.7074222955749742,0.7154385917888276,0.717277199367109,0.7176704267245485,0.7088916963768761,0.7124824432523194,0.7084364124853726,0.7081256207975541,0.7165064272115402,0.7115248025281378,0.7127636253876933,0.7122939978114716,0.7181850408546533,0.7122151472862518,0.7111755502619033,0.714805036552035,0.7115176919877811,0.7152577299610418,0.353819029795006,0.36358066299471864,0.35360014341592855,0.3541141659461288,0.36089967512048454,0.3597281277806509,0.3543278236059277,0.355601912741406,0.3548342395933954,0.3551939062247814,0.3530574000748813,0.35697645972950665,0.3532125946061316,0.3539792196851932,0.3539298804657208,0.35319308033935476,0.3542148469357922,0.3530321643201641,0.35473199900561775,0.35809275730965423,0.3570150386272272,0.3589778208483764,0.35344342453650057,0.35385391868599636,0.35793734907084246,0.3531438718834202,0.3532935838816904,0.35512342137985986,0.3532303397562523,0.3548639226385752,0.35466705816775557,0.35462332887027737,0.3567352927034305,0.35824159897250446,0.3578864291855215,0.3614084745355511,0.35700435466516606,0.35448750726257655,0.3676219166850069,0.36399733977454507,0.3676571023893504,0.3617671919526179,0.3565080702788383,0.3581350724179766,0.3558497802442386,0.35486453453973965,0.35612855094367024,0.35319308033935476,0.353319684570836,0.35302257611427246,0.35302257611427246,0.35302257611427246,0.3562461257366627,0.35302257611427246,0.35944957695554536,0.35331978316274915,0.3546025229524487,0.36188901654928834,0.3588352091259835
0.5187541959738994,0.5016917507068677,0.5134052003449664,0.5204855289589989,0.712186653055096,0.619859103641835,0.8176210274995945,0.8200117598533165,0.8166710815329196,0.8220267140593339,0.7172016140715018,0.8189114489503497,0.8218140509605113,0.8233479479157156,0.8224499046632099,0.8195796557486179,0.7215580993663209,0.7108233093230737,0.6017907690390307,0.5091769559368382,0.7114807273046018,0.5129496043893395,0.5038579676814865,0.647846792829937,0.6538261988264394,0.6521798854511905,0.5207750051434525,0.5017161582637714,0.501305180086302,0.7192815164056048,0.7268981762223381,0.7231399867703101,0.5834642172041432,0.8258345519581882,0.5909568612953215,0.7214581644321596,0.7202367044263559,0.7183916026865221,0.8391686021526695,0.8259889969205356,0.7328932502582896,0.7516796369795818,,0.8227049301302773,0.8356093877800262,0.7197365326430238,0.821115984122239,0.8223098409955363,0.8232389985284937,0.8225758719113339,0.8248340464739587,0.23492542328870442,0.7077209775218164,0.822106830947359,0.8196418077044653,0.8234789394834163,0.8189652802834299,0.8185482604003214,0.8169990335868313,0.816978706368756,0.7222363799556639,0.8205795195287653,0.82094738940875,0.8176968655576196,0.8229737736831689,0.8192687830756907,0.8188194742553848,0.818361227451716,0.8184071548572872,0.8195870875576324,0.6507814977042332,0.6469932404183845,0.6466091436717107,0.6469675248524166,0.647420059648264,0.6504027224088315,0.646850340919136,0.5011962746261037,0.6461670527793355,0.6471243909308872,0.6461574658641566,0.6469211056947172,0.645601337932373,0.6457589365941744,0.645758638952954,0.6453103474904752,0.6455401203006906,0.6455401203006906,0.6458697215424452,0.6453861356593749,0.5027022460209633,0.6461651536485673,0.6462275882168756,0.6454852400470641,0.6454206522917784,0.6452428672193374,0.646995891989547,0.646325296962217,0.645294802792388,0.6467187343523643,0.35476036438376907,0.6478245784794124,0.6478533410903075,0.6480279123394483,0.6471652827239899,0.6464690691291627,0.647137566796505,0.6453531005756094,0.356847339285144,0.6511148415779755,0.6481711556985515,0.6452382675199245,0.6492427456066298,0.6491986480333704,0.6453676257897554,0.6460506019928838,0.6453103474904752,0.6453103474904752,0.6452146384039834,0.7901870472554873,0.7901870472554873,0.7901870472554873,0.6452734467685868,0.7901870472554873,0.6480843772401129,0.6452734467685868,0.6460124452791707,0.6454535913405484,0.30641625138503914
0.517356685308789,0.5017509877687654,0.5118023097542436,0.5177765759959186,0.7089541498527754,0.6237915314812482,0.820306297907905,0.823302912046579,0.8176019804189515,0.8226642269070077,0.7226310071248923,0.8344525952544224,0.8214079703433844,0.8220005443305038,0.821381153855535,0.821692258807141,0.7140894932042734,0.7129004722493409,0.5970134801267265,0.5043211281016542,0.7148080490905945,0.5170660515593676,0.5091022999203012,0.6506589921265397,0.6530292803904731,0.6497060697291501,0.5270670350406788,0.49994735478028146,0.5015954301998202,0.7524840084499963,0.7422396509421267,0.7253404175631568,0.5861813755297831,0.8308698677356893,0.5908289210652061,0.734875946715553,0.7275540699897672,0.7193697282854246,0.8265011324704375,0.8228318048310332,0.7373922704584329,0.7293177429960734,0.8227049301302773,,0.8382491105489341,0.717206493608051,0.826847399004351,0.8279309666282709,0.8303796635067662,0.8318376652546035,0.8372996807114608,0.31542107783510187,0.7128270605968373,0.8227596445423967,0.8294510888907967,0.8246985313331572,0.824459151754947,0.8202726674027373,0.8172411452982105,0.8203428118693562,0.7146894584846074,0.8190043450100212,0.8175222213265644,0.8199612479952478,0.8212889152434404,0.818129035253046,0.8205534916512949,0.8302032324645802,0.820866257029486,0.8238327130328302,0.6458709535748265,0.6489354232442089,0.6480848175827122,0.6489106120180833,0.6476012995858267,0.6477188644408335,0.6495265859061927,0.5085385454259722,0.6473006541443057,0.6549689297123844,0.6454577846198941,0.647511463959499,0.6457286941976316,0.6470696684763974,0.6455749953295459,0.6473405762836989,0.646324925036108,0.6454025312686198,0.6530704103443363,0.64569172400056,0.5082183881284357,0.6498043751350984,0.6468655721992582,0.6482670969174107,0.6495305710043875,0.6494876932215575,0.6482928099936092,0.6500097024360888,0.6520914834547534,0.6519950213314861,0.3645116542649547,0.649060243341022,0.6567429283869195,0.654977914395611,0.6528968525539106,0.6485797946736983,0.6537357530808018,0.6516096072239186,0.39464598836506704,0.6600418899635754,0.6583870826500106,0.6506116698994089,0.6537361077018854,0.6497546677821597,0.6475007570568616,0.6475058137947227,0.6473405762836989,0.6473405762836989,0.6453570994290534,0.7902444941264934,0.7902444941264934,0.7902444941264934,0.6459336299038039,0.7902444941264934,0.6453169987545053,0.6459336299038039,0.6454025312686198,0.6511592080767449,0.304898982587907
0.5172265440670332,0.5017769698052394,0.5285769123881944,0.5333809390913797,0.7138474657315752,0.6296226419882743,0.817837911622941,0.8234959277071194,0.8177706493554372,0.8223946938810858,0.7291665235100453,0.8274919322135112,0.8326578433867996,0.8406385667608964,0.820843450164953,0.8231908948373574,0.7161422533624915,0.713599900255142,0.6109072873013333,0.5036896671005673,0.710324600987584,0.512776824136614,0.5038230474601256,0.6467011092561025,0.6537510929098354,0.6521637394178156,0.5126157770797792,0.499988743624264,0.5010926857782287,0.7344706680704409,0.7444291732730796,0.7394152412955248,0.5813421441791818,0.823881979996121,0.5929500871451675,0.7265984485874757,0.7281159161517681,0.7145512796846579,0.8345251513336845,0.8255790610010096,0.738895563338408,0.7460143932726744,0.8356093877800262,0.8382491105489341,,0.7266575793398115,0.8293206091788323,0.8290467039970675,0.8275788194506902,0.8286720822249506,0.8231486427156944,0.32569872190038496,0.7101145706307449,0.8202037369631834,0.8260152491421027,0.8358266051375384,0.8193814531368498,0.8196338252637156,0.8165115538367247,0.8181080825553747,0.720822350953017,0.8232679941499438,0.8234444430555501,0.8226990797913524,0.8235725213616242,0.8219061161808745,0.8209675973552932,0.8320873105598371,0.8225268874900525,0.8216085676567699,0.6466764740353309,0.6478655000723621,0.6459537732149565,0.6494013864801786,0.6463342737728502,0.6484409680740781,0.6497837033543425,0.5010035539200113,0.6458499990061654,0.6460860832169868,0.6454996070982238,0.6483947606049707,0.6473324897711085,0.6470975868107894,0.6454510320218092,0.6452543995296128,0.6453483327312801,0.6453483327312801,0.6474668355670377,0.6453849340032574,0.5038266291873303,0.6470467482148649,0.6453338176485643,0.6459989753151788,0.6463368143460038,0.6455558381274508,0.6476831878775245,0.6462689010659994,0.6454805555748157,0.6453772427225413,0.35382720782080396,0.6452795174396438,0.6497598429559209,0.649717505828023,0.6476424354927495,0.6480607175839124,0.6486473588575461,0.647017015367307,0.3869793674690859,0.659573704210093,0.6533652690725464,0.6462587693265962,0.6470264244187425,0.6482694154234602,0.6454641388519651,0.6462985122034793,0.6452543995296128,0.6458843416891756,0.6452777277323994,0.7902626504944025,0.7902626504944025,0.7902626504944025,0.6458500187416139,0.7902626504944025,0.645297403752908,0.645458763976917,0.6461249758988369,0.6460436942808659,0.3057947907206374
0.5180514399523675,0.5007774256791752,0.5152582130395097,0.5104667896327632,0.5788065867623847,0.47176459561193795,0.7114768329350288,0.7122737026188966,0.7075877140614475,0.7099322788867088,0.7159887882702619,0.7209650836522962,0.7093840494910122,0.7141436711814276,0.7093760833898449,0.7123114708679962,0.7107543253597528,0.5796003097043837,0.43782748382385545,0.5038269479110885,0.5818263456167944,0.5148793380232188,0.5033142692448132,0.5837013561542974,0.5808670715143209,0.5849226392730458,0.5189493882390037,0.5003465964474624,0.5033106017693604,0.7236317143024156,0.7118027550375902,0.7176455538894406,0.5806734563217112,0.7094930186351609,0.579343518563215,0.7205643858136882,0.7259523966834093,0.7252704035608452,0.720974266675667,0.718345529787122,0.7448499907360537,0.7263970767020365,0.7197365326430238,0.717206493608051,0.7266575793398115,,0.7243041601510766,0.721522790337745,0.7124675600820356,0.7145883996680056,0.7082655457787933,0.2192260563810676,0.6488920079494629,0.7124719315308657,0.7154807293214345,0.712033984894339,0.7108444893192825,0.7144453035052797,0.7074039788812951,0.709784575602135,0.7225760524166419,0.7112868100866918,0.7134349586308123,0.708544000830064,0.7137829814980711,0.7120082661147524,0.7130870134155801,0.7167187794170936,0.7138726343950226,0.7135641435575368,0.5023629586230569,0.506980696836222,0.5023337534590222,0.5063303880562671,0.5076791014150507,0.5059472971823835,0.5079520903346517,0.41604734448035485,0.5023214759605608,0.5034857691199978,0.5002172728083853,0.5007856926449855,0.49983524893075776,0.5003373947673385,0.5028708811652539,0.5026772442811006,0.5000544642144682,0.5000544642144682,0.5016082565294042,0.501629211404826,0.4095651928959393,0.5034415758850104,0.5035577439282568,0.5035418662678118,0.5033053618196787,0.5073940670633518,0.5006782223305187,0.5045749464221995,0.500824469020799,0.5001031019501269,0.35738887889958226,0.5000305244435442,0.5061859923580749,0.5031662237584686,0.5014679009728928,0.502775138857844,0.5034383723618,0.5000406349059164,0.3684704637923401,0.5083029598830334,0.5096908421919026,0.500893029199879,0.4999231375449442,0.5071085742508872,0.5015226889150228,0.5016120279224617,0.49979279152685435,0.49979279152685435,0.5000178844897243,0.6121156370114549,0.6121156370114549,0.6121156370114549,0.5000120605962969,0.6121156370114549,0.5017141203952273,0.5007518160053437,0.5000544642144682,0.5003673478031798,0.32063863504917234
0.5194185535609945,0.5041939279066631,0.5037980315059872,0.5053656998363766,0.7115301265089685,0.6253023653317263,0.8192044202163853,0.8203747297777846,0.8166127696268346,0.8212148588229327,0.7145762152001258,0.8264258299965971,0.8175285514207442,0.8212967757043204,0.8172157338762825,0.8209639697921556,0.7146062052642332,0.7093349527599747,0.5943455488054579,0.5013836361080042,0.7123452403512603,0.5090678235496364,0.5077997840418104,0.6471883628551476,0.6456664467975434,0.6465441545053489,0.5032090412686195,0.49981833957888,0.5028506536180709,0.7276016753621869,0.7165834932016432,0.7216996674669246,0.5792118423325167,0.822710115542364,0.5847614751045112,0.7217717307722241,0.7339163827766856,0.7218435261180761,0.8243630021055148,0.8256050026131546,0.7217527140987021,0.721716053623938,0.821115984122239,0.826847399004351,0.8293206091788323,0.7243041601510766,,0.8200185444774766,0.819542459274127,0.8213793599358671,0.8204367165590092,0.20210828106933632,0.7091976886165225,0.8202808501978247,0.8194915573516658,0.8210942557178593,0.8195812884659777,0.8204920526222126,0.8179933396961935,0.8170725810453845,0.7434076768304944,0.8261569568027662,0.8291188628210264,0.8245280759624615,0.826356673391774,0.8218823467213309,0.8241793169061296,0.8245091601333294,0.8276939198223261,0.828051111549688,0.6506282925310366,0.6603302293511635,0.652840685391899,0.6523837003745857,0.6505698203873788,0.6541764227825855,0.652942053200404,0.5038204818942147,0.6513610959701022,0.6527533695072236,0.6456310053142998,0.6497129702675608,0.6473766061524924,0.646499306292151,0.6460114244982916,0.645429276919409,0.6453170898024492,0.645661854835203,0.6512468922188005,0.64732876742756,0.5053074684801085,0.6510227224617385,0.6466384105009321,0.6492746707390208,0.6485961631443541,0.6487982366511267,0.6462700947960686,0.6477814368986136,0.6471931488634982,0.6472469784645701,0.3604122271440682,0.6469745641528842,0.6491537835523167,0.6587557667780032,0.6505662921736937,0.6548275284277993,0.6525000352568214,0.6462909275413602,0.38588925842221894,0.6555607773422781,0.6538494015448921,0.648805198041734,0.6460724495516545,0.6528842404185463,0.6502740323695648,0.6479807391409618,0.6454431514294995,0.6454431514294995,0.6454262506872367,0.7903474143776641,0.7903474143776641,0.7903474143776641,0.6456664934066889,0.7903474143776641,0.6460178052402618,0.6456803244535476,0.6467227800064846,0.6483581692674177,0.3077862255490972
0.517046310911797,0.5035252879343316,0.5208250022017574,0.5199824578294077,0.7121399335552326,0.6293545712915662,0.8191792953154542,0.8217247324137746,0.8181605544219099,0.8210407114182042,0.717759550478057,0.8309066801840101,0.8249830862497977,0.8231967227203593,0.8182150851557012,0.8212276136596868,0.710293578089511,0.7122448140980872,0.5995513732404442,0.5007848057135582,0.7089765384192146,0.5121934077494905,0.5050373095307962,0.6477443309981193,0.6517155592622637,0.6489880500940872,0.510651855991284,0.4998517491816621,0.5011165323239307,0.7303394099883463,0.7288210074764655,0.7230908560250459,0.5796933013997184,0.8237979700812582,0.5862582511254292,0.7209413325323613,0.7252306227773081,0.7190185149038462,0.8248245093303269,0.8236474833300387,0.7329055614708179,0.7270547385003003,0.8223098409955363,0.8279309666282709,0.8290467039970675,0.721522790337745,0.8200185444774766,,0.8217585257522697,0.8206871538208014,0.8230232296653588,0.268736291035021,0.7119007490194206,0.8194865878937606,0.8232860865632368,0.8273085857939795,0.8198985400127186,0.8186316610497728,0.8171696797937115,0.8171995521913291,0.7206833358397439,0.8212755380503823,0.8227468684994242,0.8242637917264748,0.8230213329210931,0.8200166793468636,0.821435379665589,0.8262182642927113,0.8265406536212206,0.8230956817177301,0.6483507417693036,0.6495468085919271,0.6459471676021352,0.6490098143427749,0.6470934488159695,0.6473253968398244,0.6527226437768604,0.5056722684832812,0.6483346040429105,0.6488449387745032,0.6454097210524586,0.6476997695862534,0.6454300778910598,0.6477466625627609,0.6468248613401549,0.6454263921486222,0.6463797956472768,0.6455469659840712,0.6476369264474245,0.6463996223808718,0.5037744577251176,0.6478600391502541,0.6454142128974526,0.6467972598818662,0.646291238855041,0.6473323988771186,0.6490635681119558,0.6464823300771704,0.6461851354737297,0.6454220513933892,0.3552843088818484,0.6455272788124534,0.6558454707403916,0.6507355853947718,0.6475439527049295,0.651933421282411,0.6504288885486924,0.6488902820092752,0.38162628555435757,0.6571731760959592,0.656818079125552,0.6470576480857572,0.6487554348194664,0.6501499125063436,0.6510873210256028,0.647649320078174,0.6454263921486222,0.6469773080451182,0.6454989607791739,0.790453526489537,0.790453526489537,0.790453526489537,0.645926477806405,0.790453526489537,0.6464513787239641,0.645926477806405,0.6454569880392832,0.6494189681194505,0.30376419529805787
0.5174506035594604,0.5020884310517063,0.5143461928428014,0.5200152012437314,0.712999805247735,0.6220997783491989,0.8175891178116681,0.8199767318505187,0.8165107314878332,0.8209882040214108,0.7209327884364365,0.8256249843684584,0.8209404871376886,0.8206405492894013,0.8226231048945889,0.8189025662977623,0.7125372801361713,0.7136103844567036,0.5987774729762889,0.5026240653834628,0.7135121021702125,0.5085742637451042,0.5106164625735817,0.6486086761009079,0.6511373435587987,0.65372750117302,0.5239886218792175,0.49978373678231425,0.5011629346461831,0.7379967012604107,0.7345620577701553,0.718653590050141,0.5849017598741181,0.8248348574217355,0.5861296631544306,0.7196600449098165,0.7243579205518551,0.7129806410599878,0.8270247485682333,0.8241231439233743,0.7214102289638105,0.7213904538591632,0.8232389985284937,0.8303796635067662,0.8275788194506902,0.7124675600820356,0.819542459274127,0.8217585257522697,,0.8327078452138691,0.8325531171074618,0.3039142283267532,0.713662750725841,0.8219426430840275,0.8236697437762461,0.8218577583198928,0.8195650631919269,0.8170030043642735,0.8184059347420398,0.818474213293606,0.7175045540183378,0.818790046749893,0.820331055902927,0.8202238999109884,0.8225690969597238,0.8208543798100837,0.8200391319454148,0.8228241527976379,0.8209197107584342,0.8237673770578263,0.6483224292524935,0.6525327715671394,0.6467741414827741,0.6503275260039256,0.6458319869944361,0.6465508257965302,0.6469554118589302,0.5044048517779607,0.6475268466746219,0.6590257083798567,0.6462579141207047,0.6478149425806183,0.6482968680337795,0.6505139249266793,0.6464451154632096,0.6474772515071036,0.6481473377663964,0.6464911047519679,0.6495296383248209,0.6467813362633567,0.504317833333284,0.6466539806179628,0.6469541939118556,0.6485091721252229,0.6497821447080554,0.6477652226644819,0.6466855884409354,0.6459919585885326,0.6489150058246103,0.6478760159176161,0.3561938481827413,0.6476379697383229,0.6528595504067195,0.6555493301892831,0.6521937703966154,0.6482565776821521,0.651017748858501,0.6485223606237336,0.36762889064692506,0.6524839912680306,0.6509242051943679,0.6495568887088916,0.6485492202767069,0.6496298318691011,0.6474103771937282,0.6480930369628134,0.6459527956743835,0.6459527956743835,0.647411308465409,0.7905409289626448,0.7905409289626448,0.7905409289626448,0.6461405695090419,0.7905409289626448,0.6468083301227007,0.6461405695090419,0.6481473377663964,0.6487983854304352,0.3052780971387286
0.5170044262225261,0.501668106813334,0.5173246670628153,0.5162574823032631,0.7083856305096592,0.6219243447044556,0.8170184984397083,0.8183825165955457,0.8171761445928107,0.8184074040772255,0.7127980577268324,0.8214005923176232,0.8206208377673364,0.82133633524719,0.8191348582860735,0.8194137055865531,0.711863273605713,0.7083106086166108,0.5924112644546385,0.4999734637421382,0.7100373899462349,0.5036286125367934,0.5090061936787726,0.6458456041407574,0.6470309139496075,0.6471652134483609,0.5014605107494029,0.5004030471027846,0.5028411841361187,0.7321357056589455,0.7209977509703341,0.7152270315882169,0.5814275484806863,0.8254082265574315,0.5897057323719885,0.7171369739491713,0.7186895487590357,0.7125361628058625,0.8264992290253177,0.8206453557341633,0.7197643808939208,0.719756948704188,0.8225758719113339,0.8318376652546035,0.8286720822249506,0.7145883996680056,0.8213793599358671,0.8206871538208014,0.8327078452138691,,0.864012447557463,0.35347482533065294,0.7138675676799764,0.8231805232447098,0.8232685484414408,0.8176810875299798,0.8198223331615955,0.8166374426170654,0.8177324131139496,0.8182787129024341,0.7196769557736284,0.8178801054938044,0.8180789511447887,0.8172269495101405,0.8232925350871487,0.8183336268824482,0.820599738540106,0.8225270695365324,0.8198060371331791,0.8192884109379875,0.6467139320982147,0.6471959764829309,0.6469718975561874,0.6480341242309184,0.6471604094755765,0.6470301271468271,0.6464922046781145,0.5004811977211701,0.6462076126304663,0.651177005047554,0.6458831396962181,0.6565799695818539,0.6457699962084548,0.6459231716762213,0.6458283070052263,0.6488202094681793,0.6454932201582402,0.6454932201582402,0.6493667832736196,0.6476073838386088,0.503021071831235,0.6453027566879606,0.6459852752436585,0.6468555620509938,0.6460262064266856,0.6454939451022325,0.6474129655691291,0.6453204990234754,0.647556350750678,0.6452636917569298,0.35491383817355265,0.6452732904432714,0.6524016473725062,0.650376917162271,0.6515920813470583,0.6475270272635198,0.6490473727834705,0.6458779684315277,0.3692424198630404,0.6492631661484681,0.6468720352657197,0.6477214303754901,0.649944877791788,0.6491733230741837,0.6484315341719015,0.646731204569136,0.6457723278469601,0.6457723278469601,0.6476316358675499,0.7901584401375765,0.7901584401375765,0.7901584401375765,0.6452033162942946,0.7901584401375765,0.6463711155296006,0.6452033162942946,0.6454932201582402,0.6467361407408894,0.3031633528295596
0.517056689321227,0.5046172722061777,0.5052930622222855,0.5106390542231962,0.70817376536314,0.6196247331096384,0.816570971659785,0.8171160110340091,0.8168452046221507,0.818053014276066,0.7136471567137725,0.8210190889617008,0.8171454672638797,0.8182813701262924,0.8189764438117528,0.8206470996440454,0.7144741072544315,0.7091508769228285,0.590816731643073,0.5001686951759158,0.7123732880126503,0.5053861379099926,0.510613360929663,0.6455132363358668,0.6501208847675066,0.6456863007258233,0.5024541296740694,0.5011261162936351,0.5047856755659096,0.7282472765038421,0.7220216824573604,0.7160743285255912,0.584080876263673,0.8233966321929503,0.598873909023798,0.713687354156646,0.7214478589872494,0.7118256700069224,0.8268693470114995,0.8215130876817366,0.7153894807798432,0.7132776601310452,0.8248340464739587,0.8372996807114608,0.8231486427156944,0.7082655457787933,0.8204367165590092,0.8230232296653588,0.8325531171074618,0.864012447557463,,0.27386470472828933,0.7123502001761505,0.8208964994527578,0.8262491096072926,0.8205001054835805,0.8169351873234177,0.8184787701776051,0.8165114474328579,0.8232316531893825,0.7121428428673766,0.8171504887851551,0.8171268464149493,0.8169070339464494,0.8209019693642934,0.8169818676686206,0.8185410540555377,0.8196509294898136,0.818915920442501,0.8192809826562418,0.6478035389890673,0.6472532537793935,0.6467040952990541,0.6478523766040435,0.6469601308375865,0.6469486416701669,0.6473067108032948,0.5019132206682982,0.6461457804597837,0.6567048772379463,0.6451724266743039,0.6528897170593962,0.646450617946902,0.6468552598075796,0.6455408227481471,0.6483822108672832,0.6472598222945338,0.6472598222945338,0.6500406852400407,0.6488502054531651,0.5131175607675109,0.6455933152519762,0.645792990785329,0.6497694315112431,0.648447162652437,0.6458178333768478,0.646797889200058,0.6458557790788902,0.6500943008351466,0.6475363415927835,0.3588471190311495,0.6460529767080139,0.6580617606468651,0.6511572926480866,0.6500017796616864,0.6471063791191015,0.6463518911213427,0.6454594104611948,0.38494861696400046,0.6502017230278536,0.6473908110655655,0.6456417533387682,0.6488907324689955,0.6484507011402211,0.6496615851946972,0.6519009863906685,0.6483822108672832,0.6456704606590287,0.6459508049634127,0.7901614907027399,0.7901614907027399,0.7901614907027399,0.6452107950102421,0.7901614907027399,0.6506657311440659,0.6452107950102421,0.6508453121571742,0.6496098677181995,0.3035747627956432
0.09219142162793037,0.09395652642096208,0.18203870081772638,0.18720196549110923,0.12539836369643617,0.11368039537000786,0.14670138445778547,0.1728768180671572,0.14339133847137717,0.20240675576513503,0.22530098533926812,0.24122309815724516,0.1780129700632432,0.1905135023483089,0.22920409469680045,0.1850620781030525,0.15116443399246643,0.1917864085727539,0.15896091974735657,0.10960948232170421,0.17600760219791625,0.1508924154585435,0.10908744114421878,0.12342863829294728,0.1714317047669877,0.16013967915090133,0.18087901880257862,0.09393979984922635,0.09028533890742807,0.34644866723444834,0.2972767486153068,0.2230774540652033,0.19119043913229442,0.24226784012881775,0.20611730975915235,0.19552345805359403,0.25386343339978584,0.18199312655347857,0.25694311419080385,0.2101000628235887,0.2713198308184961,0.2818725625553002,0.23492542328870442,0.31542107783510187,0.32569872190038496,0.2192260563810676,0.20210828106933632,0.268736291035021,0.3039142283267532,0.35347482533065294,0.27386470472828933,,0.1600654234420787,0.18663437717653358,0.21439457586817043,0.20570448539195807,0.18554550719563775,0.16308264921140134,0.13822051433656657,0.19088695579579373,0.19121670268389263,0.16865794671937903,0.17474588480765002,0.1588565442601535,0.1965417771879452,0.15567489789962333,0.18801547297994953,0.19896346668998535,0.16653301260363734,0.18549938218963083,0.09017179906049062,0.1381558231999783,0.10260106279154034,0.13642337136401889,0.11158673221222529,0.1303657886180112,0.10263964987436926,0.09083490322273356,0.0802931494244,0.12572120752221985,0.08601469029619348,0.12642952018382672,0.07858177307826325,0.10103670702685442,0.09051037897242509,0.09047708168917834,0.07779430781355445,0.07779430781355445,0.11933856332676972,0.08953961909962828,0.11325570982422226,0.0895271086837446,0.08485033390060477,0.09543983518792087,0.08250611272884377,0.07635185882917167,0.12121389420947833,0.07990521125797559,0.08937562716066016,0.0898266011505051,0.07278977754750396,0.09275202282443229,0.15478084772262027,0.14085659461344927,0.12742356268110552,0.1064953980671665,0.13024222167721847,0.10431158505910322,0.1624863004362951,0.17081229733590825,0.14323553131288086,0.09061738391814211,0.11669204090694471,0.10555853726992356,0.10609441587671897,0.11801656695040137,0.11399502550496886,0.07805344381193621,0.08016505929136795,0.07627310244501559,0.07627310244501559,0.07627310244501559,0.11738671986445977,0.07627310244501559,0.10158497410371764,0.07820117848758981,0.08639093662228005,0.11859416435811197,0.1058230169425806
0.5170572815427772,0.5004125923990864,0.5014707856225029,0.5045603296480484,0.5773001717022059,0.4663653980825636,0.7087032040774892,0.7079593388111401,0.7070879398045932,0.7079218690723554,0.7107213161847494,0.7105688593499024,0.7078450591420854,0.7080586152202605,0.7100691842850123,0.710264233244119,0.7134539405388376,0.5780256621227898,0.4305599776542329,0.5000533978192859,0.5796191466009076,0.5027192668335909,0.5035465108940776,0.5786160759925091,0.5777859550858208,0.5775150648725638,0.5010122704497104,0.49984023078884776,0.5024152560019519,0.708767021348445,0.712791400919616,0.7100047454524114,0.5822284912893937,0.7113286070275997,0.5804866502057165,0.7101254330328743,0.714504366029728,0.7094398629129449,0.7126157116914095,0.70986225156165,0.7136344304122055,0.7074222955749742,0.7077209775218164,0.7128270605968373,0.7101145706307449,0.6488920079494629,0.7091976886165225,0.7119007490194206,0.713662750725841,0.7138675676799764,0.7123502001761505,0.1600654234420787,,0.7220553189649684,0.7155750974783549,0.709088935423087,0.7127918790918171,0.715217117024899,0.7072745228305961,0.7144229549613109,0.7148825655395414,0.7078498444592873,0.7084979508538436,0.7070971241871037,0.707050088098706,0.7082053871414565,0.7092631880014649,0.7108288960598084,0.7093966066140505,0.7107494243174083,0.5013404511418164,0.5004980059205706,0.5008659268528648,0.5098862742141205,0.5005562096736027,0.5019594238616566,0.5023393081794866,0.4153666536193642,0.4996811242503384,0.5010654234701709,0.5007194748635223,0.5000151492059562,0.49947046407495915,0.5001997966603312,0.4993477926609841,0.49996539933437334,0.499656334862085,0.49959129354187104,0.5004879102884402,0.49963142880927613,0.4096319797614602,0.5001437861803986,0.4994472562386342,0.4997744808199905,0.5023590557099673,0.5020120993622424,0.5022051092095671,0.5006301096119085,0.5004554178990113,0.49955427992050466,0.3585373709586163,0.4995220121898535,0.5022735373211163,0.5044938299739904,0.5023393081794866,0.5006269024056982,0.5016653222144646,0.5037204665834052,0.36235023892955753,0.5077027078642469,0.5032381963888548,0.5002841649377224,0.5002963649197477,0.5025065418875884,0.5022086497748688,0.49973161549087824,0.49996539933437334,0.503365868053902,0.5002976100223472,0.6115649732591231,0.6115649732591231,0.6115649732591231,0.4994031074595739,0.6115649732591231,0.4994656702572328,0.4994031074595739,0.499656334862085,0.5010450197325285,0.29530835357553037
0.518242182643973,0.5016743713764964,0.505046703749865,0.5046480063267901,0.7089762155205065,0.6214401898632956,0.8177348078371273,0.8184465469433191,0.8165007537688252,0.8221065257967132,0.7105947392095634,0.8209148983396062,0.8185442913783532,0.8190060807076419,0.8191703348296846,0.822692284912196,0.7138162376358277,0.7081618944047108,0.5964532283000205,0.5016426660796376,0.7087329583419752,0.5037577692612605,0.5045503333242363,0.6492744919711878,0.6456244610774384,0.6468949386500041,0.5130345324031581,0.5005818748511932,0.5054722394691419,0.7146185511809455,0.7137770115562424,0.7104256609745317,0.5797094031241801,0.8227009695881154,0.5801436949252998,0.7155481650131821,0.7224064255123336,0.7107560717889926,0.8228137874232085,0.8198100184771973,0.7180026789001791,0.7154385917888276,0.822106830947359,0.8227596445423967,0.8202037369631834,0.7124719315308657,0.8202808501978247,0.8194865878937606,0.8219426430840275,0.8231805232447098,0.8208964994527578,0.18663437717653358,0.7220553189649684,,0.8261377446661696,0.8189632608444193,0.8192642151940581,0.8181042011209071,0.8190281933776712,0.8168655476710408,0.7159212828651803,0.8197589947391906,0.8173280078192617,0.8179119690971242,0.8167530305399978,0.8184378318678608,0.8202037369631834,0.8217112712008683,0.8194812698530904,0.818588690231302,0.6457384744741959,0.6526273855858811,0.6456075979469541,0.6470006771977022,0.6460426704890747,0.6461505455680634,0.6454893385015639,0.5052357754733162,0.6496989333683642,0.6497963037109837,0.6457926870784207,0.645308874844629,0.6452445407081597,0.645585443664121,0.6454838691649999,0.6455212331131547,0.6453257441976146,0.6467710151037239,0.6492629976741265,0.6451877281521137,0.5038854080672112,0.6486786858250221,0.64552486169543,0.6466571484301094,0.6489520608310271,0.6508428780543727,0.6478178146104083,0.6485179988908738,0.6464942694408297,0.6465026983040805,0.3566045867526266,0.645292490758869,0.6469026147193375,0.6473339660970953,0.6473749348510774,0.6483192336794871,0.6479018669344692,0.6457553477515469,0.35983606083087144,0.6503271912390266,0.6476788634695853,0.648578070347423,0.6523587432233785,0.6459038024632124,0.6456965395997329,0.645209372621614,0.6455212331131547,0.6455212331131547,0.6452049596583377,0.7901678260788437,0.7901678260788437,0.7901678260788437,0.6452263265305692,0.7901678260788437,0.6452834775427451,0.6452263265305692,0.6467710151037239,0.6457218202260638,0.30821814792373575
0.5169490354548011,0.5050171373476049,0.5169579746436963,0.5132316828868223,0.7091625794088898,0.6232343237313253,0.8188565923780988,0.8175661463437311,0.8169582395932334,0.8232156367347804,0.7154383985309649,0.8243046240524172,0.8197953179150885,0.8203580551654998,0.8176125020595356,0.8180097744027282,0.7125615989986319,0.7081758422259243,0.5908186892771299,0.5002682563489032,0.7109289776228522,0.5059928840094376,0.5051941194192077,0.6465522537741958,0.6461944319487322,0.65045615297365,0.5085201176800204,0.5004513068055346,0.5023062768054841,0.7185082198089746,0.7150975958405682,0.7127852110886047,0.5830665421744183,0.8244852305857908,0.5798192447950029,0.7152183366706332,0.7177921173472016,0.7137606128886766,0.8233025846095032,0.8205440935594378,0.7283908028752393,0.717277199367109,0.8196418077044653,0.8294510888907967,0.8260152491421027,0.7154807293214345,0.8194915573516658,0.8232860865632368,0.8236697437762461,0.8232685484414408,0.8262491096072926,0.21439457586817043,0.7155750974783549,0.8261377446661696,,0.8399772459050873,0.8231521531673505,0.8234757368474651,0.8201775664217958,0.8224598703703395,0.70911510603864,0.8193901576973166,0.8174123994081506,0.8170447802423272,0.8204146082409113,0.8188583149169616,0.8222465082609604,0.8200100098293591,0.8181529873901704,0.8210457878965683,0.6459791983890727,0.6487307464360615,0.6460163621212623,0.6468194276665052,0.6479803208883499,0.6490060621172761,0.6488750401415894,0.5037395850441931,0.6468449550380669,0.6492272978443373,0.6458923733017825,0.6485419553579402,0.6473405882379808,0.6461900747107258,0.6485889673870278,0.645867261273264,0.6457916222542928,0.6464545603630916,0.6484190609309352,0.6475438399392615,0.5091768934958381,0.6500151680999045,0.6465600335724179,0.6469965838419686,0.6488355379608832,0.6483055206654398,0.6474395601400139,0.6489442818916161,0.647531671725123,0.6467700179978848,0.3586809708559149,0.6466631908832772,0.6502534402181123,0.6491608865993771,0.6477964715087919,0.6469155850461502,0.6500489844789716,0.6460623151043036,0.3673865123089536,0.6510038194550626,0.6565429011454611,0.6481985085587938,0.6466463879906762,0.6478145602216528,0.6470044208312471,0.6458824049907784,0.6470529156243754,0.6470529156243754,0.646128623415831,0.7909176555203665,0.7909176555203665,0.7909176555203665,0.6458804647919584,0.7909176555203665,0.6459796268207788,0.6470628181945479,0.6464545603630916,0.6490575948939582,0.3056406326032885
0.521656766231137,0.501802875511954,0.5186800413307324,0.5253127469930554,0.7135695348941836,0.6207403156096744,0.819074004657214,0.8189728794964147,0.816720974538916,0.8209050055398456,0.7142364027160978,0.8215871321204508,0.8243828312103548,0.825079900956602,0.8171007853708436,0.8169962127703317,0.7137225948773745,0.716193513595698,0.600538212921206,0.5014740016655328,0.7098339996103692,0.5118810868463217,0.5032375930877215,0.6484354572577166,0.6516462698825541,0.6499171722654753,0.5085287194712215,0.5004856126925391,0.5013059682771105,0.7139242217263104,0.7217214541939352,0.7228364693437167,0.5791794078149896,0.8184974257869415,0.5838040657648395,0.7142157610487494,0.7099570793088543,0.7158197735317802,0.8200748491263427,0.8216936002470334,0.7176690113848966,0.7176704267245485,0.8234789394834163,0.8246985313331572,0.8358266051375384,0.712033984894339,0.8210942557178593,0.8273085857939795,0.8218577583198928,0.8176810875299798,0.8205001054835805,0.20570448539195807,0.709088935423087,0.8189632608444193,0.8399772459050873,,0.8275498398264418,0.8225003109299125,0.8186381875319113,0.8175538142384963,0.7109858998562807,0.8235183760673828,0.8228846054557211,0.82175409777971,0.8228276605859214,0.822340596705659,0.8228123479713081,0.8233729495787564,0.8207290343581775,0.8225001065697058,0.6456090743159215,0.6488096332275433,0.6483158937326814,0.6461403731525974,0.6501336389274068,0.6519538008703208,0.6568275930300296,0.5088631612720613,0.6471957361862238,0.6512949578988122,0.6457507150573817,0.6458332857307596,0.6455445734631312,0.6470814325809892,0.646601126823936,0.6454979683622013,0.6455429820206806,0.6455429820206806,0.6492558962507097,0.6457738417861337,0.5032219615796139,0.6503560915508246,0.6457236283914775,0.6455420207076411,0.6469907932226794,0.6468928572233386,0.6481040117904557,0.6473216346255826,0.6473441791895759,0.646795899656874,0.3539210631255789,0.6458998798493126,0.6483885168449648,0.6498045525008713,0.6502107696043401,0.6496997654586754,0.6511947121375612,0.6483196493586357,0.381084071646895,0.6579191445602504,0.6608636414992171,0.6482317046518923,0.6479797194499634,0.6474201977771423,0.6456715675275153,0.6461322598267684,0.6454979683622013,0.6460341703531213,0.6456360297150643,0.7905694150420949,0.7905694150420949,0.7905694150420949,0.6456757635196103,0.7905694150420949,0.6455869931447159,0.6456757635196103,0.646616354198451,0.6459197236838087,0.3082248658324893
0.5176037018333636,0.5016790506172086,0.5025207978994923,0.5087543396793699,0.707148682009405,0.6198308824298643,0.8178570309811986,0.8222720177995259,0.8166702467447217,0.8236873187306923,0.7118327764202844,0.8181058741148945,0.8173696273021975,0.8167880791813248,0.8166896556536655,0.8168534439289056,0.7110006890777214,0.7083671579519756,0.5913572453435693,0.5039710867618425,0.7102633113161275,0.508954619672776,0.5084708682880824,0.648156222434288,0.6497550538291174,0.6501946698170444,0.5193276835959488,0.4998791901802113,0.5014807469802849,0.719340352186099,0.710766546474193,0.7087874647957845,0.5827310581094888,0.8186384932295289,0.5804667897621897,0.7100912857214186,0.710288498942428,0.7084756334213596,0.8179248109607192,0.8206683077096945,0.7145843109886848,0.7088916963768761,0.8189652802834299,0.824459151754947,0.8193814531368498,0.7108444893192825,0.8195812884659777,0.8198985400127186,0.8195650631919269,0.8198223331615955,0.8169351873234177,0.18554550719563775,0.7127918790918171,0.8192642151940581,0.8231521531673505,0.8275498398264418,,0.8218637260202621,0.8174800960693464,0.8237091303535619,0.7074136943240028,0.8200104420355627,0.8167172903646295,0.8165275906203477,0.8168554923890857,0.8192422097178779,0.817085173433744,0.8214985993627835,0.8169384352508376,0.8182792291792925,0.6458598176305363,0.6461910795037921,0.6470812283874718,0.6506044185293934,0.6481330595629428,0.6481911199708463,0.6467695775564571,0.5080318084996526,0.6476570588267002,0.6516132250452432,0.6522436213915196,0.6464911999537392,0.645525757505222,0.6478092223187026,0.6489179308971713,0.6452430215577033,0.6452723851815941,0.6452723851815941,0.6460393645874032,0.6454611435798724,0.5000568905042946,0.6471296457607244,0.6455873320412114,0.6454511933887773,0.6464699566789445,0.6458873584176086,0.6488423568583351,0.6458030894850724,0.6482067812703822,0.6474124710822912,0.3618721300014367,0.6464296995987129,0.6465260933845616,0.6500431538413052,0.6498253367258461,0.6459256214590547,0.6474430824940114,0.6479026294465002,0.35796558653787186,0.6461906076837903,0.6496385696074599,0.6452022157671483,0.645910821479272,0.6459749539660483,0.6476288699232465,0.645211666883535,0.6461971169238372,0.6505907126028954,0.6456918586716688,0.7901507789554861,0.7901507789554861,0.7901507789554861,0.645184534009938,0.7901507789554861,0.6452137379427023,0.645184534009938,0.6457951445087274,0.6460381970661154,0.30283761641085666
0.5175904777324108,0.5060706680686771,0.5079306832572216,0.5077152039591286,0.707789985528608,0.6218076738070338,0.8189832683763688,0.8180567415074514,0.8168300347940162,0.8232305651521574,0.7163031669087238,0.8203325311455061,0.8174890718467287,0.8168612057337216,0.8179419184682513,0.8175564518658126,0.7209342250242327,0.7106293983867751,0.5975238739859696,0.5008713738390875,0.7112390616039314,0.5052000518413725,0.5033574798915155,0.6492759780103842,0.645523561485056,0.6457725919904642,0.5005450045061911,0.49976760335711856,0.5015100547439395,0.7094684729179911,0.7197828192056103,0.7116902707266952,0.5795431772217671,0.821899599533349,0.577847814961603,0.7091150869856144,0.7150495221982448,0.7147792270605448,0.8211962546774921,0.821687403914173,0.7246683422790997,0.7124824432523194,0.8185482604003214,0.8202726674027373,0.8196338252637156,0.7144453035052797,0.8204920526222126,0.8186316610497728,0.8170030043642735,0.8166374426170654,0.8184787701776051,0.16308264921140134,0.715217117024899,0.8181042011209071,0.8234757368474651,0.8225003109299125,0.8218637260202621,,0.8188754929918027,0.8325352881871508,0.7120854001094155,0.8216562961813304,0.8172104126125908,0.8182591918409322,0.8195599182713862,0.8180141968250481,0.8186235341095817,0.820320652539918,0.8179781000137588,0.8177212679425098,0.648293681164909,0.6571778758746353,0.6509079408093997,0.6509404833465899,0.6501111963483303,0.6508090697815683,0.6488759298095185,0.5117992081692707,0.6525828529366757,0.6524079029525828,0.6476346200287052,0.6476101328317808,0.6476116185231566,0.6477956167275534,0.6475234516762174,0.6484807803275323,0.6475120716390267,0.6475120716390267,0.6475213416189893,0.6474723045197315,0.5027782682880799,0.6484756900006088,0.6491534766054828,0.6474267058083198,0.6482883265761823,0.6487339977138228,0.6475470329361,0.6481580742273936,0.6474867549405201,0.647694724106424,0.36135340207468963,0.6476647632476231,0.6500080569078457,0.6511422158103616,0.6493394123708799,0.6477385452782947,0.6489761143919921,0.6486832184453376,0.37120826686261815,0.6520646036283085,0.6502070380494712,0.6479736401654218,0.6474182658182014,0.6474550028697232,0.647833079300693,0.6476654288138334,0.6474844507416099,0.6474844507416099,0.6479788277565068,0.7929023268123789,0.7929023268123789,0.7929023268123789,0.647429434655127,0.7929023268123789,0.6563935205922611,0.6519070636701251,0.648071166204047,0.6489504810272904,0.308234454798602
0.517115379697635,0.5016681047817977,0.500829107174592,0.5017704478033729,0.7070827773652124,0.6213582212456897,0.8167530687474079,0.816497027718444,0.8165020942550862,0.8166220965844083,0.7101744613637435,0.8175047159422614,0.8178490034421356,0.8169284322106084,0.8165256305691334,0.8165042309422779,0.7096306712619307,0.7077765513630367,0.5899536928214062,0.5003345071429954,0.7070269177289042,0.5013536619932825,0.5036323568355103,0.6454973541890672,0.6457070461383246,0.6468822760300109,0.5034844106230143,0.49982670761184445,0.5020901262771441,0.708107939046367,0.7103932560226215,0.7095042568967523,0.5961304616612818,0.8184464855681358,0.5780448254833395,0.7076112714242381,0.7076795793725004,0.709243473181848,0.8174006941553282,0.817631437265123,0.7095633307220849,0.7084364124853726,0.8169990335868313,0.8172411452982105,0.8165115538367247,0.7074039788812951,0.8179933396961935,0.8171696797937115,0.8184059347420398,0.8177324131139496,0.8165114474328579,0.13822051433656657,0.7072745228305961,0.8190281933776712,0.8201775664217958,0.8186381875319113,0.8174800960693464,0.8188754929918027,,0.816667560403523,0.7088637391825351,0.8167500445991495,0.816786502203635,0.8165029882541411,0.8168645528116087,0.8165068422484251,0.8166639015051497,0.816949163560684,0.8165261428579088,0.8170084079165758,0.6536930356183338,0.6544294953886368,0.6537160941582674,0.6536525549251966,0.6559418368689371,0.6536787589022387,0.6570180829686348,0.5133004348280161,0.6539382738421804,0.6541463158067363,0.6537014216382026,0.6548928427967078,0.6539311294108092,0.6540777486130015,0.6551097623361355,0.6535628976971014,0.6535697180431195,0.6535697180431195,0.6551630708134975,0.6540501630332013,0.5107275614109951,0.6535934734464043,0.6536319612035483,0.6549898706462706,0.6536236347242516,0.6553620006138283,0.6548822202464508,0.6549898706462706,0.6556743015403299,0.6539988033891427,0.37556815496687396,0.6551521410994001,0.6538615188458181,0.6547775605728907,0.6550140751522675,0.6558112474925673,0.6547465900188114,0.6535902355197564,0.3816023545449216,0.6548087032287898,0.6554018366092207,0.6548136628267414,0.6563247751457225,0.6576099651964264,0.6539964263390226,0.6537353281442443,0.6535628976971014,0.6535628976971014,0.6536249678855947,0.800422885467495,0.800422885467495,0.800422885467495,0.6535493133933931,0.800422885467495,0.6535560961731287,0.6535493133933931,0.6535697180431195,0.6545879350003869,0.32169251272044996
0.517486203885359,0.5029619297424225,0.5020084829044642,0.5024863029013384,0.7070941645395372,0.6199609233499994,0.8167014665572033,0.81694641637478,0.8165863663035939,0.8177418763664044,0.7109475193514533,0.818135318974061,0.8165896556804227,0.8186026098720798,0.8170002491849278,0.8165472708523058,0.715997453911983,0.708683389062909,0.5916809070490338,0.5000320457982296,0.7075747601470864,0.5061601576502036,0.503181173875049,0.64784242180898,0.6459434013157526,0.6457014022735688,0.5073218739275652,0.499759149001599,0.5010924807394259,0.7129097671845173,0.7173618475341447,0.7086060275193201,0.579074560740482,0.8185240079433274,0.5796336356148469,0.7088297615224153,0.7113001822276297,0.7121155508678043,0.8184665670208322,0.8165047226021641,0.7124547077188816,0.7081256207975541,0.816978706368756,0.8203428118693562,0.8181080825553747,0.709784575602135,0.8170725810453845,0.8171995521913291,0.818474213293606,0.8182787129024341,0.8232316531893825,0.19088695579579373,0.7144229549613109,0.8168655476710408,0.8224598703703395,0.8175538142384963,0.8237091303535619,0.8325352881871508,0.816667560403523,,0.7098476931632406,0.818240502739506,0.8181766613058472,0.8166458056504625,0.8167113107591595,0.81653950731836,0.8171433366223927,0.8189194169725748,0.8171196350436695,0.8178499725106028,0.6452538528606228,0.6463722523785268,0.6456383988886576,0.6481633940458679,0.646529331853876,0.6481589416214295,0.6476130577882643,0.5053266489997099,0.6457210841700094,0.6467390796014562,0.645734631581667,0.6456173703957517,0.6451953050701144,0.6461508819516371,0.6459632719130887,0.6483170117711956,0.6451950724086071,0.6451950724086071,0.6463935487639694,0.6457945704867751,0.5019440321374118,0.6451874104378368,0.6474330437382387,0.6451982820422856,0.6462249607088543,0.6454823257192074,0.6455427839003411,0.6454959526421014,0.6452506928696025,0.6452174777477346,0.35439231975762986,0.6481599018961063,0.6460266364154043,0.6473199108786019,0.646232092129727,0.6453190152113986,0.6457435551147166,0.6452468888653303,0.35511003012953957,0.6459446303543177,0.6457354718292303,0.6451816582880507,0.6451698509138546,0.6453841530374413,0.6453859573032696,0.6452814619824518,0.6483170117711956,0.6451829695586501,0.6518538512403579,0.790140308397034,0.790140308397034,0.790140308397034,0.6451588636208977,0.790140308397034,0.650227175931524,0.6451588636208977,0.6451950724086071,0.6478224824817624,0.3025333660626395
0.5171341763798699,0.5015680915771505,0.5085238295692659,0.5051212097358547,0.5178827162576735,0.29194378862487613,0.7113240892011125,0.7111673999262298,0.7075329956029431,0.7129311382889222,0.7125490415264093,0.7226678860001466,0.7175953458030577,0.7149338715919829,0.7090901233619882,0.7127116198282482,0.713791978312883,0.5099936753753481,0.16927265732427482,0.4998747862292144,0.5068690298543983,0.5056057533388805,0.5014261992531015,0.6142616187520812,0.6155291806428496,0.6165930931205139,0.5041980897939503,0.49988378525052996,0.500222165046131,0.7211205764240006,0.725089233154738,0.7144440221233913,0.7109398478456397,0.721181013266952,0.7133271428944088,0.7130413851095538,0.7247014064784839,0.7178234535741524,0.7153315456056072,0.7144061860308831,0.7164717935034428,0.7165064272115402,0.7222363799556639,0.7146894584846074,0.720822350953017,0.7225760524166419,0.7434076768304944,0.7206833358397439,0.7175045540183378,0.7196769557736284,0.7121428428673766,0.19121670268389263,0.7148825655395414,0.7159212828651803,0.70911510603864,0.7109858998562807,0.7074136943240028,0.7120854001094155,0.7088637391825351,0.7098476931632406,,0.7292549328433786,0.7418619430030104,0.7292007200688948,0.7354690938146365,0.7266223499323536,0.7250935458755807,0.7233386110873181,0.7284468134366605,0.7495610261580403,0.3714134718953392,0.38090526223599785,0.3834615322879021,0.3759429048197804,0.3672942850660407,0.38408647249605105,0.393079241641623,0.36362535432860377,0.3659702196328744,0.3673237589517088,0.36085605519901076,0.36353555422032574,0.35871550171995414,0.3570477567811843,0.3544190045181261,0.354957398609694,0.35419323893476024,0.35641123008539627,0.35638564670027745,0.35668864696493746,0.3598446176583027,0.3623618256739224,0.35397876971750525,0.3619797572895826,0.3611217244222704,0.35915085329073465,0.3661301799960238,0.3567086430310339,0.3578934165915039,0.35403167705760824,0.35602210102529014,0.3563944736392322,0.36902315834041205,0.3705293325707379,0.3794057641330729,0.37030174940298105,0.37767016138465237,0.36257236830470774,0.3792413903616093,0.3841495758078921,0.36795251314269434,0.37298717770504863,0.3604178510861906,0.3683465311532335,0.3587324336119639,0.3613384951986431,0.354957398609694,0.3586372193110191,0.3546471606415523,0.3539698263810264,0.3539698263810264,0.3539698263810264,0.35457921629668004,0.3539698263810264,0.35708389994265255,0.35457921629668004,0.3542718784893853,0.3617474964917256,0.3589170847113646
0.5172983522127745,0.5050534348747371,0.5105457165572367,0.503190268427082,0.7079104155187473,0.6203152080297676,0.8174701004358591,0.8193615049724079,0.8165536358489117,0.8171547179023515,0.7122350398202683,0.8191496027365133,0.8178241459722343,0.8201085758816263,0.8170573841925718,0.8171910989182098,0.7146314841877456,0.7092617620689705,0.5947600507814901,0.5022961318626947,0.7078308974630357,0.5025810319182495,0.5062884954687752,0.6504295156865961,0.6459263641337992,0.6473884374645131,0.501845802081493,0.49979885799505386,0.5012282837116535,0.7138109965920714,0.7117352679981516,0.7138702221008547,0.57854747039408,0.8177375718200415,0.5792039871056648,0.7106062456552023,0.7093891970781377,0.7103381930351456,0.8185011370998991,0.8225317760725401,0.7130721972250864,0.7115248025281378,0.8205795195287653,0.8190043450100212,0.8232679941499438,0.7112868100866918,0.8261569568027662,0.8212755380503823,0.818790046749893,0.8178801054938044,0.8171504887851551,0.16865794671937903,0.7078498444592873,0.8197589947391906,0.8193901576973166,0.8235183760673828,0.8200104420355627,0.8216562961813304,0.8167500445991495,0.818240502739506,0.7292549328433786,,0.8264426262751872,0.8274548356052797,0.8284370106700801,0.8296394267247559,0.8274949885428279,0.831194031641509,0.8294592747926847,0.8247540240888974,0.6508193240169102,0.6583150263896496,0.6593714880457717,0.6535980187077078,0.6524444588535633,0.6549098035018992,0.6566398793760339,0.51124242120454,0.6548379639629853,0.656026310901431,0.6455312600135072,0.6456591114436172,0.6471124844097156,0.6471034505471528,0.6458311977497847,0.6459531349767565,0.6452264794902393,0.6455209983425176,0.6472394753690386,0.6469965609207621,0.501114744126594,0.6517974076594057,0.6454206664225506,0.6489727264308225,0.6503378093903762,0.6481069698126901,0.650465685896212,0.6483990742117034,0.6476979106274763,0.6453905117700127,0.3606307784283588,0.6464874604918025,0.6511992423020071,0.6544803421047711,0.6540141027376819,0.6547684476578001,0.6517244111650915,0.6480112966744968,0.3829787654524538,0.6533740500374887,0.6520270309111474,0.649102580033086,0.650318459599747,0.6537259483748191,0.6456267800797653,0.6475075334021532,0.6452244199738308,0.6452244199738308,0.6461447311046966,0.7902226352842356,0.7902226352842356,0.7902226352842356,0.645360683882022,0.7902226352842356,0.6469616173874002,0.645360683882022,0.6455209983425176,0.6474967536537555,0.3031394409226938
0.5184328097090215,0.5020977358236884,0.5071391018662481,0.5093235727410996,0.7097872239308114,0.6217034542033966,0.8178464206127994,0.8176135147371283,0.8165034362570678,0.8206824124256845,0.713463651203005,0.8220754736943886,0.8172678898391184,0.8183221414340224,0.8177527698181634,0.8165071706737255,0.7177370199108272,0.7087003602873948,0.5916992488834761,0.4998331500590107,0.707992950538862,0.5029279374878939,0.506472289139846,0.6510508632852785,0.6479219139419576,0.6457596145766863,0.5008617917003678,0.5011645738514524,0.5011827801291618,0.7131758425606356,0.7114421688020294,0.7141894220863657,0.5782475504227135,0.818822204941647,0.5797663478899111,0.7172135409351723,0.711626877144684,0.7107334555298556,0.8182426038903657,0.81987552749698,0.7196070802818446,0.7127636253876933,0.82094738940875,0.8175222213265644,0.8234444430555501,0.7134349586308123,0.8291188628210264,0.8227468684994242,0.820331055902927,0.8180789511447887,0.8171268464149493,0.17474588480765002,0.7084979508538436,0.8173280078192617,0.8174123994081506,0.8228846054557211,0.8167172903646295,0.8172104126125908,0.816786502203635,0.8181766613058472,0.7418619430030104,0.8264426262751872,,0.8233946970862702,0.823446153502223,0.8254886141258337,0.823886786658668,0.8245893037857761,0.8265406536212206,0.8319840720503588,0.6490773278797856,0.652755510694753,0.6537049904030241,0.6471878441891192,0.6476595714683145,0.6508894310593274,0.6537948667518378,0.5025006788325186,0.6470837316665535,0.6496992180817905,0.6456504717829469,0.6484087446119033,0.6460012716764667,0.6487050815089846,0.6456929103952839,0.6454263921486222,0.6454569880392832,0.6461101721637931,0.6487570162658459,0.6490876964362983,0.5028749878657935,0.6501191348587615,0.6457531453945163,0.6471530427459824,0.6481749821242015,0.6465000497976726,0.6490635681119558,0.6501413592287055,0.6485491652396065,0.6468284242961793,0.35369678290559764,0.646271075376232,0.6492233112401375,0.652555416784515,0.6481369514393384,0.6549543955740896,0.6491799928727005,0.6468559618760232,0.3747512775862821,0.6577897507000896,0.6523684105694053,0.6511394938004155,0.6467574381749743,0.6484016587768833,0.646955446255447,0.6485034265845759,0.6457077185823351,0.6469773080451182,0.6458404610934922,0.790453526489537,0.790453526489537,0.790453526489537,0.6456460248174807,0.790453526489537,0.6464513787239641,0.6456460248174807,0.6454569880392832,0.6490683340189307,0.30528469227217025
0.5170730048081121,0.5020419689409618,0.5081267273863257,0.5063132773925528,0.7085807573464202,0.6211894128879804,0.8166203745195967,0.8176077472259417,0.8167703483326029,0.8183055097624682,0.709091936310567,0.8196286193578726,0.8235843301963756,0.8194585254541236,0.8166253901998828,0.819022401486774,0.7123684425224857,0.710392096469987,0.5941362259185984,0.5003377442864257,0.7085060249938763,0.5042362375561019,0.5033862264781467,0.6484675222758423,0.6469189899259017,0.6480998720086026,0.5012807062318425,0.5004795403967238,0.501635809562402,0.7140160900843692,0.7148673378295457,0.7148250124469159,0.5783640242012331,0.8167748157489085,0.579434836796048,0.7137250768494356,0.7139725208403711,0.7122879336938434,0.8178312059882726,0.8188502523811815,0.7097609250925262,0.7122939978114716,0.8176968655576196,0.8199612479952478,0.8226990797913524,0.708544000830064,0.8245280759624615,0.8242637917264748,0.8202238999109884,0.8172269495101405,0.8169070339464494,0.1588565442601535,0.7070971241871037,0.8179119690971242,0.8170447802423272,0.82175409777971,0.8165275906203477,0.8182591918409322,0.8165029882541411,0.8166458056504625,0.7292007200688948,0.8274548356052797,0.8233946970862702,,0.833292154135134,0.8366625716041132,0.833442169533003,0.8280901499342022,0.8335784950798981,0.840208606434659,0.6484983456471474,0.6521121968570459,0.6546562415795003,0.6532675751397059,0.6475765595700165,0.6525682400066551,0.6599647139756881,0.5096601505121952,0.6503135678494946,0.6532002406727313,0.6455374647685008,0.6470490266523404,0.6488755490622868,0.6465565204021883,0.6457459215010938,0.6454941829861112,0.6453024943493822,0.6455146676100242,0.6485737808586054,0.6455268617542506,0.5100934699113948,0.6501764997947125,0.6454449868326982,0.647040301242024,0.6469675719215052,0.6486401816884204,0.6467949794016536,0.6456789328805385,0.6476529066990656,0.6453063070739603,0.35512884344696777,0.6464192171575405,0.6510877478950685,0.6557528170718371,0.6553459601713486,0.6645480384303316,0.6522862946591953,0.6527709458183717,0.3691379110679805,0.6561926736760976,0.6531835196256013,0.6498909946290689,0.6489521354151087,0.6518674783188751,0.6472567621374951,0.6473400267532697,0.6453439124063187,0.6453439124063187,0.6453362665037738,0.7903105813015078,0.7903105813015078,0.7903105813015078,0.6455762326783493,0.7903105813015078,0.6452941679787846,0.6457260337051111,0.6453024943493822,0.6482268001341541,0.3044674028401805
0.5176930013593227,0.5043780395292247,0.5100038278341756,0.5098338830107247,0.7095380076543066,0.6204716325489172,0.8167020948445667,0.817209316732778,0.8169156641552037,0.8190121417137465,0.7109365953170981,0.82020909552277,0.8235221205701602,0.8225196233097993,0.8168644359406564,0.8200277127572858,0.7149568560621908,0.7113258221321248,0.5913376851107898,0.5001451926155401,0.7086027594650091,0.5040320875729499,0.503275975358034,0.6468285048790159,0.648200865841392,0.6464821218630458,0.5026037127418688,0.49976569042546964,0.5012084410592959,0.7200086777097452,0.7151786281844197,0.7193672829927993,0.5799266968952906,0.8199489040080878,0.5807858079066083,0.7115240990814823,0.7158245851445502,0.7196660183683147,0.8207127616294493,0.8209197449286844,0.7195135630791767,0.7181850408546533,0.8229737736831689,0.8212889152434404,0.8235725213616242,0.7137829814980711,0.826356673391774,0.8230213329210931,0.8225690969597238,0.8232925350871487,0.8209019693642934,0.1965417771879452,0.707050088098706,0.8167530305399978,0.8204146082409113,0.8228276605859214,0.8168554923890857,0.8195599182713862,0.8168645528116087,0.8167113107591595,0.7354690938146365,0.8284370106700801,0.823446153502223,0.833292154135134,,0.8325327095086671,0.8310927454775107,0.8299802274491639,0.8262548825853223,0.8295710698339703,0.6480719247780398,0.6515474847107888,0.6522961959770252,0.6517455049942505,0.6473721361116549,0.6507397489106685,0.654201295979044,0.5049473655159591,0.6503151991466994,0.6519969727554559,0.6455509746748559,0.6460616779806042,0.6486535798809855,0.6457452895160857,0.6460903496569977,0.6470972555770264,0.6462009471220045,0.6462009471220045,0.6455282865998858,0.6463209058347398,0.5066988554659358,0.6465641505241047,0.6458596672055327,0.6458464569407536,0.6461103359985617,0.6468034605058698,0.648387783531358,0.6476933933610047,0.6476308310891696,0.6467484162820234,0.3558271806224875,0.6459281688333813,0.6536792902864708,0.6548429326107463,0.6515789047377853,0.6556353532337236,0.6536230481357374,0.6479014094182663,0.3951751696922386,0.6562478216681888,0.647648314607997,0.6485035001260122,0.6476241239742329,0.651377412878468,0.6484872623730035,0.6478945185788832,0.6470972555770264,0.6457656926632647,0.6456437024928168,0.7904744910077464,0.7904744910077464,0.7904744910077464,0.6456481413271686,0.7904744910077464,0.6465370121114322,0.6459778345469601,0.6462009471220045,0.6532596756902433,0.30505785296141524
0.5171870967803042,0.5016916550270769,0.5056434664541116,0.5029479991592954,0.7072558078369121,0.6208132409059904,0.8224259253919718,0.8192726559039752,0.816761226263134,0.8188778273102536,0.7139324652112549,0.8192198207155814,0.8199098998720215,0.8211303256575229,0.8168385437199637,0.8227023411431654,0.7109620011187937,0.7096530225085886,0.5972376850119527,0.509161253728633,0.7083632840027391,0.5118112012939899,0.505864611065515,0.6476673187139205,0.6499544153635314,0.650285840521881,0.5088681088455557,0.4997924090277343,0.503067911566848,0.7166601897570506,0.7102658675852956,0.7166013896367086,0.5801896357869757,0.8185478535462721,0.5801043482398691,0.7107845100046422,0.7107149324887722,0.7156417304564332,0.8200616067322233,0.8195567204907207,0.7189389991246959,0.7122151472862518,0.8192687830756907,0.818129035253046,0.8219061161808745,0.7120082661147524,0.8218823467213309,0.8200166793468636,0.8208543798100837,0.8183336268824482,0.8169818676686206,0.15567489789962333,0.7082053871414565,0.8184378318678608,0.8188583149169616,0.822340596705659,0.8192422097178779,0.8180141968250481,0.8165068422484251,0.81653950731836,0.7266223499323536,0.8296394267247559,0.8254886141258337,0.8366625716041132,0.8325327095086671,,0.8345383163339686,0.8353975520865629,0.8321149424873233,0.8350938609846409,0.6510631791088981,0.6523371331036806,0.668166814078557,0.6583533017248229,0.6496583067173675,0.6571494717399178,0.6600006818484959,0.5110709157619705,0.6534141220909081,0.6503999920187705,0.6472332901974279,0.6502491011421124,0.6481564795114371,0.6464239929837476,0.6478128601490548,0.6452248559812692,0.6452477432783174,0.6465113574812015,0.6457042674660495,0.6455124205147302,0.5033219171431472,0.6489980559520762,0.6457230772623362,0.6479355271165185,0.6475033001455759,0.6489582644157533,0.6494000531919888,0.6470317213207314,0.6460408034299046,0.6461860724462958,0.35351821519189996,0.6460571298603779,0.6522973439812642,0.6511483278756397,0.6570535860113187,0.6539822398264121,0.6542818621337433,0.6524367391618808,0.36405772245063456,0.651534542701964,0.6488163722775079,0.6517428580121569,0.6492471185904157,0.6514958189327793,0.6455574271145134,0.6460801714521923,0.6457081818482239,0.6458561181796421,0.645234623410448,0.7902319117735215,0.7902319117735215,0.7902319117735215,0.6453834220947504,0.7902319117735215,0.6453412128702677,0.6453834220947504,0.6465113574812015,0.646589233301671,0.3042585821712578
0.5169474741452655,0.5038595269332338,0.5036500465567173,0.502466990716045,0.7085155300891997,0.6207012773600346,0.8167269775386954,0.818943074203304,0.8168039306240796,0.8169625349747429,0.7114716303852059,0.8196411798375169,0.8206918040630856,0.8187428960896764,0.8171852750931896,0.8203287178858022,0.7147752810296295,0.7087989523195825,0.5963515723451549,0.4997175189268324,0.7087011416546942,0.5023055343047362,0.504800938729031,0.6457615062385356,0.6460696941515226,0.6469544857027216,0.4998863065161203,0.5023076066707574,0.5011410386768429,0.7100356901033822,0.712114153965368,0.7108599934132507,0.5802020030464786,0.8202959374207658,0.5819734354927588,0.7212221229971069,0.7182325760993801,0.7157448584366235,0.8186697196845028,0.8190508732743883,0.7144925424630522,0.7111755502619033,0.8188194742553848,0.8205534916512949,0.8209675973552932,0.7130870134155801,0.8241793169061296,0.821435379665589,0.8200391319454148,0.820599738540106,0.8185410540555377,0.18801547297994953,0.7092631880014649,0.8202037369631834,0.8222465082609604,0.8228123479713081,0.817085173433744,0.8186235341095817,0.8166639015051497,0.8171433366223927,0.7250935458755807,0.8274949885428279,0.823886786658668,0.833442169533003,0.8310927454775107,0.8345383163339686,,0.8286615482691821,0.8315075183259332,0.8364311129925353,0.6492711026086936,0.6587621728793657,0.6538033065193644,0.6536315826637935,0.6524842847996554,0.6534691714263934,0.6595474814898489,0.5169786828888064,0.6523969114911411,0.6480831309243404,0.64576653580934,0.6464802960926094,0.6460735662667857,0.6470975868107894,0.6454510320218092,0.6456468634620751,0.6453393005206299,0.6453483327312801,0.6463198815056292,0.6457940619399972,0.5050429746617977,0.6500909908901005,0.6458098235031394,0.6473321032525349,0.647035958309907,0.6456913185997254,0.6463277425561124,0.6482513787750942,0.6468271865348033,0.6494771949859124,0.3529414653803971,0.6460199518496267,0.6510129637803513,0.6618103683771731,0.6506503939660307,0.6544488952672336,0.6539849297627799,0.6480254540982964,0.37930202557102155,0.6563652207916751,0.6556489152810232,0.6504132814011822,0.6492955856667151,0.6500559401569264,0.6460193456866083,0.6456459831019536,0.6452543995296128,0.6452543995296128,0.646081424547576,0.7902626504944025,0.7902626504944025,0.7902626504944025,0.645458763976917,0.7902626504944025,0.6464543911130992,0.6458500187416139,0.6453483327312801,0.6470162472920395,0.303963917800139
0.5169739587219374,0.5017849786090792,0.5152743071777017,0.5124782852409336,0.709270846317989,0.6239239748966589,0.8224639248462551,0.8236825375356357,0.816527612385095,0.8180914240001756,0.7177546149080131,0.8243003214900757,0.8237325423292721,0.8242115100067042,0.8171565244954123,0.8207075174785003,0.7111306901209056,0.7119012357326063,0.5980249718186653,0.5017916420378281,0.7097977500338531,0.503050172028323,0.5031112420065981,0.6480057481696947,0.6483879384733201,0.647379022765245,0.5026030436190624,0.4999524902357948,0.5013237477680955,0.717066742902325,0.7123522245535014,0.7152908427827387,0.5786599469141595,0.8182965922422788,0.5812917739823377,0.7148851725857626,0.7220035822581562,0.7128858350197208,0.8200896147043621,0.8222881933022743,0.7211941666866409,0.714805036552035,0.818361227451716,0.8302032324645802,0.8320873105598371,0.7167187794170936,0.8245091601333294,0.8262182642927113,0.8228241527976379,0.8225270695365324,0.8196509294898136,0.19896346668998535,0.7108288960598084,0.8217112712008683,0.8200100098293591,0.8233729495787564,0.8214985993627835,0.820320652539918,0.816949163560684,0.8189194169725748,0.7233386110873181,0.831194031641509,0.8245893037857761,0.8280901499342022,0.8299802274491639,0.8353975520865629,0.8286615482691821,,0.842213099132892,0.8321682874396321,0.6498243881552768,0.6555764637656215,0.6561905538208619,0.651312054202503,0.6506398408816461,0.6574379380645247,0.6609159890539659,0.5105400738571348,0.6524750522703857,0.6559715404875549,0.6463651142794272,0.6452726003312881,0.6465411832522162,0.6462661997758632,0.6452064122018116,0.6461374010983186,0.6470103129466998,0.6470103129466998,0.6493956343627008,0.6468233820228131,0.5091399064279165,0.6514267722405536,0.6452658664230888,0.6503160222132562,0.6518923869285259,0.6511918987569038,0.6476182374884055,0.6473425818746021,0.650687450209085,0.6470154184869514,0.36074083018250525,0.646845853939389,0.6527905763849502,0.6563772245868831,0.6523770556953925,0.6544395881540991,0.6536981873912422,0.6524582398664188,0.3879713448938882,0.6607204737252124,0.6531512831413462,0.6512998640582762,0.6514219662491535,0.6526271377003644,0.6463999165197883,0.6465172057733015,0.645235329255515,0.6461374010983186,0.6452080007492461,0.7902094176823916,0.7902094176823916,0.7902094176823916,0.645328284426298,0.7902094176823916,0.6472533883549487,0.645328284426298,0.6493083514882958,0.647003656434785,0.30364911261970273
0.5177341143639634,0.5022382661142352,0.5109978160142344,0.5048743226411678,0.7084469914704973,0.6220460163879096,0.819768866251193,0.8215555303473806,0.8166903960021163,0.8194072685094098,0.7200641454446389,0.8226687264818209,0.8184255513222961,0.819896705044023,0.816613834452211,0.8195603849456998,0.7134745523443594,0.709341610460479,0.5952959572219291,0.5012455136099306,0.7088367207231229,0.5135576611233521,0.5040285743707695,0.6488598047962123,0.6460817891092875,0.6481722509567905,0.5061526307375563,0.49984000746047746,0.5013555953228992,0.7116369577611021,0.7176958609020542,0.7161628243909136,0.5782462735601691,0.8183056132538202,0.5797927091797667,0.7108266369630637,0.7161350936893707,0.7150243485573206,0.8191687320759322,0.8180428246697081,0.7161554551892109,0.7115176919877811,0.8184071548572872,0.820866257029486,0.8225268874900525,0.7138726343950226,0.8276939198223261,0.8265406536212206,0.8209197107584342,0.8198060371331791,0.818915920442501,0.16653301260363734,0.7093966066140505,0.8194812698530904,0.8181529873901704,0.8207290343581775,0.8169384352508376,0.8179781000137588,0.8165261428579088,0.8171196350436695,0.7284468134366605,0.8294592747926847,0.8265406536212206,0.8335784950798981,0.8262548825853223,0.8321149424873233,0.8315075183259332,0.842213099132892,,0.8325420908489761,0.6465689685904464,0.656562944675167,0.6547795971571954,0.6494331344974953,0.6465191914375749,0.6468485586303541,0.6642099897129147,0.5086741239804878,0.6500164690960806,0.6496986172161667,0.6468744272456403,0.646041519418618,0.6469504492617764,0.6459196613132994,0.6480689937912687,0.6459256891496667,0.6466361734646809,0.6466361734646809,0.6484670475548246,0.6463804510676929,0.5060851738568305,0.6485137197682439,0.6458407080294717,0.6458397437807518,0.6464131507667134,0.6459629247899975,0.6474303699557619,0.6467707148330003,0.6455924101983224,0.6453515994679392,0.3580761056423582,0.6452382904960023,0.6524370909367558,0.6558883886773429,0.6510106881152042,0.6530853466859384,0.6510627661078586,0.6541765914351954,0.3797491832903943,0.6550685672533296,0.6511447156072684,0.6477494591198748,0.6479448307940182,0.6495579765075821,0.6467460180744325,0.6462322248747575,0.6452239996310574,0.6459256891496667,0.6460887385464359,0.7902250556702406,0.7902250556702406,0.7902250556702406,0.645366616700784,0.7902250556702406,0.6469176005012531,0.6460662117534764,0.6486240969736078,0.6454427488238709,0.3050945803974479
0.5174395368868442,0.5033000418115237,0.5078322191029906,0.5077456209133254,0.7123502990563954,0.6208750122842962,0.8180705917836065,0.8191912172865966,0.8166328769281971,0.8195110957993408,0.7138582626292064,0.822614828560593,0.8215304786290247,0.8221010462878806,0.8165682176203276,0.8179881313639523,0.712505019958525,0.7098043212539779,0.5936580946916535,0.5022348838404744,0.7092552772530764,0.5057935975826604,0.5053890648349614,0.6473593900969592,0.6458442503660435,0.6487769080076722,0.5066902783606089,0.5001639904987788,0.5010830797394402,0.7141176757642348,0.7181494926997415,0.7124683549047083,0.5784042636089008,0.8167645988783228,0.5795980624107964,0.7164028392186371,0.718194330405789,0.7122671488565926,0.8206109591318873,0.8204633112921121,0.7110562705658459,0.7152577299610418,0.8195870875576324,0.8238327130328302,0.8216085676567699,0.7135641435575368,0.828051111549688,0.8230956817177301,0.8237673770578263,0.8192884109379875,0.8192809826562418,0.18549938218963083,0.7107494243174083,0.818588690231302,0.8210457878965683,0.8225001065697058,0.8182792291792925,0.8177212679425098,0.8170084079165758,0.8178499725106028,0.7495610261580403,0.8247540240888974,0.8319840720503588,0.840208606434659,0.8295710698339703,0.8350938609846409,0.8364311129925353,0.8321682874396321,0.8325420908489761,,0.6501477558398571,0.6603327509450523,0.6637072132485321,0.6526348049015188,0.6544695880107434,0.6573067590210571,0.6691104227136802,0.5120954906889059,0.6520038946584762,0.6580713701453551,0.6475626973701643,0.6486867258345402,0.6472823170998248,0.6480392810554071,0.6457246776445451,0.645521737824993,0.6458754944680815,0.6453052601470368,0.6469918963358137,0.6481501519984502,0.5050211342232201,0.6522389080973635,0.6459399002702009,0.6478128138359892,0.6467885591431122,0.6473730256717972,0.6459531510139384,0.6478128138359892,0.6474319621977327,0.6459035621860111,0.3603256376404134,0.6490795488522725,0.6517006280411141,0.6569528207300221,0.6615690373108483,0.6587848799618584,0.6555693649153259,0.6548332710562155,0.37010848838449223,0.6501891936343941,0.6504244034973087,0.6490578472861341,0.6503102659348357,0.651716967774714,0.6467373912769946,0.6469668733337337,0.6466990850884153,0.6466990850884153,0.6462717222617568,0.7902981003697247,0.7902981003697247,0.7902981003697247,0.6455456458144783,0.7902981003697247,0.6452904377292237,0.6455456458144783,0.6453052601470368,0.6501096077253974,0.30517056190490166
0.13126978934195854,0.05152459449050462,0.07917668786349498,0.07231854552371525,0.5775171607524688,0.6207894434006681,0.6485106345566233,0.646506853230093,0.6456521501520588,0.6467878785459964,0.3570748050540065,0.6464755736174637,0.6453009745848548,0.645658505532507,0.6472606346544495,0.6453456925837795,0.36452296270807005,0.5790614755604325,0.5900493561402543,0.06119985838727345,0.5777423872866327,0.041197264619859175,0.09973894734597229,0.5022203702534966,0.5000288880024936,0.5002383307450905,0.026596008341678898,0.04943127964909241,0.0740128001083947,0.3581425583505631,0.3555754266695275,0.3548669538930112,0.29800746862136923,0.6465396603087957,0.2924058746593609,0.36545349620323864,0.35471595751630564,0.35511588971650715,0.6480813990797387,0.6652999476445313,0.3595356250319062,0.353819029795006,0.6507814977042332,0.6458709535748265,0.6466764740353309,0.5023629586230569,0.6506282925310366,0.6483507417693036,0.6483224292524935,0.6467139320982147,0.6478035389890673,0.09017179906049062,0.5013404511418164,0.6457384744741959,0.6459791983890727,0.6456090743159215,0.6458598176305363,0.648293681164909,0.6536930356183338,0.6452538528606228,0.3714134718953392,0.6508193240169102,0.6490773278797856,0.6484983456471474,0.6480719247780398,0.6510631791088981,0.6492711026086936,0.6498243881552768,0.6465689685904464,0.6501477558398571,,0.8382965366945103,0.8247763226509821,0.8307647018111924,0.8263981841472665,0.8304358750466905,0.8246477598626716,0.7127628750018058,0.8208228963266796,0.8292819736396245,0.8172100850259388,0.8187495439594474,0.8184351445497844,0.8175072865783568,0.8165029096577421,0.8171571633608544,0.817791566306372,0.8167893874664475,0.8170837676572157,0.8165629895526164,0.7100526809778166,0.8180551231460912,0.8178144523589385,0.8188145797565402,0.8176946909978589,0.8205599707441414,0.8194640646375891,0.8177106046194371,0.8188792407356367,0.8172480530194304,0.7071261420752858,0.8187903633547909,0.8207889552061718,0.8196737809203659,0.8201413145675992,0.8206186844178402,0.8199172600277198,0.820928717375864,0.7101078677481488,0.8184438681970015,0.8179263799183083,0.8204134395685156,0.8172875532926026,0.8201699283600726,0.8180718412673575,0.8179124239796101,0.816511894254755,0.816511894254755,0.8191690197678533,1.0,1.0,1.0,0.8166028500923423,1.0,0.8179973324398061,0.8166028500923423,0.8167893874664475,0.8174743523541733,0.5848881118553955
0.13114779084510095,0.060467651043420306,0.07472512822569391,0.07942252195701191,0.5794213309853103,0.6204711390419207,0.6464467321646065,0.6464619990535345,0.6458892170165002,0.6506300742277739,0.37219828013636563,0.6491550853245017,0.6473542473549282,0.6482201551069205,0.6471972855005356,0.6458115892783475,0.3600890211893223,0.5789522285508774,0.5903545535954656,0.03223969225458942,0.5781586934903583,0.03681537184083297,0.09584429938988001,0.503692718127989,0.5003726455278373,0.5011090639217979,0.04112498428354597,0.05687360802664814,0.06262132808702195,0.3661231181254777,0.3603933819836214,0.357731810996515,0.2970393393754402,0.6475231861557118,0.2921072342239126,0.3648907934703647,0.3741181887679294,0.35872318404223646,0.6477803726571658,0.6720653558314859,0.3713151113609716,0.36358066299471864,0.6469932404183845,0.6489354232442089,0.6478655000723621,0.506980696836222,0.6603302293511635,0.6495468085919271,0.6525327715671394,0.6471959764829309,0.6472532537793935,0.1381558231999783,0.5004980059205706,0.6526273855858811,0.6487307464360615,0.6488096332275433,0.6461910795037921,0.6571778758746353,0.6544294953886368,0.6463722523785268,0.38090526223599785,0.6583150263896496,0.652755510694753,0.6521121968570459,0.6515474847107888,0.6523371331036806,0.6587621728793657,0.6555764637656215,0.656562944675167,0.6603327509450523,0.8382965366945103,,0.828116505744293,0.8239793117199401,0.8306226289046439,0.825069155613375,0.8274429092485613,0.7208184962672278,0.8267029281400009,0.8248969784622485,0.8187667758773881,0.8171209397504959,0.816643075105174,0.8165309175049386,0.8168909051882468,0.8164991360987287,0.8166926715110645,0.8166926715110645,0.8184287233793728,0.8169472495686109,0.7092324615501937,0.8204895774685843,0.8169092147333412,0.8201189407471853,0.8177045535379163,0.8213257885056091,0.8212128868704117,0.8201189407471853,0.8182167382090648,0.8176360064941798,0.7074874127777914,0.8175064427363384,0.8212769389070285,0.8232531496086992,0.8218139378911773,0.8225071047013851,0.8225115817414749,0.8178742710961424,0.7126409992424975,0.8244282169076842,0.8209217959926646,0.8180740010793088,0.8182904183632427,0.8199186685867036,0.8181831566729016,0.8183204351467112,0.8164991360987287,0.8164991360987287,0.8166871199218749,1.0,1.0,1.0,0.8166222388289146,1.0,0.8177659344330787,0.8166222388289146,0.817535311894656,0.817475152306581,0.5881394655130457
0.13395953334650063,0.051735591110498386,0.031242048522763688,0.07926990676854707,0.5777447869282576,0.6202230272190473,0.6477183588774227,0.6458114691540953,0.645685931256462,0.6476410068601344,0.3572167639935265,0.6498369656704064,0.6453063317909398,0.645590332644672,0.6455053449445898,0.6466536757631246,0.35974257909269547,0.5790253713475386,0.5913946482263082,0.06340495061296603,0.5785325822678044,0.03803609554713974,0.10731274975715009,0.502501539624043,0.5012899189621288,0.5002113594916756,0.04700819091861689,0.04948158214033814,0.07961853754054027,0.360642769667923,0.3560366287383296,0.362575499782379,0.29334352184412416,0.6474404795875847,0.2937908688584387,0.36170998585908626,0.35438056006579377,0.37156433986045173,0.6458238819837196,0.6548162429407719,0.361632754597955,0.35360014341592855,0.6466091436717107,0.6480848175827122,0.6459537732149565,0.5023337534590222,0.652840685391899,0.6459471676021352,0.6467741414827741,0.6469718975561874,0.6467040952990541,0.10260106279154034,0.5008659268528648,0.6456075979469541,0.6460163621212623,0.6483158937326814,0.6470812283874718,0.6509079408093997,0.6537160941582674,0.6456383988886576,0.3834615322879021,0.6593714880457717,0.6537049904030241,0.6546562415795003,0.6522961959770252,0.668166814078557,0.6538033065193644,0.6561905538208619,0.6547795971571954,0.6637072132485321,0.8247763226509821,0.828116505744293,,0.8389154840742472,0.8389441779348839,0.8333183114736533,0.8374220151000322,0.7298055362864113,0.8271515749659315,0.8256924927383001,0.8170252229476239,0.8172800660189138,0.8176085615795027,0.817384616183196,0.8165764940150446,0.8185727961686141,0.8192675353830565,0.8176607563469649,0.8180789927830339,0.8194555542685197,0.7095923323525168,0.8197907482393116,0.8176141925229203,0.8216652573626478,0.8217551183031885,0.8187701417510288,0.8213555885785758,0.8210596201472669,0.8225373621354549,0.817624114861101,0.708255604752674,0.8169263475984723,0.8266295474042724,0.8280566706064524,0.829853329234318,0.8288978967799302,0.8324600939584429,0.8235715092493738,0.7113857342054823,0.8220481687416153,0.8191927919486979,0.8230303685415186,0.8212114365484192,0.8250224817200446,0.8179672278477598,0.8204066376209039,0.8170813798369638,0.8170813798369638,0.8172326264695076,1.0,1.0,1.0,0.8166119213624315,1.0,0.8166176016540626,0.8166119213624315,0.8167392766357524,0.8234142625526274,0.5854866149348342
0.13077335020009964,0.0514410929409766,0.029475276216825483,0.11044889588562548,0.5774107021616047,0.6204705249753795,0.6484179752788215,0.6478094227095816,0.6454782867701571,0.6492196548284,0.36027228985555193,0.6524073639796515,0.645332809302722,0.6467367418346996,0.6455938676293637,0.6452217488540919,0.36725607791262704,0.5788637850518192,0.5895626926618794,0.04800300172068969,0.5811251541489248,0.05287319074103058,0.08474714233035481,0.5019845069582538,0.5008607691353703,0.5041795282559974,0.07062923076036479,0.017915004436126456,0.07685057054675919,0.3616780540913114,0.35569452348349395,0.35520971739580987,0.3006860089548486,0.6466420342625936,0.2909501637625343,0.36584961184072634,0.3559731783088454,0.3627438285727778,0.6482934933396002,0.6521144980575054,0.363490487180168,0.3541141659461288,0.6469675248524166,0.6489106120180833,0.6494013864801786,0.5063303880562671,0.6523837003745857,0.6490098143427749,0.6503275260039256,0.6480341242309184,0.6478523766040435,0.13642337136401889,0.5098862742141205,0.6470006771977022,0.6468194276665052,0.6461403731525974,0.6506044185293934,0.6509404833465899,0.6536525549251966,0.6481633940458679,0.3759429048197804,0.6535980187077078,0.6471878441891192,0.6532675751397059,0.6517455049942505,0.6583533017248229,0.6536315826637935,0.651312054202503,0.6494331344974953,0.6526348049015188,0.8307647018111924,0.8239793117199401,0.8389154840742472,,0.8272539161927348,0.8321389400942582,0.83189387132126,0.7280732467778932,0.826509440995628,0.8295915681746103,0.8190633155720624,0.8180906252522089,0.8187121210036826,0.8188855317458773,0.8169081833495695,0.8168966938336492,0.8167012647277938,0.8166434069016533,0.818287539522586,0.8173915678015242,0.7098881955364831,0.8184454928978762,0.8191723190374584,0.8248142121318603,0.8205243320221909,0.8203598529208397,0.8229658064385001,0.8194234656121699,0.818901882062949,0.8183674319264467,0.7079071331985252,0.8166128048829063,0.825622604526113,0.8199940623163482,0.8263230608433133,0.8251039692706044,0.8322118232507116,0.8188025907190614,0.7118897043713426,0.822576529671844,0.8174367678463652,0.8228016784725732,0.8180751734612896,0.8245467641111136,0.8168647782991755,0.8172406242191359,0.8166065501583641,0.8166065501583641,0.8181160540107656,1.0,1.0,1.0,0.8165331375804049,1.0,0.8173234554493817,0.8165331375804049,0.8167012647277938,0.8168592380794701,0.585068586196012
0.1310635420882223,0.056205676561566,0.03663793458185608,0.0729198829325681,0.5775446517968792,0.6210227821529729,0.6460338300878711,0.6453744526006591,0.6458866340357139,0.645510750010554,0.3574836631639803,0.6483022943757641,0.6454330532093348,0.6477853720424845,0.646194142156643,0.6453293390012065,0.3632335804040966,0.5789571154600389,0.5902814807424841,0.019902937387674523,0.5790519991598674,0.036378641170843176,0.10592445681396331,0.5013973534537346,0.5001628311659089,0.5005839938722153,0.04629714055396925,0.022597775507315957,0.08816008642428246,0.364005797581644,0.3568802557638137,0.3598697689990922,0.29198250318328967,0.6470686733352007,0.2937850110998135,0.3648263091596202,0.3553022617661687,0.3620471885660059,0.6464174378072608,0.6548033092449987,0.35704290015613416,0.36089967512048454,0.647420059648264,0.6476012995858267,0.6463342737728502,0.5076791014150507,0.6505698203873788,0.6470934488159695,0.6458319869944361,0.6471604094755765,0.6469601308375865,0.11158673221222529,0.5005562096736027,0.6460426704890747,0.6479803208883499,0.6501336389274068,0.6481330595629428,0.6501111963483303,0.6559418368689371,0.646529331853876,0.3672942850660407,0.6524444588535633,0.6476595714683145,0.6475765595700165,0.6473721361116549,0.6496583067173675,0.6524842847996554,0.6506398408816461,0.6465191914375749,0.6544695880107434,0.8263981841472665,0.8306226289046439,0.8389441779348839,0.8272539161927348,,0.836093650937744,0.8312339194868346,0.7181933419748413,0.8214859337586341,0.8224013016359801,0.8164967123346667,0.8169017724383261,0.8165111088151688,0.8170339862895623,0.8180611728825371,0.8188972613730395,0.816832171114684,0.8164972986989959,0.8176866451424158,0.8164965832579291,0.7073769611839132,0.8168544690782615,0.8189221459210361,0.8174507331560669,0.8174214352059129,0.8176892424877847,0.8175151921366957,0.8188870443344273,0.818219956850023,0.8194157336852449,0.7076191992965415,0.8168258794574037,0.819887659533181,0.8197032618096094,0.8213908841352459,0.823278997624471,0.8250482414929277,0.8173072457233196,0.7160772131117847,0.8188298381529039,0.8193128387733781,0.8211465199510489,0.8183297299488541,0.819015517184491,0.8185245017283425,0.8172065640356717,0.8165195855687281,0.8165195855687281,0.8175142385501869,1.0,1.0,1.0,0.8165963136287192,1.0,0.8166639284526511,0.8165963136287192,0.8164972986989959,0.8180823664626243,0.5864771125510602
0.13187428009829258,0.05111427123785367,0.06033777279217037,0.0771925583591617,0.5775062868382926,0.6205952169675815,0.6486148764874103,0.6453433602862247,0.645442998421841,0.6453742094316436,0.3656929320677785,0.6483109086220693,0.6452851185424859,0.649955928548431,0.6452511212822069,0.6452384610928572,0.36013070157965416,0.5793039841018418,0.5915523126919783,0.07164787567537899,0.5813360876886159,0.04128509258332546,0.09026370636151992,0.5012860008420469,0.5008408734643625,0.5013860481111959,0.04767552030794453,0.020322019903968605,0.055772130433794025,0.3687126845887489,0.36014594866952815,0.362716989727634,0.2941794354487526,0.6485192355535009,0.29432605289404856,0.3624601763819156,0.3570613058572385,0.3569139639677211,0.6467887373082734,0.6513515629520173,0.35708065654130167,0.3597281277806509,0.6504027224088315,0.6477188644408335,0.6484409680740781,0.5059472971823835,0.6541764227825855,0.6473253968398244,0.6465508257965302,0.6470301271468271,0.6469486416701669,0.1303657886180112,0.5019594238616566,0.6461505455680634,0.6490060621172761,0.6519538008703208,0.6481911199708463,0.6508090697815683,0.6536787589022387,0.6481589416214295,0.38408647249605105,0.6549098035018992,0.6508894310593274,0.6525682400066551,0.6507397489106685,0.6571494717399178,0.6534691714263934,0.6574379380645247,0.6468485586303541,0.6573067590210571,0.8304358750466905,0.825069155613375,0.8333183114736533,0.8321389400942582,0.836093650937744,,0.8304948463962126,0.7151938904196765,0.8233218428299209,0.8229147553751506,0.8179151026524486,0.8172745245487847,0.8178340480421065,0.8206680129971672,0.8165021209320232,0.8174155448329191,0.8169667636895683,0.8169667636895683,0.8179453983928661,0.8180374319071925,0.7089394909881124,0.8199635827458738,0.8176350907275927,0.818070499010789,0.8217180259842154,0.820102704007677,0.8207953123534237,0.8266175085948027,0.8210728168438619,0.8200448670477194,0.714212970347599,0.817656556231022,0.8250102601140065,0.8211102831021987,0.8202612008515899,0.8201406639253548,0.8248503599690387,0.8194592358596865,0.7127220296172101,0.8189934857576548,0.8196125772828949,0.8268827629878196,0.8223718748809487,0.8248844843071222,0.8177227993195954,0.8178655773901135,0.8165486162935874,0.8165486162935874,0.8179221442864113,1.0,1.0,1.0,0.8165805670704053,1.0,0.8167310549205837,0.8165805670704053,0.8182347829807687,0.8181663596664068,0.5852956175281445
0.1396277964371783,0.06333594934869656,0.08496936342172942,0.10039520474363685,0.5784975444698991,0.6231053276419865,0.6477390915453947,0.6474827556188317,0.6456800272734503,0.6458490283560608,0.35880357011373676,0.6482560540858465,0.6475129148893392,0.6497862291254378,0.6453545154584405,0.6455979438143085,0.36892979922670444,0.5788993232426017,0.5913582813120432,0.021264913469701458,0.5790770212888898,0.049965615136134414,0.08921652722842564,0.5033849468229152,0.5026031636405874,0.5027711629039517,0.058067929020951564,0.041313349159567754,0.06251003005139255,0.3642026147006972,0.3577131332196131,0.36420051787884555,0.2941552503751355,0.6468797911166604,0.294053842657162,0.36318908917064047,0.3574087517210318,0.3586761389762764,0.6479315013712569,0.6491774956850694,0.36350743565601373,0.3543278236059277,0.646850340919136,0.6495265859061927,0.6497837033543425,0.5079520903346517,0.652942053200404,0.6527226437768604,0.6469554118589302,0.6464922046781145,0.6473067108032948,0.10263964987436926,0.5023393081794866,0.6454893385015639,0.6488750401415894,0.6568275930300296,0.6467695775564571,0.6488759298095185,0.6570180829686348,0.6476130577882643,0.393079241641623,0.6566398793760339,0.6537948667518378,0.6599647139756881,0.654201295979044,0.6600006818484959,0.6595474814898489,0.6609159890539659,0.6642099897129147,0.6691104227136802,0.8246477598626716,0.8274429092485613,0.8374220151000322,0.83189387132126,0.8312339194868346,0.8304948463962126,,0.7312476119800944,0.8315779326029542,0.8256576992585217,0.8179667011106205,0.8178119362196153,0.8186177215794791,0.8185422295243627,0.8174897256590564,0.8183187771385354,0.8174738090313448,0.8166704685658359,0.8192403931157708,0.8177273045369894,0.7136554391310734,0.825423898759837,0.8199998524943037,0.8238905672001694,0.8197568365529243,0.8225931210190963,0.8247438132342686,0.8246344992894775,0.8196700489273022,0.8182384839530682,0.7100801153413465,0.8180684244061636,0.8240080404613348,0.825859922120287,0.8302679413767069,0.8271497520317879,0.8342511998487547,0.8237052892905221,0.7200149327068082,0.8251187405967161,0.8213822279169709,0.8245238684240271,0.8293755720088265,0.8240075975469796,0.817297606243901,0.8172201983619406,0.8169736646776042,0.8168919258152436,0.8170239910576093,1.0,1.0,1.0,0.8166280192522276,1.0,0.817710147658401,0.8166280192522276,0.8174738090313448,0.8182556736083785,0.5860862841930126
0.13493185881176387,0.03575245854889085,0.038198964434827676,0.10051885524957113,0.4086437211706912,0.4682538319702102,0.5015610600799147,0.5024607908154266,0.5037138126413004,0.5005047912554985,0.3595150144916348,0.5078720558240437,0.5016527364071912,0.4999316081205065,0.4999144535399669,0.5013250754453722,0.3721180129054859,0.4113492237096079,0.4336757146298233,0.05561497246130737,0.41017228018661,0.03752788254944312,0.12973546821917495,0.41106606637960763,0.40967142044230975,0.41261466696419813,0.04133998322008005,0.03970630950307734,0.05478444636235909,0.353695704762807,0.35356350431711075,0.3621258651232888,0.29494314976684427,0.5037880726317818,0.29475117749479746,0.35843392879025293,0.35641230757768766,0.3663867843790485,0.4995571081252922,0.507779199323262,0.3688172101440509,0.355601912741406,0.5011962746261037,0.5085385454259722,0.5010035539200113,0.41604734448035485,0.5038204818942147,0.5056722684832812,0.5044048517779607,0.5004811977211701,0.5019132206682982,0.09083490322273356,0.4153666536193642,0.5052357754733162,0.5037395850441931,0.5088631612720613,0.5080318084996526,0.5117992081692707,0.5133004348280161,0.5053266489997099,0.36362535432860377,0.51124242120454,0.5025006788325186,0.5096601505121952,0.5049473655159591,0.5110709157619705,0.5169786828888064,0.5105400738571348,0.5086741239804878,0.5120954906889059,0.7127628750018058,0.7208184962672278,0.7298055362864113,0.7280732467778932,0.7181933419748413,0.7151938904196765,0.7312476119800944,,0.7274432468362704,0.7215904910360862,0.7081862403026371,0.708525176533451,0.7075030958560322,0.7095949655786531,0.7069958912650895,0.7091155154846951,0.7071629523820353,0.7081220122081588,0.7115053444688768,0.7069716140602166,0.6481719274355892,0.7130485297121935,0.7079862215485426,0.7098990489575554,0.7110697742984994,0.714660075739411,0.7122373802168483,0.715200250960637,0.714129591239512,0.7086464063389509,0.7103131649346095,0.7080563010943136,0.7156202615031296,0.7163805068131553,0.7234597486791661,0.7183244303392933,0.7244654859206923,0.7141281933725534,0.7222282061651308,0.7197212516569178,0.7134698878189542,0.7110225644058222,0.7106221526454484,0.7116431594301187,0.7076570452698083,0.7077280923068233,0.7075234609099843,0.707388340550835,0.7076080597711045,0.8658260195516168,0.8658260195516168,0.8658260195516168,0.7070917245291937,0.8658260195516168,0.7070531737091453,0.7076665652866534,0.7071629523820353,0.7086209631995931,0.5822810355648537
0.1355627376033077,0.05188794921024029,0.05086855756034724,0.10124598312251126,0.5786066243439034,0.6206573839834939,0.6476441319175964,0.646872494778812,0.6461880355660894,0.6496520084038586,0.3614737278989454,0.6484107321650032,0.6511938720315876,0.6467986732853624,0.6458574813791239,0.6463303337544288,0.36112771459554177,0.5786006295577202,0.5891212517732921,0.022748357747604787,0.5811708907830365,0.041598275179618574,0.08499320203484095,0.5041319617407959,0.500761467295658,0.5017926630903524,0.0395892824159258,0.021482926090494927,0.058923272029168826,0.3585763848374605,0.35615201074580893,0.3615738029151655,0.2945764541758295,0.6468388354494258,0.29237281102043927,0.3609790641915941,0.36036169176522387,0.35892115173878564,0.6462036501934046,0.6478845012492747,0.3642362518440687,0.3548342395933954,0.6461670527793355,0.6473006541443057,0.6458499990061654,0.5023214759605608,0.6513610959701022,0.6483346040429105,0.6475268466746219,0.6462076126304663,0.6461457804597837,0.0802931494244,0.4996811242503384,0.6496989333683642,0.6468449550380669,0.6471957361862238,0.6476570588267002,0.6525828529366757,0.6539382738421804,0.6457210841700094,0.3659702196328744,0.6548379639629853,0.6470837316665535,0.6503135678494946,0.6503151991466994,0.6534141220909081,0.6523969114911411,0.6524750522703857,0.6500164690960806,0.6520038946584762,0.8208228963266796,0.8267029281400009,0.8271515749659315,0.826509440995628,0.8214859337586341,0.8233218428299209,0.8315779326029542,0.7274432468362704,,0.83288708219974,0.8168586424190051,0.8200595202943023,0.8225399224016237,0.8185124946065736,0.8183225842837075,0.8173329702655339,0.8169092338859267,0.8169092338859267,0.8205611765453648,0.8181856792221208,0.714012739498243,0.8262894433178103,0.8206205196082612,0.8262502789729199,0.8237424852490531,0.8226892756217855,0.8172497046708109,0.822960695540905,0.8230787874508132,0.8209432366966797,0.7119018635528209,0.8193145186230334,0.8251459719371046,0.8206252410012111,0.8267259125216816,0.8211041812720467,0.8273576187593165,0.8233352841774103,0.7141705084559061,0.8194337596897298,0.8218878586036465,0.8264507655730553,0.8272494461142293,0.8247139618578515,0.8168148888705391,0.8170086941178392,0.8165354785697055,0.8165354785697055,0.8166541267838306,1.0,1.0,1.0,0.8165865716740761,1.0,0.8182685269149482,0.8173818086684256,0.8169092338859267,0.8181502175933274,0.5858668443882681
0.13435605238764012,0.05094872756234216,0.026627181073564665,0.08905816356269584,0.5775865020023647,0.6205202563230233,0.6505249117094377,0.6463588325773468,0.6455222638823118,0.651687385864243,0.3555706559761156,0.6484114209884042,0.6458442669753073,0.6453339436116865,0.6453679750965404,0.6453334762834763,0.36407097178866266,0.5786872145638496,0.5913127333992976,0.01888787896507703,0.5806636913454634,0.038421450155635556,0.12994970918462595,0.5071969707058678,0.5016610518581546,0.5000422675604519,0.052425165507391326,0.053875748443195745,0.10409204581818272,0.3615867806371617,0.36118689868384274,0.36149497565312244,0.2988878592364258,0.6473949018031074,0.29553536290998456,0.3671993200260209,0.35822920161341837,0.37057888082740387,0.6468985469324532,0.6545836324305347,0.3687252191903801,0.3551939062247814,0.6471243909308872,0.6549689297123844,0.6460860832169868,0.5034857691199978,0.6527533695072236,0.6488449387745032,0.6590257083798567,0.651177005047554,0.6567048772379463,0.12572120752221985,0.5010654234701709,0.6497963037109837,0.6492272978443373,0.6512949578988122,0.6516132250452432,0.6524079029525828,0.6541463158067363,0.6467390796014562,0.3673237589517088,0.656026310901431,0.6496992180817905,0.6532002406727313,0.6519969727554559,0.6503999920187705,0.6480831309243404,0.6559715404875549,0.6496986172161667,0.6580713701453551,0.8292819736396245,0.8248969784622485,0.8256924927383001,0.8295915681746103,0.8224013016359801,0.8229147553751506,0.8256576992585217,0.7215904910360862,0.83288708219974,,0.8207812470729807,0.8218814958072871,0.8207510051455285,0.8230558550577187,0.8165126678939064,0.8195832068079979,0.8170395048952168,0.8165045797644165,0.8353129685670992,0.8212432407054074,0.7148563873085154,0.8221304147792625,0.8232391872285185,0.8281990486848796,0.8243906948097225,0.8315285347580503,0.8264991042000063,0.8207404226883993,0.8439247197232603,0.825569497610842,0.7152057118146914,0.8240760996883096,0.8283026274626627,0.8251330046216342,0.8297391518099783,0.8213021869764605,0.8263858973091183,0.8200498089961166,0.7133190190486538,0.8229759379592136,0.8241607083807067,0.8247968511568939,0.8233481621953708,0.8336909128767773,0.8217877179404376,0.82586929045833,0.8175188031127902,0.8175188031127902,0.8206292881054885,1.0,1.0,1.0,0.8165741184151779,1.0,0.8185527764707557,0.8165741184151779,0.8170395048952168,0.826613181357108,0.5852473889080884
0.13133527943778642,0.04926014691317287,0.023407449220534622,0.07068403457300526,0.5773783695515068,0.6203552176401798,0.645442066162779,0.6453647171351596,0.6458339886538406,0.645576177045848,0.35656207582174926,0.6454806523126865,0.6453093821597791,0.6452617226363877,0.6453269560058675,0.6452737350389881,0.3573204859977595,0.5781681090248985,0.589428493319304,0.01657400276822514,0.580420846370235,0.07426927074810909,0.08727445765991297,0.5005746146523923,0.5019749239924411,0.5013026068264431,0.027299281824554416,0.01711798001497242,0.0638096327331175,0.3551065787916675,0.35516077157096465,0.35553538513574584,0.2940901798979576,0.6459146927512264,0.30828325823410146,0.35344068563210435,0.3545256551983261,0.35401267376940704,0.6453241055696693,0.6461188775627382,0.35559743588342235,0.3530574000748813,0.6461574658641566,0.6454577846198941,0.6454996070982238,0.5002172728083853,0.6456310053142998,0.6454097210524586,0.6462579141207047,0.6458831396962181,0.6451724266743039,0.08601469029619348,0.5007194748635223,0.6457926870784207,0.6458923733017825,0.6457507150573817,0.6522436213915196,0.6476346200287052,0.6537014216382026,0.645734631581667,0.36085605519901076,0.6455312600135072,0.6456504717829469,0.6455374647685008,0.6455509746748559,0.6472332901974279,0.64576653580934,0.6463651142794272,0.6468744272456403,0.6475626973701643,0.8172100850259388,0.8187667758773881,0.8170252229476239,0.8190633155720624,0.8164967123346667,0.8179151026524486,0.8179667011106205,0.7081862403026371,0.8168586424190051,0.8207812470729807,,0.8182845688180798,0.8164981739757577,0.8175001804024465,0.8165849252890378,0.8165294814358535,0.8165405089021269,0.8165405089021269,0.8174163317378343,0.816589894542795,0.7071699055254833,0.8166892754932419,0.8179075680466468,0.8174649583864702,0.8175740490311082,0.8199021671928186,0.8221085741473542,0.8174649583864702,0.8176366979090814,0.8167530588052182,0.7120902664307454,0.8182250456989304,0.8174026677864316,0.8171049411278866,0.8200388117369254,0.8168505731919957,0.8168246396847637,0.8172830455128487,0.709201550050003,0.8167234786059123,0.8164995579591703,0.8165010288792158,0.8177311434812191,0.8165078241892514,0.8168933336175562,0.8165363040655476,0.8185672605755981,0.8258142515737079,0.8166298382798063,1.0,1.0,1.0,0.816507517573835,1.0,0.8165184843682651,0.816507517573835,0.8179244460935436,0.8165055302005567,0.5853478825310549
0.13921996435034872,0.06623431757825969,0.048834848285791446,0.08734582367986167,0.5783289189378682,0.6210936584831438,0.6486859880458817,0.6456239869115847,0.6455150289775088,0.6460503554833935,0.3581101728333503,0.6477221671455895,0.6466620839784962,0.6472242637155395,0.64664432035786,0.645657566358467,0.36339117485217926,0.5780673176640394,0.5895971759478794,0.02372254071893926,0.579620847899543,0.03451801098854991,0.14157266183832287,0.5008750608104215,0.5018647238334428,0.5016026005497866,0.03043959822734047,0.06048727448160647,0.08923150188001386,0.3699780971931233,0.3571923890103725,0.36265905491659106,0.29076944747989686,0.6476337995811652,0.29216334217447,0.35464752818439593,0.35636840200650083,0.3652980272694835,0.6474372596492485,0.6461828922536995,0.36183523950757124,0.35697645972950665,0.6469211056947172,0.647511463959499,0.6483947606049707,0.5007856926449855,0.6497129702675608,0.6476997695862534,0.6478149425806183,0.6565799695818539,0.6528897170593962,0.12642952018382672,0.5000151492059562,0.645308874844629,0.6485419553579402,0.6458332857307596,0.6464911999537392,0.6476101328317808,0.6548928427967078,0.6456173703957517,0.36353555422032574,0.6456591114436172,0.6484087446119033,0.6470490266523404,0.6460616779806042,0.6502491011421124,0.6464802960926094,0.6452726003312881,0.646041519418618,0.6486867258345402,0.8187495439594474,0.8171209397504959,0.8172800660189138,0.8180906252522089,0.8169017724383261,0.8172745245487847,0.8178119362196153,0.708525176533451,0.8200595202943023,0.8218814958072871,0.8182845688180798,,0.8209013301403421,0.8335449847195308,0.8176199017076524,0.8175411048978106,0.8165059987680136,0.8165059987680136,0.823944686551953,0.8243566337752839,0.7216285877936451,0.8284675293958929,0.821606946629152,0.8197327117756407,0.8215035771706481,0.8204243564184469,0.8209507088871515,0.8192070784423605,0.8235674071911523,0.8173580506131436,0.7119771982693763,0.8214213570186395,0.8198191812461306,0.8189852475758872,0.8196192956992279,0.8177722672157945,0.819843573439441,0.8241885918441524,0.7092045002786863,0.8187262171372691,0.8172870053377828,0.8174953647136691,0.8190183737372623,0.8218078087426963,0.8214191465047603,0.8199276198103141,0.8175411048978106,0.8175411048978106,0.8173507383012959,1.0,1.0,1.0,0.8175408984603023,1.0,0.8185867710043017,0.8165728558304035,0.8170553140246243,0.824301369045232,0.5853386702350298
0.13262876870816456,0.06781177030545468,0.026678647456049892,0.07828910634802819,0.5789484990866921,0.6197659130771235,0.6455358769703166,0.646470635548293,0.6458965219738394,0.6456953542100043,0.35782603151091047,0.6457825441641146,0.6458234045087212,0.6471075348002796,0.6462015197771812,0.6452139921388171,0.35711880678090585,0.5779856180275927,0.5897697794217459,0.033198351084021006,0.5777838832526596,0.04595055923684621,0.11420355842686143,0.5002624465366797,0.4999700058182158,0.4999059210631861,0.05503892255376286,0.038081277036771,0.07295963389902128,0.3580315239887616,0.3556191635873031,0.35717410178393866,0.28923886573893187,0.6464469081229608,0.2890390664095009,0.3556744965550735,0.3551921409149849,0.3573663597590083,0.6454080765348958,0.6457138147669702,0.3570565067570415,0.3532125946061316,0.645601337932373,0.6457286941976316,0.6473324897711085,0.49983524893075776,0.6473766061524924,0.6454300778910598,0.6482968680337795,0.6457699962084548,0.646450617946902,0.07858177307826325,0.49947046407495915,0.6452445407081597,0.6473405882379808,0.6455445734631312,0.645525757505222,0.6476116185231566,0.6539311294108092,0.6451953050701144,0.35871550171995414,0.6471124844097156,0.6460012716764667,0.6488755490622868,0.6486535798809855,0.6481564795114371,0.6460735662667857,0.6465411832522162,0.6469504492617764,0.6472823170998248,0.8184351445497844,0.816643075105174,0.8176085615795027,0.8187121210036826,0.8165111088151688,0.8178340480421065,0.8186177215794791,0.7075030958560322,0.8225399224016237,0.8207510051455285,0.8164981739757577,0.8209013301403421,,0.8325429462678031,0.8166002508384702,0.8210946027785551,0.8170547617556672,0.8196859884647465,0.8178135145956368,0.8259624111431009,0.7196958974393437,0.826990066584702,0.8221033191178776,0.8254937219405051,0.8209600850259664,0.8215647145614497,0.8169120362707576,0.8175995449766785,0.8215099398474519,0.8195240428256025,0.7372443955985016,0.8269171711112757,0.8180830621522087,0.8186463430424107,0.822483018475892,0.8199697096555449,0.8193141119125011,0.8197766778347725,0.70993295440756,0.8193688014691596,0.8183887148680752,0.8192300151558447,0.8165760990949387,0.8187443994539706,0.8222105680503933,0.8265325418740971,0.8165609412729157,0.8165609412729157,0.8261343284440473,1.0,1.0,1.0,0.8202137602250994,1.0,0.8180884215057584,0.8165179755933767,0.8170547617556672,0.8238144578545804,0.5848719599236281
0.135001690930673,0.050003869500703596,0.03328048440554156,0.07294344111376116,0.5780658832841157,0.6196467659801599,0.6483370105803706,0.6452826501475764,0.6454095728257107,0.6464831509583587,0.3574364126551109,0.6475896077911111,0.6454713071081278,0.6457173614230418,0.6452220165320446,0.6459468190526414,0.3607627058897111,0.5780652760917666,0.5888753876774228,0.024243565368239878,0.5778243066726634,0.05366456017033851,0.10790403985022508,0.5016148014411221,0.5004812490350987,0.5019090018195548,0.023121702900244324,0.06960775186163604,0.10099192840476723,0.35477546769129525,0.3573004858939378,0.35706879689111515,0.28932796140987765,0.6466904030507239,0.2951634701640387,0.3561944301034665,0.35983072166926994,0.35677937373937735,0.6462741617113885,0.6465035131045026,0.362776643177772,0.3539792196851932,0.6457589365941744,0.6470696684763974,0.6470975868107894,0.5003373947673385,0.646499306292151,0.6477466625627609,0.6505139249266793,0.6459231716762213,0.6468552598075796,0.10103670702685442,0.5001997966603312,0.645585443664121,0.6461900747107258,0.6470814325809892,0.6478092223187026,0.6477956167275534,0.6540777486130015,0.6461508819516371,0.3570477567811843,0.6471034505471528,0.6487050815089846,0.6465565204021883,0.6457452895160857,0.6464239929837476,0.6470975868107894,0.6462661997758632,0.6459196613132994,0.6480392810554071,0.8175072865783568,0.8165309175049386,0.817384616183196,0.8188855317458773,0.8170339862895623,0.8206680129971672,0.8185422295243627,0.7095949655786531,0.8185124946065736,0.8230558550577187,0.8175001804024465,0.8335449847195308,0.8325429462678031,,0.8165014615229391,0.8191652009109596,0.8167210875024021,0.8182451365695177,0.8256589133362486,0.8230195984786809,0.7177457268969929,0.8327446016388812,0.8211625997996173,0.8213507339182123,0.8261900558390711,0.8289399131330089,0.8179494299501159,0.8254786108411396,0.8222288119900075,0.8213224826618885,0.7234469477727392,0.8211120403128441,0.820116241795106,0.8187414465412369,0.8209246444791644,0.8191880454727611,0.824089170010891,0.820925932691496,0.7086571017820421,0.8193132208801664,0.8180507056266982,0.8223869276546691,0.8266881057528149,0.8294545580713438,0.8173777536270199,0.8187538043730063,0.8166020818926367,0.8166020818926367,0.8217897109539073,1.0,1.0,1.0,0.8187661781015082,1.0,0.8173689044974458,0.8187661781015082,0.8167210875024021,0.8173087498999663,0.5850279627692697
0.13036443698291217,0.05454283353045783,0.033616896520193694,0.07562733357677368,0.5779081230053195,0.6196229754947662,0.6455338839725057,0.6467750032357438,0.6464245676095616,0.6456524148711534,0.3552706573074165,0.6455190411282167,0.6463127340216919,0.6459853896214961,0.6452020818370809,0.6458853734630807,0.3572600228962006,0.5780949954047173,0.5894357092884869,0.025515975290635682,0.5788905746337432,0.030880419677179558,0.08316448108017556,0.5020993850853936,0.49985196458154096,0.5019444805876015,0.06675364255178405,0.01728539373459091,0.05484294597599091,0.3609277437241035,0.35933348775761653,0.3573212689900003,0.2915654122865118,0.645490914073213,0.2883462724697491,0.3551724734787123,0.35678904939236483,0.35736425503730784,0.6456434824116528,0.6459551044165995,0.3547617707382972,0.3539298804657208,0.645758638952954,0.6455749953295459,0.6454510320218092,0.5028708811652539,0.6460114244982916,0.6468248613401549,0.6464451154632096,0.6458283070052263,0.6455408227481471,0.09051037897242509,0.4993477926609841,0.6454838691649999,0.6485889673870278,0.646601126823936,0.6489179308971713,0.6475234516762174,0.6551097623361355,0.6459632719130887,0.3544190045181261,0.6458311977497847,0.6456929103952839,0.6457459215010938,0.6460903496569977,0.6478128601490548,0.6454510320218092,0.6452064122018116,0.6480689937912687,0.6457246776445451,0.8165029096577421,0.8168909051882468,0.8165764940150446,0.8169081833495695,0.8180611728825371,0.8165021209320232,0.8174897256590564,0.7069958912650895,0.8183225842837075,0.8165126678939064,0.8165849252890378,0.8176199017076524,0.8166002508384702,0.8165014615229391,,0.8165060706785696,0.8165092514777835,0.8165092514777835,0.8169497340012769,0.8166413798510747,0.7069511798025683,0.8166183452356732,0.8179772846942155,0.8180841889795804,0.8165036532553046,0.8165556230827468,0.8165805590533062,0.8180841889795804,0.8166113181849307,0.8177389665181329,0.7123349262780433,0.8166153316073445,0.8180359623306531,0.8166063346697879,0.8184607694639796,0.8165193617614778,0.8170501123124083,0.8165876780664253,0.7080893087090595,0.8165042820626486,0.8165833049179987,0.8168716400120059,0.8174184493160034,0.8177747974792225,0.8169825492638828,0.8164986721148952,0.8165060706785696,0.8165060706785696,0.8181398648495988,1.0,1.0,1.0,0.8164997354398985,1.0,0.8165028986780941,0.8164997354398985,0.8165092514777835,0.8174882283122615,0.5848992872910668
0.13011630067528956,0.06395110743721105,0.022733790315984485,0.07458690001842797,0.5787940994278834,0.6210611204234934,0.6452588200200725,0.6455889623951417,0.6455687415851232,0.6457341026891791,0.35692220986885553,0.6454453602359758,0.645776357511103,0.6452613894113194,0.6455213771663316,0.6454245071367553,0.35746077701352386,0.578173156503053,0.5897388525429059,0.015769679449432368,0.5788627462357275,0.037927247176578346,0.08662673825132229,0.5009252866262498,0.5003088267385799,0.4999863457015911,0.028262936820271197,0.020382818299807325,0.06593753499247665,0.35659255862652667,0.3571219131680589,0.3539989196555203,0.2890843606097951,0.645479522070143,0.28921024345826235,0.3546473519472804,0.3575587467712873,0.35791675003716633,0.6452830000882073,0.6457356650863785,0.35527846594372364,0.35319308033935476,0.6453103474904752,0.6473405762836989,0.6452543995296128,0.5026772442811006,0.645429276919409,0.6454263921486222,0.6474772515071036,0.6488202094681793,0.6483822108672832,0.09047708168917834,0.49996539933437334,0.6455212331131547,0.645867261273264,0.6454979683622013,0.6452430215577033,0.6484807803275323,0.6535628976971014,0.6483170117711956,0.354957398609694,0.6459531349767565,0.6454263921486222,0.6454941829861112,0.6470972555770264,0.6452248559812692,0.6456468634620751,0.6461374010983186,0.6459256891496667,0.645521737824993,0.8171571633608544,0.8164991360987287,0.8185727961686141,0.8168966938336492,0.8188972613730395,0.8174155448329191,0.8183187771385354,0.7091155154846951,0.8173329702655339,0.8195832068079979,0.8165294814358535,0.8175411048978106,0.8210946027785551,0.8191652009109596,0.8165060706785696,,0.8814806289286135,0.8329423236364499,0.8165954233626531,0.8216728693711166,0.7079936201653879,0.8180553101541242,0.8365207203233527,0.8169156837395303,0.8192521790420803,0.8166930027411251,0.8165650321365544,0.8169156837395303,0.8187342296044501,0.8283717297249403,0.7455700728209929,0.8174459546803746,0.8180292174356847,0.8169638557252435,0.8183187771385354,0.8166572344233632,0.8186884618815042,0.8167166405037897,0.7079174416923946,0.8166270861408951,0.8164969006987682,0.8189285964318057,0.8172553082019812,0.8165904585352884,0.8172822919734131,0.8219040356298387,0.8165001149185642,0.8165001149185642,0.8654246229949734,1.0,1.0,1.0,0.8164977556677333,1.0,0.8495201913154715,0.8164977556677333,0.8329423236364499,0.8176494276185061,0.5847851105927445
0.13016568991384514,0.04900868683546002,0.05052805611955901,0.07590937964610239,0.577373106960612,0.6195945808952099,0.6457806236690894,0.645324268869037,0.6455892201446831,0.6459045404693918,0.3557998793650533,0.6456959006339287,0.6452800655661242,0.6453387414502135,0.6456307216799542,0.6455060226814636,0.35713813669575684,0.5782835660089688,0.5900364483172791,0.017045025075328995,0.5782381311885127,0.04028261682119979,0.08779979769109655,0.5011590208967687,0.5004635990737202,0.4998603155599189,0.04939993766705311,0.02203124357347646,0.06963931575025498,0.3547600172657364,0.35595890902634125,0.35384441048181886,0.28949083030892214,0.6455371382821699,0.2883337340433021,0.353752743877765,0.35545862058304634,0.354054427734399,0.6452020495554839,0.6456907356047008,0.3550494925302999,0.3542148469357922,0.6455401203006906,0.646324925036108,0.6453483327312801,0.5000544642144682,0.6453170898024492,0.6463797956472768,0.6481473377663964,0.6454932201582402,0.6472598222945338,0.07779430781355445,0.499656334862085,0.6453257441976146,0.6457916222542928,0.6455429820206806,0.6452723851815941,0.6475120716390267,0.6535697180431195,0.6451950724086071,0.35419323893476024,0.6452264794902393,0.6454569880392832,0.6453024943493822,0.6462009471220045,0.6452477432783174,0.6453393005206299,0.6470103129466998,0.6466361734646809,0.6458754944680815,0.817791566306372,0.8166926715110645,0.8192675353830565,0.8167012647277938,0.816832171114684,0.8169667636895683,0.8174738090313448,0.7071629523820353,0.8169092338859267,0.8170395048952168,0.8165405089021269,0.8165059987680136,0.8170547617556672,0.8167210875024021,0.8165092514777835,0.8814806289286135,,0.8654921409756041,0.8165162902484071,0.8254291827336951,0.707479055970164,0.8165571271171146,0.8199520695577451,0.8182140226475089,0.8183097966506903,0.8165252968672616,0.8165879746836895,0.8182140226475089,0.8194828890659057,0.8199351654728148,0.7192391404287475,0.8170937689526674,0.8185422923420449,0.8171204195211461,0.8174738090313448,0.8165079081439547,0.8177461968532165,0.8165101348226023,0.7076828790532208,0.8165004101122251,0.8165397031742141,0.8180694870223115,0.8192666129989,0.8171323885289122,0.817545481705581,0.8237085909358703,0.8165012994565152,0.8165012994565152,0.8325969488832977,1.0,1.0,1.0,0.8164981494228019,1.0,0.8164997222597138,0.8164981494228019,0.8654921409756041,0.8180354811974903,0.5848078208452967
0.13016568991384514,0.04900868683546002,0.05052805611955901,0.07060546543922015,0.5776315183757204,0.6195945808952099,0.6456269417257717,0.6460126322180465,0.6455892201446831,0.6454377298368192,0.3557998793650533,0.6456522470173843,0.6459589274968928,0.6453550616595082,0.6456307216799542,0.6452239881036945,0.35713813669575684,0.5780229180812474,0.5890661127530712,0.04630576379818115,0.5775971862240518,0.030349058744361484,0.08779979769109655,0.5011590208967687,0.4998493630504605,0.4998603155599189,0.02350138002759438,0.02203124357347646,0.056383593418703686,0.3574589673354323,0.35595890902634125,0.35449795432079434,0.28918396378116223,0.6455371382821699,0.28950758213181554,0.353752743877765,0.35545862058304634,0.354054427734399,0.6452020495554839,0.6456907356047008,0.35466368549741656,0.3530321643201641,0.6455401203006906,0.6454025312686198,0.6453483327312801,0.5000544642144682,0.645661854835203,0.6455469659840712,0.6464911047519679,0.6454932201582402,0.6472598222945338,0.07779430781355445,0.49959129354187104,0.6467710151037239,0.6464545603630916,0.6455429820206806,0.6452723851815941,0.6475120716390267,0.6535697180431195,0.6451950724086071,0.35641123008539627,0.6455209983425176,0.6461101721637931,0.6455146676100242,0.6462009471220045,0.6465113574812015,0.6453483327312801,0.6470103129466998,0.6466361734646809,0.6453052601470368,0.8167893874664475,0.8166926715110645,0.8176607563469649,0.8166434069016533,0.8164972986989959,0.8169667636895683,0.8166704685658359,0.7081220122081588,0.8169092338859267,0.8165045797644165,0.8165405089021269,0.8165059987680136,0.8196859884647465,0.8182451365695177,0.8165092514777835,0.8329423236364499,0.8654921409756041,,0.8165162902484071,0.8201193953960844,0.707479055970164,0.8174261569969127,0.8199520695577451,0.8182140226475089,0.8213484850309033,0.8172205666750277,0.8165879746836895,0.8182140226475089,0.8194828890659057,0.8171145587684522,0.7097202440776055,0.8170937689526674,0.8172623580026919,0.8165511547712129,0.8166704685658359,0.8166803228869681,0.8167718559229008,0.8165101348226023,0.7076828790532208,0.816718834925717,0.8166214168989177,0.8180694870223115,0.8192666129989,0.8171323885289122,0.817545481705581,0.8177839026292019,0.8165012994565152,0.8165012994565152,0.8202786492117266,1.0,1.0,1.0,0.8164981494228019,1.0,0.8164997222597138,0.8164981494228019,0.8654921409756041,0.8169898004947443,0.5848078208452967
0.1308448763731119,0.053001091146759154,0.04032109368773906,0.0862120981736505,0.5776719046639277,0.6205821749501431,0.6463504503227478,0.6455574024602395,0.6454591292910078,0.6453331412391865,0.3592407770680991,0.6528337633052433,0.6453277453349353,0.6452966011003992,0.6461499457529778,0.6453354848053997,0.35908150158284635,0.5781063278266303,0.5911465366743776,0.03565377733318437,0.5819252439518382,0.03683601883465866,0.1416821150666315,0.501187291849424,0.5022773365315641,0.4999470492517041,0.034319555566782206,0.0538693992651103,0.08076909964292832,0.361947939516003,0.3613582377518375,0.3642245436679687,0.29874475464917,0.6507465411675432,0.289716819815096,0.36358251184498336,0.3584676589896465,0.3620984050703123,0.6458030765063275,0.6485552766690171,0.3628967770571289,0.35473199900561775,0.6458697215424452,0.6530704103443363,0.6474668355670377,0.5016082565294042,0.6512468922188005,0.6476369264474245,0.6495296383248209,0.6493667832736196,0.6500406852400407,0.11933856332676972,0.5004879102884402,0.6492629976741265,0.6484190609309352,0.6492558962507097,0.6460393645874032,0.6475213416189893,0.6551630708134975,0.6463935487639694,0.35638564670027745,0.6472394753690386,0.6487570162658459,0.6485737808586054,0.6455282865998858,0.6457042674660495,0.6463198815056292,0.6493956343627008,0.6484670475548246,0.6469918963358137,0.8170837676572157,0.8184287233793728,0.8180789927830339,0.818287539522586,0.8176866451424158,0.8179453983928661,0.8192403931157708,0.7115053444688768,0.8205611765453648,0.8353129685670992,0.8174163317378343,0.823944686551953,0.8178135145956368,0.8256589133362486,0.8169497340012769,0.8165954233626531,0.8165162902484071,0.8165162902484071,,0.8311378538763399,0.7308726083621263,0.8289592500241854,0.8241571788504461,0.8399247839904564,0.8283286287506947,0.8258264559938621,0.8179235101153749,0.8213296350462502,0.8407601447074105,0.8272563871837211,0.7242191546776908,0.8268043361305082,0.8207877110334705,0.8253248841333312,0.8199888719207258,0.8211189074184527,0.8241565844555723,0.8178722168956037,0.7130815707828887,0.8202943169268186,0.8204185851995804,0.8204620625165027,0.8203957312147702,0.8287426237549658,0.8257414652159555,0.8335419271528163,0.8176751654309209,0.8199401247799368,0.8197211542744436,1.0,1.0,1.0,0.8176428628150956,1.0,0.8168229255454154,0.8176428628150956,0.8165162902484071,0.8269657937215148,0.5852006555587597
0.13235280384836923,0.06527101324517934,0.023737718670015038,0.08977264164066737,0.5773850992667221,0.621662414629152,0.6457381349184351,0.645271271438505,0.6458097849653628,0.6452958956062429,0.35509298985356724,0.6482162588336127,0.6456881386686814,0.6452713587144627,0.6452870892892488,0.6455280866434211,0.3580620206045472,0.5780584964075678,0.5895032303271072,0.015308172638023488,0.5796826645876542,0.031167647628039703,0.11589822683512449,0.5002759917398528,0.5002494017984992,0.49994956380706934,0.029549345087439106,0.02000900981260413,0.07403865492178593,0.36414366221294003,0.3574453337490163,0.3546991599884135,0.29030333578163764,0.6473270433516016,0.28844156429250495,0.35936629760998395,0.35417431567512436,0.35510473574119505,0.6457083440590893,0.6457726901274151,0.35649142533965505,0.35809275730965423,0.6453861356593749,0.64569172400056,0.6453849340032574,0.501629211404826,0.64732876742756,0.6463996223808718,0.6467813362633567,0.6476073838386088,0.6488502054531651,0.08953961909962828,0.49963142880927613,0.6451877281521137,0.6475438399392615,0.6457738417861337,0.6454611435798724,0.6474723045197315,0.6540501630332013,0.6457945704867751,0.35668864696493746,0.6469965609207621,0.6490876964362983,0.6455268617542506,0.6463209058347398,0.6455124205147302,0.6457940619399972,0.6468233820228131,0.6463804510676929,0.6481501519984502,0.8165629895526164,0.8169472495686109,0.8194555542685197,0.8173915678015242,0.8164965832579291,0.8180374319071925,0.8177273045369894,0.7069716140602166,0.8181856792221208,0.8212432407054074,0.816589894542795,0.8243566337752839,0.8259624111431009,0.8230195984786809,0.8166413798510747,0.8216728693711166,0.8254291827336951,0.8201193953960844,0.8311378538763399,,0.71345101018751,0.8263718986667682,0.8229378750194937,0.8256999558913263,0.8208905344930564,0.8177277756850181,0.8165141902562539,0.818046832863201,0.8287084750624876,0.8215881096708939,0.7295850200304229,0.8286990211290123,0.8217634384572551,0.8184770364395231,0.8177273045369894,0.8183105360097653,0.8170609946651948,0.8165079630782002,0.7086826776191514,0.8167885592356937,0.816513230570083,0.816898581043908,0.817006894080177,0.8212379440453805,0.827032429172483,0.8501248898889638,0.8165542035718054,0.8175349924261266,0.8372657659090667,1.0,1.0,1.0,0.8165157357940473,1.0,0.8183049752740577,0.8165157357940473,0.8201193953960844,0.8287853191037112,0.5848417787376422
0.13511142857005265,0.03314852460796291,0.032846724606070125,0.09651270137221858,0.4085478438659524,0.4663602321517715,0.49990484662696183,0.5006056169296204,0.4998499576071523,0.5018126448480537,0.35497712771470824,0.5037929530687039,0.5022402126214748,0.5003778702424294,0.5002500520151671,0.49949762882203963,0.36073892790856876,0.40920987336373477,0.42453407585740255,0.029928928155793913,0.40867834756500127,0.04974483168447321,0.11938519512883311,0.40886737858195393,0.41355832696645883,0.40837230647531286,0.028468527853265948,0.061152499418305965,0.0966283342309899,0.36145803255887665,0.3596299620756282,0.3644226114145556,0.29239203106452716,0.5040603460786571,0.29354556896089523,0.3771260082778862,0.3615106895065916,0.36361240344346063,0.5013863270701148,0.5071346996558607,0.3818718061667666,0.3570150386272272,0.5027022460209633,0.5082183881284357,0.5038266291873303,0.4095651928959393,0.5053074684801085,0.5037744577251176,0.504317833333284,0.503021071831235,0.5131175607675109,0.11325570982422226,0.4096319797614602,0.5038854080672112,0.5091768934958381,0.5032219615796139,0.5000568905042946,0.5027782682880799,0.5107275614109951,0.5019440321374118,0.3598446176583027,0.501114744126594,0.5028749878657935,0.5100934699113948,0.5066988554659358,0.5033219171431472,0.5050429746617977,0.5091399064279165,0.5060851738568305,0.5050211342232201,0.7100526809778166,0.7092324615501937,0.7095923323525168,0.7098881955364831,0.7073769611839132,0.7089394909881124,0.7136554391310734,0.6481719274355892,0.714012739498243,0.7148563873085154,0.7071699055254833,0.7216285877936451,0.7196958974393437,0.7177457268969929,0.7069511798025683,0.7079936201653879,0.707479055970164,0.707479055970164,0.7308726083621263,0.71345101018751,,0.7406969813109381,0.713952496719196,0.7184381778589538,0.7207618563265695,0.7178028563169795,0.7102834468295451,0.7154503193024725,0.7174602007201093,0.7127446906618183,0.7159722358784643,0.7144382482903728,0.7116223806127665,0.7178883350152291,0.7180824896708373,0.7172954371357507,0.7170593793653143,0.7142572100991492,0.7129666338731885,0.7159062688133202,0.7136365529836652,0.7148882942149696,0.7167958883711657,0.7215675684756958,0.7226734238393663,0.7167889012641855,0.7070025940309798,0.7079936201653878,0.7111860272231941,0.8658260195516168,0.8658260195516168,0.8658260195516168,0.7080305119004925,0.8658260195516168,0.7091183772060462,0.7080305119004925,0.7089311302895802,0.7246685068323017,0.5826817685291666
0.1367658473182931,0.050831161096119244,0.0670186706274181,0.11115516192059813,0.5780468022573833,0.6205150846156955,0.6474605924507482,0.6458200747807831,0.6454213376093032,0.6460252041518232,0.3583237147630085,0.6475542196369827,0.6465696795889357,0.6461968340614548,0.645232678308324,0.6455785220482192,0.3574478947236746,0.5780347773631931,0.5903844456071082,0.044365795890196846,0.5779226820967804,0.0341855192875394,0.12180121550453187,0.5027464728120336,0.502110681186346,0.49996744515048247,0.037040985218638446,0.04710048596227033,0.07226385571494325,0.3627839411016774,0.3560947141052248,0.3632494781189674,0.29321831286821937,0.6467526819508655,0.288717131996861,0.3562360046730526,0.35913454350963997,0.3704720339477384,0.6452830409493624,0.6494322395773664,0.3682954578000313,0.3589778208483764,0.6461651536485673,0.6498043751350984,0.6470467482148649,0.5034415758850104,0.6510227224617385,0.6478600391502541,0.6466539806179628,0.6453027566879606,0.6455933152519762,0.0895271086837446,0.5001437861803986,0.6486786858250221,0.6500151680999045,0.6503560915508246,0.6471296457607244,0.6484756900006088,0.6535934734464043,0.6451874104378368,0.3623618256739224,0.6517974076594057,0.6501191348587615,0.6501764997947125,0.6465641505241047,0.6489980559520762,0.6500909908901005,0.6514267722405536,0.6485137197682439,0.6522389080973635,0.8180551231460912,0.8204895774685843,0.8197907482393116,0.8184454928978762,0.8168544690782615,0.8199635827458738,0.825423898759837,0.7130485297121935,0.8262894433178103,0.8221304147792625,0.8166892754932419,0.8284675293958929,0.826990066584702,0.8327446016388812,0.8166183452356732,0.8180553101541242,0.8165571271171146,0.8174261569969127,0.8289592500241854,0.8263718986667682,0.7406969813109381,,0.8202906329596508,0.8310529378936473,0.8308792505804432,0.8259728785282981,0.8175744964421879,0.8264003723819524,0.8303083719269277,0.8211651783940572,0.7204178375357229,0.8200848642571764,0.8217223970065192,0.8210684358214394,0.8235044471337446,0.8263493103564733,0.8273163274611717,0.8268514533815124,0.7154624278534287,0.8229987960881664,0.8224374263606112,0.8209671012150244,0.8248222798963017,0.8285288200475193,0.8236771620397823,0.8225922621269908,0.8166636236400499,0.8166731118159205,0.8193133896565397,1.0,1.0,1.0,0.8165521115960662,1.0,0.8193662582762997,0.8165521115960662,0.8174261569969127,0.8240342726801146,0.5857870671962803
0.13061558186614522,0.07641353436892365,0.0321785926715341,0.07060797190555984,0.5775129994131686,0.6203048717936293,0.6453562380654722,0.6456644194437021,0.6454408677165837,0.6453167024535562,0.3566539059514386,0.6456030623425947,0.6452844903194728,0.6457547824320459,0.6458384075396911,0.6452130752688439,0.3570968555062497,0.5782889625664155,0.5892052088871237,0.014770311486099665,0.5791516995742233,0.030462918018603458,0.0978581578944096,0.5020480567873682,0.5008202047544454,0.49991474303277905,0.022211380225745044,0.0335182573537044,0.057680840199207606,0.3619236018350495,0.3569325865512872,0.3549924077016802,0.28989164794758543,0.6462546852429872,0.2903180159969464,0.3572734760611142,0.35446143535336755,0.355884948570832,0.6454454377507434,0.6468872654038615,0.35836964905681457,0.35344342453650057,0.6462275882168756,0.6468655721992582,0.6453338176485643,0.5035577439282568,0.6466384105009321,0.6454142128974526,0.6469541939118556,0.6459852752436585,0.645792990785329,0.08485033390060477,0.4994472562386342,0.64552486169543,0.6465600335724179,0.6457236283914775,0.6455873320412114,0.6491534766054828,0.6536319612035483,0.6474330437382387,0.35397876971750525,0.6454206664225506,0.6457531453945163,0.6454449868326982,0.6458596672055327,0.6457230772623362,0.6458098235031394,0.6452658664230888,0.6458407080294717,0.6459399002702009,0.8178144523589385,0.8169092147333412,0.8176141925229203,0.8191723190374584,0.8189221459210361,0.8176350907275927,0.8199998524943037,0.7079862215485426,0.8206205196082612,0.8232391872285185,0.8179075680466468,0.821606946629152,0.8221033191178776,0.8211625997996173,0.8179772846942155,0.8365207203233527,0.8199520695577451,0.8199520695577451,0.8241571788504461,0.8229378750194937,0.713952496719196,0.8202906329596508,,0.8290545904909954,0.8264416937678252,0.8209561892742138,0.8216775112503172,0.8192858858223373,0.8225853963702532,0.8344763011312176,0.7401747861497034,0.822416510251399,0.8203910043227746,0.8171556901607454,0.8212913192590007,0.8188561862716197,0.8185932222003521,0.8167336099330675,0.7082763305071487,0.8168088177764687,0.8165259172293688,0.8190123359984309,0.8167868778065911,0.817288030745313,0.8174297081895208,0.8174431036893604,0.8165121101601754,0.8165121101601754,0.8356766469467162,1.0,1.0,1.0,0.8165017430520587,1.0,0.8239140691270224,0.8165017430520587,0.8199520695577451,0.8183155400342383,0.5850150470940686
0.13436155065264171,0.05251133907169555,0.03224194523529239,0.09733101502579404,0.5774245986813358,0.6196887377712763,0.6455196950801217,0.6457903460017198,0.6458259324710117,0.645270276011233,0.3565257402558423,0.645855699387634,0.645287220510713,0.6453029471486008,0.6469179856298233,0.6452305985097033,0.3605196937996819,0.5783258963733667,0.5891893783846163,0.01592301418352471,0.5802544145538333,0.03502758185667038,0.09998621143425482,0.5017342374428494,0.5007049905100369,0.4998865181964455,0.05880445223398449,0.017416467532485158,0.05459997258768278,0.35606740911521406,0.3564388943191541,0.35660350190334983,0.29967515541257916,0.6486403370854504,0.28847585776629386,0.3576419974423658,0.35663116770216524,0.3581024815981762,0.645627522189393,0.6479557474360973,0.36214378364901684,0.35385391868599636,0.6454852400470641,0.6482670969174107,0.6459989753151788,0.5035418662678118,0.6492746707390208,0.6467972598818662,0.6485091721252229,0.6468555620509938,0.6497694315112431,0.09543983518792087,0.4997744808199905,0.6466571484301094,0.6469965838419686,0.6455420207076411,0.6454511933887773,0.6474267058083198,0.6549898706462706,0.6451982820422856,0.3619797572895826,0.6489727264308225,0.6471530427459824,0.647040301242024,0.6458464569407536,0.6479355271165185,0.6473321032525349,0.6503160222132562,0.6458397437807518,0.6478128138359892,0.8188145797565402,0.8201189407471853,0.8216652573626478,0.8248142121318603,0.8174507331560669,0.818070499010789,0.8238905672001694,0.7098990489575554,0.8262502789729199,0.8281990486848796,0.8174649583864702,0.8197327117756407,0.8254937219405051,0.8213507339182123,0.8180841889795804,0.8169156837395303,0.8182140226475089,0.8182140226475089,0.8399247839904564,0.8256999558913263,0.7184381778589538,0.8310529378936473,0.8290545904909954,,0.8507173806290794,0.8360933587259844,0.8232872409194978,0.8230725244694314,0.8385777476035076,0.8318194543543874,0.735228694071631,0.8277688191694775,0.8255917387947853,0.8231480233910056,0.8246344992894775,0.8231414832808217,0.8245651579953993,0.818158772577287,0.7101367279073464,0.819957754931196,0.817826630976296,0.8277271579593525,0.8250614980654313,0.8260125663666167,0.8195390981209341,0.8340772471628741,0.8169156837395303,0.8169156837395303,0.8197066931706843,1.0,1.0,1.0,0.818734720727833,1.0,0.8209729333816553,0.8165321457521848,0.8182140226475089,0.823313238949112,0.5858975991972533
0.1341820743442733,0.05011549564204857,0.030494853322212,0.08690011156517961,0.5778716928641586,0.619860731799079,0.6466235276525822,0.6453781037513946,0.6454688681808844,0.6456180486892314,0.3555592895131208,0.64722028026256,0.64525403457945,0.6456803952403468,0.6459716489557271,0.6452070028516839,0.36411378325798976,0.5782751282585958,0.5891063713954909,0.017217185316327807,0.579156802662644,0.03274066637681558,0.10180031687220796,0.501055975900807,0.5003564566119069,0.5003816742881563,0.048647208632819905,0.0577957054452784,0.05420216198496267,0.3552826166519907,0.3597425323218303,0.36152714139681674,0.2934318459760904,0.6487649557858373,0.28871001001549507,0.3661164624421555,0.3636942855439425,0.3620126045412848,0.6452224676318983,0.6484156995792724,0.35921439766820296,0.35793734907084246,0.6454206522917784,0.6495305710043875,0.6463368143460038,0.5033053618196787,0.6485961631443541,0.646291238855041,0.6497821447080554,0.6460262064266856,0.648447162652437,0.08250611272884377,0.5023590557099673,0.6489520608310271,0.6488355379608832,0.6469907932226794,0.6464699566789445,0.6482883265761823,0.6536236347242516,0.6462249607088543,0.3611217244222704,0.6503378093903762,0.6481749821242015,0.6469675719215052,0.6461103359985617,0.6475033001455759,0.647035958309907,0.6518923869285259,0.6464131507667134,0.6467885591431122,0.8176946909978589,0.8177045535379163,0.8217551183031885,0.8205243320221909,0.8174214352059129,0.8217180259842154,0.8197568365529243,0.7110697742984994,0.8237424852490531,0.8243906948097225,0.8175740490311082,0.8215035771706481,0.8209600850259664,0.8261900558390711,0.8165036532553046,0.8192521790420803,0.8183097966506903,0.8213484850309033,0.8283286287506947,0.8208905344930564,0.7207618563265695,0.8308792505804432,0.8264416937678252,0.8507173806290794,,0.8421869593025256,0.8225591958256764,0.8259527845260343,0.8277023355236938,0.8271966685276663,0.7175501542503693,0.8185951817090704,0.8229847036628352,0.8226523002905514,0.8256732040889708,0.8242932366014065,0.8282425265167226,0.8227758556090063,0.7110146471550234,0.8213273058890386,0.8181936877345511,0.8398407211585429,0.8287367247893237,0.8279756901570082,0.8182809955599021,0.8189596635346885,0.8165991260914489,0.816946136470086,0.818316007588802,1.0,1.0,1.0,0.8165306695226568,1.0,0.8174011801814224,0.8165306695226568,0.8213484850309033,0.8206925950771584,0.5850494927049082
0.13319481741226924,0.051069317071887776,0.029450970251711363,0.07174724047477293,0.5777971307808374,0.6205352833233193,0.6502243147939974,0.6453077753581797,0.6454164534370236,0.6455485804368988,0.35559141251902576,0.6478955924991223,0.6454720211619176,0.645830932238461,0.6458049324009077,0.6462826672009512,0.36011729424188066,0.5781146492956247,0.5899655314066619,0.023706761029147608,0.5780758635986464,0.03558832329959055,0.09958603822813582,0.503254357128436,0.5000305491408101,0.4999652946201244,0.05161890169685815,0.041633941440311496,0.05692081750269778,0.35466154068367217,0.35604000966639276,0.3541086813200635,0.29310983274558655,0.6482968461938508,0.29186608960201055,0.3554009254858342,0.3580385244019942,0.35596622813237816,0.6452487779893921,0.6489924024017562,0.3631651544750614,0.3531438718834202,0.6452428672193374,0.6494876932215575,0.6455558381274508,0.5073940670633518,0.6487982366511267,0.6473323988771186,0.6477652226644819,0.6454939451022325,0.6458178333768478,0.07635185882917167,0.5020120993622424,0.6508428780543727,0.6483055206654398,0.6468928572233386,0.6458873584176086,0.6487339977138228,0.6553620006138283,0.6454823257192074,0.35915085329073465,0.6481069698126901,0.6465000497976726,0.6486401816884204,0.6468034605058698,0.6489582644157533,0.6456913185997254,0.6511918987569038,0.6459629247899975,0.6473730256717972,0.8205599707441414,0.8213257885056091,0.8187701417510288,0.8203598529208397,0.8176892424877847,0.820102704007677,0.8225931210190963,0.714660075739411,0.8226892756217855,0.8315285347580503,0.8199021671928186,0.8204243564184469,0.8215647145614497,0.8289399131330089,0.8165556230827468,0.8166930027411251,0.8165252968672616,0.8172205666750277,0.8258264559938621,0.8177277756850181,0.7178028563169795,0.8259728785282981,0.8209561892742138,0.8360933587259844,0.8421869593025256,,0.8246184598258574,0.8228723164178394,0.8334928636715212,0.8269638209491846,0.7200733135041195,0.8203690422069025,0.8203113144747762,0.8198172198859094,0.8210982445350847,0.8209299465661704,0.8221027442650319,0.8200080626747731,0.7094693166331214,0.8218723610384033,0.8182899523624175,0.8225964155811877,0.8209723792644182,0.8295762037530868,0.8220624635561096,0.8205154183348945,0.8166144132546541,0.8166144132546541,0.8165066955544759,1.0,1.0,1.0,0.8177163292477284,1.0,0.8168576512595268,0.8177163292477284,0.8172205666750277,0.8200012369253963,0.5853217630811749
0.13279604487886199,0.05124949768162608,0.030726516052820948,0.09421295619796898,0.5777999364813929,0.6198462075581166,0.6454659120119225,0.6453275435719946,0.6460396498797528,0.6453314378032343,0.3564219014749924,0.6473457937286873,0.6452464977642572,0.6458677093366118,0.6460375514823139,0.6459319730158396,0.35705920349541465,0.5782689794475959,0.589506704252801,0.06664517806356801,0.5776377557900143,0.06860444480156619,0.08834922820645441,0.5013268196530384,0.5009068938638787,0.4998683522584156,0.04871748073786446,0.029055355856870666,0.06417378105848041,0.36087302382024344,0.35686309145383927,0.3540859649428523,0.28917615204070307,0.6463862037131759,0.2981507369943456,0.3575336088378846,0.3571105322187444,0.3560451047815524,0.6457251963002463,0.6460012465977532,0.36120489718455934,0.3532935838816904,0.646995891989547,0.6482928099936092,0.6476831878775245,0.5006782223305187,0.6462700947960686,0.6490635681119558,0.6466855884409354,0.6474129655691291,0.646797889200058,0.12121389420947833,0.5022051092095671,0.6478178146104083,0.6474395601400139,0.6481040117904557,0.6488423568583351,0.6475470329361,0.6548822202464508,0.6455427839003411,0.3661301799960238,0.650465685896212,0.6490635681119558,0.6467949794016536,0.648387783531358,0.6494000531919888,0.6463277425561124,0.6476182374884055,0.6474303699557619,0.6459531510139384,0.8194640646375891,0.8212128868704117,0.8213555885785758,0.8229658064385001,0.8175151921366957,0.8207953123534237,0.8247438132342686,0.7122373802168483,0.8172497046708109,0.8264991042000063,0.8221085741473542,0.8209507088871515,0.8169120362707576,0.8179494299501159,0.8165805590533062,0.8165650321365544,0.8165879746836895,0.8165879746836895,0.8179235101153749,0.8165141902562539,0.7102834468295451,0.8175744964421879,0.8216775112503172,0.8232872409194978,0.8225591958256764,0.8246184598258574,,0.8291045901108279,0.8213823973888031,0.8229326322197905,0.7210580589299918,0.816988247403043,0.8204898385755657,0.816743922356054,0.8190156320910587,0.8190947513378467,0.8219237472308105,0.821359343408635,0.7095983098412593,0.8200645137773078,0.8175534491165514,0.8204600537985607,0.8211536648159711,0.8217100768366385,0.8183073515190632,0.8180561523543302,0.8173200039288023,0.8207989585086485,0.8165003950160608,1.0,1.0,1.0,0.8165193355163002,1.0,0.816542152500236,0.8165193355163002,0.8170019706035648,0.8188507392172942,0.5848595482872581
0.13087592604186177,0.0668554809451287,0.047345844764102196,0.0725830557152835,0.5800337040255042,0.6200156142123826,0.6459989368288281,0.6453668052910377,0.6456011975560277,0.6470934054567705,0.35797770976589227,0.6466421943606043,0.6454252661345563,0.646683998181583,0.6459634963837673,0.6452041138644086,0.35950435272280085,0.5780494187379097,0.5907289199862229,0.02520083031926512,0.577789902484407,0.03502758185667038,0.09998621143425482,0.5038149658177865,0.5015027314301824,0.5002159945757505,0.05143745960799541,0.022069085440731887,0.05452272550859129,0.35852029075332287,0.35556404100513345,0.3630993748546187,0.28944472211588074,0.6491842847098309,0.29001876292685447,0.3576419974423658,0.35740856145989025,0.3543982661423542,0.6458788681534213,0.6467287876311956,0.36214378364901684,0.35512342137985986,0.646325296962217,0.6500097024360888,0.6462689010659994,0.5045749464221995,0.6477814368986136,0.6464823300771704,0.6459919585885326,0.6453204990234754,0.6458557790788902,0.07990521125797559,0.5006301096119085,0.6485179988908738,0.6489442818916161,0.6473216346255826,0.6458030894850724,0.6481580742273936,0.6549898706462706,0.6454959526421014,0.3567086430310339,0.6483990742117034,0.6501413592287055,0.6456789328805385,0.6476933933610047,0.6470317213207314,0.6482513787750942,0.6473425818746021,0.6467707148330003,0.6478128138359892,0.8177106046194371,0.8201189407471853,0.8210596201472669,0.8194234656121699,0.8188870443344273,0.8266175085948027,0.8246344992894775,0.715200250960637,0.822960695540905,0.8207404226883993,0.8174649583864702,0.8192070784423605,0.8175995449766785,0.8254786108411396,0.8180841889795804,0.8169156837395303,0.8182140226475089,0.8182140226475089,0.8213296350462502,0.818046832863201,0.7154503193024725,0.8264003723819524,0.8192858858223373,0.8230725244694314,0.8259527845260343,0.8228723164178394,0.8291045901108279,,0.8207555280240699,0.8192747246492481,0.7169156124473366,0.8172649186097847,0.8209331664599038,0.8224939935528126,0.8207006118108531,0.8231414832808217,0.8262149673381843,0.822112501869092,0.712634174868404,0.8204384622314816,0.8202719029039266,0.8231707439543496,0.8264637779978365,0.8250794720490376,0.8174842184429472,0.8168051634289177,0.8166035666845307,0.8166035666845307,0.8166005067369649,1.0,1.0,1.0,0.8165321457521848,1.0,0.8165678075387288,0.8165321457521848,0.8182140226475089,0.8186728953979686,0.5850185033290947
0.1372294147579848,0.05379234547477224,0.02805023762427941,0.07821536980248284,0.577728931551355,0.620595304192186,0.6463986129599469,0.6454369367460888,0.645660585853652,0.6455934779710278,0.35582409949918103,0.647607418019789,0.6452993172238916,0.6453483771666709,0.6467161417379679,0.6453434528526708,0.36224806201321313,0.5781174032956453,0.5890394557882966,0.02189535595517828,0.5802595846161757,0.034060536446713446,0.160874750465386,0.5017202495903081,0.5005298054798376,0.5000398213811874,0.02849446671463602,0.07871794222463348,0.07824113383637653,0.35436097692942836,0.35735893482533676,0.35796329748153766,0.2957010525392376,0.6477387880975647,0.29066180273951525,0.35767521298325144,0.356208248491415,0.3644957651484574,0.6452626735184998,0.6474509409434254,0.365373396694175,0.3532303397562523,0.645294802792388,0.6520914834547534,0.6454805555748157,0.500824469020799,0.6471931488634982,0.6461851354737297,0.6489150058246103,0.647556350750678,0.6500943008351466,0.08937562716066016,0.5004554178990113,0.6464942694408297,0.647531671725123,0.6473441791895759,0.6482067812703822,0.6474867549405201,0.6556743015403299,0.6452506928696025,0.3578934165915039,0.6476979106274763,0.6485491652396065,0.6476529066990656,0.6476308310891696,0.6460408034299046,0.6468271865348033,0.650687450209085,0.6455924101983224,0.6474319621977327,0.8188792407356367,0.8182167382090648,0.8225373621354549,0.818901882062949,0.818219956850023,0.8210728168438619,0.8196700489273022,0.714129591239512,0.8230787874508132,0.8439247197232603,0.8176366979090814,0.8235674071911523,0.8215099398474519,0.8222288119900075,0.8166113181849307,0.8187342296044501,0.8194828890659057,0.8194828890659057,0.8407601447074105,0.8287084750624876,0.7174602007201093,0.8303083719269277,0.8225853963702532,0.8385777476035076,0.8277023355236938,0.8334928636715212,0.8213823973888031,0.8207555280240699,,0.8372528098618529,0.7343618597340935,0.8320680009628503,0.8231884271963484,0.8220869965000221,0.8273292684119092,0.8208054287433574,0.8254693723628649,0.8182291873379851,0.7141676208890831,0.8218912299595299,0.8184895398245602,0.8241990864434412,0.8236511750366728,0.8305970506617548,0.8371178470007234,0.841585398472441,0.8187342296044501,0.8187342296044501,0.820384054878894,1.0,1.0,1.0,0.8172410803316477,1.0,0.8179869616289673,0.8166035901965663,0.8194828890659057,0.8367422988285985,0.5889476543250669
0.1324627688022963,0.050532857145305,0.02411903556553058,0.07409404105806353,0.5774116060314093,0.6216377492426454,0.6467738602434561,0.6452705054378038,0.6455760127585561,0.6452511008336059,0.3572579959475048,0.6455048667638965,0.64559433245848,0.6454354096328887,0.6481708524362348,0.6452305126780586,0.35727184836276443,0.5779833087882229,0.5893203183477428,0.014420273331462709,0.5793230019417885,0.036057266169478484,0.11777424731693724,0.5006928174136703,0.501888691228088,0.49988069676109215,0.042353748874633626,0.03558856913495889,0.09020586975830527,0.355849178519564,0.35610969873164616,0.35696332114882234,0.2956350533546893,0.6485892441306939,0.2885170307684067,0.3611817353427078,0.3549032752036175,0.359120655836853,0.6453519465378466,0.646154928323503,0.3612364813676353,0.3548639226385752,0.6467187343523643,0.6519950213314861,0.6453772427225413,0.5001031019501269,0.6472469784645701,0.6454220513933892,0.6478760159176161,0.6452636917569298,0.6475363415927835,0.0898266011505051,0.49955427992050466,0.6465026983040805,0.6467700179978848,0.646795899656874,0.6474124710822912,0.647694724106424,0.6539988033891427,0.6452174777477346,0.35403167705760824,0.6453905117700127,0.6468284242961793,0.6453063070739603,0.6467484162820234,0.6461860724462958,0.6494771949859124,0.6470154184869514,0.6453515994679392,0.6459035621860111,0.8172480530194304,0.8176360064941798,0.817624114861101,0.8183674319264467,0.8194157336852449,0.8200448670477194,0.8182384839530682,0.7086464063389509,0.8209432366966797,0.825569497610842,0.8167530588052182,0.8173580506131436,0.8195240428256025,0.8213224826618885,0.8177389665181329,0.8283717297249403,0.8199351654728148,0.8171145587684522,0.8272563871837211,0.8215881096708939,0.7127446906618183,0.8211651783940572,0.8344763011312176,0.8318194543543874,0.8271966685276663,0.8269638209491846,0.8229326322197905,0.8192747246492481,0.8372528098618529,,0.7530586641256084,0.8279406197060113,0.8186637688735995,0.8204688233946013,0.8198444453519647,0.8182822240575076,0.8193782096637744,0.8179375968085938,0.7082996958463674,0.8169835238409744,0.8189830962208037,0.8216762281723498,0.8223374972065896,0.8235051081024625,0.8222012906153716,0.8293141547724275,0.8165568866984948,0.8174743717304649,0.8232906719734221,1.0,1.0,1.0,0.8165166277385401,1.0,0.818212916960889,0.8165166277385401,0.8199351654728148,0.8244784429616719,0.5848588149051436
0.13123094554949835,0.03333564801275079,0.034761783875254935,0.07093959220150295,0.024253861194656473,0.2804638037756142,0.35278068752279285,0.35415578374775775,0.35499878065466944,0.3528860331024949,0.3560187533430816,0.3558480100271309,0.35341019074736096,0.3545337256629769,0.3563427979542598,0.3527562629292675,0.3535269435424591,0.047556194665644036,0.14441346640381494,0.016604814708333752,0.06536089275510555,0.02760517444203834,0.07726503581358016,0.3541101182762941,0.3528539671680001,0.35292077731929683,0.05014459149156024,0.014179703712592024,0.06043403435143778,0.35475549338643264,0.35822529051975815,0.35431435743890666,0.35394481163879327,0.35971632752178956,0.35358985560371176,0.35298359325370005,0.35692291845999835,0.36325396671181415,0.3532641708094442,0.3546965017867841,0.3538806796245677,0.35466705816775557,0.35476036438376907,0.3645116542649547,0.35382720782080396,0.35738887889958226,0.3604122271440682,0.3552843088818484,0.3561938481827413,0.35491383817355265,0.3588471190311495,0.07278977754750396,0.3585373709586163,0.3566045867526266,0.3586809708559149,0.3539210631255789,0.3618721300014367,0.36135340207468963,0.37556815496687396,0.35439231975762986,0.35602210102529014,0.3606307784283588,0.35369678290559764,0.35512884344696777,0.3558271806224875,0.35351821519189996,0.3529414653803971,0.36074083018250525,0.3580761056423582,0.3603256376404134,0.7071261420752858,0.7074874127777914,0.708255604752674,0.7079071331985252,0.7076191992965415,0.714212970347599,0.7100801153413465,0.7103131649346095,0.7119018635528209,0.7152057118146914,0.7120902664307454,0.7119771982693763,0.7372443955985016,0.7234469477727392,0.7123349262780433,0.7455700728209929,0.7192391404287475,0.7097202440776055,0.7242191546776908,0.7295850200304229,0.7159722358784643,0.7204178375357229,0.7401747861497034,0.735228694071631,0.7175501542503693,0.7200733135041195,0.7210580589299918,0.7169156124473366,0.7343618597340935,0.7530586641256084,,0.733011113815241,0.7135754618795965,0.7115574697395205,0.7139574164876537,0.7102345531172244,0.7115180868850262,0.7074490216943844,0.7090213675577993,0.7097089025570485,0.7092038857207059,0.711600274403442,0.7081486542912759,0.70991331068592,0.7127372117079623,0.7325928709055607,0.7071797359245352,0.7108733949387511,0.7316492130467143,0.7071249450000698,0.7071249450000698,0.7071249450000698,0.7201323065127063,0.7071249450000698,0.7131909856407649,0.7071431585907759,0.7192391404287475,0.7121799588094181,0.7072246233705314
0.13251796122399823,0.0852826888855175,0.027962694553485212,0.07346604067436406,0.5774886925146151,0.6202072082966436,0.6466268837509996,0.6453562095345403,0.645867962610372,0.6458939347484265,0.35526030250218044,0.6472605771487103,0.6456809042352967,0.6454485354679638,0.6454574637167312,0.6453996681899059,0.35936455366243275,0.5792680602973825,0.5898694773176413,0.02559745364592926,0.578662047013264,0.032828725992602274,0.11233633454560424,0.5021083080298787,0.5011224523428366,0.4999585728303955,0.04055691153717825,0.036427640239193954,0.07444042614497193,0.3609612410508937,0.3565778832204543,0.35856752002831227,0.2937962437726467,0.6496909069798112,0.2885296745071105,0.35761461448799886,0.35585402876474204,0.3563421484449933,0.6466439619112336,0.646082241460345,0.3654827199360704,0.35462332887027737,0.6478245784794124,0.649060243341022,0.6452795174396438,0.5000305244435442,0.6469745641528842,0.6455272788124534,0.6476379697383229,0.6452732904432714,0.6460529767080139,0.09275202282443229,0.4995220121898535,0.645292490758869,0.6466631908832772,0.6458998798493126,0.6464296995987129,0.6476647632476231,0.6551521410994001,0.6481599018961063,0.3563944736392322,0.6464874604918025,0.646271075376232,0.6464192171575405,0.6459281688333813,0.6460571298603779,0.6460199518496267,0.646845853939389,0.6452382904960023,0.6490795488522725,0.8187903633547909,0.8175064427363384,0.8169263475984723,0.8166128048829063,0.8168258794574037,0.817656556231022,0.8180684244061636,0.7080563010943136,0.8193145186230334,0.8240760996883096,0.8182250456989304,0.8214213570186395,0.8269171711112757,0.8211120403128441,0.8166153316073445,0.8174459546803746,0.8170937689526674,0.8170937689526674,0.8268043361305082,0.8286990211290123,0.7144382482903728,0.8200848642571764,0.822416510251399,0.8277688191694775,0.8185951817090704,0.8203690422069025,0.816988247403043,0.8172649186097847,0.8320680009628503,0.8279406197060113,0.733011113815241,,0.8170506663035695,0.818871555185062,0.81959023481198,0.8165247821417456,0.8177244622444632,0.8168175266064931,0.7084746915237343,0.8168773580983498,0.8181555446313505,0.8195300665413964,0.8166075943095346,0.8190748762339898,0.8268738290997896,0.8305028266505219,0.8165582342210175,0.8174459546803746,0.8203352899115031,1.0,1.0,1.0,0.8203765932910143,1.0,0.8181697169777628,0.8165170756925177,0.8165788984499232,0.8300120423835862,0.5852589099285876
0.13480589715762015,0.06396905801300458,0.10268830779630357,0.10051810655268553,0.579234677151389,0.6206391648590746,0.6477643820658755,0.6479745376985285,0.6457530618215636,0.6473516722053221,0.3628513770585406,0.654081468441569,0.6464453782028896,0.6489417835671782,0.6463441443036777,0.6471489588618937,0.3610712518967282,0.5789295812004979,0.5901613263279885,0.050119549488692385,0.586186775126512,0.05603943113085746,0.11466059659035434,0.5042337607720956,0.502474600070931,0.5020079499691413,0.06131437261116289,0.04100584286465966,0.09404925804652738,0.37143365616831986,0.364072035317826,0.381990489567913,0.2914676565616448,0.6479681817515948,0.29606087827562183,0.3619215897109582,0.3630993536404248,0.35942255343626806,0.6471357826385739,0.6497860657859126,0.3624751256502565,0.3567352927034305,0.6478533410903075,0.6567429283869195,0.6497598429559209,0.5061859923580749,0.6491537835523167,0.6558454707403916,0.6528595504067195,0.6524016473725062,0.6580617606468651,0.15478084772262027,0.5022735373211163,0.6469026147193375,0.6502534402181123,0.6483885168449648,0.6465260933845616,0.6500080569078457,0.6538615188458181,0.6460266364154043,0.36902315834041205,0.6511992423020071,0.6492233112401375,0.6510877478950685,0.6536792902864708,0.6522973439812642,0.6510129637803513,0.6527905763849502,0.6524370909367558,0.6517006280411141,0.8207889552061718,0.8212769389070285,0.8266295474042724,0.825622604526113,0.819887659533181,0.8250102601140065,0.8240080404613348,0.7156202615031296,0.8251459719371046,0.8283026274626627,0.8174026677864316,0.8198191812461306,0.8180830621522087,0.820116241795106,0.8180359623306531,0.8180292174356847,0.8185422923420449,0.8172623580026919,0.8207877110334705,0.8217634384572551,0.7116223806127665,0.8217223970065192,0.8203910043227746,0.8255917387947853,0.8229847036628352,0.8203113144747762,0.8204898385755657,0.8209331664599038,0.8231884271963484,0.8186637688735995,0.7135754618795965,0.8170506663035695,,0.8274613296141019,0.8255219027418265,0.8243086114297232,0.827372500013875,0.8179670528180495,0.7328718272415109,0.8287038171571064,0.8281027231248697,0.8225494752665556,0.8237874679144392,0.825564359615243,0.8176471629493716,0.8229159674490891,0.8164985432562822,0.8180292174356847,0.8179396385757605,1.0,1.0,1.0,0.8166528770870322,1.0,0.8175172431197656,0.8166528770870322,0.8172623580026919,0.8194411395397706,0.5874317040941678
0.13484549686505956,0.06234500455086068,0.06925307746693711,0.10769877131931911,0.5821369351250725,0.6200890513728518,0.6482893191896211,0.6465309016926547,0.6462810215201034,0.6491617220412721,0.36373241395395556,0.6505987357928702,0.6469536747842333,0.6469718420631554,0.6466053412393095,0.6469659683956533,0.35965490088038743,0.5789320433996137,0.5910487883828027,0.05054836520353462,0.5792860566473842,0.04958858753776003,0.15308016311897407,0.5032620749492566,0.5020891037101403,0.5023985562731628,0.05335946029063812,0.0808972958365117,0.11357164583077946,0.36999596835500836,0.36477373149922865,0.39563485023290984,0.2951088489939054,0.6529531738310081,0.30058277611681683,0.374309788811933,0.3797063128239838,0.3607150434271065,0.6462420098259828,0.6504851906568496,0.36827656924381297,0.35824159897250446,0.6480279123394483,0.654977914395611,0.649717505828023,0.5031662237584686,0.6587557667780032,0.6507355853947718,0.6555493301892831,0.650376917162271,0.6511572926480866,0.14085659461344927,0.5044938299739904,0.6473339660970953,0.6491608865993771,0.6498045525008713,0.6500431538413052,0.6511422158103616,0.6547775605728907,0.6473199108786019,0.3705293325707379,0.6544803421047711,0.652555416784515,0.6557528170718371,0.6548429326107463,0.6511483278756397,0.6618103683771731,0.6563772245868831,0.6558883886773429,0.6569528207300221,0.8196737809203659,0.8232531496086992,0.8280566706064524,0.8199940623163482,0.8197032618096094,0.8211102831021987,0.825859922120287,0.7163805068131553,0.8206252410012111,0.8251330046216342,0.8171049411278866,0.8189852475758872,0.8186463430424107,0.8187414465412369,0.8166063346697879,0.8169638557252435,0.8171204195211461,0.8165511547712129,0.8253248841333312,0.8184770364395231,0.7178883350152291,0.8210684358214394,0.8171556901607454,0.8231480233910056,0.8226523002905514,0.8198172198859094,0.816743922356054,0.8224939935528126,0.8220869965000221,0.8204688233946013,0.7115574697395205,0.818871555185062,0.8274613296141019,,0.8281308674164757,0.8360908400155436,0.8310714550505005,0.8229181854986121,0.7365356967574482,0.8369240366578312,0.8344079845500548,0.8226691038633739,0.8205927451058758,0.8244711647280838,0.8212563468179129,0.820110482932211,0.8169638557252435,0.8169638557252435,0.8170291894485269,1.0,1.0,1.0,0.8170094464023261,1.0,0.8168076957388626,0.8166519379932294,0.8171204195211461,0.8270081269849467,0.5857558727615901
0.14554509212208103,0.056118080133682566,0.05689789741632676,0.10039520474363685,0.5779973376064061,0.6211930027946551,0.6484979131658607,0.6462949603810895,0.6457667373102235,0.6480412307651101,0.35670802566692283,0.6505065081194124,0.649666868913634,0.6458789194779037,0.6458264161059808,0.6469947063811069,0.36311561777596985,0.5805025538317493,0.5908707820979331,0.02414349178018572,0.5803891721282554,0.061991167256862656,0.12150796345281742,0.5023264707130428,0.5001089330591306,0.5037363909277106,0.048692004588990985,0.03545388406520766,0.05932464212598346,0.36066701307659843,0.36191948381464867,0.37093617818752256,0.29237525916604873,0.6486159093705868,0.2927080045004671,0.3642160659766082,0.3559856477238832,0.3593693063333562,0.6466313100593205,0.6515122912634075,0.35948880093020485,0.3578864291855215,0.6471652827239899,0.6528968525539106,0.6476424354927495,0.5014679009728928,0.6505662921736937,0.6475439527049295,0.6521937703966154,0.6515920813470583,0.6500017796616864,0.12742356268110552,0.5023393081794866,0.6473749348510774,0.6477964715087919,0.6502107696043401,0.6498253367258461,0.6493394123708799,0.6550140751522675,0.646232092129727,0.3794057641330729,0.6540141027376819,0.6481369514393384,0.6553459601713486,0.6515789047377853,0.6570535860113187,0.6506503939660307,0.6523770556953925,0.6510106881152042,0.6615690373108483,0.8201413145675992,0.8218139378911773,0.829853329234318,0.8263230608433133,0.8213908841352459,0.8202612008515899,0.8302679413767069,0.7234597486791661,0.8267259125216816,0.8297391518099783,0.8200388117369254,0.8196192956992279,0.822483018475892,0.8209246444791644,0.8184607694639796,0.8183187771385354,0.8174738090313448,0.8166704685658359,0.8199888719207258,0.8177273045369894,0.7180824896708373,0.8235044471337446,0.8212913192590007,0.8246344992894775,0.8256732040889708,0.8210982445350847,0.8190156320910587,0.8207006118108531,0.8273292684119092,0.8198444453519647,0.7139574164876537,0.81959023481198,0.8255219027418265,0.8281308674164757,,0.8347555517021931,0.8488991365603421,0.8231567224273725,0.7171051599648679,0.8232517199105519,0.8182384285661828,0.8277372836691094,0.823534174662785,0.8245950488845899,0.8182355307829533,0.8203522861448667,0.8164975410811909,0.8169736646776042,0.8184273199390993,1.0,1.0,1.0,0.8166280192522276,1.0,0.817710147658401,0.8166280192522276,0.8166704685658359,0.8220296449975304,0.5870144286037803
0.1321446431453086,0.05459821940897339,0.07076590614458567,0.07861652858633154,0.579524639658641,0.6204229544732336,0.6471477499702151,0.6454361879289333,0.6455363623287832,0.6458710508784344,0.361319032668307,0.6487917869620603,0.6465433179438884,0.646824063597435,0.6453422507396357,0.645810330745567,0.36063059060561836,0.578516091872522,0.5900370766362687,0.03156315211438577,0.57876680547595,0.038506142096212864,0.14628785054074311,0.5017813065164312,0.500270853193479,0.5002192590558893,0.03476219727849421,0.07604538790389735,0.11389833950709681,0.3650780737182833,0.35919867509457615,0.3790238783451597,0.2923470036953719,0.6516607079139839,0.29512220493719715,0.3641657833966245,0.35870420100946054,0.3645571811073307,0.6469227471311609,0.6501942366204922,0.3719809904368346,0.3614084745355511,0.6464690691291627,0.6485797946736983,0.6480607175839124,0.502775138857844,0.6548275284277993,0.651933421282411,0.6482565776821521,0.6475270272635198,0.6471063791191015,0.1064953980671665,0.5006269024056982,0.6483192336794871,0.6469155850461502,0.6496997654586754,0.6459256214590547,0.6477385452782947,0.6558112474925673,0.6453190152113986,0.37030174940298105,0.6547684476578001,0.6549543955740896,0.6645480384303316,0.6556353532337236,0.6539822398264121,0.6544488952672336,0.6544395881540991,0.6530853466859384,0.6587848799618584,0.8206186844178402,0.8225071047013851,0.8288978967799302,0.8251039692706044,0.823278997624471,0.8201406639253548,0.8271497520317879,0.7183244303392933,0.8211041812720467,0.8213021869764605,0.8168505731919957,0.8177722672157945,0.8199697096555449,0.8191880454727611,0.8165193617614778,0.8166572344233632,0.8165079081439547,0.8166803228869681,0.8211189074184527,0.8183105360097653,0.7172954371357507,0.8263493103564733,0.8188561862716197,0.8231414832808217,0.8242932366014065,0.8209299465661704,0.8190947513378467,0.8231414832808217,0.8208054287433574,0.8182822240575076,0.7102345531172244,0.8165247821417456,0.8243086114297232,0.8360908400155436,0.8347555517021931,,0.8343535439208537,0.8256410175488593,0.7296286850266877,0.8336897570994184,0.8268760552305838,0.8245992462868903,0.818809783487939,0.8263143323304956,0.8194578751578456,0.8187210886495563,0.8166572344233632,0.8165435046160682,0.8165309439079527,1.0,1.0,1.0,0.816841192545099,1.0,0.8171866128364892,0.8167278029103354,0.816908044369666,0.8207616924741733,0.5871652794796712
0.13744913786411758,0.053761191819327425,0.08149128383864292,0.08356353351263703,0.579960476963143,0.6203422569639716,0.6464673439436147,0.6458426207706489,0.6454928102660378,0.6460470297554948,0.36173213119260805,0.6474506914257919,0.6478030269883337,0.6463938045471233,0.6452797809669151,0.645305838410127,0.35885870232797573,0.5788782877912879,0.5889506852100472,0.02128789921395082,0.5803591650431299,0.06705102013683548,0.1051397270130393,0.5023123458325697,0.5013072137323971,0.502746050503578,0.07477570799016009,0.04493615129150795,0.05705172605595545,0.35868577295560905,0.3656675993490696,0.3724227469376863,0.2933385517506207,0.6483613528522137,0.29259592075417873,0.36484824448252096,0.35754468313434895,0.362178316980317,0.6457803432459471,0.6478337759175112,0.3577574968074737,0.35700435466516606,0.647137566796505,0.6537357530808018,0.6486473588575461,0.5034383723618,0.6525000352568214,0.6504288885486924,0.651017748858501,0.6490473727834705,0.6463518911213427,0.13024222167721847,0.5016653222144646,0.6479018669344692,0.6500489844789716,0.6511947121375612,0.6474430824940114,0.6489761143919921,0.6547465900188114,0.6457435551147166,0.37767016138465237,0.6517244111650915,0.6491799928727005,0.6522862946591953,0.6536230481357374,0.6542818621337433,0.6539849297627799,0.6536981873912422,0.6510627661078586,0.6555693649153259,0.8199172600277198,0.8225115817414749,0.8324600939584429,0.8322118232507116,0.8250482414929277,0.8248503599690387,0.8342511998487547,0.7244654859206923,0.8273576187593165,0.8263858973091183,0.8168246396847637,0.819843573439441,0.8193141119125011,0.824089170010891,0.8170501123124083,0.8186884618815042,0.8177461968532165,0.8167718559229008,0.8241565844555723,0.8170609946651948,0.7170593793653143,0.8273163274611717,0.8185932222003521,0.8245651579953993,0.8282425265167226,0.8221027442650319,0.8219237472308105,0.8262149673381843,0.8254693723628649,0.8193782096637744,0.7115180868850262,0.8177244622444632,0.827372500013875,0.8310714550505005,0.8488991365603421,0.8343535439208537,,0.8347058686593991,0.717799113319693,0.8233945260375504,0.8193368703635908,0.8455772575359577,0.8331375420649838,0.8299851343441916,0.8174504729220887,0.8195760142810273,0.8186884618815042,0.8171308470568293,0.8190626805585743,1.0,1.0,1.0,0.8166058275190493,1.0,0.8166338487568011,0.8166058275190493,0.81650132375523,0.8219796768846032,0.5907619806522303
0.1311988716500175,0.05293359011842443,0.06128278329537913,0.08802765388050898,0.5780886360190404,0.6196987064847975,0.6464915608486195,0.6461230234550772,0.6455802581225074,0.6476751694403363,0.35852598669994123,0.6467226918285259,0.6471962665833613,0.6500594723851001,0.6452735100109108,0.6467096901579072,0.35965043273956604,0.5781957773705775,0.5905068384359667,0.03394883116884356,0.5784633880561993,0.06708776433327827,0.11615067590230946,0.5024037922682562,0.5020054449364855,0.5049327040811534,0.048816466948972626,0.05750092021720946,0.05549283728423967,0.35533641891055184,0.35575524533437697,0.36058225196488125,0.2932485594272621,0.6472750159641241,0.2957521391942206,0.3590620738520676,0.35464118545017886,0.36452274068890284,0.6452643905394269,0.6462312190914732,0.3665526140985883,0.35448750726257655,0.6453531005756094,0.6516096072239186,0.647017015367307,0.5000406349059164,0.6462909275413602,0.6488902820092752,0.6485223606237336,0.6458779684315277,0.6454594104611948,0.10431158505910322,0.5037204665834052,0.6457553477515469,0.6460623151043036,0.6483196493586357,0.6479026294465002,0.6486832184453376,0.6535902355197564,0.6452468888653303,0.36257236830470774,0.6480112966744968,0.6468559618760232,0.6527709458183717,0.6479014094182663,0.6524367391618808,0.6480254540982964,0.6524582398664188,0.6541765914351954,0.6548332710562155,0.820928717375864,0.8178742710961424,0.8235715092493738,0.8188025907190614,0.8173072457233196,0.8194592358596865,0.8237052892905221,0.7141281933725534,0.8233352841774103,0.8200498089961166,0.8172830455128487,0.8241885918441524,0.8197766778347725,0.820925932691496,0.8165876780664253,0.8167166405037897,0.8165101348226023,0.8165101348226023,0.8178722168956037,0.8165079630782002,0.7142572100991492,0.8268514533815124,0.8167336099330675,0.818158772577287,0.8227758556090063,0.8200080626747731,0.821359343408635,0.822112501869092,0.8182291873379851,0.8179375968085938,0.7074490216943844,0.8168175266064931,0.8179670528180495,0.8229181854986121,0.8231567224273725,0.8256410175488593,0.8347058686593991,,0.7143021359070274,0.8238650992765029,0.8241947426396484,0.8332890886761393,0.8241197299803498,0.8208646202715889,0.8167001686454949,0.8165106553020238,0.8175995381507567,0.8175995381507567,0.816537698791176,1.0,1.0,1.0,0.8165697377865969,1.0,0.8166430907152223,0.8165697377865969,0.8167903879467424,0.818098090976827,0.5855393841708938
0.13219655245037762,0.039792468038575786,0.11811531381271896,0.11997380529591356,0.10674059972345694,0.30133094220453316,0.36163432464154455,0.36473528774930036,0.35510080843850617,0.3627592869549965,0.3712862095384202,0.39431150932234016,0.36741670603627496,0.3726967829204422,0.3594917399486947,0.36377973334971375,0.35767994313260704,0.06986242594398742,0.16989535928967311,0.03338530120941501,0.09022642083135157,0.06368947023190832,0.09705541991687745,0.35696511547263843,0.3568054685753726,0.35767636088892213,0.031002224211714273,0.06212102752671728,0.053843054438496955,0.3775346588585091,0.3999007637889375,0.4590586967961748,0.3645031787975699,0.3760964022326915,0.3826226940177078,0.36325894533589087,0.3712808590980753,0.3647204915073871,0.37335618734598736,0.3733233896850347,0.3987043461605663,0.3676219166850069,0.356847339285144,0.39464598836506704,0.3869793674690859,0.3684704637923401,0.38588925842221894,0.38162628555435757,0.36762889064692506,0.3692424198630404,0.38494861696400046,0.1624863004362951,0.36235023892955753,0.35983606083087144,0.3673865123089536,0.381084071646895,0.35796558653787186,0.37120826686261815,0.3816023545449216,0.35511003012953957,0.3792413903616093,0.3829787654524538,0.3747512775862821,0.3691379110679805,0.3951751696922386,0.36405772245063456,0.37930202557102155,0.3879713448938882,0.3797491832903943,0.37010848838449223,0.7101078677481488,0.7126409992424975,0.7113857342054823,0.7118897043713426,0.7160772131117847,0.7127220296172101,0.7200149327068082,0.7222282061651308,0.7141705084559061,0.7133190190486538,0.709201550050003,0.7092045002786863,0.70993295440756,0.7086571017820421,0.7080893087090595,0.7079174416923946,0.7076828790532208,0.7076828790532208,0.7130815707828887,0.7086826776191514,0.7129666338731885,0.7154624278534287,0.7082763305071487,0.7101367279073464,0.7110146471550234,0.7094693166331214,0.7095983098412593,0.712634174868404,0.7141676208890831,0.7082996958463674,0.7090213675577993,0.7084746915237343,0.7328718272415109,0.7365356967574482,0.7171051599648679,0.7296286850266877,0.717799113319693,0.7143021359070274,,0.7697206352947533,0.7356810947397289,0.7161922295032274,0.7156096952831851,0.7130703013266121,0.7095081497065594,0.7119706691456751,0.7093740048565804,0.7079174416923946,0.7077226004862015,0.7076719175461548,0.7076719175461548,0.7076719175461548,0.7080919095972619,0.7076719175461548,0.7088055255505904,0.7082381643937208,0.7076828790532208,0.7120684675995058,0.7092225943526824
0.1332903404372306,0.05554734712192771,0.10837330581221281,0.09961161068655273,0.5824695822055592,0.6244542898930397,0.6482843553116756,0.6473031154047176,0.6455250967150311,0.6492184360445703,0.3732135524198007,0.6556979368970575,0.6483826619155716,0.6503463945568865,0.6481058558937899,0.6473231890610278,0.36016724957119217,0.5803509619069679,0.5999925265637055,0.03663059283505479,0.5796588795030004,0.047701920728307146,0.11970113817210758,0.5013940696683287,0.5022538373749688,0.5038674060862806,0.047097122412167146,0.05383333490451203,0.08334794161948005,0.36605321661013496,0.36736822059973556,0.39092390461166915,0.3014934915019345,0.6529792791957519,0.3029068735486189,0.369167090640202,0.3699882091096873,0.36710063309933383,0.6497623519164848,0.6494928681683967,0.3914088024331851,0.36399733977454507,0.6511148415779755,0.6600418899635754,0.659573704210093,0.5083029598830334,0.6555607773422781,0.6571731760959592,0.6524839912680306,0.6492631661484681,0.6502017230278536,0.17081229733590825,0.5077027078642469,0.6503271912390266,0.6510038194550626,0.6579191445602504,0.6461906076837903,0.6520646036283085,0.6548087032287898,0.6459446303543177,0.3841495758078921,0.6533740500374887,0.6577897507000896,0.6561926736760976,0.6562478216681888,0.651534542701964,0.6563652207916751,0.6607204737252124,0.6550685672533296,0.6501891936343941,0.8184438681970015,0.8244282169076842,0.8220481687416153,0.822576529671844,0.8188298381529039,0.8189934857576548,0.8251187405967161,0.7197212516569178,0.8194337596897298,0.8229759379592136,0.8167234786059123,0.8187262171372691,0.8193688014691596,0.8193132208801664,0.8165042820626486,0.8166270861408951,0.8165004101122251,0.816718834925717,0.8202943169268186,0.8167885592356937,0.7159062688133202,0.8229987960881664,0.8168088177764687,0.819957754931196,0.8213273058890386,0.8218723610384033,0.8200645137773078,0.8204384622314816,0.8218912299595299,0.8169835238409744,0.7097089025570485,0.8168773580983498,0.8287038171571064,0.8369240366578312,0.8232517199105519,0.8336897570994184,0.8233945260375504,0.8238650992765029,0.7697206352947533,,0.8401539136909645,0.8221514299388548,0.8202162130890434,0.8224312187284013,0.8192285163193305,0.8198414490173666,0.8166270861408951,0.8166270861408951,0.8165373333235411,1.0,1.0,1.0,0.8168136224669561,1.0,0.8171314187160101,0.8168136224669561,0.8165004101122251,0.8178233624555621,0.5854381655129475
0.1398190013266225,0.061003170022264186,0.09556785989947941,0.1118415598511565,0.579683600076308,0.6229171870562935,0.6463366129148621,0.648795539882304,0.6470421018321885,0.6514521609391604,0.35673439371537063,0.6566651419793443,0.6469893578026205,0.651346999521209,0.647736517915062,0.6458116276188082,0.36276983373953536,0.5787189050542038,0.5983240997726553,0.050410716396408324,0.585804161438741,0.07911005619219946,0.1318143529008892,0.5022086772124447,0.5018189689925673,0.5029252022841597,0.043142404490473844,0.052200876156277706,0.09426827482832587,0.36828114528560796,0.3625461607072142,0.3877634534119011,0.29458220453961403,0.6510881173919191,0.2986234949795253,0.3658027136314411,0.3694833437876857,0.3696873344816397,0.6500407993884588,0.6519556501111347,0.39528431590733826,0.3676571023893504,0.6481711556985515,0.6583870826500106,0.6533652690725464,0.5096908421919026,0.6538494015448921,0.656818079125552,0.6509242051943679,0.6468720352657197,0.6473908110655655,0.14323553131288086,0.5032381963888548,0.6476788634695853,0.6565429011454611,0.6608636414992171,0.6496385696074599,0.6502070380494712,0.6554018366092207,0.6457354718292303,0.36795251314269434,0.6520270309111474,0.6523684105694053,0.6531835196256013,0.647648314607997,0.6488163722775079,0.6556489152810232,0.6531512831413462,0.6511447156072684,0.6504244034973087,0.8179263799183083,0.8209217959926646,0.8191927919486979,0.8174367678463652,0.8193128387733781,0.8196125772828949,0.8213822279169709,0.7134698878189542,0.8218878586036465,0.8241607083807067,0.8164995579591703,0.8172870053377828,0.8183887148680752,0.8180507056266982,0.8165833049179987,0.8164969006987682,0.8165397031742141,0.8166214168989177,0.8204185851995804,0.816513230570083,0.7136365529836652,0.8224374263606112,0.8165259172293688,0.817826630976296,0.8181936877345511,0.8182899523624175,0.8175534491165514,0.8202719029039266,0.8184895398245602,0.8189830962208037,0.7092038857207059,0.8181555446313505,0.8281027231248697,0.8344079845500548,0.8182384285661828,0.8268760552305838,0.8193368703635908,0.8241947426396484,0.7356810947397289,0.8401539136909645,,0.8209592263657787,0.8186565895611357,0.819490666680691,0.8176299319465519,0.8169546748929649,0.8169389731255401,0.8164969006987682,0.8168752379440845,1.0,1.0,1.0,0.8166436636620827,1.0,0.8165588283959205,0.8166436636620827,0.8165397031742141,0.8173779335565419,0.5854783677244141
0.13070558451484435,0.06429740413076102,0.0427380367702914,0.07141612860289843,0.5788116014440318,0.6195786091547235,0.6453397229812878,0.6453591835133462,0.6453887352943498,0.6467744857371254,0.3613909322969313,0.6478910591151039,0.6458033913104959,0.6456422021618811,0.6453265912827305,0.6452490659496658,0.36599399615945355,0.5783938066399429,0.5890581652162294,0.017813515598415382,0.5795385618114735,0.0546265215508022,0.10826996886919801,0.5003762445273331,0.5058799871080545,0.5022472252871538,0.031967289214312904,0.0528774067079449,0.0556690320371891,0.35771905976777957,0.36536498670212086,0.3630275507664514,0.2911791433369209,0.6486188689550314,0.28976518639230714,0.3623903190344547,0.35782491099351593,0.3634623198718297,0.6473290084940023,0.647740958809781,0.36048569322476803,0.3617671919526179,0.6452382675199245,0.6506116698994089,0.6462587693265962,0.500893029199879,0.648805198041734,0.6470576480857572,0.6495568887088916,0.6477214303754901,0.6456417533387682,0.09061738391814211,0.5002841649377224,0.648578070347423,0.6481985085587938,0.6482317046518923,0.6452022157671483,0.6479736401654218,0.6548136628267414,0.6451816582880507,0.37298717770504863,0.649102580033086,0.6511394938004155,0.6498909946290689,0.6485035001260122,0.6517428580121569,0.6504132814011822,0.6512998640582762,0.6477494591198748,0.6490578472861341,0.8204134395685156,0.8180740010793088,0.8230303685415186,0.8228016784725732,0.8211465199510489,0.8268827629878196,0.8245238684240271,0.7110225644058222,0.8264507655730553,0.8247968511568939,0.8165010288792158,0.8174953647136691,0.8192300151558447,0.8223869276546691,0.8168716400120059,0.8189285964318057,0.8180694870223115,0.8180694870223115,0.8204620625165027,0.816898581043908,0.7148882942149696,0.8209671012150244,0.8190123359984309,0.8277271579593525,0.8398407211585429,0.8225964155811877,0.8204600537985607,0.8231707439543496,0.8241990864434412,0.8216762281723498,0.711600274403442,0.8195300665413964,0.8225494752665556,0.8226691038633739,0.8277372836691094,0.8245992462868903,0.8455772575359577,0.8332890886761393,0.7161922295032274,0.8221514299388548,0.8209592263657787,,0.833367048713998,0.8295234941158954,0.8169209752282192,0.8177809919250082,0.8166110604206042,0.8166110604206042,0.8180080665900124,1.0,1.0,1.0,0.8165346369798705,1.0,0.8165727966694786,0.8165346369798705,0.8166830901689969,0.8197076103057623,0.587291492717515
0.13019766324206122,0.06036087962979922,0.06874599574077478,0.08958121246671748,0.5810380818406511,0.619915762074045,0.6465117467572599,0.6461176264321942,0.6453839916523303,0.6459322760071624,0.3636012805593115,0.6466346897644886,0.6476245060211056,0.6460814502939929,0.6453277848954398,0.6453004635424394,0.3586407042558568,0.578932031853669,0.5891926544468733,0.019064010884152643,0.5795656712598242,0.07026228072876739,0.10283442077028743,0.5012793729587014,0.506390552166325,0.5010544544811727,0.060490144973645826,0.016384735153994478,0.061013772267579154,0.3585437077744788,0.3646543464439215,0.3629462197390423,0.2925574387282646,0.6456505995991256,0.2993974493012441,0.357273046709671,0.3586301877262209,0.3542473650057881,0.6477056461858971,0.6460443564558855,0.35640518550077616,0.3565080702788383,0.6492427456066298,0.6537361077018854,0.6470264244187425,0.4999231375449442,0.6460724495516545,0.6487554348194664,0.6485492202767069,0.649944877791788,0.6488907324689955,0.11669204090694471,0.5002963649197477,0.6523587432233785,0.6466463879906762,0.6479797194499634,0.645910821479272,0.6474182658182014,0.6563247751457225,0.6451698509138546,0.3604178510861906,0.650318459599747,0.6467574381749743,0.6489521354151087,0.6476241239742329,0.6492471185904157,0.6492955856667151,0.6514219662491535,0.6479448307940182,0.6503102659348357,0.8172875532926026,0.8182904183632427,0.8212114365484192,0.8180751734612896,0.8183297299488541,0.8223718748809487,0.8293755720088265,0.7106221526454484,0.8272494461142293,0.8233481621953708,0.8177311434812191,0.8190183737372623,0.8165760990949387,0.8266881057528149,0.8174184493160034,0.8172553082019812,0.8192666129989,0.8192666129989,0.8203957312147702,0.817006894080177,0.7167958883711657,0.8248222798963017,0.8167868778065911,0.8250614980654313,0.8287367247893237,0.8209723792644182,0.8211536648159711,0.8264637779978365,0.8236511750366728,0.8223374972065896,0.7081486542912759,0.8166075943095346,0.8237874679144392,0.8205927451058758,0.823534174662785,0.818809783487939,0.8331375420649838,0.8241197299803498,0.7156096952831851,0.8202162130890434,0.8186565895611357,0.833367048713998,,0.8334188440688385,0.817376473714998,0.8173382726912919,0.8165691597787942,0.8165691597787942,0.8168632899977153,1.0,1.0,1.0,0.8165207076701178,1.0,0.8165449005297446,0.8165207076701178,0.81695508440417,0.8190709928686885,0.5863842971539304
0.13294388945864644,0.05462509722642,0.08750369607239096,0.07173190193711916,0.5781322848722508,0.6198613217945232,0.6464931052041795,0.6453924336668211,0.6454561418185788,0.647829149480759,0.361325992451566,0.6491614655717024,0.646218095012625,0.6457418285798336,0.6454286476249235,0.6452621498934316,0.3657574551075931,0.5784615711452945,0.5895295315504392,0.02015223743181158,0.5779029046155473,0.05177422488185375,0.10931365860211603,0.5027042783120939,0.5067273348710931,0.5008758561020716,0.04220967160347661,0.047199316118013375,0.09528725355073181,0.36083933088239717,0.35903446910809816,0.36520006311044395,0.29838853819625444,0.6471226563702769,0.29861323875942064,0.36507673535108087,0.36413600415060415,0.357126403336176,0.6455451310895198,0.6502338419529468,0.36012087095815426,0.3581350724179766,0.6491986480333704,0.6497546677821597,0.6482694154234602,0.5071085742508872,0.6528842404185463,0.6501499125063436,0.6496298318691011,0.6491733230741837,0.6484507011402211,0.10555853726992356,0.5025065418875884,0.6459038024632124,0.6478145602216528,0.6474201977771423,0.6459749539660483,0.6474550028697232,0.6576099651964264,0.6453841530374413,0.3683465311532335,0.6537259483748191,0.6484016587768833,0.6518674783188751,0.651377412878468,0.6514958189327793,0.6500559401569264,0.6526271377003644,0.6495579765075821,0.651716967774714,0.8201699283600726,0.8199186685867036,0.8250224817200446,0.8245467641111136,0.819015517184491,0.8248844843071222,0.8240075975469796,0.7116431594301187,0.8247139618578515,0.8336909128767773,0.8165078241892514,0.8218078087426963,0.8187443994539706,0.8294545580713438,0.8177747974792225,0.8165904585352884,0.8171323885289122,0.8171323885289122,0.8287426237549658,0.8212379440453805,0.7215675684756958,0.8285288200475193,0.817288030745313,0.8260125663666167,0.8279756901570082,0.8295762037530868,0.8217100768366385,0.8250794720490376,0.8305970506617548,0.8235051081024625,0.70991331068592,0.8190748762339898,0.825564359615243,0.8244711647280838,0.8245950488845899,0.8263143323304956,0.8299851343441916,0.8208646202715889,0.7130703013266121,0.8224312187284013,0.819490666680691,0.8295234941158954,0.8334188440688385,,0.8234088418329922,0.8227427335213459,0.8167092543652698,0.8167092543652698,0.8168767713236099,1.0,1.0,1.0,0.8176231741372365,1.0,0.8168136659719649,0.8165672821167724,0.8171323885289122,0.8239990625179346,0.5851530355022879
0.15548540608835665,0.07310703791111611,0.0366758041836278,0.07920127411625141,0.5783469577190186,0.6198826728360363,0.6458129586056546,0.6461433981904834,0.6455564451163819,0.646421483856919,0.3555604413154027,0.6473378080539407,0.6473952197839671,0.6459042983145529,0.6453688406621795,0.6454665543656025,0.3575501149221819,0.578935039656302,0.5890833961454357,0.0718114383297392,0.5780830978271462,0.055876896166279076,0.20272572244200032,0.5008865074250554,0.500873796031972,0.5014593887526485,0.03990972043752098,0.0788225638413038,0.147388482231054,0.36603755381674496,0.35612910842033907,0.35554454675928737,0.29330190263601696,0.6485642239718566,0.2914585573411147,0.36801812611668105,0.3568724781788625,0.362090127104366,0.645355055690076,0.6469596922381206,0.3772503443474433,0.3558497802442386,0.6453676257897554,0.6475007570568616,0.6454641388519651,0.5015226889150228,0.6502740323695648,0.6510873210256028,0.6474103771937282,0.6484315341719015,0.6496615851946972,0.10609441587671897,0.5022086497748688,0.6456965395997329,0.6470044208312471,0.6456715675275153,0.6476288699232465,0.647833079300693,0.6539964263390226,0.6453859573032696,0.3587324336119639,0.6456267800797653,0.646955446255447,0.6472567621374951,0.6484872623730035,0.6455574271145134,0.6460193456866083,0.6463999165197883,0.6467460180744325,0.6467373912769946,0.8180718412673575,0.8181831566729016,0.8179672278477598,0.8168647782991755,0.8185245017283425,0.8177227993195954,0.817297606243901,0.7076570452698083,0.8168148888705391,0.8217877179404376,0.8168933336175562,0.8214191465047603,0.8222105680503933,0.8173777536270199,0.8169825492638828,0.8172822919734131,0.817545481705581,0.817545481705581,0.8257414652159555,0.827032429172483,0.7226734238393663,0.8236771620397823,0.8174297081895208,0.8195390981209341,0.8182809955599021,0.8220624635561096,0.8183073515190632,0.8174842184429472,0.8371178470007234,0.8222012906153716,0.7127372117079623,0.8268738290997896,0.8176471629493716,0.8212563468179129,0.8182355307829533,0.8194578751578456,0.8174504729220887,0.8167001686454949,0.7095081497065594,0.8192285163193305,0.8176299319465519,0.8169209752282192,0.817376473714998,0.8234088418329922,,0.8420260675839127,0.816570431027685,0.8172822919734131,0.8196744989116528,1.0,1.0,1.0,0.8167578439843449,1.0,0.8170197468683085,0.8167578439843449,0.8167382513272149,0.8740298066741581,0.5863833945427033
0.13540631324276683,0.05580428414858811,0.026277114463630753,0.08649912229481964,0.5790938679929553,0.6197390639583877,0.6454910527088527,0.645420588221492,0.6454511263133582,0.6453690840509176,0.355832452521887,0.6469398193263187,0.646447951176007,0.6459819761868771,0.6463056503677198,0.6452092770329605,0.3571540232402188,0.5784908370223615,0.5891626871774714,0.016120440922086362,0.5786771110785589,0.03600170364749129,0.1281904233226702,0.5003151232432385,0.5002962137741018,0.5013471390439459,0.030794067346645665,0.04198635391247348,0.08840542591445386,0.3578599558586828,0.35910088037429094,0.3626912867436703,0.2947345126742173,0.6515740786153604,0.2891545293523983,0.3599964362414389,0.35962981321711873,0.3679838571367668,0.6454629655681823,0.6484614775870873,0.37211125682434204,0.35486453453973965,0.6460506019928838,0.6475058137947227,0.6462985122034793,0.5016120279224617,0.6479807391409618,0.647649320078174,0.6480930369628134,0.646731204569136,0.6519009863906685,0.11801656695040137,0.49973161549087824,0.645209372621614,0.6458824049907784,0.6461322598267684,0.645211666883535,0.6476654288138334,0.6537353281442443,0.6452814619824518,0.3613384951986431,0.6475075334021532,0.6485034265845759,0.6473400267532697,0.6478945185788832,0.6460801714521923,0.6456459831019536,0.6465172057733015,0.6462322248747575,0.6469668733337337,0.8179124239796101,0.8183204351467112,0.8204066376209039,0.8172406242191359,0.8172065640356717,0.8178655773901135,0.8172201983619406,0.7077280923068233,0.8170086941178392,0.82586929045833,0.8165363040655476,0.8199276198103141,0.8265325418740971,0.8187538043730063,0.8164986721148952,0.8219040356298387,0.8237085909358703,0.8177839026292019,0.8335419271528163,0.8501248898889638,0.7167889012641855,0.8225922621269908,0.8174431036893604,0.8340772471628741,0.8189596635346885,0.8205154183348945,0.8180561523543302,0.8168051634289177,0.841585398472441,0.8293141547724275,0.7325928709055607,0.8305028266505219,0.8229159674490891,0.820110482932211,0.8203522861448667,0.8187210886495563,0.8195760142810273,0.8165106553020238,0.7119706691456751,0.8198414490173666,0.8169546748929649,0.8177809919250082,0.8173382726912919,0.8227427335213459,0.8420260675839127,,0.8167809607233386,0.8185425792621764,0.8381843062745051,1.0,1.0,1.0,0.8182980445814407,1.0,0.8201005248283137,0.8165407782614085,0.8201489211992808,0.8453739181680087,0.5883580252092607
0.13011630067528956,0.04943203115132551,0.03847580764650901,0.07154149055039985,0.5775760610455472,0.6198181748207422,0.6455184407199573,0.645961867139375,0.6466828641919496,0.6457341026891791,0.35630909840989716,0.6454453602359758,0.6452321477801671,0.6452613894113194,0.6452572779319738,0.645341917277331,0.35746077701352386,0.578200254220441,0.5891594955725763,0.015769679449432368,0.5788627462357275,0.059318876801655214,0.08662673825132229,0.5002292382820015,0.5011428404452383,0.4999863457015911,0.028262936820271197,0.020382818299807325,0.05809350975339476,0.35659255862652667,0.3571219131680589,0.3539989196555203,0.29385930475592154,0.6459670195423547,0.2948110261587957,0.35338358699579675,0.3575587467712873,0.3546655898775241,0.6452830000882073,0.6457356650863785,0.3585349869284379,0.35612855094367024,0.6453103474904752,0.6473405762836989,0.6452543995296128,0.49979279152685435,0.6454431514294995,0.6454263921486222,0.6459527956743835,0.6457723278469601,0.6483822108672832,0.11399502550496886,0.49996539933437334,0.6455212331131547,0.6470529156243754,0.6454979683622013,0.6461971169238372,0.6474844507416099,0.6535628976971014,0.6483170117711956,0.354957398609694,0.6452244199738308,0.6457077185823351,0.6453439124063187,0.6470972555770264,0.6457081818482239,0.6452543995296128,0.645235329255515,0.6452239996310574,0.6466990850884153,0.816511894254755,0.8164991360987287,0.8170813798369638,0.8166065501583641,0.8165195855687281,0.8165486162935874,0.8169736646776042,0.7075234609099843,0.8165354785697055,0.8175188031127902,0.8185672605755981,0.8175411048978106,0.8165609412729157,0.8166020818926367,0.8165060706785696,0.8165001149185642,0.8165012994565152,0.8165012994565152,0.8176751654309209,0.8165542035718054,0.7070025940309798,0.8166636236400499,0.8165121101601754,0.8169156837395303,0.8165991260914489,0.8166144132546541,0.8173200039288023,0.8166035666845307,0.8187342296044501,0.8165568866984948,0.7071797359245352,0.8165582342210175,0.8164985432562822,0.8169638557252435,0.8164975410811909,0.8166572344233632,0.8186884618815042,0.8175995381507567,0.7093740048565804,0.8166270861408951,0.8169389731255401,0.8166110604206042,0.8165691597787942,0.8167092543652698,0.816570431027685,0.8167809607233386,,0.838504526397823,0.8165108954815087,1.0,1.0,1.0,0.8164977556677333,1.0,0.8164989336601707,0.8164977556677333,0.8165012994565152,0.8176494276185061,0.5847851105927445
0.13011630067528956,0.04943203115132551,0.03847580764650901,0.08556396827276906,0.57743115125582,0.6196036716652263,0.6452588200200725,0.6452759644713368,0.6455687415851232,0.6458159570538546,0.35507324982584454,0.6464217310291737,0.6457585986909227,0.645625190447864,0.6463324682332491,0.645341917277331,0.35766644998016367,0.578200254220441,0.5891594955725763,0.015769679449432368,0.5776624883509494,0.03295422286786459,0.08662673825132229,0.5009138264495697,0.5003088267385799,0.5001749339269526,0.028262936820271197,0.020382818299807325,0.06593753499247665,0.35659255862652667,0.3571219131680589,0.3539989196555203,0.2902887667090761,0.6459670195423547,0.2902618513542393,0.35338358699579675,0.3546410744141253,0.35791675003716633,0.6465097121080094,0.6457356650863785,0.35527846594372364,0.35319308033935476,0.6453103474904752,0.6473405762836989,0.6458843416891756,0.49979279152685435,0.6454431514294995,0.6469773080451182,0.6459527956743835,0.6457723278469601,0.6456704606590287,0.07805344381193621,0.503365868053902,0.6455212331131547,0.6470529156243754,0.6460341703531213,0.6505907126028954,0.6474844507416099,0.6535628976971014,0.6451829695586501,0.3586372193110191,0.6452244199738308,0.6469773080451182,0.6453439124063187,0.6457656926632647,0.6458561181796421,0.6452543995296128,0.6461374010983186,0.6459256891496667,0.6466990850884153,0.816511894254755,0.8164991360987287,0.8170813798369638,0.8166065501583641,0.8165195855687281,0.8165486162935874,0.8168919258152436,0.707388340550835,0.8165354785697055,0.8175188031127902,0.8258142515737079,0.8175411048978106,0.8165609412729157,0.8166020818926367,0.8165060706785696,0.8165001149185642,0.8165012994565152,0.8165012994565152,0.8199401247799368,0.8175349924261266,0.7079936201653878,0.8166731118159205,0.8165121101601754,0.8169156837395303,0.816946136470086,0.8166144132546541,0.8207989585086485,0.8166035666845307,0.8187342296044501,0.8174743717304649,0.7108733949387511,0.8174459546803746,0.8180292174356847,0.8169638557252435,0.8169736646776042,0.8165435046160682,0.8171308470568293,0.8175995381507567,0.7079174416923946,0.8166270861408951,0.8164969006987682,0.8166110604206042,0.8165691597787942,0.8167092543652698,0.8172822919734131,0.8185425792621764,0.838504526397823,,0.8165108954815087,1.0,1.0,1.0,0.8164977556677333,1.0,0.8164989336601707,0.8164977556677333,0.8165012994565152,0.8176494276185061,0.5847851105927445
0.13056510951339437,0.050938841167338,0.02911002458678586,0.07164177526611512,0.5782412495717946,0.6230993030070795,0.6452991159707347,0.6453313752155019,0.6454109361328466,0.6457036644055633,0.3558285370582169,0.6454610760946092,0.6464805450840332,0.645294437310137,0.6453035042236691,0.6454781601278322,0.35738323633177377,0.578167873448223,0.5905787543528376,0.046223729235421084,0.5778769391339469,0.041235940367331324,0.09678014880247876,0.5009457584158172,0.5000582558389973,0.4999266084369167,0.02768814378051863,0.014932297018016585,0.08214267849008042,0.3548967881175421,0.3560385851318629,0.3539071144112499,0.28939657457847245,0.6454840344117326,0.2900429959549669,0.3545162459512801,0.3542205142255271,0.3568075917525921,0.6452481516071099,0.646385119039399,0.35486093049067013,0.353319684570836,0.6452146384039834,0.6453570994290534,0.6452777277323994,0.5000178844897243,0.6454262506872367,0.6454989607791739,0.647411308465409,0.6476316358675499,0.6459508049634127,0.08016505929136795,0.5002976100223472,0.6452049596583377,0.646128623415831,0.6456360297150643,0.6456918586716688,0.6479788277565068,0.6536249678855947,0.6518538512403579,0.3546471606415523,0.6461447311046966,0.6458404610934922,0.6453362665037738,0.6456437024928168,0.645234623410448,0.646081424547576,0.6452080007492461,0.6460887385464359,0.6462717222617568,0.8191690197678533,0.8166871199218749,0.8172326264695076,0.8181160540107656,0.8175142385501869,0.8179221442864113,0.8170239910576093,0.7076080597711045,0.8166541267838306,0.8206292881054885,0.8166298382798063,0.8173507383012959,0.8261343284440473,0.8217897109539073,0.8181398648495988,0.8654246229949734,0.8325969488832977,0.8202786492117266,0.8197211542744436,0.8372657659090667,0.7111860272231941,0.8193133896565397,0.8356766469467162,0.8197066931706843,0.818316007588802,0.8165066955544759,0.8165003950160608,0.8166005067369649,0.820384054878894,0.8232906719734221,0.7316492130467143,0.8203352899115031,0.8179396385757605,0.8170291894485269,0.8184273199390993,0.8165309439079527,0.8190626805585743,0.816537698791176,0.7077226004862015,0.8165373333235411,0.8168752379440845,0.8180080665900124,0.8168632899977153,0.8168767713236099,0.8196744989116528,0.8381843062745051,0.8165108954815087,0.8165108954815087,,1.0,1.0,1.0,0.8165013392742793,1.0,0.8245637626784911,0.8165013392742793,0.8202786492117266,0.8211562581581615,0.5849917669065307
0.12996884004210182,0.04892798794527827,0.022651372778097655,0.0704941109148231,0.7071160532791567,0.7587847890812629,0.7901988112507898,0.790276180448004,0.7904020774984699,0.7902364343368057,0.35505589047697855,0.7903450593730124,0.7902438071205982,0.7902673088093045,0.7901993234531414,0.7901824275337489,0.3570175563792352,0.7078432927363395,0.7211911449529124,0.011127720709749668,0.7074030507057996,0.029814256927504047,0.08302857982097255,0.612650831107487,0.6121847928430069,0.6121614308750126,0.02114076066485242,0.014382937208403102,0.05338960172256421,0.35399509251753136,0.35513927473778756,0.3538135740874203,0.3540484672620877,0.7905459226125218,0.35312007467213424,0.35337671521546404,0.354137977048898,0.35396060248086886,0.7901923161367335,0.790804945987661,0.35456665738570126,0.35302257611427246,0.7901870472554873,0.7902444941264934,0.7902626504944025,0.6121156370114549,0.7903474143776641,0.790453526489537,0.7905409289626448,0.7901584401375765,0.7901614907027399,0.07627310244501559,0.6115649732591231,0.7901678260788437,0.7909176555203665,0.7905694150420949,0.7901507789554861,0.7929023268123789,0.800422885467495,0.790140308397034,0.3539698263810264,0.7902226352842356,0.790453526489537,0.7903105813015078,0.7904744910077464,0.7902319117735215,0.7902626504944025,0.7902094176823916,0.7902250556702406,0.7902981003697247,1.0,1.0,1.0,1.0,1.0,1.0,1.0,0.8658260195516168,1.0,1.0,1.0,1.0,1.0,1.0,1.0,1.0,1.0,1.0,1.0,1.0,0.8658260195516168,1.0,1.0,1.0,1.0,1.0,1.0,1.0,1.0,1.0,0.7071249450000698,1.0,1.0,1.0,1.0,1.0,1.0,1.0,0.7076719175461548,1.0,1.0,1.0,1.0,1.0,1.0,1.0,1.0,1.0,1.0,,1.0,1.0,1.0,1.0,1.0,1.0,1.0,1.0,0.7161295768592584
0.12996884004210182,0.04892798794527827,0.022651372778097655,0.0704941109148231,0.7071160532791567,0.7587847890812629,0.7901988112507898,0.790276180448004,0.7904020774984699,0.7902364343368057,0.35505589047697855,0.7903450593730124,0.7902438071205982,0.7902673088093045,0.7901993234531414,0.7901824275337489,0.3570175563792352,0.7078432927363395,0.7211911449529124,0.011127720709749668,0.7074030507057996,0.029814256927504047,0.08302857982097255,0.612650831107487,0.6121847928430069,0.6121614308750126,0.02114076066485242,0.014382937208403102,0.05338960172256421,0.35399509251753136,0.35513927473778756,0.3538135740874203,0.3540484672620877,0.7905459226125218,0.35312007467213424,0.35337671521546404,0.354137977048898,0.35396060248086886,0.7901923161367335,0.790804945987661,0.35456665738570126,0.35302257611427246,0.7901870472554873,0.7902444941264934,0.7902626504944025,0.6121156370114549,0.7903474143776641,0.790453526489537,0.7905409289626448,0.7901584401375765,0.7901614907027399,0.07627310244501559,0.6115649732591231,0.7901678260788437,0.7909176555203665,0.7905694150420949,0.7901507789554861,0.7929023268123789,0.800422885467495,0.790140308397034,0.3539698263810264,0.7902226352842356,0.790453526489537,0.7903105813015078,0.7904744910077464,0.7902319117735215,0.7902626504944025,0.7902094176823916,0.7902250556702406,0.7902981003697247,1.0,1.0,1.0,1.0,1.0,1.0,1.0,0.8658260195516168,1.0,1.0,1.0,1.0,1.0,1.0,1.0,1.0,1.0,1.0,1.0,1.0,0.8658260195516168,1.0,1.0,1.0,1.0,1.0,1.0,1.0,1.0,1.0,0.7071249450000698,1.0,1.0,1.0,1.0,1.0,1.0,1.0,0.7076719175461548,1.0,1.0,1.0,1.0,1.0,1.0,1.0,1.0,1.0,1.0,1.0,,1.0,1.0,1.0,1.0,1.0,1.0,1.0,0.7161295768592584
0.12996884004210182,0.04892798794527827,0.022651372778097655,0.0704941109148231,0.7071160532791567,0.7587847890812629,0.7901988112507898,0.790276180448004,0.7904020774984699,0.7902364343368057,0.35505589047697855,0.7903450593730124,0.7902438071205982,0.7902673088093045,0.7901993234531414,0.7901824275337489,0.3570175563792352,0.7078432927363395,0.7211911449529124,0.011127720709749668,0.7074030507057996,0.029814256927504047,0.08302857982097255,0.612650831107487,0.6121847928430069,0.6121614308750126,0.02114076066485242,0.014382937208403102,0.05338960172256421,0.35399509251753136,0.35513927473778756,0.3538135740874203,0.3540484672620877,0.7905459226125218,0.35312007467213424,0.35337671521546404,0.354137977048898,0.35396060248086886,0.7901923161367335,0.790804945987661,0.35456665738570126,0.35302257611427246,0.7901870472554873,0.7902444941264934,0.7902626504944025,0.6121156370114549,0.7903474143776641,0.790453526489537,0.7905409289626448,0.7901584401375765,0.7901614907027399,0.07627310244501559,0.6115649732591231,0.7901678260788437,0.7909176555203665,0.7905694150420949,0.7901507789554861,0.7929023268123789,0.800422885467495,0.790140308397034,0.3539698263810264,0.7902226352842356,0.790453526489537,0.7903105813015078,0.7904744910077464,0.7902319117735215,0.7902626504944025,0.7902094176823916,0.7902250556702406,0.7902981003697247,1.0,1.0,1.0,1.0,1.0,1.0,1.0,0.8658260195516168,1.0,1.0,1.0,1.0,1.0,1.0,1.0,1.0,1.0,1.0,1.0,1.0,0.8658260195516168,1.0,1.0,1.0,1.0,1.0,1.0,1.0,1.0,1.0,0.7071249450000698,1.0,1.0,1.0,1.0,1.0,1.0,1.0,0.7076719175461548,1.0,1.0,1.0,1.0,1.0,1.0,1.0,1.0,1.0,1.0,1.0,1.0,,1.0,1.0,1.0,1.0,1.0,1.0,0.7161295768592584
0.1300178761722544,0.0654793512895179,0.029565776281207098,0.07188046197265303,0.577835664782345,0.6198356810055924,0.6453022847794633,0.64549192459693,0.645650740156586,0.6453945074532316,0.35547296111592364,0.6456824589621677,0.6454125787803127,0.6458328588544732,0.6453035403620202,0.6452621218447642,0.357233386694397,0.5780342862531747,0.5891456828078093,0.012858068044104562,0.5789104228937938,0.03273497424773793,0.08424170239052854,0.5011418146862913,0.5012380166537875,0.49994316142494627,0.024428123802086043,0.016619466836339285,0.05786339007122392,0.35486062906177457,0.35748879246359955,0.35463772457609577,0.2894775342984614,0.6461527999895075,0.2886171210268424,0.3539100830715877,0.3552787339490909,0.35468038938606933,0.6465096783725709,0.6467869904667484,0.355890684485289,0.3562461257366627,0.6452734467685868,0.6459336299038039,0.6458500187416139,0.5000120605962969,0.6456664934066889,0.645926477806405,0.6461405695090419,0.6452033162942946,0.6452107950102421,0.11738671986445977,0.4994031074595739,0.6452263265305692,0.6458804647919584,0.6456757635196103,0.645184534009938,0.647429434655127,0.6535493133933931,0.6451588636208977,0.35457921629668004,0.645360683882022,0.6456460248174807,0.6455762326783493,0.6456481413271686,0.6453834220947504,0.645458763976917,0.645328284426298,0.645366616700784,0.6455456458144783,0.8166028500923423,0.8166222388289146,0.8166119213624315,0.8165331375804049,0.8165963136287192,0.8165805670704053,0.8166280192522276,0.7070917245291937,0.8165865716740761,0.8165741184151779,0.816507517573835,0.8175408984603023,0.8202137602250994,0.8187661781015082,0.8164997354398985,0.8164977556677333,0.8164981494228019,0.8164981494228019,0.8176428628150956,0.8165157357940473,0.7080305119004925,0.8165521115960662,0.8165017430520587,0.818734720727833,0.8165306695226568,0.8177163292477284,0.8165193355163002,0.8165321457521848,0.8172410803316477,0.8165166277385401,0.7201323065127063,0.8203765932910143,0.8166528770870322,0.8170094464023261,0.8166280192522276,0.816841192545099,0.8166058275190493,0.8165697377865969,0.7080919095972619,0.8168136224669561,0.8166436636620827,0.8165346369798705,0.8165207076701178,0.8176231741372365,0.8167578439843449,0.8182980445814407,0.8164977556677333,0.8164977556677333,0.8165013392742793,1.0,1.0,1.0,,1.0,0.8164973630032097,0.8164969714247071,0.8164981494228019,0.8168799806625512,0.5847398759266581
0.12996884004210182,0.04892798794527827,0.022651372778097655,0.0704941109148231,0.7071160532791567,0.7587847890812629,0.7901988112507898,0.790276180448004,0.7904020774984699,0.7902364343368057,0.35505589047697855,0.7903450593730124,0.7902438071205982,0.7902673088093045,0.7901993234531414,0.7901824275337489,0.3570175563792352,0.7078432927363395,0.7211911449529124,0.011127720709749668,0.7074030507057996,0.029814256927504047,0.08302857982097255,0.612650831107487,0.6121847928430069,0.6121614308750126,0.02114076066485242,0.014382937208403102,0.05338960172256421,0.35399509251753136,0.35513927473778756,0.3538135740874203,0.3540484672620877,0.7905459226125218,0.35312007467213424,0.35337671521546404,0.354137977048898,0.35396060248086886,0.7901923161367335,0.790804945987661,0.35456665738570126,0.35302257611427246,0.7901870472554873,0.7902444941264934,0.7902626504944025,0.6121156370114549,0.7903474143776641,0.790453526489537,0.7905409289626448,0.7901584401375765,0.7901614907027399,0.07627310244501559,0.6115649732591231,0.7901678260788437,0.7909176555203665,0.7905694150420949,0.7901507789554861,0.7929023268123789,0.800422885467495,0.790140308397034,0.3539698263810264,0.7902226352842356,0.790453526489537,0.7903105813015078,0.7904744910077464,0.7902319117735215,0.7902626504944025,0.7902094176823916,0.7902250556702406,0.7902981003697247,1.0,1.0,1.0,1.0,1.0,1.0,1.0,0.8658260195516168,1.0,1.0,1.0,1.0,1.0,1.0,1.0,1.0,1.0,1.0,1.0,1.0,0.8658260195516168,1.0,1.0,1.0,1.0,1.0,1.0,1.0,1.0,1.0,0.7071249450000698,1.0,1.0,1.0,1.0,1.0,1.0,1.0,0.7076719175461548,1.0,1.0,1.0,1.0,1.0,1.0,1.0,1.0,1.0,1.0,1.0,1.0,1.0,1.0,,1.0,1.0,1.0,1.0,0.7161295768592584
0.1300670295727321,0.05271616373928762,0.025808052436469966,0.07324430841568903,0.5773654522959164,0.6195698154981999,0.6454868805234136,0.6452909428894941,0.6462411874988442,0.645564092224669,0.3595656314604225,0.6460516887771415,0.6453180579101782,0.6452945279214213,0.6454831045608557,0.6453432071431119,0.3655573571991771,0.5817775057306767,0.5888809652151203,0.07329312135186145,0.5802293177675205,0.03997640123203631,0.08544089114526142,0.5006920911596657,0.5001595636136178,0.5000589005966922,0.02733037990981947,0.018593992163123484,0.06202638939366572,0.3557264484797278,0.3598294138233122,0.35546223926919274,0.2892845999126026,0.6468287194143578,0.28891342369842,0.353564258720961,0.35641898456082166,0.3565992646564175,0.6455416865311496,0.6459411078031436,0.35721345130991455,0.35944957695554536,0.6480843772401129,0.6453169987545053,0.645297403752908,0.5017141203952273,0.6460178052402618,0.6464513787239641,0.6468083301227007,0.6463711155296006,0.6506657311440659,0.10158497410371764,0.4994656702572328,0.6452834775427451,0.6459796268207788,0.6455869931447159,0.6452137379427023,0.6563935205922611,0.6535560961731287,0.650227175931524,0.35708389994265255,0.6469616173874002,0.6464513787239641,0.6452941679787846,0.6465370121114322,0.6453412128702677,0.6464543911130992,0.6472533883549487,0.6469176005012531,0.6452904377292237,0.8179973324398061,0.8177659344330787,0.8166176016540626,0.8173234554493817,0.8166639284526511,0.8167310549205837,0.817710147658401,0.7070531737091453,0.8182685269149482,0.8185527764707557,0.8165184843682651,0.8185867710043017,0.8180884215057584,0.8173689044974458,0.8165028986780941,0.8495201913154715,0.8164997222597138,0.8164997222597138,0.8168229255454154,0.8183049752740577,0.7091183772060462,0.8193662582762997,0.8239140691270224,0.8209729333816553,0.8174011801814224,0.8168576512595268,0.816542152500236,0.8165678075387288,0.8179869616289673,0.818212916960889,0.7131909856407649,0.8181697169777628,0.8175172431197656,0.8168076957388626,0.817710147658401,0.8171866128364892,0.8166338487568011,0.8166430907152223,0.7088055255505904,0.8171314187160101,0.8165588283959205,0.8165727966694786,0.8165449005297446,0.8168136659719649,0.8170197468683085,0.8201005248283137,0.8164989336601707,0.8164989336601707,0.8245637626784911,1.0,1.0,1.0,0.8164973630032097,1.0,,0.8164973630032097,0.8412832549937396,0.8172642618357812,0.5847624623711488
0.1300178761722544,0.051438126532740394,0.029565776281207098,0.07188046197265303,0.5776912208393532,0.6198356810055924,0.6453022847794633,0.64549192459693,0.6458004317748668,0.6453945074532316,0.357314757049045,0.6456824589621677,0.6454125787803127,0.6458328588544732,0.6453035403620202,0.6452621218447642,0.357233386694397,0.5780342862531747,0.5891456828078093,0.012858068044104562,0.5777135874430032,0.03273497424773793,0.09593942522371672,0.5004594325605064,0.5000004237516171,0.5016812571814718,0.024428123802086043,0.016619466836339285,0.06169162128547134,0.3550928606443244,0.35748879246359955,0.354968684974174,0.2894775342984614,0.6461527999895075,0.2886171210268424,0.3551684901356791,0.3552787339490909,0.35468038938606933,0.6452863628996177,0.6458051768921211,0.355890684485289,0.35331978316274915,0.6452734467685868,0.6459336299038039,0.645458763976917,0.5007518160053437,0.6456803244535476,0.645926477806405,0.6461405695090419,0.6452033162942946,0.6452107950102421,0.07820117848758981,0.4994031074595739,0.6452263265305692,0.6470628181945479,0.6456757635196103,0.645184534009938,0.6519070636701251,0.6535493133933931,0.6451588636208977,0.35457921629668004,0.645360683882022,0.6456460248174807,0.6457260337051111,0.6459778345469601,0.6453834220947504,0.6458500187416139,0.645328284426298,0.6460662117534764,0.6455456458144783,0.8166028500923423,0.8166222388289146,0.8166119213624315,0.8165331375804049,0.8165963136287192,0.8165805670704053,0.8166280192522276,0.7076665652866534,0.8173818086684256,0.8165741184151779,0.816507517573835,0.8165728558304035,0.8165179755933767,0.8187661781015082,0.8164997354398985,0.8164977556677333,0.8164981494228019,0.8164981494228019,0.8176428628150956,0.8165157357940473,0.7080305119004925,0.8165521115960662,0.8165017430520587,0.8165321457521848,0.8165306695226568,0.8177163292477284,0.8165193355163002,0.8165321457521848,0.8166035901965663,0.8165166277385401,0.7071431585907759,0.8165170756925177,0.8166528770870322,0.8166519379932294,0.8166280192522276,0.8167278029103354,0.8166058275190493,0.8165697377865969,0.7082381643937208,0.8168136224669561,0.8166436636620827,0.8165346369798705,0.8165207076701178,0.8165672821167724,0.8167578439843449,0.8165407782614085,0.8164977556677333,0.8164977556677333,0.8165013392742793,1.0,1.0,1.0,0.8164969714247071,1.0,0.8164973630032097,,0.8164981494228019,0.8167044084854924,0.5847398759266581
0.13016568991384514,0.04900868683546002,0.05052805611955901,0.07060546543922015,0.5776315183757204,0.6197665386671264,0.6457806236690894,0.645386026013386,0.6455892201446831,0.6459045404693918,0.3587984556448331,0.6453153646902977,0.6452800655661242,0.6453387414502135,0.6451985443091712,0.6452239881036945,0.35713813669575684,0.5780229180812474,0.5889119962010152,0.10319444253699683,0.5782381311885127,0.048075726943228564,0.08779979769109655,0.5002894428498119,0.5004738775037764,0.4998603155599189,0.04939993766705311,0.02203124357347646,0.06963931575025498,0.3574589673354323,0.35595890902634125,0.35449795432079434,0.28949083030892214,0.6456296455891977,0.28950758213181554,0.35608620532241214,0.35869803831052843,0.355657045703162,0.6458958123961435,0.6456907356047008,0.3562745657760127,0.3546025229524487,0.6460124452791707,0.6454025312686198,0.6461249758988369,0.5000544642144682,0.6467227800064846,0.6454569880392832,0.6481473377663964,0.6454932201582402,0.6508453121571742,0.08639093662228005,0.499656334862085,0.6467710151037239,0.6464545603630916,0.646616354198451,0.6457951445087274,0.648071166204047,0.6535697180431195,0.6451950724086071,0.3542718784893853,0.6455209983425176,0.6454569880392832,0.6453024943493822,0.6462009471220045,0.6465113574812015,0.6453483327312801,0.6493083514882958,0.6486240969736078,0.6453052601470368,0.8167893874664475,0.817535311894656,0.8167392766357524,0.8167012647277938,0.8164972986989959,0.8182347829807687,0.8174738090313448,0.7071629523820353,0.8169092338859267,0.8170395048952168,0.8179244460935436,0.8170553140246243,0.8170547617556672,0.8167210875024021,0.8165092514777835,0.8329423236364499,0.8654921409756041,0.8654921409756041,0.8165162902484071,0.8201193953960844,0.7089311302895802,0.8174261569969127,0.8199520695577451,0.8182140226475089,0.8213484850309033,0.8172205666750277,0.8170019706035648,0.8182140226475089,0.8194828890659057,0.8199351654728148,0.7192391404287475,0.8165788984499232,0.8172623580026919,0.8171204195211461,0.8166704685658359,0.816908044369666,0.81650132375523,0.8167903879467424,0.7076828790532208,0.8165004101122251,0.8165397031742141,0.8166830901689969,0.81695508440417,0.8171323885289122,0.8167382513272149,0.8201489211992808,0.8165012994565152,0.8165012994565152,0.8202786492117266,1.0,1.0,1.0,0.8164981494228019,1.0,0.8412832549937396,0.8164981494228019,,0.8169898004947443,0.5848078208452967
0.1538759479348011,0.08263575219855972,0.045227234372482716,0.07598824680221333,0.5776525272822447,0.6199808084374432,0.6462647068548736,0.6457395614725707,0.6455087542829546,0.6463753309946045,0.35543386970402824,0.6480079015143267,0.6454348656788057,0.6454090657292734,0.6454527095815823,0.6465325626082222,0.36253905632305644,0.5782519202472086,0.5888862757442312,0.057554829127489875,0.5779756114441699,0.04488100713716749,0.18943214178266016,0.5024614474479889,0.5054934624519793,0.5012497457992293,0.03918840824868122,0.05895696570021096,0.13195623247931673,0.3741769874807877,0.35627169232621053,0.3571211379237101,0.2938687432309879,0.6502394843548541,0.2927746523560158,0.37586601435245776,0.3598468016943176,0.37113196957154687,0.6460180674138375,0.6479009046943972,0.3787139715909474,0.36188901654928834,0.6454535913405484,0.6511592080767449,0.6460436942808659,0.5003673478031798,0.6483581692674177,0.6494189681194505,0.6487983854304352,0.6467361407408894,0.6496098677181995,0.11859416435811197,0.5010450197325285,0.6457218202260638,0.6490575948939582,0.6459197236838087,0.6460381970661154,0.6489504810272904,0.6545879350003869,0.6478224824817624,0.3617474964917256,0.6474967536537555,0.6490683340189307,0.6482268001341541,0.6532596756902433,0.646589233301671,0.6470162472920395,0.647003656434785,0.6454427488238709,0.6501096077253974,0.8174743523541733,0.817475152306581,0.8234142625526274,0.8168592380794701,0.8180823664626243,0.8181663596664068,0.8182556736083785,0.7086209631995931,0.8181502175933274,0.826613181357108,0.8165055302005567,0.824301369045232,0.8238144578545804,0.8173087498999663,0.8174882283122615,0.8176494276185061,0.8180354811974903,0.8169898004947443,0.8269657937215148,0.8287853191037112,0.7246685068323017,0.8240342726801146,0.8183155400342383,0.823313238949112,0.8206925950771584,0.8200012369253963,0.8188507392172942,0.8186728953979686,0.8367422988285985,0.8244784429616719,0.7121799588094181,0.8300120423835862,0.8194411395397706,0.8270081269849467,0.8220296449975304,0.8207616924741733,0.8219796768846032,0.818098090976827,0.7120684675995058,0.8178233624555621,0.8173779335565419,0.8197076103057623,0.8190709928686885,0.8239990625179346,0.8740298066741581,0.8453739181680087,0.8176494276185061,0.8176494276185061,0.8211562581581615,1.0,1.0,1.0,0.8168799806625512,1.0,0.8172642618357812,0.8167044084854924,0.8169898004947443,,0.5862532958205648
0.13202622905824546,0.05648080375902384,0.04788084017555042,0.07523445217702555,0.10301293364409404,0.2444029463110146,0.30593154982453785,0.3046435943526961,0.30392890720075494,0.3050116539814327,0.3555743488572188,0.30570842893003325,0.3053139197104123,0.3045490746336426,0.3035572104122745,0.3035771670045767,0.3537315330832976,0.10056054806600902,0.16302809626704173,0.026573376248356154,0.09603624172851495,0.06230379355500605,0.07508898375231839,0.2984347898563355,0.29835580897037334,0.30108002217928115,0.06284531103455851,0.04213823719062928,0.05028489532727837,0.3589626318438184,0.3538630469320545,0.3550850985405816,0.29264164665572007,0.3051916100195569,0.28893821391899177,0.3551601193066911,0.3570690671026968,0.3547435423262211,0.3033458000840736,0.3040778648376159,0.3611467040063826,0.3588352091259835,0.30641625138503914,0.304898982587907,0.3057947907206374,0.32063863504917234,0.3077862255490972,0.30376419529805787,0.3052780971387286,0.3031633528295596,0.3035747627956432,0.1058230169425806,0.29530835357553037,0.30821814792373575,0.3056406326032885,0.3082248658324893,0.30283761641085666,0.308234454798602,0.32169251272044996,0.3025333660626395,0.3589170847113646,0.3031394409226938,0.30528469227217025,0.3044674028401805,0.30505785296141524,0.3042585821712578,0.303963917800139,0.30364911261970273,0.3050945803974479,0.30517056190490166,0.5848881118553955,0.5881394655130457,0.5854866149348342,0.585068586196012,0.5864771125510602,0.5852956175281445,0.5860862841930126,0.5822810355648537,0.5858668443882681,0.5852473889080884,0.5853478825310549,0.5853386702350298,0.5848719599236281,0.5850279627692697,0.5848992872910668,0.5847851105927445,0.5848078208452967,0.5848078208452967,0.5852006555587597,0.5848417787376422,0.5826817685291666,0.5857870671962803,0.5850150470940686,0.5858975991972533,0.5850494927049082,0.5853217630811749,0.5848595482872581,0.5850185033290947,0.5889476543250669,0.5848588149051436,0.7072246233705314,0.5852589099285876,0.5874317040941678,0.5857558727615901,0.5870144286037803,0.5871652794796712,0.5907619806522303,0.5855393841708938,0.7092225943526824,0.5854381655129475,0.5854783677244141,0.587291492717515,0.5863842971539304,0.5851530355022879,0.5863833945427033,0.5883580252092607,0.5847851105927445,0.5847851105927445,0.5849917669065307,0.7161295768592584,0.7161295768592584,0.7161295768592584,0.5847398759266581,0.7161295768592584,0.5847624623711488,0.5847398759266581,0.5848078208452967,0.5862532958205648,
